===== PMP × T-FINANCE — FULL CONTROLLED PIPELINE =====
1-epoch smoke -> 12 tuning trials -> freeze -> 12 final runs -> package
Final ratios: TR40/TR30/TR20/TR10 | training seeds: 2/42/72
TEST DURING TUNING: NO
IDENTITY_AND_SPLIT_GATES=PASS
GPU_GATE=PASS | NVIDIA RTX A6000
OFFICIAL_TFINANCE_CONFIG_GATE=PASS
[Global] Dataset <tfinance> Overview
	 Num Edges 42445086
	 Num Features     10
	Entire (fraud/total)   1804 / 39357 
	Train  (fraud/total)    722 / 15742 
	Valid  (fraud/total)    357 / 7792  
	Test   (fraud/total)    725 / 15823 

DATA_MODEL_GATE=PASS | nodes=39357 | edges=42445086 | features=10 | fraud=1804 | normal=37553

===== EXACT 1-EPOCH SMOKE | TR40 seed2 =====
/workspace/pmp_vast/envs/pmp-author/lib/python3.10/site-packages/dgl/dataloading/dataloader.py:1076: DGLWarning: Dataloader CPU affinity opt is not enabled, consider switching it on (see enable_cpu_affinity() or CPU best practices for DGL [https://docs.dgl.ai/tutorials/cpu/cpu_best_practises.html])
  dgl_warning(
tfinance_smoke epoch=001 loss=0.279797 val_AUPRC=0.791003 best=0.791003@1 patience=0/20 train=16.128s val=7.868s
SMOKE_1EPOCH=PASS | val_AUPRC=0.791003 | TEST_ACCESSED=NO

===== TR40 SEED2 — 12-TRIAL LR × WD TUNING =====
LR=[0.01,0.001,0.0001]
WD=[0,1e-5,1e-4,1e-3]
FIXED: hid=64 dropout=0.4 batch=256 n_layer=1 homo=True

===== TUNE 01/12 | lr=0.01 wd=0 =====
/workspace/pmp_vast/envs/pmp-author/lib/python3.10/site-packages/dgl/dataloading/dataloader.py:1076: DGLWarning: Dataloader CPU affinity opt is not enabled, consider switching it on (see enable_cpu_affinity() or CPU best practices for DGL [https://docs.dgl.ai/tutorials/cpu/cpu_best_practises.html])
  dgl_warning(
trial01 epoch=001 loss=0.264268 val_AUPRC=0.804714 best=0.804714@1 patience=0/20 train=16.516s val=8.255s
/workspace/pmp_vast/envs/pmp-author/lib/python3.10/site-packages/dgl/dataloading/dataloader.py:1076: DGLWarning: Dataloader CPU affinity opt is not enabled, consider switching it on (see enable_cpu_affinity() or CPU best practices for DGL [https://docs.dgl.ai/tutorials/cpu/cpu_best_practises.html])
  dgl_warning(
trial01 epoch=002 loss=0.105760 val_AUPRC=0.811020 best=0.811020@2 patience=0/20 train=16.933s val=8.618s
/workspace/pmp_vast/envs/pmp-author/lib/python3.10/site-packages/dgl/dataloading/dataloader.py:1076: DGLWarning: Dataloader CPU affinity opt is not enabled, consider switching it on (see enable_cpu_affinity() or CPU best practices for DGL [https://docs.dgl.ai/tutorials/cpu/cpu_best_practises.html])
  dgl_warning(
trial01 epoch=003 loss=0.069227 val_AUPRC=0.845449 best=0.845449@3 patience=0/20 train=16.318s val=8.297s
/workspace/pmp_vast/envs/pmp-author/lib/python3.10/site-packages/dgl/dataloading/dataloader.py:1076: DGLWarning: Dataloader CPU affinity opt is not enabled, consider switching it on (see enable_cpu_affinity() or CPU best practices for DGL [https://docs.dgl.ai/tutorials/cpu/cpu_best_practises.html])
  dgl_warning(
trial01 epoch=004 loss=0.059651 val_AUPRC=0.856340 best=0.856340@4 patience=0/20 train=16.078s val=8.066s
/workspace/pmp_vast/envs/pmp-author/lib/python3.10/site-packages/dgl/dataloading/dataloader.py:1076: DGLWarning: Dataloader CPU affinity opt is not enabled, consider switching it on (see enable_cpu_affinity() or CPU best practices for DGL [https://docs.dgl.ai/tutorials/cpu/cpu_best_practises.html])
  dgl_warning(
trial01 epoch=005 loss=0.059592 val_AUPRC=0.858477 best=0.858477@5 patience=0/20 train=16.509s val=7.972s
/workspace/pmp_vast/envs/pmp-author/lib/python3.10/site-packages/dgl/dataloading/dataloader.py:1076: DGLWarning: Dataloader CPU affinity opt is not enabled, consider switching it on (see enable_cpu_affinity() or CPU best practices for DGL [https://docs.dgl.ai/tutorials/cpu/cpu_best_practises.html])
  dgl_warning(
/workspace/pmp_vast/envs/pmp-author/lib/python3.10/site-packages/dgl/dataloading/dataloader.py:1076: DGLWarning: Dataloader CPU affinity opt is not enabled, consider switching it on (see enable_cpu_affinity() or CPU best practices for DGL [https://docs.dgl.ai/tutorials/cpu/cpu_best_practises.html])
  dgl_warning(
/workspace/pmp_vast/envs/pmp-author/lib/python3.10/site-packages/dgl/dataloading/dataloader.py:1076: DGLWarning: Dataloader CPU affinity opt is not enabled, consider switching it on (see enable_cpu_affinity() or CPU best practices for DGL [https://docs.dgl.ai/tutorials/cpu/cpu_best_practises.html])
  dgl_warning(
trial01 epoch=008 loss=0.054995 val_AUPRC=0.867524 best=0.867524@8 patience=0/20 train=16.560s val=9.304s
/workspace/pmp_vast/envs/pmp-author/lib/python3.10/site-packages/dgl/dataloading/dataloader.py:1076: DGLWarning: Dataloader CPU affinity opt is not enabled, consider switching it on (see enable_cpu_affinity() or CPU best practices for DGL [https://docs.dgl.ai/tutorials/cpu/cpu_best_practises.html])
  dgl_warning(
trial01 epoch=009 loss=0.055745 val_AUPRC=0.867645 best=0.867645@9 patience=0/20 train=17.440s val=8.091s
/workspace/pmp_vast/envs/pmp-author/lib/python3.10/site-packages/dgl/dataloading/dataloader.py:1076: DGLWarning: Dataloader CPU affinity opt is not enabled, consider switching it on (see enable_cpu_affinity() or CPU best practices for DGL [https://docs.dgl.ai/tutorials/cpu/cpu_best_practises.html])
  dgl_warning(
trial01 epoch=010 loss=0.054370 val_AUPRC=0.863638 best=0.867645@9 patience=1/20 train=15.679s val=8.151s
/workspace/pmp_vast/envs/pmp-author/lib/python3.10/site-packages/dgl/dataloading/dataloader.py:1076: DGLWarning: Dataloader CPU affinity opt is not enabled, consider switching it on (see enable_cpu_affinity() or CPU best practices for DGL [https://docs.dgl.ai/tutorials/cpu/cpu_best_practises.html])
  dgl_warning(
trial01 epoch=011 loss=0.054184 val_AUPRC=0.870279 best=0.870279@11 patience=0/20 train=16.520s val=10.011s
/workspace/pmp_vast/envs/pmp-author/lib/python3.10/site-packages/dgl/dataloading/dataloader.py:1076: DGLWarning: Dataloader CPU affinity opt is not enabled, consider switching it on (see enable_cpu_affinity() or CPU best practices for DGL [https://docs.dgl.ai/tutorials/cpu/cpu_best_practises.html])
  dgl_warning(
trial01 epoch=012 loss=0.053599 val_AUPRC=0.871646 best=0.871646@12 patience=0/20 train=18.646s val=8.258s
/workspace/pmp_vast/envs/pmp-author/lib/python3.10/site-packages/dgl/dataloading/dataloader.py:1076: DGLWarning: Dataloader CPU affinity opt is not enabled, consider switching it on (see enable_cpu_affinity() or CPU best practices for DGL [https://docs.dgl.ai/tutorials/cpu/cpu_best_practises.html])
  dgl_warning(
/workspace/pmp_vast/envs/pmp-author/lib/python3.10/site-packages/dgl/dataloading/dataloader.py:1076: DGLWarning: Dataloader CPU affinity opt is not enabled, consider switching it on (see enable_cpu_affinity() or CPU best practices for DGL [https://docs.dgl.ai/tutorials/cpu/cpu_best_practises.html])
  dgl_warning(
/workspace/pmp_vast/envs/pmp-author/lib/python3.10/site-packages/dgl/dataloading/dataloader.py:1076: DGLWarning: Dataloader CPU affinity opt is not enabled, consider switching it on (see enable_cpu_affinity() or CPU best practices for DGL [https://docs.dgl.ai/tutorials/cpu/cpu_best_practises.html])
  dgl_warning(
/workspace/pmp_vast/envs/pmp-author/lib/python3.10/site-packages/dgl/dataloading/dataloader.py:1076: DGLWarning: Dataloader CPU affinity opt is not enabled, consider switching it on (see enable_cpu_affinity() or CPU best practices for DGL [https://docs.dgl.ai/tutorials/cpu/cpu_best_practises.html])
  dgl_warning(
/workspace/pmp_vast/envs/pmp-author/lib/python3.10/site-packages/dgl/dataloading/dataloader.py:1076: DGLWarning: Dataloader CPU affinity opt is not enabled, consider switching it on (see enable_cpu_affinity() or CPU best practices for DGL [https://docs.dgl.ai/tutorials/cpu/cpu_best_practises.html])
  dgl_warning(
/workspace/pmp_vast/envs/pmp-author/lib/python3.10/site-packages/dgl/dataloading/dataloader.py:1076: DGLWarning: Dataloader CPU affinity opt is not enabled, consider switching it on (see enable_cpu_affinity() or CPU best practices for DGL [https://docs.dgl.ai/tutorials/cpu/cpu_best_practises.html])
  dgl_warning(
trial01 epoch=018 loss=0.052863 val_AUPRC=0.876929 best=0.876929@18 patience=0/20 train=16.443s val=8.164s
/workspace/pmp_vast/envs/pmp-author/lib/python3.10/site-packages/dgl/dataloading/dataloader.py:1076: DGLWarning: Dataloader CPU affinity opt is not enabled, consider switching it on (see enable_cpu_affinity() or CPU best practices for DGL [https://docs.dgl.ai/tutorials/cpu/cpu_best_practises.html])
  dgl_warning(
/workspace/pmp_vast/envs/pmp-author/lib/python3.10/site-packages/dgl/dataloading/dataloader.py:1076: DGLWarning: Dataloader CPU affinity opt is not enabled, consider switching it on (see enable_cpu_affinity() or CPU best practices for DGL [https://docs.dgl.ai/tutorials/cpu/cpu_best_practises.html])
  dgl_warning(
trial01 epoch=020 loss=0.053860 val_AUPRC=0.866048 best=0.876929@18 patience=2/20 train=16.239s val=8.036s
/workspace/pmp_vast/envs/pmp-author/lib/python3.10/site-packages/dgl/dataloading/dataloader.py:1076: DGLWarning: Dataloader CPU affinity opt is not enabled, consider switching it on (see enable_cpu_affinity() or CPU best practices for DGL [https://docs.dgl.ai/tutorials/cpu/cpu_best_practises.html])
  dgl_warning(
/workspace/pmp_vast/envs/pmp-author/lib/python3.10/site-packages/dgl/dataloading/dataloader.py:1076: DGLWarning: Dataloader CPU affinity opt is not enabled, consider switching it on (see enable_cpu_affinity() or CPU best practices for DGL [https://docs.dgl.ai/tutorials/cpu/cpu_best_practises.html])
  dgl_warning(
/workspace/pmp_vast/envs/pmp-author/lib/python3.10/site-packages/dgl/dataloading/dataloader.py:1076: DGLWarning: Dataloader CPU affinity opt is not enabled, consider switching it on (see enable_cpu_affinity() or CPU best practices for DGL [https://docs.dgl.ai/tutorials/cpu/cpu_best_practises.html])
  dgl_warning(
/workspace/pmp_vast/envs/pmp-author/lib/python3.10/site-packages/dgl/dataloading/dataloader.py:1076: DGLWarning: Dataloader CPU affinity opt is not enabled, consider switching it on (see enable_cpu_affinity() or CPU best practices for DGL [https://docs.dgl.ai/tutorials/cpu/cpu_best_practises.html])
  dgl_warning(
/workspace/pmp_vast/envs/pmp-author/lib/python3.10/site-packages/dgl/dataloading/dataloader.py:1076: DGLWarning: Dataloader CPU affinity opt is not enabled, consider switching it on (see enable_cpu_affinity() or CPU best practices for DGL [https://docs.dgl.ai/tutorials/cpu/cpu_best_practises.html])
  dgl_warning(
/workspace/pmp_vast/envs/pmp-author/lib/python3.10/site-packages/dgl/dataloading/dataloader.py:1076: DGLWarning: Dataloader CPU affinity opt is not enabled, consider switching it on (see enable_cpu_affinity() or CPU best practices for DGL [https://docs.dgl.ai/tutorials/cpu/cpu_best_practises.html])
  dgl_warning(
/workspace/pmp_vast/envs/pmp-author/lib/python3.10/site-packages/dgl/dataloading/dataloader.py:1076: DGLWarning: Dataloader CPU affinity opt is not enabled, consider switching it on (see enable_cpu_affinity() or CPU best practices for DGL [https://docs.dgl.ai/tutorials/cpu/cpu_best_practises.html])
  dgl_warning(
/workspace/pmp_vast/envs/pmp-author/lib/python3.10/site-packages/dgl/dataloading/dataloader.py:1076: DGLWarning: Dataloader CPU affinity opt is not enabled, consider switching it on (see enable_cpu_affinity() or CPU best practices for DGL [https://docs.dgl.ai/tutorials/cpu/cpu_best_practises.html])
  dgl_warning(
/workspace/pmp_vast/envs/pmp-author/lib/python3.10/site-packages/dgl/dataloading/dataloader.py:1076: DGLWarning: Dataloader CPU affinity opt is not enabled, consider switching it on (see enable_cpu_affinity() or CPU best practices for DGL [https://docs.dgl.ai/tutorials/cpu/cpu_best_practises.html])
  dgl_warning(
/workspace/pmp_vast/envs/pmp-author/lib/python3.10/site-packages/dgl/dataloading/dataloader.py:1076: DGLWarning: Dataloader CPU affinity opt is not enabled, consider switching it on (see enable_cpu_affinity() or CPU best practices for DGL [https://docs.dgl.ai/tutorials/cpu/cpu_best_practises.html])
  dgl_warning(
trial01 epoch=030 loss=0.049295 val_AUPRC=0.881911 best=0.881911@30 patience=0/20 train=16.523s val=7.883s
/workspace/pmp_vast/envs/pmp-author/lib/python3.10/site-packages/dgl/dataloading/dataloader.py:1076: DGLWarning: Dataloader CPU affinity opt is not enabled, consider switching it on (see enable_cpu_affinity() or CPU best practices for DGL [https://docs.dgl.ai/tutorials/cpu/cpu_best_practises.html])
  dgl_warning(
trial01 epoch=031 loss=0.050583 val_AUPRC=0.884079 best=0.884079@31 patience=0/20 train=16.700s val=7.970s
/workspace/pmp_vast/envs/pmp-author/lib/python3.10/site-packages/dgl/dataloading/dataloader.py:1076: DGLWarning: Dataloader CPU affinity opt is not enabled, consider switching it on (see enable_cpu_affinity() or CPU best practices for DGL [https://docs.dgl.ai/tutorials/cpu/cpu_best_practises.html])
  dgl_warning(
/workspace/pmp_vast/envs/pmp-author/lib/python3.10/site-packages/dgl/dataloading/dataloader.py:1076: DGLWarning: Dataloader CPU affinity opt is not enabled, consider switching it on (see enable_cpu_affinity() or CPU best practices for DGL [https://docs.dgl.ai/tutorials/cpu/cpu_best_practises.html])
  dgl_warning(
/workspace/pmp_vast/envs/pmp-author/lib/python3.10/site-packages/dgl/dataloading/dataloader.py:1076: DGLWarning: Dataloader CPU affinity opt is not enabled, consider switching it on (see enable_cpu_affinity() or CPU best practices for DGL [https://docs.dgl.ai/tutorials/cpu/cpu_best_practises.html])
  dgl_warning(
/workspace/pmp_vast/envs/pmp-author/lib/python3.10/site-packages/dgl/dataloading/dataloader.py:1076: DGLWarning: Dataloader CPU affinity opt is not enabled, consider switching it on (see enable_cpu_affinity() or CPU best practices for DGL [https://docs.dgl.ai/tutorials/cpu/cpu_best_practises.html])
  dgl_warning(
/workspace/pmp_vast/envs/pmp-author/lib/python3.10/site-packages/dgl/dataloading/dataloader.py:1076: DGLWarning: Dataloader CPU affinity opt is not enabled, consider switching it on (see enable_cpu_affinity() or CPU best practices for DGL [https://docs.dgl.ai/tutorials/cpu/cpu_best_practises.html])
  dgl_warning(
/workspace/pmp_vast/envs/pmp-author/lib/python3.10/site-packages/dgl/dataloading/dataloader.py:1076: DGLWarning: Dataloader CPU affinity opt is not enabled, consider switching it on (see enable_cpu_affinity() or CPU best practices for DGL [https://docs.dgl.ai/tutorials/cpu/cpu_best_practises.html])
  dgl_warning(
/workspace/pmp_vast/envs/pmp-author/lib/python3.10/site-packages/dgl/dataloading/dataloader.py:1076: DGLWarning: Dataloader CPU affinity opt is not enabled, consider switching it on (see enable_cpu_affinity() or CPU best practices for DGL [https://docs.dgl.ai/tutorials/cpu/cpu_best_practises.html])
  dgl_warning(
/workspace/pmp_vast/envs/pmp-author/lib/python3.10/site-packages/dgl/dataloading/dataloader.py:1076: DGLWarning: Dataloader CPU affinity opt is not enabled, consider switching it on (see enable_cpu_affinity() or CPU best practices for DGL [https://docs.dgl.ai/tutorials/cpu/cpu_best_practises.html])
  dgl_warning(
/workspace/pmp_vast/envs/pmp-author/lib/python3.10/site-packages/dgl/dataloading/dataloader.py:1076: DGLWarning: Dataloader CPU affinity opt is not enabled, consider switching it on (see enable_cpu_affinity() or CPU best practices for DGL [https://docs.dgl.ai/tutorials/cpu/cpu_best_practises.html])
  dgl_warning(
trial01 epoch=040 loss=0.048142 val_AUPRC=0.878195 best=0.884079@31 patience=9/20 train=16.100s val=7.841s
/workspace/pmp_vast/envs/pmp-author/lib/python3.10/site-packages/dgl/dataloading/dataloader.py:1076: DGLWarning: Dataloader CPU affinity opt is not enabled, consider switching it on (see enable_cpu_affinity() or CPU best practices for DGL [https://docs.dgl.ai/tutorials/cpu/cpu_best_practises.html])
  dgl_warning(
/workspace/pmp_vast/envs/pmp-author/lib/python3.10/site-packages/dgl/dataloading/dataloader.py:1076: DGLWarning: Dataloader CPU affinity opt is not enabled, consider switching it on (see enable_cpu_affinity() or CPU best practices for DGL [https://docs.dgl.ai/tutorials/cpu/cpu_best_practises.html])
  dgl_warning(
trial01 epoch=042 loss=0.047019 val_AUPRC=0.887083 best=0.887083@42 patience=0/20 train=16.404s val=8.824s
/workspace/pmp_vast/envs/pmp-author/lib/python3.10/site-packages/dgl/dataloading/dataloader.py:1076: DGLWarning: Dataloader CPU affinity opt is not enabled, consider switching it on (see enable_cpu_affinity() or CPU best practices for DGL [https://docs.dgl.ai/tutorials/cpu/cpu_best_practises.html])
  dgl_warning(
/workspace/pmp_vast/envs/pmp-author/lib/python3.10/site-packages/dgl/dataloading/dataloader.py:1076: DGLWarning: Dataloader CPU affinity opt is not enabled, consider switching it on (see enable_cpu_affinity() or CPU best practices for DGL [https://docs.dgl.ai/tutorials/cpu/cpu_best_practises.html])
  dgl_warning(
/workspace/pmp_vast/envs/pmp-author/lib/python3.10/site-packages/dgl/dataloading/dataloader.py:1076: DGLWarning: Dataloader CPU affinity opt is not enabled, consider switching it on (see enable_cpu_affinity() or CPU best practices for DGL [https://docs.dgl.ai/tutorials/cpu/cpu_best_practises.html])
  dgl_warning(
/workspace/pmp_vast/envs/pmp-author/lib/python3.10/site-packages/dgl/dataloading/dataloader.py:1076: DGLWarning: Dataloader CPU affinity opt is not enabled, consider switching it on (see enable_cpu_affinity() or CPU best practices for DGL [https://docs.dgl.ai/tutorials/cpu/cpu_best_practises.html])
  dgl_warning(
/workspace/pmp_vast/envs/pmp-author/lib/python3.10/site-packages/dgl/dataloading/dataloader.py:1076: DGLWarning: Dataloader CPU affinity opt is not enabled, consider switching it on (see enable_cpu_affinity() or CPU best practices for DGL [https://docs.dgl.ai/tutorials/cpu/cpu_best_practises.html])
  dgl_warning(
/workspace/pmp_vast/envs/pmp-author/lib/python3.10/site-packages/dgl/dataloading/dataloader.py:1076: DGLWarning: Dataloader CPU affinity opt is not enabled, consider switching it on (see enable_cpu_affinity() or CPU best practices for DGL [https://docs.dgl.ai/tutorials/cpu/cpu_best_practises.html])
  dgl_warning(
/workspace/pmp_vast/envs/pmp-author/lib/python3.10/site-packages/dgl/dataloading/dataloader.py:1076: DGLWarning: Dataloader CPU affinity opt is not enabled, consider switching it on (see enable_cpu_affinity() or CPU best practices for DGL [https://docs.dgl.ai/tutorials/cpu/cpu_best_practises.html])
  dgl_warning(
/workspace/pmp_vast/envs/pmp-author/lib/python3.10/site-packages/dgl/dataloading/dataloader.py:1076: DGLWarning: Dataloader CPU affinity opt is not enabled, consider switching it on (see enable_cpu_affinity() or CPU best practices for DGL [https://docs.dgl.ai/tutorials/cpu/cpu_best_practises.html])
  dgl_warning(
trial01 epoch=050 loss=0.046307 val_AUPRC=0.884275 best=0.887083@42 patience=8/20 train=15.677s val=7.821s
/workspace/pmp_vast/envs/pmp-author/lib/python3.10/site-packages/dgl/dataloading/dataloader.py:1076: DGLWarning: Dataloader CPU affinity opt is not enabled, consider switching it on (see enable_cpu_affinity() or CPU best practices for DGL [https://docs.dgl.ai/tutorials/cpu/cpu_best_practises.html])
  dgl_warning(
/workspace/pmp_vast/envs/pmp-author/lib/python3.10/site-packages/dgl/dataloading/dataloader.py:1076: DGLWarning: Dataloader CPU affinity opt is not enabled, consider switching it on (see enable_cpu_affinity() or CPU best practices for DGL [https://docs.dgl.ai/tutorials/cpu/cpu_best_practises.html])
  dgl_warning(
/workspace/pmp_vast/envs/pmp-author/lib/python3.10/site-packages/dgl/dataloading/dataloader.py:1076: DGLWarning: Dataloader CPU affinity opt is not enabled, consider switching it on (see enable_cpu_affinity() or CPU best practices for DGL [https://docs.dgl.ai/tutorials/cpu/cpu_best_practises.html])
  dgl_warning(
/workspace/pmp_vast/envs/pmp-author/lib/python3.10/site-packages/dgl/dataloading/dataloader.py:1076: DGLWarning: Dataloader CPU affinity opt is not enabled, consider switching it on (see enable_cpu_affinity() or CPU best practices for DGL [https://docs.dgl.ai/tutorials/cpu/cpu_best_practises.html])
  dgl_warning(
/workspace/pmp_vast/envs/pmp-author/lib/python3.10/site-packages/dgl/dataloading/dataloader.py:1076: DGLWarning: Dataloader CPU affinity opt is not enabled, consider switching it on (see enable_cpu_affinity() or CPU best practices for DGL [https://docs.dgl.ai/tutorials/cpu/cpu_best_practises.html])
  dgl_warning(
/workspace/pmp_vast/envs/pmp-author/lib/python3.10/site-packages/dgl/dataloading/dataloader.py:1076: DGLWarning: Dataloader CPU affinity opt is not enabled, consider switching it on (see enable_cpu_affinity() or CPU best practices for DGL [https://docs.dgl.ai/tutorials/cpu/cpu_best_practises.html])
  dgl_warning(
/workspace/pmp_vast/envs/pmp-author/lib/python3.10/site-packages/dgl/dataloading/dataloader.py:1076: DGLWarning: Dataloader CPU affinity opt is not enabled, consider switching it on (see enable_cpu_affinity() or CPU best practices for DGL [https://docs.dgl.ai/tutorials/cpu/cpu_best_practises.html])
  dgl_warning(
/workspace/pmp_vast/envs/pmp-author/lib/python3.10/site-packages/dgl/dataloading/dataloader.py:1076: DGLWarning: Dataloader CPU affinity opt is not enabled, consider switching it on (see enable_cpu_affinity() or CPU best practices for DGL [https://docs.dgl.ai/tutorials/cpu/cpu_best_practises.html])
  dgl_warning(
/workspace/pmp_vast/envs/pmp-author/lib/python3.10/site-packages/dgl/dataloading/dataloader.py:1076: DGLWarning: Dataloader CPU affinity opt is not enabled, consider switching it on (see enable_cpu_affinity() or CPU best practices for DGL [https://docs.dgl.ai/tutorials/cpu/cpu_best_practises.html])
  dgl_warning(
/workspace/pmp_vast/envs/pmp-author/lib/python3.10/site-packages/dgl/dataloading/dataloader.py:1076: DGLWarning: Dataloader CPU affinity opt is not enabled, consider switching it on (see enable_cpu_affinity() or CPU best practices for DGL [https://docs.dgl.ai/tutorials/cpu/cpu_best_practises.html])
  dgl_warning(
trial01 epoch=060 loss=0.059680 val_AUPRC=0.862140 best=0.887083@42 patience=18/20 train=16.163s val=8.027s
/workspace/pmp_vast/envs/pmp-author/lib/python3.10/site-packages/dgl/dataloading/dataloader.py:1076: DGLWarning: Dataloader CPU affinity opt is not enabled, consider switching it on (see enable_cpu_affinity() or CPU best practices for DGL [https://docs.dgl.ai/tutorials/cpu/cpu_best_practises.html])
  dgl_warning(
/workspace/pmp_vast/envs/pmp-author/lib/python3.10/site-packages/dgl/dataloading/dataloader.py:1076: DGLWarning: Dataloader CPU affinity opt is not enabled, consider switching it on (see enable_cpu_affinity() or CPU best practices for DGL [https://docs.dgl.ai/tutorials/cpu/cpu_best_practises.html])
  dgl_warning(
trial01 epoch=062 loss=0.059699 val_AUPRC=0.837598 best=0.887083@42 patience=20/20 train=16.671s val=8.201s
EARLY_STOP trial01 epoch=62 best_epoch=42
TUNE trial01 PASS | best_val_AUPRC=0.887083@42 | TEST_ACCESSED=NO

===== TUNE 02/12 | lr=0.01 wd=1e-05 =====
/workspace/pmp_vast/envs/pmp-author/lib/python3.10/site-packages/dgl/dataloading/dataloader.py:1076: DGLWarning: Dataloader CPU affinity opt is not enabled, consider switching it on (see enable_cpu_affinity() or CPU best practices for DGL [https://docs.dgl.ai/tutorials/cpu/cpu_best_practises.html])
  dgl_warning(
trial02 epoch=001 loss=0.258389 val_AUPRC=0.786715 best=0.786715@1 patience=0/20 train=16.733s val=8.057s
/workspace/pmp_vast/envs/pmp-author/lib/python3.10/site-packages/dgl/dataloading/dataloader.py:1076: DGLWarning: Dataloader CPU affinity opt is not enabled, consider switching it on (see enable_cpu_affinity() or CPU best practices for DGL [https://docs.dgl.ai/tutorials/cpu/cpu_best_practises.html])
  dgl_warning(
trial02 epoch=002 loss=0.099127 val_AUPRC=0.824475 best=0.824475@2 patience=0/20 train=16.490s val=8.262s
/workspace/pmp_vast/envs/pmp-author/lib/python3.10/site-packages/dgl/dataloading/dataloader.py:1076: DGLWarning: Dataloader CPU affinity opt is not enabled, consider switching it on (see enable_cpu_affinity() or CPU best practices for DGL [https://docs.dgl.ai/tutorials/cpu/cpu_best_practises.html])
  dgl_warning(
trial02 epoch=003 loss=0.075806 val_AUPRC=0.833827 best=0.833827@3 patience=0/20 train=16.823s val=8.349s
/workspace/pmp_vast/envs/pmp-author/lib/python3.10/site-packages/dgl/dataloading/dataloader.py:1076: DGLWarning: Dataloader CPU affinity opt is not enabled, consider switching it on (see enable_cpu_affinity() or CPU best practices for DGL [https://docs.dgl.ai/tutorials/cpu/cpu_best_practises.html])
  dgl_warning(
trial02 epoch=004 loss=0.061438 val_AUPRC=0.843162 best=0.843162@4 patience=0/20 train=16.559s val=8.127s
/workspace/pmp_vast/envs/pmp-author/lib/python3.10/site-packages/dgl/dataloading/dataloader.py:1076: DGLWarning: Dataloader CPU affinity opt is not enabled, consider switching it on (see enable_cpu_affinity() or CPU best practices for DGL [https://docs.dgl.ai/tutorials/cpu/cpu_best_practises.html])
  dgl_warning(
trial02 epoch=005 loss=0.059375 val_AUPRC=0.854636 best=0.854636@5 patience=0/20 train=16.602s val=9.543s
/workspace/pmp_vast/envs/pmp-author/lib/python3.10/site-packages/dgl/dataloading/dataloader.py:1076: DGLWarning: Dataloader CPU affinity opt is not enabled, consider switching it on (see enable_cpu_affinity() or CPU best practices for DGL [https://docs.dgl.ai/tutorials/cpu/cpu_best_practises.html])
  dgl_warning(
trial02 epoch=006 loss=0.058035 val_AUPRC=0.859772 best=0.859772@6 patience=0/20 train=19.074s val=9.768s
/workspace/pmp_vast/envs/pmp-author/lib/python3.10/site-packages/dgl/dataloading/dataloader.py:1076: DGLWarning: Dataloader CPU affinity opt is not enabled, consider switching it on (see enable_cpu_affinity() or CPU best practices for DGL [https://docs.dgl.ai/tutorials/cpu/cpu_best_practises.html])
  dgl_warning(
/workspace/pmp_vast/envs/pmp-author/lib/python3.10/site-packages/dgl/dataloading/dataloader.py:1076: DGLWarning: Dataloader CPU affinity opt is not enabled, consider switching it on (see enable_cpu_affinity() or CPU best practices for DGL [https://docs.dgl.ai/tutorials/cpu/cpu_best_practises.html])
  dgl_warning(
/workspace/pmp_vast/envs/pmp-author/lib/python3.10/site-packages/dgl/dataloading/dataloader.py:1076: DGLWarning: Dataloader CPU affinity opt is not enabled, consider switching it on (see enable_cpu_affinity() or CPU best practices for DGL [https://docs.dgl.ai/tutorials/cpu/cpu_best_practises.html])
  dgl_warning(
/workspace/pmp_vast/envs/pmp-author/lib/python3.10/site-packages/dgl/dataloading/dataloader.py:1076: DGLWarning: Dataloader CPU affinity opt is not enabled, consider switching it on (see enable_cpu_affinity() or CPU best practices for DGL [https://docs.dgl.ai/tutorials/cpu/cpu_best_practises.html])
  dgl_warning(
trial02 epoch=010 loss=0.057581 val_AUPRC=0.863927 best=0.863927@10 patience=0/20 train=15.980s val=8.119s
/workspace/pmp_vast/envs/pmp-author/lib/python3.10/site-packages/dgl/dataloading/dataloader.py:1076: DGLWarning: Dataloader CPU affinity opt is not enabled, consider switching it on (see enable_cpu_affinity() or CPU best practices for DGL [https://docs.dgl.ai/tutorials/cpu/cpu_best_practises.html])
  dgl_warning(
trial02 epoch=011 loss=0.054606 val_AUPRC=0.868453 best=0.868453@11 patience=0/20 train=17.437s val=8.225s
/workspace/pmp_vast/envs/pmp-author/lib/python3.10/site-packages/dgl/dataloading/dataloader.py:1076: DGLWarning: Dataloader CPU affinity opt is not enabled, consider switching it on (see enable_cpu_affinity() or CPU best practices for DGL [https://docs.dgl.ai/tutorials/cpu/cpu_best_practises.html])
  dgl_warning(
/workspace/pmp_vast/envs/pmp-author/lib/python3.10/site-packages/dgl/dataloading/dataloader.py:1076: DGLWarning: Dataloader CPU affinity opt is not enabled, consider switching it on (see enable_cpu_affinity() or CPU best practices for DGL [https://docs.dgl.ai/tutorials/cpu/cpu_best_practises.html])
  dgl_warning(
trial02 epoch=013 loss=0.051934 val_AUPRC=0.871657 best=0.871657@13 patience=0/20 train=16.111s val=7.772s
/workspace/pmp_vast/envs/pmp-author/lib/python3.10/site-packages/dgl/dataloading/dataloader.py:1076: DGLWarning: Dataloader CPU affinity opt is not enabled, consider switching it on (see enable_cpu_affinity() or CPU best practices for DGL [https://docs.dgl.ai/tutorials/cpu/cpu_best_practises.html])
  dgl_warning(
/workspace/pmp_vast/envs/pmp-author/lib/python3.10/site-packages/dgl/dataloading/dataloader.py:1076: DGLWarning: Dataloader CPU affinity opt is not enabled, consider switching it on (see enable_cpu_affinity() or CPU best practices for DGL [https://docs.dgl.ai/tutorials/cpu/cpu_best_practises.html])
  dgl_warning(
/workspace/pmp_vast/envs/pmp-author/lib/python3.10/site-packages/dgl/dataloading/dataloader.py:1076: DGLWarning: Dataloader CPU affinity opt is not enabled, consider switching it on (see enable_cpu_affinity() or CPU best practices for DGL [https://docs.dgl.ai/tutorials/cpu/cpu_best_practises.html])
  dgl_warning(
trial02 epoch=016 loss=0.053703 val_AUPRC=0.875300 best=0.875300@16 patience=0/20 train=15.478s val=7.831s
/workspace/pmp_vast/envs/pmp-author/lib/python3.10/site-packages/dgl/dataloading/dataloader.py:1076: DGLWarning: Dataloader CPU affinity opt is not enabled, consider switching it on (see enable_cpu_affinity() or CPU best practices for DGL [https://docs.dgl.ai/tutorials/cpu/cpu_best_practises.html])
  dgl_warning(
/workspace/pmp_vast/envs/pmp-author/lib/python3.10/site-packages/dgl/dataloading/dataloader.py:1076: DGLWarning: Dataloader CPU affinity opt is not enabled, consider switching it on (see enable_cpu_affinity() or CPU best practices for DGL [https://docs.dgl.ai/tutorials/cpu/cpu_best_practises.html])
  dgl_warning(
trial02 epoch=018 loss=0.054585 val_AUPRC=0.875380 best=0.875380@18 patience=0/20 train=18.376s val=8.098s
/workspace/pmp_vast/envs/pmp-author/lib/python3.10/site-packages/dgl/dataloading/dataloader.py:1076: DGLWarning: Dataloader CPU affinity opt is not enabled, consider switching it on (see enable_cpu_affinity() or CPU best practices for DGL [https://docs.dgl.ai/tutorials/cpu/cpu_best_practises.html])
  dgl_warning(
trial02 epoch=019 loss=0.050188 val_AUPRC=0.878658 best=0.878658@19 patience=0/20 train=16.306s val=8.373s
/workspace/pmp_vast/envs/pmp-author/lib/python3.10/site-packages/dgl/dataloading/dataloader.py:1076: DGLWarning: Dataloader CPU affinity opt is not enabled, consider switching it on (see enable_cpu_affinity() or CPU best practices for DGL [https://docs.dgl.ai/tutorials/cpu/cpu_best_practises.html])
  dgl_warning(
trial02 epoch=020 loss=0.050580 val_AUPRC=0.866975 best=0.878658@19 patience=1/20 train=16.628s val=7.870s
/workspace/pmp_vast/envs/pmp-author/lib/python3.10/site-packages/dgl/dataloading/dataloader.py:1076: DGLWarning: Dataloader CPU affinity opt is not enabled, consider switching it on (see enable_cpu_affinity() or CPU best practices for DGL [https://docs.dgl.ai/tutorials/cpu/cpu_best_practises.html])
  dgl_warning(
trial02 epoch=021 loss=0.056891 val_AUPRC=0.878807 best=0.878807@21 patience=0/20 train=16.243s val=8.719s
/workspace/pmp_vast/envs/pmp-author/lib/python3.10/site-packages/dgl/dataloading/dataloader.py:1076: DGLWarning: Dataloader CPU affinity opt is not enabled, consider switching it on (see enable_cpu_affinity() or CPU best practices for DGL [https://docs.dgl.ai/tutorials/cpu/cpu_best_practises.html])
  dgl_warning(
trial02 epoch=022 loss=0.050131 val_AUPRC=0.879633 best=0.879633@22 patience=0/20 train=16.716s val=9.882s
/workspace/pmp_vast/envs/pmp-author/lib/python3.10/site-packages/dgl/dataloading/dataloader.py:1076: DGLWarning: Dataloader CPU affinity opt is not enabled, consider switching it on (see enable_cpu_affinity() or CPU best practices for DGL [https://docs.dgl.ai/tutorials/cpu/cpu_best_practises.html])
  dgl_warning(
trial02 epoch=023 loss=0.050896 val_AUPRC=0.881741 best=0.881741@23 patience=0/20 train=16.592s val=8.605s
/workspace/pmp_vast/envs/pmp-author/lib/python3.10/site-packages/dgl/dataloading/dataloader.py:1076: DGLWarning: Dataloader CPU affinity opt is not enabled, consider switching it on (see enable_cpu_affinity() or CPU best practices for DGL [https://docs.dgl.ai/tutorials/cpu/cpu_best_practises.html])
  dgl_warning(
/workspace/pmp_vast/envs/pmp-author/lib/python3.10/site-packages/dgl/dataloading/dataloader.py:1076: DGLWarning: Dataloader CPU affinity opt is not enabled, consider switching it on (see enable_cpu_affinity() or CPU best practices for DGL [https://docs.dgl.ai/tutorials/cpu/cpu_best_practises.html])
  dgl_warning(
/workspace/pmp_vast/envs/pmp-author/lib/python3.10/site-packages/dgl/dataloading/dataloader.py:1076: DGLWarning: Dataloader CPU affinity opt is not enabled, consider switching it on (see enable_cpu_affinity() or CPU best practices for DGL [https://docs.dgl.ai/tutorials/cpu/cpu_best_practises.html])
  dgl_warning(
trial02 epoch=026 loss=0.049990 val_AUPRC=0.882068 best=0.882068@26 patience=0/20 train=16.159s val=8.276s
/workspace/pmp_vast/envs/pmp-author/lib/python3.10/site-packages/dgl/dataloading/dataloader.py:1076: DGLWarning: Dataloader CPU affinity opt is not enabled, consider switching it on (see enable_cpu_affinity() or CPU best practices for DGL [https://docs.dgl.ai/tutorials/cpu/cpu_best_practises.html])
  dgl_warning(
/workspace/pmp_vast/envs/pmp-author/lib/python3.10/site-packages/dgl/dataloading/dataloader.py:1076: DGLWarning: Dataloader CPU affinity opt is not enabled, consider switching it on (see enable_cpu_affinity() or CPU best practices for DGL [https://docs.dgl.ai/tutorials/cpu/cpu_best_practises.html])
  dgl_warning(
/workspace/pmp_vast/envs/pmp-author/lib/python3.10/site-packages/dgl/dataloading/dataloader.py:1076: DGLWarning: Dataloader CPU affinity opt is not enabled, consider switching it on (see enable_cpu_affinity() or CPU best practices for DGL [https://docs.dgl.ai/tutorials/cpu/cpu_best_practises.html])
  dgl_warning(
trial02 epoch=029 loss=0.050974 val_AUPRC=0.884546 best=0.884546@29 patience=0/20 train=16.109s val=8.317s
/workspace/pmp_vast/envs/pmp-author/lib/python3.10/site-packages/dgl/dataloading/dataloader.py:1076: DGLWarning: Dataloader CPU affinity opt is not enabled, consider switching it on (see enable_cpu_affinity() or CPU best practices for DGL [https://docs.dgl.ai/tutorials/cpu/cpu_best_practises.html])
  dgl_warning(
trial02 epoch=030 loss=0.049219 val_AUPRC=0.880636 best=0.884546@29 patience=1/20 train=16.270s val=8.244s
/workspace/pmp_vast/envs/pmp-author/lib/python3.10/site-packages/dgl/dataloading/dataloader.py:1076: DGLWarning: Dataloader CPU affinity opt is not enabled, consider switching it on (see enable_cpu_affinity() or CPU best practices for DGL [https://docs.dgl.ai/tutorials/cpu/cpu_best_practises.html])
  dgl_warning(
/workspace/pmp_vast/envs/pmp-author/lib/python3.10/site-packages/dgl/dataloading/dataloader.py:1076: DGLWarning: Dataloader CPU affinity opt is not enabled, consider switching it on (see enable_cpu_affinity() or CPU best practices for DGL [https://docs.dgl.ai/tutorials/cpu/cpu_best_practises.html])
  dgl_warning(
/workspace/pmp_vast/envs/pmp-author/lib/python3.10/site-packages/dgl/dataloading/dataloader.py:1076: DGLWarning: Dataloader CPU affinity opt is not enabled, consider switching it on (see enable_cpu_affinity() or CPU best practices for DGL [https://docs.dgl.ai/tutorials/cpu/cpu_best_practises.html])
  dgl_warning(
/workspace/pmp_vast/envs/pmp-author/lib/python3.10/site-packages/dgl/dataloading/dataloader.py:1076: DGLWarning: Dataloader CPU affinity opt is not enabled, consider switching it on (see enable_cpu_affinity() or CPU best practices for DGL [https://docs.dgl.ai/tutorials/cpu/cpu_best_practises.html])
  dgl_warning(
/workspace/pmp_vast/envs/pmp-author/lib/python3.10/site-packages/dgl/dataloading/dataloader.py:1076: DGLWarning: Dataloader CPU affinity opt is not enabled, consider switching it on (see enable_cpu_affinity() or CPU best practices for DGL [https://docs.dgl.ai/tutorials/cpu/cpu_best_practises.html])
  dgl_warning(
/workspace/pmp_vast/envs/pmp-author/lib/python3.10/site-packages/dgl/dataloading/dataloader.py:1076: DGLWarning: Dataloader CPU affinity opt is not enabled, consider switching it on (see enable_cpu_affinity() or CPU best practices for DGL [https://docs.dgl.ai/tutorials/cpu/cpu_best_practises.html])
  dgl_warning(
/workspace/pmp_vast/envs/pmp-author/lib/python3.10/site-packages/dgl/dataloading/dataloader.py:1076: DGLWarning: Dataloader CPU affinity opt is not enabled, consider switching it on (see enable_cpu_affinity() or CPU best practices for DGL [https://docs.dgl.ai/tutorials/cpu/cpu_best_practises.html])
  dgl_warning(
/workspace/pmp_vast/envs/pmp-author/lib/python3.10/site-packages/dgl/dataloading/dataloader.py:1076: DGLWarning: Dataloader CPU affinity opt is not enabled, consider switching it on (see enable_cpu_affinity() or CPU best practices for DGL [https://docs.dgl.ai/tutorials/cpu/cpu_best_practises.html])
  dgl_warning(
/workspace/pmp_vast/envs/pmp-author/lib/python3.10/site-packages/dgl/dataloading/dataloader.py:1076: DGLWarning: Dataloader CPU affinity opt is not enabled, consider switching it on (see enable_cpu_affinity() or CPU best practices for DGL [https://docs.dgl.ai/tutorials/cpu/cpu_best_practises.html])
  dgl_warning(
/workspace/pmp_vast/envs/pmp-author/lib/python3.10/site-packages/dgl/dataloading/dataloader.py:1076: DGLWarning: Dataloader CPU affinity opt is not enabled, consider switching it on (see enable_cpu_affinity() or CPU best practices for DGL [https://docs.dgl.ai/tutorials/cpu/cpu_best_practises.html])
  dgl_warning(
trial02 epoch=040 loss=0.048052 val_AUPRC=0.885268 best=0.885268@40 patience=0/20 train=20.059s val=9.884s
/workspace/pmp_vast/envs/pmp-author/lib/python3.10/site-packages/dgl/dataloading/dataloader.py:1076: DGLWarning: Dataloader CPU affinity opt is not enabled, consider switching it on (see enable_cpu_affinity() or CPU best practices for DGL [https://docs.dgl.ai/tutorials/cpu/cpu_best_practises.html])
  dgl_warning(
/workspace/pmp_vast/envs/pmp-author/lib/python3.10/site-packages/dgl/dataloading/dataloader.py:1076: DGLWarning: Dataloader CPU affinity opt is not enabled, consider switching it on (see enable_cpu_affinity() or CPU best practices for DGL [https://docs.dgl.ai/tutorials/cpu/cpu_best_practises.html])
  dgl_warning(
/workspace/pmp_vast/envs/pmp-author/lib/python3.10/site-packages/dgl/dataloading/dataloader.py:1076: DGLWarning: Dataloader CPU affinity opt is not enabled, consider switching it on (see enable_cpu_affinity() or CPU best practices for DGL [https://docs.dgl.ai/tutorials/cpu/cpu_best_practises.html])
  dgl_warning(
/workspace/pmp_vast/envs/pmp-author/lib/python3.10/site-packages/dgl/dataloading/dataloader.py:1076: DGLWarning: Dataloader CPU affinity opt is not enabled, consider switching it on (see enable_cpu_affinity() or CPU best practices for DGL [https://docs.dgl.ai/tutorials/cpu/cpu_best_practises.html])
  dgl_warning(
/workspace/pmp_vast/envs/pmp-author/lib/python3.10/site-packages/dgl/dataloading/dataloader.py:1076: DGLWarning: Dataloader CPU affinity opt is not enabled, consider switching it on (see enable_cpu_affinity() or CPU best practices for DGL [https://docs.dgl.ai/tutorials/cpu/cpu_best_practises.html])
  dgl_warning(
/workspace/pmp_vast/envs/pmp-author/lib/python3.10/site-packages/dgl/dataloading/dataloader.py:1076: DGLWarning: Dataloader CPU affinity opt is not enabled, consider switching it on (see enable_cpu_affinity() or CPU best practices for DGL [https://docs.dgl.ai/tutorials/cpu/cpu_best_practises.html])
  dgl_warning(
/workspace/pmp_vast/envs/pmp-author/lib/python3.10/site-packages/dgl/dataloading/dataloader.py:1076: DGLWarning: Dataloader CPU affinity opt is not enabled, consider switching it on (see enable_cpu_affinity() or CPU best practices for DGL [https://docs.dgl.ai/tutorials/cpu/cpu_best_practises.html])
  dgl_warning(
/workspace/pmp_vast/envs/pmp-author/lib/python3.10/site-packages/dgl/dataloading/dataloader.py:1076: DGLWarning: Dataloader CPU affinity opt is not enabled, consider switching it on (see enable_cpu_affinity() or CPU best practices for DGL [https://docs.dgl.ai/tutorials/cpu/cpu_best_practises.html])
  dgl_warning(
/workspace/pmp_vast/envs/pmp-author/lib/python3.10/site-packages/dgl/dataloading/dataloader.py:1076: DGLWarning: Dataloader CPU affinity opt is not enabled, consider switching it on (see enable_cpu_affinity() or CPU best practices for DGL [https://docs.dgl.ai/tutorials/cpu/cpu_best_practises.html])
  dgl_warning(
/workspace/pmp_vast/envs/pmp-author/lib/python3.10/site-packages/dgl/dataloading/dataloader.py:1076: DGLWarning: Dataloader CPU affinity opt is not enabled, consider switching it on (see enable_cpu_affinity() or CPU best practices for DGL [https://docs.dgl.ai/tutorials/cpu/cpu_best_practises.html])
  dgl_warning(
trial02 epoch=050 loss=0.047016 val_AUPRC=0.887656 best=0.887656@50 patience=0/20 train=16.556s val=8.171s
/workspace/pmp_vast/envs/pmp-author/lib/python3.10/site-packages/dgl/dataloading/dataloader.py:1076: DGLWarning: Dataloader CPU affinity opt is not enabled, consider switching it on (see enable_cpu_affinity() or CPU best practices for DGL [https://docs.dgl.ai/tutorials/cpu/cpu_best_practises.html])
  dgl_warning(
/workspace/pmp_vast/envs/pmp-author/lib/python3.10/site-packages/dgl/dataloading/dataloader.py:1076: DGLWarning: Dataloader CPU affinity opt is not enabled, consider switching it on (see enable_cpu_affinity() or CPU best practices for DGL [https://docs.dgl.ai/tutorials/cpu/cpu_best_practises.html])
  dgl_warning(
/workspace/pmp_vast/envs/pmp-author/lib/python3.10/site-packages/dgl/dataloading/dataloader.py:1076: DGLWarning: Dataloader CPU affinity opt is not enabled, consider switching it on (see enable_cpu_affinity() or CPU best practices for DGL [https://docs.dgl.ai/tutorials/cpu/cpu_best_practises.html])
  dgl_warning(
/workspace/pmp_vast/envs/pmp-author/lib/python3.10/site-packages/dgl/dataloading/dataloader.py:1076: DGLWarning: Dataloader CPU affinity opt is not enabled, consider switching it on (see enable_cpu_affinity() or CPU best practices for DGL [https://docs.dgl.ai/tutorials/cpu/cpu_best_practises.html])
  dgl_warning(
/workspace/pmp_vast/envs/pmp-author/lib/python3.10/site-packages/dgl/dataloading/dataloader.py:1076: DGLWarning: Dataloader CPU affinity opt is not enabled, consider switching it on (see enable_cpu_affinity() or CPU best practices for DGL [https://docs.dgl.ai/tutorials/cpu/cpu_best_practises.html])
  dgl_warning(
/workspace/pmp_vast/envs/pmp-author/lib/python3.10/site-packages/dgl/dataloading/dataloader.py:1076: DGLWarning: Dataloader CPU affinity opt is not enabled, consider switching it on (see enable_cpu_affinity() or CPU best practices for DGL [https://docs.dgl.ai/tutorials/cpu/cpu_best_practises.html])
  dgl_warning(
/workspace/pmp_vast/envs/pmp-author/lib/python3.10/site-packages/dgl/dataloading/dataloader.py:1076: DGLWarning: Dataloader CPU affinity opt is not enabled, consider switching it on (see enable_cpu_affinity() or CPU best practices for DGL [https://docs.dgl.ai/tutorials/cpu/cpu_best_practises.html])
  dgl_warning(
/workspace/pmp_vast/envs/pmp-author/lib/python3.10/site-packages/dgl/dataloading/dataloader.py:1076: DGLWarning: Dataloader CPU affinity opt is not enabled, consider switching it on (see enable_cpu_affinity() or CPU best practices for DGL [https://docs.dgl.ai/tutorials/cpu/cpu_best_practises.html])
  dgl_warning(
/workspace/pmp_vast/envs/pmp-author/lib/python3.10/site-packages/dgl/dataloading/dataloader.py:1076: DGLWarning: Dataloader CPU affinity opt is not enabled, consider switching it on (see enable_cpu_affinity() or CPU best practices for DGL [https://docs.dgl.ai/tutorials/cpu/cpu_best_practises.html])
  dgl_warning(
/workspace/pmp_vast/envs/pmp-author/lib/python3.10/site-packages/dgl/dataloading/dataloader.py:1076: DGLWarning: Dataloader CPU affinity opt is not enabled, consider switching it on (see enable_cpu_affinity() or CPU best practices for DGL [https://docs.dgl.ai/tutorials/cpu/cpu_best_practises.html])
  dgl_warning(
trial02 epoch=060 loss=0.045876 val_AUPRC=0.883607 best=0.887656@50 patience=10/20 train=15.408s val=7.742s
/workspace/pmp_vast/envs/pmp-author/lib/python3.10/site-packages/dgl/dataloading/dataloader.py:1076: DGLWarning: Dataloader CPU affinity opt is not enabled, consider switching it on (see enable_cpu_affinity() or CPU best practices for DGL [https://docs.dgl.ai/tutorials/cpu/cpu_best_practises.html])
  dgl_warning(
/workspace/pmp_vast/envs/pmp-author/lib/python3.10/site-packages/dgl/dataloading/dataloader.py:1076: DGLWarning: Dataloader CPU affinity opt is not enabled, consider switching it on (see enable_cpu_affinity() or CPU best practices for DGL [https://docs.dgl.ai/tutorials/cpu/cpu_best_practises.html])
  dgl_warning(
/workspace/pmp_vast/envs/pmp-author/lib/python3.10/site-packages/dgl/dataloading/dataloader.py:1076: DGLWarning: Dataloader CPU affinity opt is not enabled, consider switching it on (see enable_cpu_affinity() or CPU best practices for DGL [https://docs.dgl.ai/tutorials/cpu/cpu_best_practises.html])
  dgl_warning(
/workspace/pmp_vast/envs/pmp-author/lib/python3.10/site-packages/dgl/dataloading/dataloader.py:1076: DGLWarning: Dataloader CPU affinity opt is not enabled, consider switching it on (see enable_cpu_affinity() or CPU best practices for DGL [https://docs.dgl.ai/tutorials/cpu/cpu_best_practises.html])
  dgl_warning(
/workspace/pmp_vast/envs/pmp-author/lib/python3.10/site-packages/dgl/dataloading/dataloader.py:1076: DGLWarning: Dataloader CPU affinity opt is not enabled, consider switching it on (see enable_cpu_affinity() or CPU best practices for DGL [https://docs.dgl.ai/tutorials/cpu/cpu_best_practises.html])
  dgl_warning(
/workspace/pmp_vast/envs/pmp-author/lib/python3.10/site-packages/dgl/dataloading/dataloader.py:1076: DGLWarning: Dataloader CPU affinity opt is not enabled, consider switching it on (see enable_cpu_affinity() or CPU best practices for DGL [https://docs.dgl.ai/tutorials/cpu/cpu_best_practises.html])
  dgl_warning(
/workspace/pmp_vast/envs/pmp-author/lib/python3.10/site-packages/dgl/dataloading/dataloader.py:1076: DGLWarning: Dataloader CPU affinity opt is not enabled, consider switching it on (see enable_cpu_affinity() or CPU best practices for DGL [https://docs.dgl.ai/tutorials/cpu/cpu_best_practises.html])
  dgl_warning(
/workspace/pmp_vast/envs/pmp-author/lib/python3.10/site-packages/dgl/dataloading/dataloader.py:1076: DGLWarning: Dataloader CPU affinity opt is not enabled, consider switching it on (see enable_cpu_affinity() or CPU best practices for DGL [https://docs.dgl.ai/tutorials/cpu/cpu_best_practises.html])
  dgl_warning(
/workspace/pmp_vast/envs/pmp-author/lib/python3.10/site-packages/dgl/dataloading/dataloader.py:1076: DGLWarning: Dataloader CPU affinity opt is not enabled, consider switching it on (see enable_cpu_affinity() or CPU best practices for DGL [https://docs.dgl.ai/tutorials/cpu/cpu_best_practises.html])
  dgl_warning(
/workspace/pmp_vast/envs/pmp-author/lib/python3.10/site-packages/dgl/dataloading/dataloader.py:1076: DGLWarning: Dataloader CPU affinity opt is not enabled, consider switching it on (see enable_cpu_affinity() or CPU best practices for DGL [https://docs.dgl.ai/tutorials/cpu/cpu_best_practises.html])
  dgl_warning(
trial02 epoch=070 loss=0.045570 val_AUPRC=0.876437 best=0.887656@50 patience=20/20 train=16.870s val=8.414s
EARLY_STOP trial02 epoch=70 best_epoch=50
TUNE trial02 PASS | best_val_AUPRC=0.887656@50 | TEST_ACCESSED=NO

===== TUNE 03/12 | lr=0.01 wd=0.0001 =====
/workspace/pmp_vast/envs/pmp-author/lib/python3.10/site-packages/dgl/dataloading/dataloader.py:1076: DGLWarning: Dataloader CPU affinity opt is not enabled, consider switching it on (see enable_cpu_affinity() or CPU best practices for DGL [https://docs.dgl.ai/tutorials/cpu/cpu_best_practises.html])
  dgl_warning(
trial03 epoch=001 loss=0.258485 val_AUPRC=0.787554 best=0.787554@1 patience=0/20 train=16.430s val=7.996s
/workspace/pmp_vast/envs/pmp-author/lib/python3.10/site-packages/dgl/dataloading/dataloader.py:1076: DGLWarning: Dataloader CPU affinity opt is not enabled, consider switching it on (see enable_cpu_affinity() or CPU best practices for DGL [https://docs.dgl.ai/tutorials/cpu/cpu_best_practises.html])
  dgl_warning(
trial03 epoch=002 loss=0.091978 val_AUPRC=0.829426 best=0.829426@2 patience=0/20 train=17.127s val=8.654s
/workspace/pmp_vast/envs/pmp-author/lib/python3.10/site-packages/dgl/dataloading/dataloader.py:1076: DGLWarning: Dataloader CPU affinity opt is not enabled, consider switching it on (see enable_cpu_affinity() or CPU best practices for DGL [https://docs.dgl.ai/tutorials/cpu/cpu_best_practises.html])
  dgl_warning(
trial03 epoch=003 loss=0.074956 val_AUPRC=0.837208 best=0.837208@3 patience=0/20 train=18.119s val=8.231s
/workspace/pmp_vast/envs/pmp-author/lib/python3.10/site-packages/dgl/dataloading/dataloader.py:1076: DGLWarning: Dataloader CPU affinity opt is not enabled, consider switching it on (see enable_cpu_affinity() or CPU best practices for DGL [https://docs.dgl.ai/tutorials/cpu/cpu_best_practises.html])
  dgl_warning(
trial03 epoch=004 loss=0.060893 val_AUPRC=0.845011 best=0.845011@4 patience=0/20 train=15.936s val=7.826s
/workspace/pmp_vast/envs/pmp-author/lib/python3.10/site-packages/dgl/dataloading/dataloader.py:1076: DGLWarning: Dataloader CPU affinity opt is not enabled, consider switching it on (see enable_cpu_affinity() or CPU best practices for DGL [https://docs.dgl.ai/tutorials/cpu/cpu_best_practises.html])
  dgl_warning(
trial03 epoch=005 loss=0.060054 val_AUPRC=0.856151 best=0.856151@5 patience=0/20 train=15.739s val=7.896s
/workspace/pmp_vast/envs/pmp-author/lib/python3.10/site-packages/dgl/dataloading/dataloader.py:1076: DGLWarning: Dataloader CPU affinity opt is not enabled, consider switching it on (see enable_cpu_affinity() or CPU best practices for DGL [https://docs.dgl.ai/tutorials/cpu/cpu_best_practises.html])
  dgl_warning(
/workspace/pmp_vast/envs/pmp-author/lib/python3.10/site-packages/dgl/dataloading/dataloader.py:1076: DGLWarning: Dataloader CPU affinity opt is not enabled, consider switching it on (see enable_cpu_affinity() or CPU best practices for DGL [https://docs.dgl.ai/tutorials/cpu/cpu_best_practises.html])
  dgl_warning(
trial03 epoch=007 loss=0.055857 val_AUPRC=0.858839 best=0.858839@7 patience=0/20 train=15.772s val=8.186s
/workspace/pmp_vast/envs/pmp-author/lib/python3.10/site-packages/dgl/dataloading/dataloader.py:1076: DGLWarning: Dataloader CPU affinity opt is not enabled, consider switching it on (see enable_cpu_affinity() or CPU best practices for DGL [https://docs.dgl.ai/tutorials/cpu/cpu_best_practises.html])
  dgl_warning(
/workspace/pmp_vast/envs/pmp-author/lib/python3.10/site-packages/dgl/dataloading/dataloader.py:1076: DGLWarning: Dataloader CPU affinity opt is not enabled, consider switching it on (see enable_cpu_affinity() or CPU best practices for DGL [https://docs.dgl.ai/tutorials/cpu/cpu_best_practises.html])
  dgl_warning(
/workspace/pmp_vast/envs/pmp-author/lib/python3.10/site-packages/dgl/dataloading/dataloader.py:1076: DGLWarning: Dataloader CPU affinity opt is not enabled, consider switching it on (see enable_cpu_affinity() or CPU best practices for DGL [https://docs.dgl.ai/tutorials/cpu/cpu_best_practises.html])
  dgl_warning(
trial03 epoch=010 loss=0.058678 val_AUPRC=0.852507 best=0.858839@7 patience=3/20 train=16.365s val=8.084s
/workspace/pmp_vast/envs/pmp-author/lib/python3.10/site-packages/dgl/dataloading/dataloader.py:1076: DGLWarning: Dataloader CPU affinity opt is not enabled, consider switching it on (see enable_cpu_affinity() or CPU best practices for DGL [https://docs.dgl.ai/tutorials/cpu/cpu_best_practises.html])
  dgl_warning(
trial03 epoch=011 loss=0.055728 val_AUPRC=0.868438 best=0.868438@11 patience=0/20 train=16.482s val=8.048s
/workspace/pmp_vast/envs/pmp-author/lib/python3.10/site-packages/dgl/dataloading/dataloader.py:1076: DGLWarning: Dataloader CPU affinity opt is not enabled, consider switching it on (see enable_cpu_affinity() or CPU best practices for DGL [https://docs.dgl.ai/tutorials/cpu/cpu_best_practises.html])
  dgl_warning(
trial03 epoch=012 loss=0.055312 val_AUPRC=0.869551 best=0.869551@12 patience=0/20 train=16.441s val=8.061s
/workspace/pmp_vast/envs/pmp-author/lib/python3.10/site-packages/dgl/dataloading/dataloader.py:1076: DGLWarning: Dataloader CPU affinity opt is not enabled, consider switching it on (see enable_cpu_affinity() or CPU best practices for DGL [https://docs.dgl.ai/tutorials/cpu/cpu_best_practises.html])
  dgl_warning(
/workspace/pmp_vast/envs/pmp-author/lib/python3.10/site-packages/dgl/dataloading/dataloader.py:1076: DGLWarning: Dataloader CPU affinity opt is not enabled, consider switching it on (see enable_cpu_affinity() or CPU best practices for DGL [https://docs.dgl.ai/tutorials/cpu/cpu_best_practises.html])
  dgl_warning(
trial03 epoch=014 loss=0.055276 val_AUPRC=0.869580 best=0.869580@14 patience=0/20 train=15.906s val=7.886s
/workspace/pmp_vast/envs/pmp-author/lib/python3.10/site-packages/dgl/dataloading/dataloader.py:1076: DGLWarning: Dataloader CPU affinity opt is not enabled, consider switching it on (see enable_cpu_affinity() or CPU best practices for DGL [https://docs.dgl.ai/tutorials/cpu/cpu_best_practises.html])
  dgl_warning(
/workspace/pmp_vast/envs/pmp-author/lib/python3.10/site-packages/dgl/dataloading/dataloader.py:1076: DGLWarning: Dataloader CPU affinity opt is not enabled, consider switching it on (see enable_cpu_affinity() or CPU best practices for DGL [https://docs.dgl.ai/tutorials/cpu/cpu_best_practises.html])
  dgl_warning(
/workspace/pmp_vast/envs/pmp-author/lib/python3.10/site-packages/dgl/dataloading/dataloader.py:1076: DGLWarning: Dataloader CPU affinity opt is not enabled, consider switching it on (see enable_cpu_affinity() or CPU best practices for DGL [https://docs.dgl.ai/tutorials/cpu/cpu_best_practises.html])
  dgl_warning(
/workspace/pmp_vast/envs/pmp-author/lib/python3.10/site-packages/dgl/dataloading/dataloader.py:1076: DGLWarning: Dataloader CPU affinity opt is not enabled, consider switching it on (see enable_cpu_affinity() or CPU best practices for DGL [https://docs.dgl.ai/tutorials/cpu/cpu_best_practises.html])
  dgl_warning(
trial03 epoch=018 loss=0.053932 val_AUPRC=0.869894 best=0.869894@18 patience=0/20 train=16.120s val=9.890s
/workspace/pmp_vast/envs/pmp-author/lib/python3.10/site-packages/dgl/dataloading/dataloader.py:1076: DGLWarning: Dataloader CPU affinity opt is not enabled, consider switching it on (see enable_cpu_affinity() or CPU best practices for DGL [https://docs.dgl.ai/tutorials/cpu/cpu_best_practises.html])
  dgl_warning(
trial03 epoch=019 loss=0.053348 val_AUPRC=0.871113 best=0.871113@19 patience=0/20 train=15.990s val=8.084s
/workspace/pmp_vast/envs/pmp-author/lib/python3.10/site-packages/dgl/dataloading/dataloader.py:1076: DGLWarning: Dataloader CPU affinity opt is not enabled, consider switching it on (see enable_cpu_affinity() or CPU best practices for DGL [https://docs.dgl.ai/tutorials/cpu/cpu_best_practises.html])
  dgl_warning(
trial03 epoch=020 loss=0.053329 val_AUPRC=0.872844 best=0.872844@20 patience=0/20 train=15.716s val=8.166s
/workspace/pmp_vast/envs/pmp-author/lib/python3.10/site-packages/dgl/dataloading/dataloader.py:1076: DGLWarning: Dataloader CPU affinity opt is not enabled, consider switching it on (see enable_cpu_affinity() or CPU best practices for DGL [https://docs.dgl.ai/tutorials/cpu/cpu_best_practises.html])
  dgl_warning(
trial03 epoch=021 loss=0.051348 val_AUPRC=0.873034 best=0.873034@21 patience=0/20 train=16.654s val=8.632s
/workspace/pmp_vast/envs/pmp-author/lib/python3.10/site-packages/dgl/dataloading/dataloader.py:1076: DGLWarning: Dataloader CPU affinity opt is not enabled, consider switching it on (see enable_cpu_affinity() or CPU best practices for DGL [https://docs.dgl.ai/tutorials/cpu/cpu_best_practises.html])
  dgl_warning(
/workspace/pmp_vast/envs/pmp-author/lib/python3.10/site-packages/dgl/dataloading/dataloader.py:1076: DGLWarning: Dataloader CPU affinity opt is not enabled, consider switching it on (see enable_cpu_affinity() or CPU best practices for DGL [https://docs.dgl.ai/tutorials/cpu/cpu_best_practises.html])
  dgl_warning(
/workspace/pmp_vast/envs/pmp-author/lib/python3.10/site-packages/dgl/dataloading/dataloader.py:1076: DGLWarning: Dataloader CPU affinity opt is not enabled, consider switching it on (see enable_cpu_affinity() or CPU best practices for DGL [https://docs.dgl.ai/tutorials/cpu/cpu_best_practises.html])
  dgl_warning(
/workspace/pmp_vast/envs/pmp-author/lib/python3.10/site-packages/dgl/dataloading/dataloader.py:1076: DGLWarning: Dataloader CPU affinity opt is not enabled, consider switching it on (see enable_cpu_affinity() or CPU best practices for DGL [https://docs.dgl.ai/tutorials/cpu/cpu_best_practises.html])
  dgl_warning(
/workspace/pmp_vast/envs/pmp-author/lib/python3.10/site-packages/dgl/dataloading/dataloader.py:1076: DGLWarning: Dataloader CPU affinity opt is not enabled, consider switching it on (see enable_cpu_affinity() or CPU best practices for DGL [https://docs.dgl.ai/tutorials/cpu/cpu_best_practises.html])
  dgl_warning(
/workspace/pmp_vast/envs/pmp-author/lib/python3.10/site-packages/dgl/dataloading/dataloader.py:1076: DGLWarning: Dataloader CPU affinity opt is not enabled, consider switching it on (see enable_cpu_affinity() or CPU best practices for DGL [https://docs.dgl.ai/tutorials/cpu/cpu_best_practises.html])
  dgl_warning(
/workspace/pmp_vast/envs/pmp-author/lib/python3.10/site-packages/dgl/dataloading/dataloader.py:1076: DGLWarning: Dataloader CPU affinity opt is not enabled, consider switching it on (see enable_cpu_affinity() or CPU best practices for DGL [https://docs.dgl.ai/tutorials/cpu/cpu_best_practises.html])
  dgl_warning(
/workspace/pmp_vast/envs/pmp-author/lib/python3.10/site-packages/dgl/dataloading/dataloader.py:1076: DGLWarning: Dataloader CPU affinity opt is not enabled, consider switching it on (see enable_cpu_affinity() or CPU best practices for DGL [https://docs.dgl.ai/tutorials/cpu/cpu_best_practises.html])
  dgl_warning(
trial03 epoch=029 loss=0.052141 val_AUPRC=0.873381 best=0.873381@29 patience=0/20 train=16.274s val=8.206s
/workspace/pmp_vast/envs/pmp-author/lib/python3.10/site-packages/dgl/dataloading/dataloader.py:1076: DGLWarning: Dataloader CPU affinity opt is not enabled, consider switching it on (see enable_cpu_affinity() or CPU best practices for DGL [https://docs.dgl.ai/tutorials/cpu/cpu_best_practises.html])
  dgl_warning(
trial03 epoch=030 loss=0.051564 val_AUPRC=0.871627 best=0.873381@29 patience=1/20 train=16.065s val=7.984s
/workspace/pmp_vast/envs/pmp-author/lib/python3.10/site-packages/dgl/dataloading/dataloader.py:1076: DGLWarning: Dataloader CPU affinity opt is not enabled, consider switching it on (see enable_cpu_affinity() or CPU best practices for DGL [https://docs.dgl.ai/tutorials/cpu/cpu_best_practises.html])
  dgl_warning(
/workspace/pmp_vast/envs/pmp-author/lib/python3.10/site-packages/dgl/dataloading/dataloader.py:1076: DGLWarning: Dataloader CPU affinity opt is not enabled, consider switching it on (see enable_cpu_affinity() or CPU best practices for DGL [https://docs.dgl.ai/tutorials/cpu/cpu_best_practises.html])
  dgl_warning(
/workspace/pmp_vast/envs/pmp-author/lib/python3.10/site-packages/dgl/dataloading/dataloader.py:1076: DGLWarning: Dataloader CPU affinity opt is not enabled, consider switching it on (see enable_cpu_affinity() or CPU best practices for DGL [https://docs.dgl.ai/tutorials/cpu/cpu_best_practises.html])
  dgl_warning(
/workspace/pmp_vast/envs/pmp-author/lib/python3.10/site-packages/dgl/dataloading/dataloader.py:1076: DGLWarning: Dataloader CPU affinity opt is not enabled, consider switching it on (see enable_cpu_affinity() or CPU best practices for DGL [https://docs.dgl.ai/tutorials/cpu/cpu_best_practises.html])
  dgl_warning(
trial03 epoch=034 loss=0.049324 val_AUPRC=0.878204 best=0.878204@34 patience=0/20 train=16.273s val=7.693s
/workspace/pmp_vast/envs/pmp-author/lib/python3.10/site-packages/dgl/dataloading/dataloader.py:1076: DGLWarning: Dataloader CPU affinity opt is not enabled, consider switching it on (see enable_cpu_affinity() or CPU best practices for DGL [https://docs.dgl.ai/tutorials/cpu/cpu_best_practises.html])
  dgl_warning(
/workspace/pmp_vast/envs/pmp-author/lib/python3.10/site-packages/dgl/dataloading/dataloader.py:1076: DGLWarning: Dataloader CPU affinity opt is not enabled, consider switching it on (see enable_cpu_affinity() or CPU best practices for DGL [https://docs.dgl.ai/tutorials/cpu/cpu_best_practises.html])
  dgl_warning(
/workspace/pmp_vast/envs/pmp-author/lib/python3.10/site-packages/dgl/dataloading/dataloader.py:1076: DGLWarning: Dataloader CPU affinity opt is not enabled, consider switching it on (see enable_cpu_affinity() or CPU best practices for DGL [https://docs.dgl.ai/tutorials/cpu/cpu_best_practises.html])
  dgl_warning(
/workspace/pmp_vast/envs/pmp-author/lib/python3.10/site-packages/dgl/dataloading/dataloader.py:1076: DGLWarning: Dataloader CPU affinity opt is not enabled, consider switching it on (see enable_cpu_affinity() or CPU best practices for DGL [https://docs.dgl.ai/tutorials/cpu/cpu_best_practises.html])
  dgl_warning(
/workspace/pmp_vast/envs/pmp-author/lib/python3.10/site-packages/dgl/dataloading/dataloader.py:1076: DGLWarning: Dataloader CPU affinity opt is not enabled, consider switching it on (see enable_cpu_affinity() or CPU best practices for DGL [https://docs.dgl.ai/tutorials/cpu/cpu_best_practises.html])
  dgl_warning(
/workspace/pmp_vast/envs/pmp-author/lib/python3.10/site-packages/dgl/dataloading/dataloader.py:1076: DGLWarning: Dataloader CPU affinity opt is not enabled, consider switching it on (see enable_cpu_affinity() or CPU best practices for DGL [https://docs.dgl.ai/tutorials/cpu/cpu_best_practises.html])
  dgl_warning(
trial03 epoch=040 loss=0.053982 val_AUPRC=0.873916 best=0.878204@34 patience=6/20 train=15.513s val=7.716s
/workspace/pmp_vast/envs/pmp-author/lib/python3.10/site-packages/dgl/dataloading/dataloader.py:1076: DGLWarning: Dataloader CPU affinity opt is not enabled, consider switching it on (see enable_cpu_affinity() or CPU best practices for DGL [https://docs.dgl.ai/tutorials/cpu/cpu_best_practises.html])
  dgl_warning(
/workspace/pmp_vast/envs/pmp-author/lib/python3.10/site-packages/dgl/dataloading/dataloader.py:1076: DGLWarning: Dataloader CPU affinity opt is not enabled, consider switching it on (see enable_cpu_affinity() or CPU best practices for DGL [https://docs.dgl.ai/tutorials/cpu/cpu_best_practises.html])
  dgl_warning(
/workspace/pmp_vast/envs/pmp-author/lib/python3.10/site-packages/dgl/dataloading/dataloader.py:1076: DGLWarning: Dataloader CPU affinity opt is not enabled, consider switching it on (see enable_cpu_affinity() or CPU best practices for DGL [https://docs.dgl.ai/tutorials/cpu/cpu_best_practises.html])
  dgl_warning(
/workspace/pmp_vast/envs/pmp-author/lib/python3.10/site-packages/dgl/dataloading/dataloader.py:1076: DGLWarning: Dataloader CPU affinity opt is not enabled, consider switching it on (see enable_cpu_affinity() or CPU best practices for DGL [https://docs.dgl.ai/tutorials/cpu/cpu_best_practises.html])
  dgl_warning(
/workspace/pmp_vast/envs/pmp-author/lib/python3.10/site-packages/dgl/dataloading/dataloader.py:1076: DGLWarning: Dataloader CPU affinity opt is not enabled, consider switching it on (see enable_cpu_affinity() or CPU best practices for DGL [https://docs.dgl.ai/tutorials/cpu/cpu_best_practises.html])
  dgl_warning(
/workspace/pmp_vast/envs/pmp-author/lib/python3.10/site-packages/dgl/dataloading/dataloader.py:1076: DGLWarning: Dataloader CPU affinity opt is not enabled, consider switching it on (see enable_cpu_affinity() or CPU best practices for DGL [https://docs.dgl.ai/tutorials/cpu/cpu_best_practises.html])
  dgl_warning(
/workspace/pmp_vast/envs/pmp-author/lib/python3.10/site-packages/dgl/dataloading/dataloader.py:1076: DGLWarning: Dataloader CPU affinity opt is not enabled, consider switching it on (see enable_cpu_affinity() or CPU best practices for DGL [https://docs.dgl.ai/tutorials/cpu/cpu_best_practises.html])
  dgl_warning(
/workspace/pmp_vast/envs/pmp-author/lib/python3.10/site-packages/dgl/dataloading/dataloader.py:1076: DGLWarning: Dataloader CPU affinity opt is not enabled, consider switching it on (see enable_cpu_affinity() or CPU best practices for DGL [https://docs.dgl.ai/tutorials/cpu/cpu_best_practises.html])
  dgl_warning(
/workspace/pmp_vast/envs/pmp-author/lib/python3.10/site-packages/dgl/dataloading/dataloader.py:1076: DGLWarning: Dataloader CPU affinity opt is not enabled, consider switching it on (see enable_cpu_affinity() or CPU best practices for DGL [https://docs.dgl.ai/tutorials/cpu/cpu_best_practises.html])
  dgl_warning(
/workspace/pmp_vast/envs/pmp-author/lib/python3.10/site-packages/dgl/dataloading/dataloader.py:1076: DGLWarning: Dataloader CPU affinity opt is not enabled, consider switching it on (see enable_cpu_affinity() or CPU best practices for DGL [https://docs.dgl.ai/tutorials/cpu/cpu_best_practises.html])
  dgl_warning(
trial03 epoch=050 loss=0.051003 val_AUPRC=0.877507 best=0.878204@34 patience=16/20 train=16.005s val=10.394s
/workspace/pmp_vast/envs/pmp-author/lib/python3.10/site-packages/dgl/dataloading/dataloader.py:1076: DGLWarning: Dataloader CPU affinity opt is not enabled, consider switching it on (see enable_cpu_affinity() or CPU best practices for DGL [https://docs.dgl.ai/tutorials/cpu/cpu_best_practises.html])
  dgl_warning(
/workspace/pmp_vast/envs/pmp-author/lib/python3.10/site-packages/dgl/dataloading/dataloader.py:1076: DGLWarning: Dataloader CPU affinity opt is not enabled, consider switching it on (see enable_cpu_affinity() or CPU best practices for DGL [https://docs.dgl.ai/tutorials/cpu/cpu_best_practises.html])
  dgl_warning(
/workspace/pmp_vast/envs/pmp-author/lib/python3.10/site-packages/dgl/dataloading/dataloader.py:1076: DGLWarning: Dataloader CPU affinity opt is not enabled, consider switching it on (see enable_cpu_affinity() or CPU best practices for DGL [https://docs.dgl.ai/tutorials/cpu/cpu_best_practises.html])
  dgl_warning(
/workspace/pmp_vast/envs/pmp-author/lib/python3.10/site-packages/dgl/dataloading/dataloader.py:1076: DGLWarning: Dataloader CPU affinity opt is not enabled, consider switching it on (see enable_cpu_affinity() or CPU best practices for DGL [https://docs.dgl.ai/tutorials/cpu/cpu_best_practises.html])
  dgl_warning(
trial03 epoch=054 loss=0.049997 val_AUPRC=0.863051 best=0.878204@34 patience=20/20 train=19.711s val=9.876s
EARLY_STOP trial03 epoch=54 best_epoch=34
TUNE trial03 PASS | best_val_AUPRC=0.878204@34 | TEST_ACCESSED=NO

===== TUNE 04/12 | lr=0.01 wd=0.001 =====
/workspace/pmp_vast/envs/pmp-author/lib/python3.10/site-packages/dgl/dataloading/dataloader.py:1076: DGLWarning: Dataloader CPU affinity opt is not enabled, consider switching it on (see enable_cpu_affinity() or CPU best practices for DGL [https://docs.dgl.ai/tutorials/cpu/cpu_best_practises.html])
  dgl_warning(
trial04 epoch=001 loss=0.262007 val_AUPRC=0.799107 best=0.799107@1 patience=0/20 train=16.286s val=9.690s
/workspace/pmp_vast/envs/pmp-author/lib/python3.10/site-packages/dgl/dataloading/dataloader.py:1076: DGLWarning: Dataloader CPU affinity opt is not enabled, consider switching it on (see enable_cpu_affinity() or CPU best practices for DGL [https://docs.dgl.ai/tutorials/cpu/cpu_best_practises.html])
  dgl_warning(
trial04 epoch=002 loss=0.093860 val_AUPRC=0.820556 best=0.820556@2 patience=0/20 train=16.406s val=10.247s
/workspace/pmp_vast/envs/pmp-author/lib/python3.10/site-packages/dgl/dataloading/dataloader.py:1076: DGLWarning: Dataloader CPU affinity opt is not enabled, consider switching it on (see enable_cpu_affinity() or CPU best practices for DGL [https://docs.dgl.ai/tutorials/cpu/cpu_best_practises.html])
  dgl_warning(
trial04 epoch=003 loss=0.073306 val_AUPRC=0.842596 best=0.842596@3 patience=0/20 train=16.467s val=8.081s
/workspace/pmp_vast/envs/pmp-author/lib/python3.10/site-packages/dgl/dataloading/dataloader.py:1076: DGLWarning: Dataloader CPU affinity opt is not enabled, consider switching it on (see enable_cpu_affinity() or CPU best practices for DGL [https://docs.dgl.ai/tutorials/cpu/cpu_best_practises.html])
  dgl_warning(
trial04 epoch=004 loss=0.064625 val_AUPRC=0.844443 best=0.844443@4 patience=0/20 train=15.868s val=8.377s
/workspace/pmp_vast/envs/pmp-author/lib/python3.10/site-packages/dgl/dataloading/dataloader.py:1076: DGLWarning: Dataloader CPU affinity opt is not enabled, consider switching it on (see enable_cpu_affinity() or CPU best practices for DGL [https://docs.dgl.ai/tutorials/cpu/cpu_best_practises.html])
  dgl_warning(
trial04 epoch=005 loss=0.064950 val_AUPRC=0.854701 best=0.854701@5 patience=0/20 train=17.646s val=9.673s
/workspace/pmp_vast/envs/pmp-author/lib/python3.10/site-packages/dgl/dataloading/dataloader.py:1076: DGLWarning: Dataloader CPU affinity opt is not enabled, consider switching it on (see enable_cpu_affinity() or CPU best practices for DGL [https://docs.dgl.ai/tutorials/cpu/cpu_best_practises.html])
  dgl_warning(
/workspace/pmp_vast/envs/pmp-author/lib/python3.10/site-packages/dgl/dataloading/dataloader.py:1076: DGLWarning: Dataloader CPU affinity opt is not enabled, consider switching it on (see enable_cpu_affinity() or CPU best practices for DGL [https://docs.dgl.ai/tutorials/cpu/cpu_best_practises.html])
  dgl_warning(
/workspace/pmp_vast/envs/pmp-author/lib/python3.10/site-packages/dgl/dataloading/dataloader.py:1076: DGLWarning: Dataloader CPU affinity opt is not enabled, consider switching it on (see enable_cpu_affinity() or CPU best practices for DGL [https://docs.dgl.ai/tutorials/cpu/cpu_best_practises.html])
  dgl_warning(
trial04 epoch=008 loss=0.056416 val_AUPRC=0.858717 best=0.858717@8 patience=0/20 train=15.679s val=7.775s
/workspace/pmp_vast/envs/pmp-author/lib/python3.10/site-packages/dgl/dataloading/dataloader.py:1076: DGLWarning: Dataloader CPU affinity opt is not enabled, consider switching it on (see enable_cpu_affinity() or CPU best practices for DGL [https://docs.dgl.ai/tutorials/cpu/cpu_best_practises.html])
  dgl_warning(
trial04 epoch=009 loss=0.061548 val_AUPRC=0.866304 best=0.866304@9 patience=0/20 train=15.602s val=7.772s
/workspace/pmp_vast/envs/pmp-author/lib/python3.10/site-packages/dgl/dataloading/dataloader.py:1076: DGLWarning: Dataloader CPU affinity opt is not enabled, consider switching it on (see enable_cpu_affinity() or CPU best practices for DGL [https://docs.dgl.ai/tutorials/cpu/cpu_best_practises.html])
  dgl_warning(
trial04 epoch=010 loss=0.061102 val_AUPRC=0.856333 best=0.866304@9 patience=1/20 train=15.476s val=7.787s
/workspace/pmp_vast/envs/pmp-author/lib/python3.10/site-packages/dgl/dataloading/dataloader.py:1076: DGLWarning: Dataloader CPU affinity opt is not enabled, consider switching it on (see enable_cpu_affinity() or CPU best practices for DGL [https://docs.dgl.ai/tutorials/cpu/cpu_best_practises.html])
  dgl_warning(
/workspace/pmp_vast/envs/pmp-author/lib/python3.10/site-packages/dgl/dataloading/dataloader.py:1076: DGLWarning: Dataloader CPU affinity opt is not enabled, consider switching it on (see enable_cpu_affinity() or CPU best practices for DGL [https://docs.dgl.ai/tutorials/cpu/cpu_best_practises.html])
  dgl_warning(
trial04 epoch=012 loss=0.059876 val_AUPRC=0.866945 best=0.866945@12 patience=0/20 train=15.714s val=7.768s
/workspace/pmp_vast/envs/pmp-author/lib/python3.10/site-packages/dgl/dataloading/dataloader.py:1076: DGLWarning: Dataloader CPU affinity opt is not enabled, consider switching it on (see enable_cpu_affinity() or CPU best practices for DGL [https://docs.dgl.ai/tutorials/cpu/cpu_best_practises.html])
  dgl_warning(
/workspace/pmp_vast/envs/pmp-author/lib/python3.10/site-packages/dgl/dataloading/dataloader.py:1076: DGLWarning: Dataloader CPU affinity opt is not enabled, consider switching it on (see enable_cpu_affinity() or CPU best practices for DGL [https://docs.dgl.ai/tutorials/cpu/cpu_best_practises.html])
  dgl_warning(
/workspace/pmp_vast/envs/pmp-author/lib/python3.10/site-packages/dgl/dataloading/dataloader.py:1076: DGLWarning: Dataloader CPU affinity opt is not enabled, consider switching it on (see enable_cpu_affinity() or CPU best practices for DGL [https://docs.dgl.ai/tutorials/cpu/cpu_best_practises.html])
  dgl_warning(
/workspace/pmp_vast/envs/pmp-author/lib/python3.10/site-packages/dgl/dataloading/dataloader.py:1076: DGLWarning: Dataloader CPU affinity opt is not enabled, consider switching it on (see enable_cpu_affinity() or CPU best practices for DGL [https://docs.dgl.ai/tutorials/cpu/cpu_best_practises.html])
  dgl_warning(
/workspace/pmp_vast/envs/pmp-author/lib/python3.10/site-packages/dgl/dataloading/dataloader.py:1076: DGLWarning: Dataloader CPU affinity opt is not enabled, consider switching it on (see enable_cpu_affinity() or CPU best practices for DGL [https://docs.dgl.ai/tutorials/cpu/cpu_best_practises.html])
  dgl_warning(
/workspace/pmp_vast/envs/pmp-author/lib/python3.10/site-packages/dgl/dataloading/dataloader.py:1076: DGLWarning: Dataloader CPU affinity opt is not enabled, consider switching it on (see enable_cpu_affinity() or CPU best practices for DGL [https://docs.dgl.ai/tutorials/cpu/cpu_best_practises.html])
  dgl_warning(
/workspace/pmp_vast/envs/pmp-author/lib/python3.10/site-packages/dgl/dataloading/dataloader.py:1076: DGLWarning: Dataloader CPU affinity opt is not enabled, consider switching it on (see enable_cpu_affinity() or CPU best practices for DGL [https://docs.dgl.ai/tutorials/cpu/cpu_best_practises.html])
  dgl_warning(
/workspace/pmp_vast/envs/pmp-author/lib/python3.10/site-packages/dgl/dataloading/dataloader.py:1076: DGLWarning: Dataloader CPU affinity opt is not enabled, consider switching it on (see enable_cpu_affinity() or CPU best practices for DGL [https://docs.dgl.ai/tutorials/cpu/cpu_best_practises.html])
  dgl_warning(
trial04 epoch=020 loss=0.059590 val_AUPRC=0.850501 best=0.866945@12 patience=8/20 train=15.699s val=8.028s
/workspace/pmp_vast/envs/pmp-author/lib/python3.10/site-packages/dgl/dataloading/dataloader.py:1076: DGLWarning: Dataloader CPU affinity opt is not enabled, consider switching it on (see enable_cpu_affinity() or CPU best practices for DGL [https://docs.dgl.ai/tutorials/cpu/cpu_best_practises.html])
  dgl_warning(
/workspace/pmp_vast/envs/pmp-author/lib/python3.10/site-packages/dgl/dataloading/dataloader.py:1076: DGLWarning: Dataloader CPU affinity opt is not enabled, consider switching it on (see enable_cpu_affinity() or CPU best practices for DGL [https://docs.dgl.ai/tutorials/cpu/cpu_best_practises.html])
  dgl_warning(
/workspace/pmp_vast/envs/pmp-author/lib/python3.10/site-packages/dgl/dataloading/dataloader.py:1076: DGLWarning: Dataloader CPU affinity opt is not enabled, consider switching it on (see enable_cpu_affinity() or CPU best practices for DGL [https://docs.dgl.ai/tutorials/cpu/cpu_best_practises.html])
  dgl_warning(
/workspace/pmp_vast/envs/pmp-author/lib/python3.10/site-packages/dgl/dataloading/dataloader.py:1076: DGLWarning: Dataloader CPU affinity opt is not enabled, consider switching it on (see enable_cpu_affinity() or CPU best practices for DGL [https://docs.dgl.ai/tutorials/cpu/cpu_best_practises.html])
  dgl_warning(
/workspace/pmp_vast/envs/pmp-author/lib/python3.10/site-packages/dgl/dataloading/dataloader.py:1076: DGLWarning: Dataloader CPU affinity opt is not enabled, consider switching it on (see enable_cpu_affinity() or CPU best practices for DGL [https://docs.dgl.ai/tutorials/cpu/cpu_best_practises.html])
  dgl_warning(
/workspace/pmp_vast/envs/pmp-author/lib/python3.10/site-packages/dgl/dataloading/dataloader.py:1076: DGLWarning: Dataloader CPU affinity opt is not enabled, consider switching it on (see enable_cpu_affinity() or CPU best practices for DGL [https://docs.dgl.ai/tutorials/cpu/cpu_best_practises.html])
  dgl_warning(
/workspace/pmp_vast/envs/pmp-author/lib/python3.10/site-packages/dgl/dataloading/dataloader.py:1076: DGLWarning: Dataloader CPU affinity opt is not enabled, consider switching it on (see enable_cpu_affinity() or CPU best practices for DGL [https://docs.dgl.ai/tutorials/cpu/cpu_best_practises.html])
  dgl_warning(
/workspace/pmp_vast/envs/pmp-author/lib/python3.10/site-packages/dgl/dataloading/dataloader.py:1076: DGLWarning: Dataloader CPU affinity opt is not enabled, consider switching it on (see enable_cpu_affinity() or CPU best practices for DGL [https://docs.dgl.ai/tutorials/cpu/cpu_best_practises.html])
  dgl_warning(
/workspace/pmp_vast/envs/pmp-author/lib/python3.10/site-packages/dgl/dataloading/dataloader.py:1076: DGLWarning: Dataloader CPU affinity opt is not enabled, consider switching it on (see enable_cpu_affinity() or CPU best practices for DGL [https://docs.dgl.ai/tutorials/cpu/cpu_best_practises.html])
  dgl_warning(
/workspace/pmp_vast/envs/pmp-author/lib/python3.10/site-packages/dgl/dataloading/dataloader.py:1076: DGLWarning: Dataloader CPU affinity opt is not enabled, consider switching it on (see enable_cpu_affinity() or CPU best practices for DGL [https://docs.dgl.ai/tutorials/cpu/cpu_best_practises.html])
  dgl_warning(
trial04 epoch=030 loss=0.055930 val_AUPRC=0.863635 best=0.866945@12 patience=18/20 train=15.611s val=8.110s
/workspace/pmp_vast/envs/pmp-author/lib/python3.10/site-packages/dgl/dataloading/dataloader.py:1076: DGLWarning: Dataloader CPU affinity opt is not enabled, consider switching it on (see enable_cpu_affinity() or CPU best practices for DGL [https://docs.dgl.ai/tutorials/cpu/cpu_best_practises.html])
  dgl_warning(
/workspace/pmp_vast/envs/pmp-author/lib/python3.10/site-packages/dgl/dataloading/dataloader.py:1076: DGLWarning: Dataloader CPU affinity opt is not enabled, consider switching it on (see enable_cpu_affinity() or CPU best practices for DGL [https://docs.dgl.ai/tutorials/cpu/cpu_best_practises.html])
  dgl_warning(
trial04 epoch=032 loss=0.060689 val_AUPRC=0.851780 best=0.866945@12 patience=20/20 train=15.576s val=8.407s
EARLY_STOP trial04 epoch=32 best_epoch=12
TUNE trial04 PASS | best_val_AUPRC=0.866945@12 | TEST_ACCESSED=NO

===== TUNE 05/12 | lr=0.001 wd=0 =====
/workspace/pmp_vast/envs/pmp-author/lib/python3.10/site-packages/dgl/dataloading/dataloader.py:1076: DGLWarning: Dataloader CPU affinity opt is not enabled, consider switching it on (see enable_cpu_affinity() or CPU best practices for DGL [https://docs.dgl.ai/tutorials/cpu/cpu_best_practises.html])
  dgl_warning(
trial05 epoch=001 loss=0.379069 val_AUPRC=0.655487 best=0.655487@1 patience=0/20 train=15.581s val=7.728s
/workspace/pmp_vast/envs/pmp-author/lib/python3.10/site-packages/dgl/dataloading/dataloader.py:1076: DGLWarning: Dataloader CPU affinity opt is not enabled, consider switching it on (see enable_cpu_affinity() or CPU best practices for DGL [https://docs.dgl.ai/tutorials/cpu/cpu_best_practises.html])
  dgl_warning(
trial05 epoch=002 loss=0.128061 val_AUPRC=0.808770 best=0.808770@2 patience=0/20 train=15.536s val=7.733s
/workspace/pmp_vast/envs/pmp-author/lib/python3.10/site-packages/dgl/dataloading/dataloader.py:1076: DGLWarning: Dataloader CPU affinity opt is not enabled, consider switching it on (see enable_cpu_affinity() or CPU best practices for DGL [https://docs.dgl.ai/tutorials/cpu/cpu_best_practises.html])
  dgl_warning(
trial05 epoch=003 loss=0.095845 val_AUPRC=0.811631 best=0.811631@3 patience=0/20 train=15.725s val=7.994s
/workspace/pmp_vast/envs/pmp-author/lib/python3.10/site-packages/dgl/dataloading/dataloader.py:1076: DGLWarning: Dataloader CPU affinity opt is not enabled, consider switching it on (see enable_cpu_affinity() or CPU best practices for DGL [https://docs.dgl.ai/tutorials/cpu/cpu_best_practises.html])
  dgl_warning(
trial05 epoch=004 loss=0.082110 val_AUPRC=0.817042 best=0.817042@4 patience=0/20 train=16.064s val=7.740s
/workspace/pmp_vast/envs/pmp-author/lib/python3.10/site-packages/dgl/dataloading/dataloader.py:1076: DGLWarning: Dataloader CPU affinity opt is not enabled, consider switching it on (see enable_cpu_affinity() or CPU best practices for DGL [https://docs.dgl.ai/tutorials/cpu/cpu_best_practises.html])
  dgl_warning(
trial05 epoch=005 loss=0.080646 val_AUPRC=0.828050 best=0.828050@5 patience=0/20 train=16.128s val=7.843s
/workspace/pmp_vast/envs/pmp-author/lib/python3.10/site-packages/dgl/dataloading/dataloader.py:1076: DGLWarning: Dataloader CPU affinity opt is not enabled, consider switching it on (see enable_cpu_affinity() or CPU best practices for DGL [https://docs.dgl.ai/tutorials/cpu/cpu_best_practises.html])
  dgl_warning(
trial05 epoch=006 loss=0.074898 val_AUPRC=0.832025 best=0.832025@6 patience=0/20 train=16.169s val=8.052s
/workspace/pmp_vast/envs/pmp-author/lib/python3.10/site-packages/dgl/dataloading/dataloader.py:1076: DGLWarning: Dataloader CPU affinity opt is not enabled, consider switching it on (see enable_cpu_affinity() or CPU best practices for DGL [https://docs.dgl.ai/tutorials/cpu/cpu_best_practises.html])
  dgl_warning(
trial05 epoch=007 loss=0.069304 val_AUPRC=0.838760 best=0.838760@7 patience=0/20 train=15.722s val=7.799s
/workspace/pmp_vast/envs/pmp-author/lib/python3.10/site-packages/dgl/dataloading/dataloader.py:1076: DGLWarning: Dataloader CPU affinity opt is not enabled, consider switching it on (see enable_cpu_affinity() or CPU best practices for DGL [https://docs.dgl.ai/tutorials/cpu/cpu_best_practises.html])
  dgl_warning(
trial05 epoch=008 loss=0.064011 val_AUPRC=0.839771 best=0.839771@8 patience=0/20 train=17.515s val=8.058s
/workspace/pmp_vast/envs/pmp-author/lib/python3.10/site-packages/dgl/dataloading/dataloader.py:1076: DGLWarning: Dataloader CPU affinity opt is not enabled, consider switching it on (see enable_cpu_affinity() or CPU best practices for DGL [https://docs.dgl.ai/tutorials/cpu/cpu_best_practises.html])
  dgl_warning(
trial05 epoch=009 loss=0.064613 val_AUPRC=0.844233 best=0.844233@9 patience=0/20 train=15.974s val=8.223s
/workspace/pmp_vast/envs/pmp-author/lib/python3.10/site-packages/dgl/dataloading/dataloader.py:1076: DGLWarning: Dataloader CPU affinity opt is not enabled, consider switching it on (see enable_cpu_affinity() or CPU best practices for DGL [https://docs.dgl.ai/tutorials/cpu/cpu_best_practises.html])
  dgl_warning(
trial05 epoch=010 loss=0.063109 val_AUPRC=0.845624 best=0.845624@10 patience=0/20 train=16.306s val=8.375s
/workspace/pmp_vast/envs/pmp-author/lib/python3.10/site-packages/dgl/dataloading/dataloader.py:1076: DGLWarning: Dataloader CPU affinity opt is not enabled, consider switching it on (see enable_cpu_affinity() or CPU best practices for DGL [https://docs.dgl.ai/tutorials/cpu/cpu_best_practises.html])
  dgl_warning(
trial05 epoch=011 loss=0.061664 val_AUPRC=0.847905 best=0.847905@11 patience=0/20 train=15.774s val=8.044s
/workspace/pmp_vast/envs/pmp-author/lib/python3.10/site-packages/dgl/dataloading/dataloader.py:1076: DGLWarning: Dataloader CPU affinity opt is not enabled, consider switching it on (see enable_cpu_affinity() or CPU best practices for DGL [https://docs.dgl.ai/tutorials/cpu/cpu_best_practises.html])
  dgl_warning(
/workspace/pmp_vast/envs/pmp-author/lib/python3.10/site-packages/dgl/dataloading/dataloader.py:1076: DGLWarning: Dataloader CPU affinity opt is not enabled, consider switching it on (see enable_cpu_affinity() or CPU best practices for DGL [https://docs.dgl.ai/tutorials/cpu/cpu_best_practises.html])
  dgl_warning(
/workspace/pmp_vast/envs/pmp-author/lib/python3.10/site-packages/dgl/dataloading/dataloader.py:1076: DGLWarning: Dataloader CPU affinity opt is not enabled, consider switching it on (see enable_cpu_affinity() or CPU best practices for DGL [https://docs.dgl.ai/tutorials/cpu/cpu_best_practises.html])
  dgl_warning(
/workspace/pmp_vast/envs/pmp-author/lib/python3.10/site-packages/dgl/dataloading/dataloader.py:1076: DGLWarning: Dataloader CPU affinity opt is not enabled, consider switching it on (see enable_cpu_affinity() or CPU best practices for DGL [https://docs.dgl.ai/tutorials/cpu/cpu_best_practises.html])
  dgl_warning(
trial05 epoch=015 loss=0.058377 val_AUPRC=0.851269 best=0.851269@15 patience=0/20 train=17.107s val=7.879s
/workspace/pmp_vast/envs/pmp-author/lib/python3.10/site-packages/dgl/dataloading/dataloader.py:1076: DGLWarning: Dataloader CPU affinity opt is not enabled, consider switching it on (see enable_cpu_affinity() or CPU best practices for DGL [https://docs.dgl.ai/tutorials/cpu/cpu_best_practises.html])
  dgl_warning(
trial05 epoch=016 loss=0.055615 val_AUPRC=0.853079 best=0.853079@16 patience=0/20 train=16.681s val=8.620s
/workspace/pmp_vast/envs/pmp-author/lib/python3.10/site-packages/dgl/dataloading/dataloader.py:1076: DGLWarning: Dataloader CPU affinity opt is not enabled, consider switching it on (see enable_cpu_affinity() or CPU best practices for DGL [https://docs.dgl.ai/tutorials/cpu/cpu_best_practises.html])
  dgl_warning(
trial05 epoch=017 loss=0.056780 val_AUPRC=0.855617 best=0.855617@17 patience=0/20 train=16.181s val=8.086s
/workspace/pmp_vast/envs/pmp-author/lib/python3.10/site-packages/dgl/dataloading/dataloader.py:1076: DGLWarning: Dataloader CPU affinity opt is not enabled, consider switching it on (see enable_cpu_affinity() or CPU best practices for DGL [https://docs.dgl.ai/tutorials/cpu/cpu_best_practises.html])
  dgl_warning(
trial05 epoch=018 loss=0.057011 val_AUPRC=0.856307 best=0.856307@18 patience=0/20 train=15.729s val=8.271s
/workspace/pmp_vast/envs/pmp-author/lib/python3.10/site-packages/dgl/dataloading/dataloader.py:1076: DGLWarning: Dataloader CPU affinity opt is not enabled, consider switching it on (see enable_cpu_affinity() or CPU best practices for DGL [https://docs.dgl.ai/tutorials/cpu/cpu_best_practises.html])
  dgl_warning(
/workspace/pmp_vast/envs/pmp-author/lib/python3.10/site-packages/dgl/dataloading/dataloader.py:1076: DGLWarning: Dataloader CPU affinity opt is not enabled, consider switching it on (see enable_cpu_affinity() or CPU best practices for DGL [https://docs.dgl.ai/tutorials/cpu/cpu_best_practises.html])
  dgl_warning(
trial05 epoch=020 loss=0.054664 val_AUPRC=0.856530 best=0.856530@20 patience=0/20 train=18.008s val=9.748s
/workspace/pmp_vast/envs/pmp-author/lib/python3.10/site-packages/dgl/dataloading/dataloader.py:1076: DGLWarning: Dataloader CPU affinity opt is not enabled, consider switching it on (see enable_cpu_affinity() or CPU best practices for DGL [https://docs.dgl.ai/tutorials/cpu/cpu_best_practises.html])
  dgl_warning(
trial05 epoch=021 loss=0.053133 val_AUPRC=0.858028 best=0.858028@21 patience=0/20 train=15.701s val=7.807s
/workspace/pmp_vast/envs/pmp-author/lib/python3.10/site-packages/dgl/dataloading/dataloader.py:1076: DGLWarning: Dataloader CPU affinity opt is not enabled, consider switching it on (see enable_cpu_affinity() or CPU best practices for DGL [https://docs.dgl.ai/tutorials/cpu/cpu_best_practises.html])
  dgl_warning(
trial05 epoch=022 loss=0.053532 val_AUPRC=0.861058 best=0.861058@22 patience=0/20 train=16.331s val=8.119s
/workspace/pmp_vast/envs/pmp-author/lib/python3.10/site-packages/dgl/dataloading/dataloader.py:1076: DGLWarning: Dataloader CPU affinity opt is not enabled, consider switching it on (see enable_cpu_affinity() or CPU best practices for DGL [https://docs.dgl.ai/tutorials/cpu/cpu_best_practises.html])
  dgl_warning(
/workspace/pmp_vast/envs/pmp-author/lib/python3.10/site-packages/dgl/dataloading/dataloader.py:1076: DGLWarning: Dataloader CPU affinity opt is not enabled, consider switching it on (see enable_cpu_affinity() or CPU best practices for DGL [https://docs.dgl.ai/tutorials/cpu/cpu_best_practises.html])
  dgl_warning(
/workspace/pmp_vast/envs/pmp-author/lib/python3.10/site-packages/dgl/dataloading/dataloader.py:1076: DGLWarning: Dataloader CPU affinity opt is not enabled, consider switching it on (see enable_cpu_affinity() or CPU best practices for DGL [https://docs.dgl.ai/tutorials/cpu/cpu_best_practises.html])
  dgl_warning(
/workspace/pmp_vast/envs/pmp-author/lib/python3.10/site-packages/dgl/dataloading/dataloader.py:1076: DGLWarning: Dataloader CPU affinity opt is not enabled, consider switching it on (see enable_cpu_affinity() or CPU best practices for DGL [https://docs.dgl.ai/tutorials/cpu/cpu_best_practises.html])
  dgl_warning(
/workspace/pmp_vast/envs/pmp-author/lib/python3.10/site-packages/dgl/dataloading/dataloader.py:1076: DGLWarning: Dataloader CPU affinity opt is not enabled, consider switching it on (see enable_cpu_affinity() or CPU best practices for DGL [https://docs.dgl.ai/tutorials/cpu/cpu_best_practises.html])
  dgl_warning(
/workspace/pmp_vast/envs/pmp-author/lib/python3.10/site-packages/dgl/dataloading/dataloader.py:1076: DGLWarning: Dataloader CPU affinity opt is not enabled, consider switching it on (see enable_cpu_affinity() or CPU best practices for DGL [https://docs.dgl.ai/tutorials/cpu/cpu_best_practises.html])
  dgl_warning(
trial05 epoch=028 loss=0.052923 val_AUPRC=0.864008 best=0.864008@28 patience=0/20 train=17.584s val=7.791s
/workspace/pmp_vast/envs/pmp-author/lib/python3.10/site-packages/dgl/dataloading/dataloader.py:1076: DGLWarning: Dataloader CPU affinity opt is not enabled, consider switching it on (see enable_cpu_affinity() or CPU best practices for DGL [https://docs.dgl.ai/tutorials/cpu/cpu_best_practises.html])
  dgl_warning(
/workspace/pmp_vast/envs/pmp-author/lib/python3.10/site-packages/dgl/dataloading/dataloader.py:1076: DGLWarning: Dataloader CPU affinity opt is not enabled, consider switching it on (see enable_cpu_affinity() or CPU best practices for DGL [https://docs.dgl.ai/tutorials/cpu/cpu_best_practises.html])
  dgl_warning(
trial05 epoch=030 loss=0.053373 val_AUPRC=0.865645 best=0.865645@30 patience=0/20 train=19.659s val=7.913s
/workspace/pmp_vast/envs/pmp-author/lib/python3.10/site-packages/dgl/dataloading/dataloader.py:1076: DGLWarning: Dataloader CPU affinity opt is not enabled, consider switching it on (see enable_cpu_affinity() or CPU best practices for DGL [https://docs.dgl.ai/tutorials/cpu/cpu_best_practises.html])
  dgl_warning(
/workspace/pmp_vast/envs/pmp-author/lib/python3.10/site-packages/dgl/dataloading/dataloader.py:1076: DGLWarning: Dataloader CPU affinity opt is not enabled, consider switching it on (see enable_cpu_affinity() or CPU best practices for DGL [https://docs.dgl.ai/tutorials/cpu/cpu_best_practises.html])
  dgl_warning(
/workspace/pmp_vast/envs/pmp-author/lib/python3.10/site-packages/dgl/dataloading/dataloader.py:1076: DGLWarning: Dataloader CPU affinity opt is not enabled, consider switching it on (see enable_cpu_affinity() or CPU best practices for DGL [https://docs.dgl.ai/tutorials/cpu/cpu_best_practises.html])
  dgl_warning(
/workspace/pmp_vast/envs/pmp-author/lib/python3.10/site-packages/dgl/dataloading/dataloader.py:1076: DGLWarning: Dataloader CPU affinity opt is not enabled, consider switching it on (see enable_cpu_affinity() or CPU best practices for DGL [https://docs.dgl.ai/tutorials/cpu/cpu_best_practises.html])
  dgl_warning(
trial05 epoch=034 loss=0.052418 val_AUPRC=0.867778 best=0.867778@34 patience=0/20 train=19.191s val=8.478s
/workspace/pmp_vast/envs/pmp-author/lib/python3.10/site-packages/dgl/dataloading/dataloader.py:1076: DGLWarning: Dataloader CPU affinity opt is not enabled, consider switching it on (see enable_cpu_affinity() or CPU best practices for DGL [https://docs.dgl.ai/tutorials/cpu/cpu_best_practises.html])
  dgl_warning(
/workspace/pmp_vast/envs/pmp-author/lib/python3.10/site-packages/dgl/dataloading/dataloader.py:1076: DGLWarning: Dataloader CPU affinity opt is not enabled, consider switching it on (see enable_cpu_affinity() or CPU best practices for DGL [https://docs.dgl.ai/tutorials/cpu/cpu_best_practises.html])
  dgl_warning(
/workspace/pmp_vast/envs/pmp-author/lib/python3.10/site-packages/dgl/dataloading/dataloader.py:1076: DGLWarning: Dataloader CPU affinity opt is not enabled, consider switching it on (see enable_cpu_affinity() or CPU best practices for DGL [https://docs.dgl.ai/tutorials/cpu/cpu_best_practises.html])
  dgl_warning(
trial05 epoch=037 loss=0.051329 val_AUPRC=0.867987 best=0.867987@37 patience=0/20 train=16.723s val=8.719s
/workspace/pmp_vast/envs/pmp-author/lib/python3.10/site-packages/dgl/dataloading/dataloader.py:1076: DGLWarning: Dataloader CPU affinity opt is not enabled, consider switching it on (see enable_cpu_affinity() or CPU best practices for DGL [https://docs.dgl.ai/tutorials/cpu/cpu_best_practises.html])
  dgl_warning(
trial05 epoch=038 loss=0.051203 val_AUPRC=0.870386 best=0.870386@38 patience=0/20 train=17.867s val=8.467s
/workspace/pmp_vast/envs/pmp-author/lib/python3.10/site-packages/dgl/dataloading/dataloader.py:1076: DGLWarning: Dataloader CPU affinity opt is not enabled, consider switching it on (see enable_cpu_affinity() or CPU best practices for DGL [https://docs.dgl.ai/tutorials/cpu/cpu_best_practises.html])
  dgl_warning(
/workspace/pmp_vast/envs/pmp-author/lib/python3.10/site-packages/dgl/dataloading/dataloader.py:1076: DGLWarning: Dataloader CPU affinity opt is not enabled, consider switching it on (see enable_cpu_affinity() or CPU best practices for DGL [https://docs.dgl.ai/tutorials/cpu/cpu_best_practises.html])
  dgl_warning(
trial05 epoch=040 loss=0.049674 val_AUPRC=0.867892 best=0.870386@38 patience=2/20 train=16.115s val=8.465s
/workspace/pmp_vast/envs/pmp-author/lib/python3.10/site-packages/dgl/dataloading/dataloader.py:1076: DGLWarning: Dataloader CPU affinity opt is not enabled, consider switching it on (see enable_cpu_affinity() or CPU best practices for DGL [https://docs.dgl.ai/tutorials/cpu/cpu_best_practises.html])
  dgl_warning(
trial05 epoch=041 loss=0.050959 val_AUPRC=0.871810 best=0.871810@41 patience=0/20 train=16.807s val=8.186s
/workspace/pmp_vast/envs/pmp-author/lib/python3.10/site-packages/dgl/dataloading/dataloader.py:1076: DGLWarning: Dataloader CPU affinity opt is not enabled, consider switching it on (see enable_cpu_affinity() or CPU best practices for DGL [https://docs.dgl.ai/tutorials/cpu/cpu_best_practises.html])
  dgl_warning(
trial05 epoch=042 loss=0.048075 val_AUPRC=0.875471 best=0.875471@42 patience=0/20 train=16.199s val=7.940s
/workspace/pmp_vast/envs/pmp-author/lib/python3.10/site-packages/dgl/dataloading/dataloader.py:1076: DGLWarning: Dataloader CPU affinity opt is not enabled, consider switching it on (see enable_cpu_affinity() or CPU best practices for DGL [https://docs.dgl.ai/tutorials/cpu/cpu_best_practises.html])
  dgl_warning(
/workspace/pmp_vast/envs/pmp-author/lib/python3.10/site-packages/dgl/dataloading/dataloader.py:1076: DGLWarning: Dataloader CPU affinity opt is not enabled, consider switching it on (see enable_cpu_affinity() or CPU best practices for DGL [https://docs.dgl.ai/tutorials/cpu/cpu_best_practises.html])
  dgl_warning(
/workspace/pmp_vast/envs/pmp-author/lib/python3.10/site-packages/dgl/dataloading/dataloader.py:1076: DGLWarning: Dataloader CPU affinity opt is not enabled, consider switching it on (see enable_cpu_affinity() or CPU best practices for DGL [https://docs.dgl.ai/tutorials/cpu/cpu_best_practises.html])
  dgl_warning(
/workspace/pmp_vast/envs/pmp-author/lib/python3.10/site-packages/dgl/dataloading/dataloader.py:1076: DGLWarning: Dataloader CPU affinity opt is not enabled, consider switching it on (see enable_cpu_affinity() or CPU best practices for DGL [https://docs.dgl.ai/tutorials/cpu/cpu_best_practises.html])
  dgl_warning(
/workspace/pmp_vast/envs/pmp-author/lib/python3.10/site-packages/dgl/dataloading/dataloader.py:1076: DGLWarning: Dataloader CPU affinity opt is not enabled, consider switching it on (see enable_cpu_affinity() or CPU best practices for DGL [https://docs.dgl.ai/tutorials/cpu/cpu_best_practises.html])
  dgl_warning(
/workspace/pmp_vast/envs/pmp-author/lib/python3.10/site-packages/dgl/dataloading/dataloader.py:1076: DGLWarning: Dataloader CPU affinity opt is not enabled, consider switching it on (see enable_cpu_affinity() or CPU best practices for DGL [https://docs.dgl.ai/tutorials/cpu/cpu_best_practises.html])
  dgl_warning(
/workspace/pmp_vast/envs/pmp-author/lib/python3.10/site-packages/dgl/dataloading/dataloader.py:1076: DGLWarning: Dataloader CPU affinity opt is not enabled, consider switching it on (see enable_cpu_affinity() or CPU best practices for DGL [https://docs.dgl.ai/tutorials/cpu/cpu_best_practises.html])
  dgl_warning(
/workspace/pmp_vast/envs/pmp-author/lib/python3.10/site-packages/dgl/dataloading/dataloader.py:1076: DGLWarning: Dataloader CPU affinity opt is not enabled, consider switching it on (see enable_cpu_affinity() or CPU best practices for DGL [https://docs.dgl.ai/tutorials/cpu/cpu_best_practises.html])
  dgl_warning(
trial05 epoch=050 loss=0.049942 val_AUPRC=0.876906 best=0.876906@50 patience=0/20 train=16.615s val=8.126s
/workspace/pmp_vast/envs/pmp-author/lib/python3.10/site-packages/dgl/dataloading/dataloader.py:1076: DGLWarning: Dataloader CPU affinity opt is not enabled, consider switching it on (see enable_cpu_affinity() or CPU best practices for DGL [https://docs.dgl.ai/tutorials/cpu/cpu_best_practises.html])
  dgl_warning(
/workspace/pmp_vast/envs/pmp-author/lib/python3.10/site-packages/dgl/dataloading/dataloader.py:1076: DGLWarning: Dataloader CPU affinity opt is not enabled, consider switching it on (see enable_cpu_affinity() or CPU best practices for DGL [https://docs.dgl.ai/tutorials/cpu/cpu_best_practises.html])
  dgl_warning(
/workspace/pmp_vast/envs/pmp-author/lib/python3.10/site-packages/dgl/dataloading/dataloader.py:1076: DGLWarning: Dataloader CPU affinity opt is not enabled, consider switching it on (see enable_cpu_affinity() or CPU best practices for DGL [https://docs.dgl.ai/tutorials/cpu/cpu_best_practises.html])
  dgl_warning(
/workspace/pmp_vast/envs/pmp-author/lib/python3.10/site-packages/dgl/dataloading/dataloader.py:1076: DGLWarning: Dataloader CPU affinity opt is not enabled, consider switching it on (see enable_cpu_affinity() or CPU best practices for DGL [https://docs.dgl.ai/tutorials/cpu/cpu_best_practises.html])
  dgl_warning(
/workspace/pmp_vast/envs/pmp-author/lib/python3.10/site-packages/dgl/dataloading/dataloader.py:1076: DGLWarning: Dataloader CPU affinity opt is not enabled, consider switching it on (see enable_cpu_affinity() or CPU best practices for DGL [https://docs.dgl.ai/tutorials/cpu/cpu_best_practises.html])
  dgl_warning(
/workspace/pmp_vast/envs/pmp-author/lib/python3.10/site-packages/dgl/dataloading/dataloader.py:1076: DGLWarning: Dataloader CPU affinity opt is not enabled, consider switching it on (see enable_cpu_affinity() or CPU best practices for DGL [https://docs.dgl.ai/tutorials/cpu/cpu_best_practises.html])
  dgl_warning(
/workspace/pmp_vast/envs/pmp-author/lib/python3.10/site-packages/dgl/dataloading/dataloader.py:1076: DGLWarning: Dataloader CPU affinity opt is not enabled, consider switching it on (see enable_cpu_affinity() or CPU best practices for DGL [https://docs.dgl.ai/tutorials/cpu/cpu_best_practises.html])
  dgl_warning(
trial05 epoch=057 loss=0.045625 val_AUPRC=0.877242 best=0.877242@57 patience=0/20 train=17.063s val=8.004s
/workspace/pmp_vast/envs/pmp-author/lib/python3.10/site-packages/dgl/dataloading/dataloader.py:1076: DGLWarning: Dataloader CPU affinity opt is not enabled, consider switching it on (see enable_cpu_affinity() or CPU best practices for DGL [https://docs.dgl.ai/tutorials/cpu/cpu_best_practises.html])
  dgl_warning(
/workspace/pmp_vast/envs/pmp-author/lib/python3.10/site-packages/dgl/dataloading/dataloader.py:1076: DGLWarning: Dataloader CPU affinity opt is not enabled, consider switching it on (see enable_cpu_affinity() or CPU best practices for DGL [https://docs.dgl.ai/tutorials/cpu/cpu_best_practises.html])
  dgl_warning(
/workspace/pmp_vast/envs/pmp-author/lib/python3.10/site-packages/dgl/dataloading/dataloader.py:1076: DGLWarning: Dataloader CPU affinity opt is not enabled, consider switching it on (see enable_cpu_affinity() or CPU best practices for DGL [https://docs.dgl.ai/tutorials/cpu/cpu_best_practises.html])
  dgl_warning(
trial05 epoch=060 loss=0.046102 val_AUPRC=0.879277 best=0.879277@60 patience=0/20 train=15.661s val=8.188s
/workspace/pmp_vast/envs/pmp-author/lib/python3.10/site-packages/dgl/dataloading/dataloader.py:1076: DGLWarning: Dataloader CPU affinity opt is not enabled, consider switching it on (see enable_cpu_affinity() or CPU best practices for DGL [https://docs.dgl.ai/tutorials/cpu/cpu_best_practises.html])
  dgl_warning(
/workspace/pmp_vast/envs/pmp-author/lib/python3.10/site-packages/dgl/dataloading/dataloader.py:1076: DGLWarning: Dataloader CPU affinity opt is not enabled, consider switching it on (see enable_cpu_affinity() or CPU best practices for DGL [https://docs.dgl.ai/tutorials/cpu/cpu_best_practises.html])
  dgl_warning(
/workspace/pmp_vast/envs/pmp-author/lib/python3.10/site-packages/dgl/dataloading/dataloader.py:1076: DGLWarning: Dataloader CPU affinity opt is not enabled, consider switching it on (see enable_cpu_affinity() or CPU best practices for DGL [https://docs.dgl.ai/tutorials/cpu/cpu_best_practises.html])
  dgl_warning(
trial05 epoch=063 loss=0.045418 val_AUPRC=0.880571 best=0.880571@63 patience=0/20 train=15.654s val=8.512s
/workspace/pmp_vast/envs/pmp-author/lib/python3.10/site-packages/dgl/dataloading/dataloader.py:1076: DGLWarning: Dataloader CPU affinity opt is not enabled, consider switching it on (see enable_cpu_affinity() or CPU best practices for DGL [https://docs.dgl.ai/tutorials/cpu/cpu_best_practises.html])
  dgl_warning(
/workspace/pmp_vast/envs/pmp-author/lib/python3.10/site-packages/dgl/dataloading/dataloader.py:1076: DGLWarning: Dataloader CPU affinity opt is not enabled, consider switching it on (see enable_cpu_affinity() or CPU best practices for DGL [https://docs.dgl.ai/tutorials/cpu/cpu_best_practises.html])
  dgl_warning(
/workspace/pmp_vast/envs/pmp-author/lib/python3.10/site-packages/dgl/dataloading/dataloader.py:1076: DGLWarning: Dataloader CPU affinity opt is not enabled, consider switching it on (see enable_cpu_affinity() or CPU best practices for DGL [https://docs.dgl.ai/tutorials/cpu/cpu_best_practises.html])
  dgl_warning(
trial05 epoch=066 loss=0.045344 val_AUPRC=0.880688 best=0.880688@66 patience=0/20 train=15.764s val=7.947s
/workspace/pmp_vast/envs/pmp-author/lib/python3.10/site-packages/dgl/dataloading/dataloader.py:1076: DGLWarning: Dataloader CPU affinity opt is not enabled, consider switching it on (see enable_cpu_affinity() or CPU best practices for DGL [https://docs.dgl.ai/tutorials/cpu/cpu_best_practises.html])
  dgl_warning(
/workspace/pmp_vast/envs/pmp-author/lib/python3.10/site-packages/dgl/dataloading/dataloader.py:1076: DGLWarning: Dataloader CPU affinity opt is not enabled, consider switching it on (see enable_cpu_affinity() or CPU best practices for DGL [https://docs.dgl.ai/tutorials/cpu/cpu_best_practises.html])
  dgl_warning(
/workspace/pmp_vast/envs/pmp-author/lib/python3.10/site-packages/dgl/dataloading/dataloader.py:1076: DGLWarning: Dataloader CPU affinity opt is not enabled, consider switching it on (see enable_cpu_affinity() or CPU best practices for DGL [https://docs.dgl.ai/tutorials/cpu/cpu_best_practises.html])
  dgl_warning(
/workspace/pmp_vast/envs/pmp-author/lib/python3.10/site-packages/dgl/dataloading/dataloader.py:1076: DGLWarning: Dataloader CPU affinity opt is not enabled, consider switching it on (see enable_cpu_affinity() or CPU best practices for DGL [https://docs.dgl.ai/tutorials/cpu/cpu_best_practises.html])
  dgl_warning(
trial05 epoch=070 loss=0.046744 val_AUPRC=0.878929 best=0.880688@66 patience=4/20 train=15.910s val=7.732s
/workspace/pmp_vast/envs/pmp-author/lib/python3.10/site-packages/dgl/dataloading/dataloader.py:1076: DGLWarning: Dataloader CPU affinity opt is not enabled, consider switching it on (see enable_cpu_affinity() or CPU best practices for DGL [https://docs.dgl.ai/tutorials/cpu/cpu_best_practises.html])
  dgl_warning(
/workspace/pmp_vast/envs/pmp-author/lib/python3.10/site-packages/dgl/dataloading/dataloader.py:1076: DGLWarning: Dataloader CPU affinity opt is not enabled, consider switching it on (see enable_cpu_affinity() or CPU best practices for DGL [https://docs.dgl.ai/tutorials/cpu/cpu_best_practises.html])
  dgl_warning(
trial05 epoch=072 loss=0.045627 val_AUPRC=0.881302 best=0.881302@72 patience=0/20 train=19.569s val=9.911s
/workspace/pmp_vast/envs/pmp-author/lib/python3.10/site-packages/dgl/dataloading/dataloader.py:1076: DGLWarning: Dataloader CPU affinity opt is not enabled, consider switching it on (see enable_cpu_affinity() or CPU best practices for DGL [https://docs.dgl.ai/tutorials/cpu/cpu_best_practises.html])
  dgl_warning(
trial05 epoch=073 loss=0.044988 val_AUPRC=0.882474 best=0.882474@73 patience=0/20 train=15.671s val=7.934s
/workspace/pmp_vast/envs/pmp-author/lib/python3.10/site-packages/dgl/dataloading/dataloader.py:1076: DGLWarning: Dataloader CPU affinity opt is not enabled, consider switching it on (see enable_cpu_affinity() or CPU best practices for DGL [https://docs.dgl.ai/tutorials/cpu/cpu_best_practises.html])
  dgl_warning(
/workspace/pmp_vast/envs/pmp-author/lib/python3.10/site-packages/dgl/dataloading/dataloader.py:1076: DGLWarning: Dataloader CPU affinity opt is not enabled, consider switching it on (see enable_cpu_affinity() or CPU best practices for DGL [https://docs.dgl.ai/tutorials/cpu/cpu_best_practises.html])
  dgl_warning(
/workspace/pmp_vast/envs/pmp-author/lib/python3.10/site-packages/dgl/dataloading/dataloader.py:1076: DGLWarning: Dataloader CPU affinity opt is not enabled, consider switching it on (see enable_cpu_affinity() or CPU best practices for DGL [https://docs.dgl.ai/tutorials/cpu/cpu_best_practises.html])
  dgl_warning(
/workspace/pmp_vast/envs/pmp-author/lib/python3.10/site-packages/dgl/dataloading/dataloader.py:1076: DGLWarning: Dataloader CPU affinity opt is not enabled, consider switching it on (see enable_cpu_affinity() or CPU best practices for DGL [https://docs.dgl.ai/tutorials/cpu/cpu_best_practises.html])
  dgl_warning(
/workspace/pmp_vast/envs/pmp-author/lib/python3.10/site-packages/dgl/dataloading/dataloader.py:1076: DGLWarning: Dataloader CPU affinity opt is not enabled, consider switching it on (see enable_cpu_affinity() or CPU best practices for DGL [https://docs.dgl.ai/tutorials/cpu/cpu_best_practises.html])
  dgl_warning(
/workspace/pmp_vast/envs/pmp-author/lib/python3.10/site-packages/dgl/dataloading/dataloader.py:1076: DGLWarning: Dataloader CPU affinity opt is not enabled, consider switching it on (see enable_cpu_affinity() or CPU best practices for DGL [https://docs.dgl.ai/tutorials/cpu/cpu_best_practises.html])
  dgl_warning(
trial05 epoch=079 loss=0.043937 val_AUPRC=0.884029 best=0.884029@79 patience=0/20 train=15.567s val=8.335s
/workspace/pmp_vast/envs/pmp-author/lib/python3.10/site-packages/dgl/dataloading/dataloader.py:1076: DGLWarning: Dataloader CPU affinity opt is not enabled, consider switching it on (see enable_cpu_affinity() or CPU best practices for DGL [https://docs.dgl.ai/tutorials/cpu/cpu_best_practises.html])
  dgl_warning(
trial05 epoch=080 loss=0.043581 val_AUPRC=0.884034 best=0.884034@80 patience=0/20 train=16.324s val=8.100s
/workspace/pmp_vast/envs/pmp-author/lib/python3.10/site-packages/dgl/dataloading/dataloader.py:1076: DGLWarning: Dataloader CPU affinity opt is not enabled, consider switching it on (see enable_cpu_affinity() or CPU best practices for DGL [https://docs.dgl.ai/tutorials/cpu/cpu_best_practises.html])
  dgl_warning(
trial05 epoch=081 loss=0.044875 val_AUPRC=0.884458 best=0.884458@81 patience=0/20 train=16.525s val=8.001s
/workspace/pmp_vast/envs/pmp-author/lib/python3.10/site-packages/dgl/dataloading/dataloader.py:1076: DGLWarning: Dataloader CPU affinity opt is not enabled, consider switching it on (see enable_cpu_affinity() or CPU best practices for DGL [https://docs.dgl.ai/tutorials/cpu/cpu_best_practises.html])
  dgl_warning(
/workspace/pmp_vast/envs/pmp-author/lib/python3.10/site-packages/dgl/dataloading/dataloader.py:1076: DGLWarning: Dataloader CPU affinity opt is not enabled, consider switching it on (see enable_cpu_affinity() or CPU best practices for DGL [https://docs.dgl.ai/tutorials/cpu/cpu_best_practises.html])
  dgl_warning(
/workspace/pmp_vast/envs/pmp-author/lib/python3.10/site-packages/dgl/dataloading/dataloader.py:1076: DGLWarning: Dataloader CPU affinity opt is not enabled, consider switching it on (see enable_cpu_affinity() or CPU best practices for DGL [https://docs.dgl.ai/tutorials/cpu/cpu_best_practises.html])
  dgl_warning(
/workspace/pmp_vast/envs/pmp-author/lib/python3.10/site-packages/dgl/dataloading/dataloader.py:1076: DGLWarning: Dataloader CPU affinity opt is not enabled, consider switching it on (see enable_cpu_affinity() or CPU best practices for DGL [https://docs.dgl.ai/tutorials/cpu/cpu_best_practises.html])
  dgl_warning(
trial05 epoch=085 loss=0.043623 val_AUPRC=0.885483 best=0.885483@85 patience=0/20 train=16.778s val=8.069s
/workspace/pmp_vast/envs/pmp-author/lib/python3.10/site-packages/dgl/dataloading/dataloader.py:1076: DGLWarning: Dataloader CPU affinity opt is not enabled, consider switching it on (see enable_cpu_affinity() or CPU best practices for DGL [https://docs.dgl.ai/tutorials/cpu/cpu_best_practises.html])
  dgl_warning(
/workspace/pmp_vast/envs/pmp-author/lib/python3.10/site-packages/dgl/dataloading/dataloader.py:1076: DGLWarning: Dataloader CPU affinity opt is not enabled, consider switching it on (see enable_cpu_affinity() or CPU best practices for DGL [https://docs.dgl.ai/tutorials/cpu/cpu_best_practises.html])
  dgl_warning(
/workspace/pmp_vast/envs/pmp-author/lib/python3.10/site-packages/dgl/dataloading/dataloader.py:1076: DGLWarning: Dataloader CPU affinity opt is not enabled, consider switching it on (see enable_cpu_affinity() or CPU best practices for DGL [https://docs.dgl.ai/tutorials/cpu/cpu_best_practises.html])
  dgl_warning(
/workspace/pmp_vast/envs/pmp-author/lib/python3.10/site-packages/dgl/dataloading/dataloader.py:1076: DGLWarning: Dataloader CPU affinity opt is not enabled, consider switching it on (see enable_cpu_affinity() or CPU best practices for DGL [https://docs.dgl.ai/tutorials/cpu/cpu_best_practises.html])
  dgl_warning(
/workspace/pmp_vast/envs/pmp-author/lib/python3.10/site-packages/dgl/dataloading/dataloader.py:1076: DGLWarning: Dataloader CPU affinity opt is not enabled, consider switching it on (see enable_cpu_affinity() or CPU best practices for DGL [https://docs.dgl.ai/tutorials/cpu/cpu_best_practises.html])
  dgl_warning(
trial05 epoch=090 loss=0.043928 val_AUPRC=0.883737 best=0.885483@85 patience=5/20 train=17.563s val=10.061s
/workspace/pmp_vast/envs/pmp-author/lib/python3.10/site-packages/dgl/dataloading/dataloader.py:1076: DGLWarning: Dataloader CPU affinity opt is not enabled, consider switching it on (see enable_cpu_affinity() or CPU best practices for DGL [https://docs.dgl.ai/tutorials/cpu/cpu_best_practises.html])
  dgl_warning(
/workspace/pmp_vast/envs/pmp-author/lib/python3.10/site-packages/dgl/dataloading/dataloader.py:1076: DGLWarning: Dataloader CPU affinity opt is not enabled, consider switching it on (see enable_cpu_affinity() or CPU best practices for DGL [https://docs.dgl.ai/tutorials/cpu/cpu_best_practises.html])
  dgl_warning(
trial05 epoch=092 loss=0.042413 val_AUPRC=0.886027 best=0.886027@92 patience=0/20 train=16.499s val=8.125s
/workspace/pmp_vast/envs/pmp-author/lib/python3.10/site-packages/dgl/dataloading/dataloader.py:1076: DGLWarning: Dataloader CPU affinity opt is not enabled, consider switching it on (see enable_cpu_affinity() or CPU best practices for DGL [https://docs.dgl.ai/tutorials/cpu/cpu_best_practises.html])
  dgl_warning(
/workspace/pmp_vast/envs/pmp-author/lib/python3.10/site-packages/dgl/dataloading/dataloader.py:1076: DGLWarning: Dataloader CPU affinity opt is not enabled, consider switching it on (see enable_cpu_affinity() or CPU best practices for DGL [https://docs.dgl.ai/tutorials/cpu/cpu_best_practises.html])
  dgl_warning(
/workspace/pmp_vast/envs/pmp-author/lib/python3.10/site-packages/dgl/dataloading/dataloader.py:1076: DGLWarning: Dataloader CPU affinity opt is not enabled, consider switching it on (see enable_cpu_affinity() or CPU best practices for DGL [https://docs.dgl.ai/tutorials/cpu/cpu_best_practises.html])
  dgl_warning(
/workspace/pmp_vast/envs/pmp-author/lib/python3.10/site-packages/dgl/dataloading/dataloader.py:1076: DGLWarning: Dataloader CPU affinity opt is not enabled, consider switching it on (see enable_cpu_affinity() or CPU best practices for DGL [https://docs.dgl.ai/tutorials/cpu/cpu_best_practises.html])
  dgl_warning(
/workspace/pmp_vast/envs/pmp-author/lib/python3.10/site-packages/dgl/dataloading/dataloader.py:1076: DGLWarning: Dataloader CPU affinity opt is not enabled, consider switching it on (see enable_cpu_affinity() or CPU best practices for DGL [https://docs.dgl.ai/tutorials/cpu/cpu_best_practises.html])
  dgl_warning(
/workspace/pmp_vast/envs/pmp-author/lib/python3.10/site-packages/dgl/dataloading/dataloader.py:1076: DGLWarning: Dataloader CPU affinity opt is not enabled, consider switching it on (see enable_cpu_affinity() or CPU best practices for DGL [https://docs.dgl.ai/tutorials/cpu/cpu_best_practises.html])
  dgl_warning(
trial05 epoch=098 loss=0.043155 val_AUPRC=0.886941 best=0.886941@98 patience=0/20 train=15.506s val=7.792s
/workspace/pmp_vast/envs/pmp-author/lib/python3.10/site-packages/dgl/dataloading/dataloader.py:1076: DGLWarning: Dataloader CPU affinity opt is not enabled, consider switching it on (see enable_cpu_affinity() or CPU best practices for DGL [https://docs.dgl.ai/tutorials/cpu/cpu_best_practises.html])
  dgl_warning(
/workspace/pmp_vast/envs/pmp-author/lib/python3.10/site-packages/dgl/dataloading/dataloader.py:1076: DGLWarning: Dataloader CPU affinity opt is not enabled, consider switching it on (see enable_cpu_affinity() or CPU best practices for DGL [https://docs.dgl.ai/tutorials/cpu/cpu_best_practises.html])
  dgl_warning(
trial05 epoch=100 loss=0.043620 val_AUPRC=0.884263 best=0.886941@98 patience=2/20 train=19.511s val=7.872s
TUNE trial05 PASS | best_val_AUPRC=0.886941@98 | TEST_ACCESSED=NO

===== TUNE 06/12 | lr=0.001 wd=1e-05 =====
/workspace/pmp_vast/envs/pmp-author/lib/python3.10/site-packages/dgl/dataloading/dataloader.py:1076: DGLWarning: Dataloader CPU affinity opt is not enabled, consider switching it on (see enable_cpu_affinity() or CPU best practices for DGL [https://docs.dgl.ai/tutorials/cpu/cpu_best_practises.html])
  dgl_warning(
trial06 epoch=001 loss=0.379043 val_AUPRC=0.655745 best=0.655745@1 patience=0/20 train=19.759s val=9.659s
/workspace/pmp_vast/envs/pmp-author/lib/python3.10/site-packages/dgl/dataloading/dataloader.py:1076: DGLWarning: Dataloader CPU affinity opt is not enabled, consider switching it on (see enable_cpu_affinity() or CPU best practices for DGL [https://docs.dgl.ai/tutorials/cpu/cpu_best_practises.html])
  dgl_warning(
trial06 epoch=002 loss=0.127848 val_AUPRC=0.809389 best=0.809389@2 patience=0/20 train=16.283s val=7.774s
/workspace/pmp_vast/envs/pmp-author/lib/python3.10/site-packages/dgl/dataloading/dataloader.py:1076: DGLWarning: Dataloader CPU affinity opt is not enabled, consider switching it on (see enable_cpu_affinity() or CPU best practices for DGL [https://docs.dgl.ai/tutorials/cpu/cpu_best_practises.html])
  dgl_warning(
trial06 epoch=003 loss=0.096079 val_AUPRC=0.813586 best=0.813586@3 patience=0/20 train=15.577s val=7.911s
/workspace/pmp_vast/envs/pmp-author/lib/python3.10/site-packages/dgl/dataloading/dataloader.py:1076: DGLWarning: Dataloader CPU affinity opt is not enabled, consider switching it on (see enable_cpu_affinity() or CPU best practices for DGL [https://docs.dgl.ai/tutorials/cpu/cpu_best_practises.html])
  dgl_warning(
trial06 epoch=004 loss=0.082308 val_AUPRC=0.818294 best=0.818294@4 patience=0/20 train=15.817s val=7.925s
/workspace/pmp_vast/envs/pmp-author/lib/python3.10/site-packages/dgl/dataloading/dataloader.py:1076: DGLWarning: Dataloader CPU affinity opt is not enabled, consider switching it on (see enable_cpu_affinity() or CPU best practices for DGL [https://docs.dgl.ai/tutorials/cpu/cpu_best_practises.html])
  dgl_warning(
trial06 epoch=005 loss=0.080852 val_AUPRC=0.827934 best=0.827934@5 patience=0/20 train=15.811s val=7.905s
/workspace/pmp_vast/envs/pmp-author/lib/python3.10/site-packages/dgl/dataloading/dataloader.py:1076: DGLWarning: Dataloader CPU affinity opt is not enabled, consider switching it on (see enable_cpu_affinity() or CPU best practices for DGL [https://docs.dgl.ai/tutorials/cpu/cpu_best_practises.html])
  dgl_warning(
trial06 epoch=006 loss=0.074882 val_AUPRC=0.831285 best=0.831285@6 patience=0/20 train=18.276s val=8.279s
/workspace/pmp_vast/envs/pmp-author/lib/python3.10/site-packages/dgl/dataloading/dataloader.py:1076: DGLWarning: Dataloader CPU affinity opt is not enabled, consider switching it on (see enable_cpu_affinity() or CPU best practices for DGL [https://docs.dgl.ai/tutorials/cpu/cpu_best_practises.html])
  dgl_warning(
trial06 epoch=007 loss=0.069328 val_AUPRC=0.838372 best=0.838372@7 patience=0/20 train=17.678s val=9.839s
/workspace/pmp_vast/envs/pmp-author/lib/python3.10/site-packages/dgl/dataloading/dataloader.py:1076: DGLWarning: Dataloader CPU affinity opt is not enabled, consider switching it on (see enable_cpu_affinity() or CPU best practices for DGL [https://docs.dgl.ai/tutorials/cpu/cpu_best_practises.html])
  dgl_warning(
trial06 epoch=008 loss=0.064217 val_AUPRC=0.839897 best=0.839897@8 patience=0/20 train=19.744s val=9.869s
/workspace/pmp_vast/envs/pmp-author/lib/python3.10/site-packages/dgl/dataloading/dataloader.py:1076: DGLWarning: Dataloader CPU affinity opt is not enabled, consider switching it on (see enable_cpu_affinity() or CPU best practices for DGL [https://docs.dgl.ai/tutorials/cpu/cpu_best_practises.html])
  dgl_warning(
trial06 epoch=009 loss=0.064456 val_AUPRC=0.844578 best=0.844578@9 patience=0/20 train=16.544s val=8.174s
/workspace/pmp_vast/envs/pmp-author/lib/python3.10/site-packages/dgl/dataloading/dataloader.py:1076: DGLWarning: Dataloader CPU affinity opt is not enabled, consider switching it on (see enable_cpu_affinity() or CPU best practices for DGL [https://docs.dgl.ai/tutorials/cpu/cpu_best_practises.html])
  dgl_warning(
trial06 epoch=010 loss=0.063380 val_AUPRC=0.845714 best=0.845714@10 patience=0/20 train=15.912s val=7.984s
/workspace/pmp_vast/envs/pmp-author/lib/python3.10/site-packages/dgl/dataloading/dataloader.py:1076: DGLWarning: Dataloader CPU affinity opt is not enabled, consider switching it on (see enable_cpu_affinity() or CPU best practices for DGL [https://docs.dgl.ai/tutorials/cpu/cpu_best_practises.html])
  dgl_warning(
trial06 epoch=011 loss=0.061587 val_AUPRC=0.847657 best=0.847657@11 patience=0/20 train=15.864s val=7.714s
/workspace/pmp_vast/envs/pmp-author/lib/python3.10/site-packages/dgl/dataloading/dataloader.py:1076: DGLWarning: Dataloader CPU affinity opt is not enabled, consider switching it on (see enable_cpu_affinity() or CPU best practices for DGL [https://docs.dgl.ai/tutorials/cpu/cpu_best_practises.html])
  dgl_warning(
/workspace/pmp_vast/envs/pmp-author/lib/python3.10/site-packages/dgl/dataloading/dataloader.py:1076: DGLWarning: Dataloader CPU affinity opt is not enabled, consider switching it on (see enable_cpu_affinity() or CPU best practices for DGL [https://docs.dgl.ai/tutorials/cpu/cpu_best_practises.html])
  dgl_warning(
/workspace/pmp_vast/envs/pmp-author/lib/python3.10/site-packages/dgl/dataloading/dataloader.py:1076: DGLWarning: Dataloader CPU affinity opt is not enabled, consider switching it on (see enable_cpu_affinity() or CPU best practices for DGL [https://docs.dgl.ai/tutorials/cpu/cpu_best_practises.html])
  dgl_warning(
trial06 epoch=014 loss=0.056747 val_AUPRC=0.848272 best=0.848272@14 patience=0/20 train=16.018s val=8.070s
/workspace/pmp_vast/envs/pmp-author/lib/python3.10/site-packages/dgl/dataloading/dataloader.py:1076: DGLWarning: Dataloader CPU affinity opt is not enabled, consider switching it on (see enable_cpu_affinity() or CPU best practices for DGL [https://docs.dgl.ai/tutorials/cpu/cpu_best_practises.html])
  dgl_warning(
trial06 epoch=015 loss=0.059510 val_AUPRC=0.851132 best=0.851132@15 patience=0/20 train=16.007s val=8.141s
/workspace/pmp_vast/envs/pmp-author/lib/python3.10/site-packages/dgl/dataloading/dataloader.py:1076: DGLWarning: Dataloader CPU affinity opt is not enabled, consider switching it on (see enable_cpu_affinity() or CPU best practices for DGL [https://docs.dgl.ai/tutorials/cpu/cpu_best_practises.html])
  dgl_warning(
trial06 epoch=016 loss=0.055561 val_AUPRC=0.853380 best=0.853380@16 patience=0/20 train=15.900s val=8.039s
/workspace/pmp_vast/envs/pmp-author/lib/python3.10/site-packages/dgl/dataloading/dataloader.py:1076: DGLWarning: Dataloader CPU affinity opt is not enabled, consider switching it on (see enable_cpu_affinity() or CPU best practices for DGL [https://docs.dgl.ai/tutorials/cpu/cpu_best_practises.html])
  dgl_warning(
trial06 epoch=017 loss=0.056912 val_AUPRC=0.854916 best=0.854916@17 patience=0/20 train=16.180s val=7.886s
/workspace/pmp_vast/envs/pmp-author/lib/python3.10/site-packages/dgl/dataloading/dataloader.py:1076: DGLWarning: Dataloader CPU affinity opt is not enabled, consider switching it on (see enable_cpu_affinity() or CPU best practices for DGL [https://docs.dgl.ai/tutorials/cpu/cpu_best_practises.html])
  dgl_warning(
trial06 epoch=018 loss=0.056810 val_AUPRC=0.855619 best=0.855619@18 patience=0/20 train=15.528s val=7.913s
/workspace/pmp_vast/envs/pmp-author/lib/python3.10/site-packages/dgl/dataloading/dataloader.py:1076: DGLWarning: Dataloader CPU affinity opt is not enabled, consider switching it on (see enable_cpu_affinity() or CPU best practices for DGL [https://docs.dgl.ai/tutorials/cpu/cpu_best_practises.html])
  dgl_warning(
/workspace/pmp_vast/envs/pmp-author/lib/python3.10/site-packages/dgl/dataloading/dataloader.py:1076: DGLWarning: Dataloader CPU affinity opt is not enabled, consider switching it on (see enable_cpu_affinity() or CPU best practices for DGL [https://docs.dgl.ai/tutorials/cpu/cpu_best_practises.html])
  dgl_warning(
trial06 epoch=020 loss=0.054243 val_AUPRC=0.858096 best=0.858096@20 patience=0/20 train=15.814s val=8.131s
/workspace/pmp_vast/envs/pmp-author/lib/python3.10/site-packages/dgl/dataloading/dataloader.py:1076: DGLWarning: Dataloader CPU affinity opt is not enabled, consider switching it on (see enable_cpu_affinity() or CPU best practices for DGL [https://docs.dgl.ai/tutorials/cpu/cpu_best_practises.html])
  dgl_warning(
trial06 epoch=021 loss=0.053320 val_AUPRC=0.859619 best=0.859619@21 patience=0/20 train=16.260s val=8.284s
/workspace/pmp_vast/envs/pmp-author/lib/python3.10/site-packages/dgl/dataloading/dataloader.py:1076: DGLWarning: Dataloader CPU affinity opt is not enabled, consider switching it on (see enable_cpu_affinity() or CPU best practices for DGL [https://docs.dgl.ai/tutorials/cpu/cpu_best_practises.html])
  dgl_warning(
trial06 epoch=022 loss=0.053973 val_AUPRC=0.861760 best=0.861760@22 patience=0/20 train=16.339s val=9.695s
/workspace/pmp_vast/envs/pmp-author/lib/python3.10/site-packages/dgl/dataloading/dataloader.py:1076: DGLWarning: Dataloader CPU affinity opt is not enabled, consider switching it on (see enable_cpu_affinity() or CPU best practices for DGL [https://docs.dgl.ai/tutorials/cpu/cpu_best_practises.html])
  dgl_warning(
/workspace/pmp_vast/envs/pmp-author/lib/python3.10/site-packages/dgl/dataloading/dataloader.py:1076: DGLWarning: Dataloader CPU affinity opt is not enabled, consider switching it on (see enable_cpu_affinity() or CPU best practices for DGL [https://docs.dgl.ai/tutorials/cpu/cpu_best_practises.html])
  dgl_warning(
/workspace/pmp_vast/envs/pmp-author/lib/python3.10/site-packages/dgl/dataloading/dataloader.py:1076: DGLWarning: Dataloader CPU affinity opt is not enabled, consider switching it on (see enable_cpu_affinity() or CPU best practices for DGL [https://docs.dgl.ai/tutorials/cpu/cpu_best_practises.html])
  dgl_warning(
/workspace/pmp_vast/envs/pmp-author/lib/python3.10/site-packages/dgl/dataloading/dataloader.py:1076: DGLWarning: Dataloader CPU affinity opt is not enabled, consider switching it on (see enable_cpu_affinity() or CPU best practices for DGL [https://docs.dgl.ai/tutorials/cpu/cpu_best_practises.html])
  dgl_warning(
trial06 epoch=026 loss=0.052603 val_AUPRC=0.862124 best=0.862124@26 patience=0/20 train=17.371s val=8.409s
/workspace/pmp_vast/envs/pmp-author/lib/python3.10/site-packages/dgl/dataloading/dataloader.py:1076: DGLWarning: Dataloader CPU affinity opt is not enabled, consider switching it on (see enable_cpu_affinity() or CPU best practices for DGL [https://docs.dgl.ai/tutorials/cpu/cpu_best_practises.html])
  dgl_warning(
/workspace/pmp_vast/envs/pmp-author/lib/python3.10/site-packages/dgl/dataloading/dataloader.py:1076: DGLWarning: Dataloader CPU affinity opt is not enabled, consider switching it on (see enable_cpu_affinity() or CPU best practices for DGL [https://docs.dgl.ai/tutorials/cpu/cpu_best_practises.html])
  dgl_warning(
trial06 epoch=028 loss=0.052645 val_AUPRC=0.864511 best=0.864511@28 patience=0/20 train=16.196s val=7.761s
/workspace/pmp_vast/envs/pmp-author/lib/python3.10/site-packages/dgl/dataloading/dataloader.py:1076: DGLWarning: Dataloader CPU affinity opt is not enabled, consider switching it on (see enable_cpu_affinity() or CPU best practices for DGL [https://docs.dgl.ai/tutorials/cpu/cpu_best_practises.html])
  dgl_warning(
/workspace/pmp_vast/envs/pmp-author/lib/python3.10/site-packages/dgl/dataloading/dataloader.py:1076: DGLWarning: Dataloader CPU affinity opt is not enabled, consider switching it on (see enable_cpu_affinity() or CPU best practices for DGL [https://docs.dgl.ai/tutorials/cpu/cpu_best_practises.html])
  dgl_warning(
trial06 epoch=030 loss=0.052251 val_AUPRC=0.867182 best=0.867182@30 patience=0/20 train=15.906s val=8.021s
/workspace/pmp_vast/envs/pmp-author/lib/python3.10/site-packages/dgl/dataloading/dataloader.py:1076: DGLWarning: Dataloader CPU affinity opt is not enabled, consider switching it on (see enable_cpu_affinity() or CPU best practices for DGL [https://docs.dgl.ai/tutorials/cpu/cpu_best_practises.html])
  dgl_warning(
/workspace/pmp_vast/envs/pmp-author/lib/python3.10/site-packages/dgl/dataloading/dataloader.py:1076: DGLWarning: Dataloader CPU affinity opt is not enabled, consider switching it on (see enable_cpu_affinity() or CPU best practices for DGL [https://docs.dgl.ai/tutorials/cpu/cpu_best_practises.html])
  dgl_warning(
/workspace/pmp_vast/envs/pmp-author/lib/python3.10/site-packages/dgl/dataloading/dataloader.py:1076: DGLWarning: Dataloader CPU affinity opt is not enabled, consider switching it on (see enable_cpu_affinity() or CPU best practices for DGL [https://docs.dgl.ai/tutorials/cpu/cpu_best_practises.html])
  dgl_warning(
/workspace/pmp_vast/envs/pmp-author/lib/python3.10/site-packages/dgl/dataloading/dataloader.py:1076: DGLWarning: Dataloader CPU affinity opt is not enabled, consider switching it on (see enable_cpu_affinity() or CPU best practices for DGL [https://docs.dgl.ai/tutorials/cpu/cpu_best_practises.html])
  dgl_warning(
trial06 epoch=034 loss=0.052215 val_AUPRC=0.868389 best=0.868389@34 patience=0/20 train=16.458s val=8.312s
/workspace/pmp_vast/envs/pmp-author/lib/python3.10/site-packages/dgl/dataloading/dataloader.py:1076: DGLWarning: Dataloader CPU affinity opt is not enabled, consider switching it on (see enable_cpu_affinity() or CPU best practices for DGL [https://docs.dgl.ai/tutorials/cpu/cpu_best_practises.html])
  dgl_warning(
/workspace/pmp_vast/envs/pmp-author/lib/python3.10/site-packages/dgl/dataloading/dataloader.py:1076: DGLWarning: Dataloader CPU affinity opt is not enabled, consider switching it on (see enable_cpu_affinity() or CPU best practices for DGL [https://docs.dgl.ai/tutorials/cpu/cpu_best_practises.html])
  dgl_warning(
/workspace/pmp_vast/envs/pmp-author/lib/python3.10/site-packages/dgl/dataloading/dataloader.py:1076: DGLWarning: Dataloader CPU affinity opt is not enabled, consider switching it on (see enable_cpu_affinity() or CPU best practices for DGL [https://docs.dgl.ai/tutorials/cpu/cpu_best_practises.html])
  dgl_warning(
/workspace/pmp_vast/envs/pmp-author/lib/python3.10/site-packages/dgl/dataloading/dataloader.py:1076: DGLWarning: Dataloader CPU affinity opt is not enabled, consider switching it on (see enable_cpu_affinity() or CPU best practices for DGL [https://docs.dgl.ai/tutorials/cpu/cpu_best_practises.html])
  dgl_warning(
/workspace/pmp_vast/envs/pmp-author/lib/python3.10/site-packages/dgl/dataloading/dataloader.py:1076: DGLWarning: Dataloader CPU affinity opt is not enabled, consider switching it on (see enable_cpu_affinity() or CPU best practices for DGL [https://docs.dgl.ai/tutorials/cpu/cpu_best_practises.html])
  dgl_warning(
trial06 epoch=039 loss=0.050421 val_AUPRC=0.869412 best=0.869412@39 patience=0/20 train=15.936s val=7.936s
/workspace/pmp_vast/envs/pmp-author/lib/python3.10/site-packages/dgl/dataloading/dataloader.py:1076: DGLWarning: Dataloader CPU affinity opt is not enabled, consider switching it on (see enable_cpu_affinity() or CPU best practices for DGL [https://docs.dgl.ai/tutorials/cpu/cpu_best_practises.html])
  dgl_warning(
trial06 epoch=040 loss=0.049971 val_AUPRC=0.859909 best=0.869412@39 patience=1/20 train=16.155s val=7.856s
/workspace/pmp_vast/envs/pmp-author/lib/python3.10/site-packages/dgl/dataloading/dataloader.py:1076: DGLWarning: Dataloader CPU affinity opt is not enabled, consider switching it on (see enable_cpu_affinity() or CPU best practices for DGL [https://docs.dgl.ai/tutorials/cpu/cpu_best_practises.html])
  dgl_warning(
trial06 epoch=041 loss=0.050694 val_AUPRC=0.869916 best=0.869916@41 patience=0/20 train=16.708s val=8.446s
/workspace/pmp_vast/envs/pmp-author/lib/python3.10/site-packages/dgl/dataloading/dataloader.py:1076: DGLWarning: Dataloader CPU affinity opt is not enabled, consider switching it on (see enable_cpu_affinity() or CPU best practices for DGL [https://docs.dgl.ai/tutorials/cpu/cpu_best_practises.html])
  dgl_warning(
trial06 epoch=042 loss=0.048369 val_AUPRC=0.873050 best=0.873050@42 patience=0/20 train=16.302s val=8.330s
/workspace/pmp_vast/envs/pmp-author/lib/python3.10/site-packages/dgl/dataloading/dataloader.py:1076: DGLWarning: Dataloader CPU affinity opt is not enabled, consider switching it on (see enable_cpu_affinity() or CPU best practices for DGL [https://docs.dgl.ai/tutorials/cpu/cpu_best_practises.html])
  dgl_warning(
/workspace/pmp_vast/envs/pmp-author/lib/python3.10/site-packages/dgl/dataloading/dataloader.py:1076: DGLWarning: Dataloader CPU affinity opt is not enabled, consider switching it on (see enable_cpu_affinity() or CPU best practices for DGL [https://docs.dgl.ai/tutorials/cpu/cpu_best_practises.html])
  dgl_warning(
/workspace/pmp_vast/envs/pmp-author/lib/python3.10/site-packages/dgl/dataloading/dataloader.py:1076: DGLWarning: Dataloader CPU affinity opt is not enabled, consider switching it on (see enable_cpu_affinity() or CPU best practices for DGL [https://docs.dgl.ai/tutorials/cpu/cpu_best_practises.html])
  dgl_warning(
trial06 epoch=045 loss=0.048136 val_AUPRC=0.873073 best=0.873073@45 patience=0/20 train=15.980s val=7.687s
/workspace/pmp_vast/envs/pmp-author/lib/python3.10/site-packages/dgl/dataloading/dataloader.py:1076: DGLWarning: Dataloader CPU affinity opt is not enabled, consider switching it on (see enable_cpu_affinity() or CPU best practices for DGL [https://docs.dgl.ai/tutorials/cpu/cpu_best_practises.html])
  dgl_warning(
/workspace/pmp_vast/envs/pmp-author/lib/python3.10/site-packages/dgl/dataloading/dataloader.py:1076: DGLWarning: Dataloader CPU affinity opt is not enabled, consider switching it on (see enable_cpu_affinity() or CPU best practices for DGL [https://docs.dgl.ai/tutorials/cpu/cpu_best_practises.html])
  dgl_warning(
/workspace/pmp_vast/envs/pmp-author/lib/python3.10/site-packages/dgl/dataloading/dataloader.py:1076: DGLWarning: Dataloader CPU affinity opt is not enabled, consider switching it on (see enable_cpu_affinity() or CPU best practices for DGL [https://docs.dgl.ai/tutorials/cpu/cpu_best_practises.html])
  dgl_warning(
/workspace/pmp_vast/envs/pmp-author/lib/python3.10/site-packages/dgl/dataloading/dataloader.py:1076: DGLWarning: Dataloader CPU affinity opt is not enabled, consider switching it on (see enable_cpu_affinity() or CPU best practices for DGL [https://docs.dgl.ai/tutorials/cpu/cpu_best_practises.html])
  dgl_warning(
/workspace/pmp_vast/envs/pmp-author/lib/python3.10/site-packages/dgl/dataloading/dataloader.py:1076: DGLWarning: Dataloader CPU affinity opt is not enabled, consider switching it on (see enable_cpu_affinity() or CPU best practices for DGL [https://docs.dgl.ai/tutorials/cpu/cpu_best_practises.html])
  dgl_warning(
trial06 epoch=050 loss=0.050046 val_AUPRC=0.876678 best=0.876678@50 patience=0/20 train=16.215s val=8.132s
/workspace/pmp_vast/envs/pmp-author/lib/python3.10/site-packages/dgl/dataloading/dataloader.py:1076: DGLWarning: Dataloader CPU affinity opt is not enabled, consider switching it on (see enable_cpu_affinity() or CPU best practices for DGL [https://docs.dgl.ai/tutorials/cpu/cpu_best_practises.html])
  dgl_warning(
/workspace/pmp_vast/envs/pmp-author/lib/python3.10/site-packages/dgl/dataloading/dataloader.py:1076: DGLWarning: Dataloader CPU affinity opt is not enabled, consider switching it on (see enable_cpu_affinity() or CPU best practices for DGL [https://docs.dgl.ai/tutorials/cpu/cpu_best_practises.html])
  dgl_warning(
/workspace/pmp_vast/envs/pmp-author/lib/python3.10/site-packages/dgl/dataloading/dataloader.py:1076: DGLWarning: Dataloader CPU affinity opt is not enabled, consider switching it on (see enable_cpu_affinity() or CPU best practices for DGL [https://docs.dgl.ai/tutorials/cpu/cpu_best_practises.html])
  dgl_warning(
/workspace/pmp_vast/envs/pmp-author/lib/python3.10/site-packages/dgl/dataloading/dataloader.py:1076: DGLWarning: Dataloader CPU affinity opt is not enabled, consider switching it on (see enable_cpu_affinity() or CPU best practices for DGL [https://docs.dgl.ai/tutorials/cpu/cpu_best_practises.html])
  dgl_warning(
/workspace/pmp_vast/envs/pmp-author/lib/python3.10/site-packages/dgl/dataloading/dataloader.py:1076: DGLWarning: Dataloader CPU affinity opt is not enabled, consider switching it on (see enable_cpu_affinity() or CPU best practices for DGL [https://docs.dgl.ai/tutorials/cpu/cpu_best_practises.html])
  dgl_warning(
trial06 epoch=055 loss=0.047564 val_AUPRC=0.877377 best=0.877377@55 patience=0/20 train=16.140s val=8.086s
/workspace/pmp_vast/envs/pmp-author/lib/python3.10/site-packages/dgl/dataloading/dataloader.py:1076: DGLWarning: Dataloader CPU affinity opt is not enabled, consider switching it on (see enable_cpu_affinity() or CPU best practices for DGL [https://docs.dgl.ai/tutorials/cpu/cpu_best_practises.html])
  dgl_warning(
/workspace/pmp_vast/envs/pmp-author/lib/python3.10/site-packages/dgl/dataloading/dataloader.py:1076: DGLWarning: Dataloader CPU affinity opt is not enabled, consider switching it on (see enable_cpu_affinity() or CPU best practices for DGL [https://docs.dgl.ai/tutorials/cpu/cpu_best_practises.html])
  dgl_warning(
trial06 epoch=057 loss=0.045106 val_AUPRC=0.880086 best=0.880086@57 patience=0/20 train=16.134s val=8.122s
/workspace/pmp_vast/envs/pmp-author/lib/python3.10/site-packages/dgl/dataloading/dataloader.py:1076: DGLWarning: Dataloader CPU affinity opt is not enabled, consider switching it on (see enable_cpu_affinity() or CPU best practices for DGL [https://docs.dgl.ai/tutorials/cpu/cpu_best_practises.html])
  dgl_warning(
/workspace/pmp_vast/envs/pmp-author/lib/python3.10/site-packages/dgl/dataloading/dataloader.py:1076: DGLWarning: Dataloader CPU affinity opt is not enabled, consider switching it on (see enable_cpu_affinity() or CPU best practices for DGL [https://docs.dgl.ai/tutorials/cpu/cpu_best_practises.html])
  dgl_warning(
/workspace/pmp_vast/envs/pmp-author/lib/python3.10/site-packages/dgl/dataloading/dataloader.py:1076: DGLWarning: Dataloader CPU affinity opt is not enabled, consider switching it on (see enable_cpu_affinity() or CPU best practices for DGL [https://docs.dgl.ai/tutorials/cpu/cpu_best_practises.html])
  dgl_warning(
trial06 epoch=060 loss=0.045713 val_AUPRC=0.879759 best=0.880086@57 patience=3/20 train=15.544s val=7.782s
/workspace/pmp_vast/envs/pmp-author/lib/python3.10/site-packages/dgl/dataloading/dataloader.py:1076: DGLWarning: Dataloader CPU affinity opt is not enabled, consider switching it on (see enable_cpu_affinity() or CPU best practices for DGL [https://docs.dgl.ai/tutorials/cpu/cpu_best_practises.html])
  dgl_warning(
/workspace/pmp_vast/envs/pmp-author/lib/python3.10/site-packages/dgl/dataloading/dataloader.py:1076: DGLWarning: Dataloader CPU affinity opt is not enabled, consider switching it on (see enable_cpu_affinity() or CPU best practices for DGL [https://docs.dgl.ai/tutorials/cpu/cpu_best_practises.html])
  dgl_warning(
/workspace/pmp_vast/envs/pmp-author/lib/python3.10/site-packages/dgl/dataloading/dataloader.py:1076: DGLWarning: Dataloader CPU affinity opt is not enabled, consider switching it on (see enable_cpu_affinity() or CPU best practices for DGL [https://docs.dgl.ai/tutorials/cpu/cpu_best_practises.html])
  dgl_warning(
/workspace/pmp_vast/envs/pmp-author/lib/python3.10/site-packages/dgl/dataloading/dataloader.py:1076: DGLWarning: Dataloader CPU affinity opt is not enabled, consider switching it on (see enable_cpu_affinity() or CPU best practices for DGL [https://docs.dgl.ai/tutorials/cpu/cpu_best_practises.html])
  dgl_warning(
trial06 epoch=064 loss=0.047085 val_AUPRC=0.880278 best=0.880278@64 patience=0/20 train=16.144s val=7.852s
/workspace/pmp_vast/envs/pmp-author/lib/python3.10/site-packages/dgl/dataloading/dataloader.py:1076: DGLWarning: Dataloader CPU affinity opt is not enabled, consider switching it on (see enable_cpu_affinity() or CPU best practices for DGL [https://docs.dgl.ai/tutorials/cpu/cpu_best_practises.html])
  dgl_warning(
trial06 epoch=065 loss=0.048055 val_AUPRC=0.880633 best=0.880633@65 patience=0/20 train=15.673s val=8.445s
/workspace/pmp_vast/envs/pmp-author/lib/python3.10/site-packages/dgl/dataloading/dataloader.py:1076: DGLWarning: Dataloader CPU affinity opt is not enabled, consider switching it on (see enable_cpu_affinity() or CPU best practices for DGL [https://docs.dgl.ai/tutorials/cpu/cpu_best_practises.html])
  dgl_warning(
/workspace/pmp_vast/envs/pmp-author/lib/python3.10/site-packages/dgl/dataloading/dataloader.py:1076: DGLWarning: Dataloader CPU affinity opt is not enabled, consider switching it on (see enable_cpu_affinity() or CPU best practices for DGL [https://docs.dgl.ai/tutorials/cpu/cpu_best_practises.html])
  dgl_warning(
/workspace/pmp_vast/envs/pmp-author/lib/python3.10/site-packages/dgl/dataloading/dataloader.py:1076: DGLWarning: Dataloader CPU affinity opt is not enabled, consider switching it on (see enable_cpu_affinity() or CPU best practices for DGL [https://docs.dgl.ai/tutorials/cpu/cpu_best_practises.html])
  dgl_warning(
/workspace/pmp_vast/envs/pmp-author/lib/python3.10/site-packages/dgl/dataloading/dataloader.py:1076: DGLWarning: Dataloader CPU affinity opt is not enabled, consider switching it on (see enable_cpu_affinity() or CPU best practices for DGL [https://docs.dgl.ai/tutorials/cpu/cpu_best_practises.html])
  dgl_warning(
/workspace/pmp_vast/envs/pmp-author/lib/python3.10/site-packages/dgl/dataloading/dataloader.py:1076: DGLWarning: Dataloader CPU affinity opt is not enabled, consider switching it on (see enable_cpu_affinity() or CPU best practices for DGL [https://docs.dgl.ai/tutorials/cpu/cpu_best_practises.html])
  dgl_warning(
trial06 epoch=070 loss=0.046291 val_AUPRC=0.878554 best=0.880633@65 patience=5/20 train=15.597s val=7.793s
/workspace/pmp_vast/envs/pmp-author/lib/python3.10/site-packages/dgl/dataloading/dataloader.py:1076: DGLWarning: Dataloader CPU affinity opt is not enabled, consider switching it on (see enable_cpu_affinity() or CPU best practices for DGL [https://docs.dgl.ai/tutorials/cpu/cpu_best_practises.html])
  dgl_warning(
/workspace/pmp_vast/envs/pmp-author/lib/python3.10/site-packages/dgl/dataloading/dataloader.py:1076: DGLWarning: Dataloader CPU affinity opt is not enabled, consider switching it on (see enable_cpu_affinity() or CPU best practices for DGL [https://docs.dgl.ai/tutorials/cpu/cpu_best_practises.html])
  dgl_warning(
trial06 epoch=072 loss=0.047041 val_AUPRC=0.880935 best=0.880935@72 patience=0/20 train=15.398s val=7.783s
/workspace/pmp_vast/envs/pmp-author/lib/python3.10/site-packages/dgl/dataloading/dataloader.py:1076: DGLWarning: Dataloader CPU affinity opt is not enabled, consider switching it on (see enable_cpu_affinity() or CPU best practices for DGL [https://docs.dgl.ai/tutorials/cpu/cpu_best_practises.html])
  dgl_warning(
trial06 epoch=073 loss=0.045507 val_AUPRC=0.883834 best=0.883834@73 patience=0/20 train=15.592s val=7.758s
/workspace/pmp_vast/envs/pmp-author/lib/python3.10/site-packages/dgl/dataloading/dataloader.py:1076: DGLWarning: Dataloader CPU affinity opt is not enabled, consider switching it on (see enable_cpu_affinity() or CPU best practices for DGL [https://docs.dgl.ai/tutorials/cpu/cpu_best_practises.html])
  dgl_warning(
/workspace/pmp_vast/envs/pmp-author/lib/python3.10/site-packages/dgl/dataloading/dataloader.py:1076: DGLWarning: Dataloader CPU affinity opt is not enabled, consider switching it on (see enable_cpu_affinity() or CPU best practices for DGL [https://docs.dgl.ai/tutorials/cpu/cpu_best_practises.html])
  dgl_warning(
/workspace/pmp_vast/envs/pmp-author/lib/python3.10/site-packages/dgl/dataloading/dataloader.py:1076: DGLWarning: Dataloader CPU affinity opt is not enabled, consider switching it on (see enable_cpu_affinity() or CPU best practices for DGL [https://docs.dgl.ai/tutorials/cpu/cpu_best_practises.html])
  dgl_warning(
/workspace/pmp_vast/envs/pmp-author/lib/python3.10/site-packages/dgl/dataloading/dataloader.py:1076: DGLWarning: Dataloader CPU affinity opt is not enabled, consider switching it on (see enable_cpu_affinity() or CPU best practices for DGL [https://docs.dgl.ai/tutorials/cpu/cpu_best_practises.html])
  dgl_warning(
/workspace/pmp_vast/envs/pmp-author/lib/python3.10/site-packages/dgl/dataloading/dataloader.py:1076: DGLWarning: Dataloader CPU affinity opt is not enabled, consider switching it on (see enable_cpu_affinity() or CPU best practices for DGL [https://docs.dgl.ai/tutorials/cpu/cpu_best_practises.html])
  dgl_warning(
/workspace/pmp_vast/envs/pmp-author/lib/python3.10/site-packages/dgl/dataloading/dataloader.py:1076: DGLWarning: Dataloader CPU affinity opt is not enabled, consider switching it on (see enable_cpu_affinity() or CPU best practices for DGL [https://docs.dgl.ai/tutorials/cpu/cpu_best_practises.html])
  dgl_warning(
/workspace/pmp_vast/envs/pmp-author/lib/python3.10/site-packages/dgl/dataloading/dataloader.py:1076: DGLWarning: Dataloader CPU affinity opt is not enabled, consider switching it on (see enable_cpu_affinity() or CPU best practices for DGL [https://docs.dgl.ai/tutorials/cpu/cpu_best_practises.html])
  dgl_warning(
trial06 epoch=080 loss=0.043529 val_AUPRC=0.883968 best=0.883968@80 patience=0/20 train=15.804s val=8.113s
/workspace/pmp_vast/envs/pmp-author/lib/python3.10/site-packages/dgl/dataloading/dataloader.py:1076: DGLWarning: Dataloader CPU affinity opt is not enabled, consider switching it on (see enable_cpu_affinity() or CPU best practices for DGL [https://docs.dgl.ai/tutorials/cpu/cpu_best_practises.html])
  dgl_warning(
/workspace/pmp_vast/envs/pmp-author/lib/python3.10/site-packages/dgl/dataloading/dataloader.py:1076: DGLWarning: Dataloader CPU affinity opt is not enabled, consider switching it on (see enable_cpu_affinity() or CPU best practices for DGL [https://docs.dgl.ai/tutorials/cpu/cpu_best_practises.html])
  dgl_warning(
trial06 epoch=082 loss=0.045003 val_AUPRC=0.885256 best=0.885256@82 patience=0/20 train=16.403s val=8.133s
/workspace/pmp_vast/envs/pmp-author/lib/python3.10/site-packages/dgl/dataloading/dataloader.py:1076: DGLWarning: Dataloader CPU affinity opt is not enabled, consider switching it on (see enable_cpu_affinity() or CPU best practices for DGL [https://docs.dgl.ai/tutorials/cpu/cpu_best_practises.html])
  dgl_warning(
/workspace/pmp_vast/envs/pmp-author/lib/python3.10/site-packages/dgl/dataloading/dataloader.py:1076: DGLWarning: Dataloader CPU affinity opt is not enabled, consider switching it on (see enable_cpu_affinity() or CPU best practices for DGL [https://docs.dgl.ai/tutorials/cpu/cpu_best_practises.html])
  dgl_warning(
/workspace/pmp_vast/envs/pmp-author/lib/python3.10/site-packages/dgl/dataloading/dataloader.py:1076: DGLWarning: Dataloader CPU affinity opt is not enabled, consider switching it on (see enable_cpu_affinity() or CPU best practices for DGL [https://docs.dgl.ai/tutorials/cpu/cpu_best_practises.html])
  dgl_warning(
/workspace/pmp_vast/envs/pmp-author/lib/python3.10/site-packages/dgl/dataloading/dataloader.py:1076: DGLWarning: Dataloader CPU affinity opt is not enabled, consider switching it on (see enable_cpu_affinity() or CPU best practices for DGL [https://docs.dgl.ai/tutorials/cpu/cpu_best_practises.html])
  dgl_warning(
/workspace/pmp_vast/envs/pmp-author/lib/python3.10/site-packages/dgl/dataloading/dataloader.py:1076: DGLWarning: Dataloader CPU affinity opt is not enabled, consider switching it on (see enable_cpu_affinity() or CPU best practices for DGL [https://docs.dgl.ai/tutorials/cpu/cpu_best_practises.html])
  dgl_warning(
/workspace/pmp_vast/envs/pmp-author/lib/python3.10/site-packages/dgl/dataloading/dataloader.py:1076: DGLWarning: Dataloader CPU affinity opt is not enabled, consider switching it on (see enable_cpu_affinity() or CPU best practices for DGL [https://docs.dgl.ai/tutorials/cpu/cpu_best_practises.html])
  dgl_warning(
trial06 epoch=088 loss=0.043834 val_AUPRC=0.886426 best=0.886426@88 patience=0/20 train=15.831s val=7.739s
/workspace/pmp_vast/envs/pmp-author/lib/python3.10/site-packages/dgl/dataloading/dataloader.py:1076: DGLWarning: Dataloader CPU affinity opt is not enabled, consider switching it on (see enable_cpu_affinity() or CPU best practices for DGL [https://docs.dgl.ai/tutorials/cpu/cpu_best_practises.html])
  dgl_warning(
/workspace/pmp_vast/envs/pmp-author/lib/python3.10/site-packages/dgl/dataloading/dataloader.py:1076: DGLWarning: Dataloader CPU affinity opt is not enabled, consider switching it on (see enable_cpu_affinity() or CPU best practices for DGL [https://docs.dgl.ai/tutorials/cpu/cpu_best_practises.html])
  dgl_warning(
trial06 epoch=090 loss=0.045640 val_AUPRC=0.886680 best=0.886680@90 patience=0/20 train=16.337s val=9.763s
/workspace/pmp_vast/envs/pmp-author/lib/python3.10/site-packages/dgl/dataloading/dataloader.py:1076: DGLWarning: Dataloader CPU affinity opt is not enabled, consider switching it on (see enable_cpu_affinity() or CPU best practices for DGL [https://docs.dgl.ai/tutorials/cpu/cpu_best_practises.html])
  dgl_warning(
/workspace/pmp_vast/envs/pmp-author/lib/python3.10/site-packages/dgl/dataloading/dataloader.py:1076: DGLWarning: Dataloader CPU affinity opt is not enabled, consider switching it on (see enable_cpu_affinity() or CPU best practices for DGL [https://docs.dgl.ai/tutorials/cpu/cpu_best_practises.html])
  dgl_warning(
/workspace/pmp_vast/envs/pmp-author/lib/python3.10/site-packages/dgl/dataloading/dataloader.py:1076: DGLWarning: Dataloader CPU affinity opt is not enabled, consider switching it on (see enable_cpu_affinity() or CPU best practices for DGL [https://docs.dgl.ai/tutorials/cpu/cpu_best_practises.html])
  dgl_warning(
/workspace/pmp_vast/envs/pmp-author/lib/python3.10/site-packages/dgl/dataloading/dataloader.py:1076: DGLWarning: Dataloader CPU affinity opt is not enabled, consider switching it on (see enable_cpu_affinity() or CPU best practices for DGL [https://docs.dgl.ai/tutorials/cpu/cpu_best_practises.html])
  dgl_warning(
/workspace/pmp_vast/envs/pmp-author/lib/python3.10/site-packages/dgl/dataloading/dataloader.py:1076: DGLWarning: Dataloader CPU affinity opt is not enabled, consider switching it on (see enable_cpu_affinity() or CPU best practices for DGL [https://docs.dgl.ai/tutorials/cpu/cpu_best_practises.html])
  dgl_warning(
/workspace/pmp_vast/envs/pmp-author/lib/python3.10/site-packages/dgl/dataloading/dataloader.py:1076: DGLWarning: Dataloader CPU affinity opt is not enabled, consider switching it on (see enable_cpu_affinity() or CPU best practices for DGL [https://docs.dgl.ai/tutorials/cpu/cpu_best_practises.html])
  dgl_warning(
/workspace/pmp_vast/envs/pmp-author/lib/python3.10/site-packages/dgl/dataloading/dataloader.py:1076: DGLWarning: Dataloader CPU affinity opt is not enabled, consider switching it on (see enable_cpu_affinity() or CPU best practices for DGL [https://docs.dgl.ai/tutorials/cpu/cpu_best_practises.html])
  dgl_warning(
trial06 epoch=097 loss=0.043847 val_AUPRC=0.887687 best=0.887687@97 patience=0/20 train=15.693s val=7.806s
/workspace/pmp_vast/envs/pmp-author/lib/python3.10/site-packages/dgl/dataloading/dataloader.py:1076: DGLWarning: Dataloader CPU affinity opt is not enabled, consider switching it on (see enable_cpu_affinity() or CPU best practices for DGL [https://docs.dgl.ai/tutorials/cpu/cpu_best_practises.html])
  dgl_warning(
trial06 epoch=098 loss=0.044181 val_AUPRC=0.887911 best=0.887911@98 patience=0/20 train=15.769s val=8.312s
/workspace/pmp_vast/envs/pmp-author/lib/python3.10/site-packages/dgl/dataloading/dataloader.py:1076: DGLWarning: Dataloader CPU affinity opt is not enabled, consider switching it on (see enable_cpu_affinity() or CPU best practices for DGL [https://docs.dgl.ai/tutorials/cpu/cpu_best_practises.html])
  dgl_warning(
/workspace/pmp_vast/envs/pmp-author/lib/python3.10/site-packages/dgl/dataloading/dataloader.py:1076: DGLWarning: Dataloader CPU affinity opt is not enabled, consider switching it on (see enable_cpu_affinity() or CPU best practices for DGL [https://docs.dgl.ai/tutorials/cpu/cpu_best_practises.html])
  dgl_warning(
trial06 epoch=100 loss=0.044221 val_AUPRC=0.883685 best=0.887911@98 patience=2/20 train=19.621s val=7.941s
TUNE trial06 PASS | best_val_AUPRC=0.887911@98 | TEST_ACCESSED=NO

===== TUNE 07/12 | lr=0.001 wd=0.0001 =====
/workspace/pmp_vast/envs/pmp-author/lib/python3.10/site-packages/dgl/dataloading/dataloader.py:1076: DGLWarning: Dataloader CPU affinity opt is not enabled, consider switching it on (see enable_cpu_affinity() or CPU best practices for DGL [https://docs.dgl.ai/tutorials/cpu/cpu_best_practises.html])
  dgl_warning(
trial07 epoch=001 loss=0.379019 val_AUPRC=0.655394 best=0.655394@1 patience=0/20 train=15.424s val=7.673s
/workspace/pmp_vast/envs/pmp-author/lib/python3.10/site-packages/dgl/dataloading/dataloader.py:1076: DGLWarning: Dataloader CPU affinity opt is not enabled, consider switching it on (see enable_cpu_affinity() or CPU best practices for DGL [https://docs.dgl.ai/tutorials/cpu/cpu_best_practises.html])
  dgl_warning(
trial07 epoch=002 loss=0.127903 val_AUPRC=0.809055 best=0.809055@2 patience=0/20 train=15.536s val=7.973s
/workspace/pmp_vast/envs/pmp-author/lib/python3.10/site-packages/dgl/dataloading/dataloader.py:1076: DGLWarning: Dataloader CPU affinity opt is not enabled, consider switching it on (see enable_cpu_affinity() or CPU best practices for DGL [https://docs.dgl.ai/tutorials/cpu/cpu_best_practises.html])
  dgl_warning(
trial07 epoch=003 loss=0.096137 val_AUPRC=0.813953 best=0.813953@3 patience=0/20 train=15.745s val=8.253s
/workspace/pmp_vast/envs/pmp-author/lib/python3.10/site-packages/dgl/dataloading/dataloader.py:1076: DGLWarning: Dataloader CPU affinity opt is not enabled, consider switching it on (see enable_cpu_affinity() or CPU best practices for DGL [https://docs.dgl.ai/tutorials/cpu/cpu_best_practises.html])
  dgl_warning(
trial07 epoch=004 loss=0.082237 val_AUPRC=0.818744 best=0.818744@4 patience=0/20 train=16.097s val=7.831s
/workspace/pmp_vast/envs/pmp-author/lib/python3.10/site-packages/dgl/dataloading/dataloader.py:1076: DGLWarning: Dataloader CPU affinity opt is not enabled, consider switching it on (see enable_cpu_affinity() or CPU best practices for DGL [https://docs.dgl.ai/tutorials/cpu/cpu_best_practises.html])
  dgl_warning(
trial07 epoch=005 loss=0.080971 val_AUPRC=0.828233 best=0.828233@5 patience=0/20 train=15.557s val=8.400s
/workspace/pmp_vast/envs/pmp-author/lib/python3.10/site-packages/dgl/dataloading/dataloader.py:1076: DGLWarning: Dataloader CPU affinity opt is not enabled, consider switching it on (see enable_cpu_affinity() or CPU best practices for DGL [https://docs.dgl.ai/tutorials/cpu/cpu_best_practises.html])
  dgl_warning(
trial07 epoch=006 loss=0.074830 val_AUPRC=0.831268 best=0.831268@6 patience=0/20 train=16.107s val=7.868s
/workspace/pmp_vast/envs/pmp-author/lib/python3.10/site-packages/dgl/dataloading/dataloader.py:1076: DGLWarning: Dataloader CPU affinity opt is not enabled, consider switching it on (see enable_cpu_affinity() or CPU best practices for DGL [https://docs.dgl.ai/tutorials/cpu/cpu_best_practises.html])
  dgl_warning(
trial07 epoch=007 loss=0.070123 val_AUPRC=0.838440 best=0.838440@7 patience=0/20 train=15.661s val=7.803s
/workspace/pmp_vast/envs/pmp-author/lib/python3.10/site-packages/dgl/dataloading/dataloader.py:1076: DGLWarning: Dataloader CPU affinity opt is not enabled, consider switching it on (see enable_cpu_affinity() or CPU best practices for DGL [https://docs.dgl.ai/tutorials/cpu/cpu_best_practises.html])
  dgl_warning(
trial07 epoch=008 loss=0.064628 val_AUPRC=0.840168 best=0.840168@8 patience=0/20 train=18.073s val=8.044s
/workspace/pmp_vast/envs/pmp-author/lib/python3.10/site-packages/dgl/dataloading/dataloader.py:1076: DGLWarning: Dataloader CPU affinity opt is not enabled, consider switching it on (see enable_cpu_affinity() or CPU best practices for DGL [https://docs.dgl.ai/tutorials/cpu/cpu_best_practises.html])
  dgl_warning(
trial07 epoch=009 loss=0.064571 val_AUPRC=0.844432 best=0.844432@9 patience=0/20 train=16.862s val=8.355s
/workspace/pmp_vast/envs/pmp-author/lib/python3.10/site-packages/dgl/dataloading/dataloader.py:1076: DGLWarning: Dataloader CPU affinity opt is not enabled, consider switching it on (see enable_cpu_affinity() or CPU best practices for DGL [https://docs.dgl.ai/tutorials/cpu/cpu_best_practises.html])
  dgl_warning(
trial07 epoch=010 loss=0.063522 val_AUPRC=0.845060 best=0.845060@10 patience=0/20 train=16.716s val=8.203s
/workspace/pmp_vast/envs/pmp-author/lib/python3.10/site-packages/dgl/dataloading/dataloader.py:1076: DGLWarning: Dataloader CPU affinity opt is not enabled, consider switching it on (see enable_cpu_affinity() or CPU best practices for DGL [https://docs.dgl.ai/tutorials/cpu/cpu_best_practises.html])
  dgl_warning(
trial07 epoch=011 loss=0.061722 val_AUPRC=0.848212 best=0.848212@11 patience=0/20 train=16.594s val=8.373s
/workspace/pmp_vast/envs/pmp-author/lib/python3.10/site-packages/dgl/dataloading/dataloader.py:1076: DGLWarning: Dataloader CPU affinity opt is not enabled, consider switching it on (see enable_cpu_affinity() or CPU best practices for DGL [https://docs.dgl.ai/tutorials/cpu/cpu_best_practises.html])
  dgl_warning(
/workspace/pmp_vast/envs/pmp-author/lib/python3.10/site-packages/dgl/dataloading/dataloader.py:1076: DGLWarning: Dataloader CPU affinity opt is not enabled, consider switching it on (see enable_cpu_affinity() or CPU best practices for DGL [https://docs.dgl.ai/tutorials/cpu/cpu_best_practises.html])
  dgl_warning(
/workspace/pmp_vast/envs/pmp-author/lib/python3.10/site-packages/dgl/dataloading/dataloader.py:1076: DGLWarning: Dataloader CPU affinity opt is not enabled, consider switching it on (see enable_cpu_affinity() or CPU best practices for DGL [https://docs.dgl.ai/tutorials/cpu/cpu_best_practises.html])
  dgl_warning(
/workspace/pmp_vast/envs/pmp-author/lib/python3.10/site-packages/dgl/dataloading/dataloader.py:1076: DGLWarning: Dataloader CPU affinity opt is not enabled, consider switching it on (see enable_cpu_affinity() or CPU best practices for DGL [https://docs.dgl.ai/tutorials/cpu/cpu_best_practises.html])
  dgl_warning(
trial07 epoch=015 loss=0.059030 val_AUPRC=0.850211 best=0.850211@15 patience=0/20 train=17.275s val=8.422s
/workspace/pmp_vast/envs/pmp-author/lib/python3.10/site-packages/dgl/dataloading/dataloader.py:1076: DGLWarning: Dataloader CPU affinity opt is not enabled, consider switching it on (see enable_cpu_affinity() or CPU best practices for DGL [https://docs.dgl.ai/tutorials/cpu/cpu_best_practises.html])
  dgl_warning(
trial07 epoch=016 loss=0.055624 val_AUPRC=0.853132 best=0.853132@16 patience=0/20 train=15.992s val=7.938s
/workspace/pmp_vast/envs/pmp-author/lib/python3.10/site-packages/dgl/dataloading/dataloader.py:1076: DGLWarning: Dataloader CPU affinity opt is not enabled, consider switching it on (see enable_cpu_affinity() or CPU best practices for DGL [https://docs.dgl.ai/tutorials/cpu/cpu_best_practises.html])
  dgl_warning(
trial07 epoch=017 loss=0.056323 val_AUPRC=0.854511 best=0.854511@17 patience=0/20 train=15.870s val=7.722s
/workspace/pmp_vast/envs/pmp-author/lib/python3.10/site-packages/dgl/dataloading/dataloader.py:1076: DGLWarning: Dataloader CPU affinity opt is not enabled, consider switching it on (see enable_cpu_affinity() or CPU best practices for DGL [https://docs.dgl.ai/tutorials/cpu/cpu_best_practises.html])
  dgl_warning(
trial07 epoch=018 loss=0.056751 val_AUPRC=0.855851 best=0.855851@18 patience=0/20 train=16.127s val=8.798s
/workspace/pmp_vast/envs/pmp-author/lib/python3.10/site-packages/dgl/dataloading/dataloader.py:1076: DGLWarning: Dataloader CPU affinity opt is not enabled, consider switching it on (see enable_cpu_affinity() or CPU best practices for DGL [https://docs.dgl.ai/tutorials/cpu/cpu_best_practises.html])
  dgl_warning(
/workspace/pmp_vast/envs/pmp-author/lib/python3.10/site-packages/dgl/dataloading/dataloader.py:1076: DGLWarning: Dataloader CPU affinity opt is not enabled, consider switching it on (see enable_cpu_affinity() or CPU best practices for DGL [https://docs.dgl.ai/tutorials/cpu/cpu_best_practises.html])
  dgl_warning(
trial07 epoch=020 loss=0.054724 val_AUPRC=0.855092 best=0.855851@18 patience=2/20 train=17.543s val=7.993s
/workspace/pmp_vast/envs/pmp-author/lib/python3.10/site-packages/dgl/dataloading/dataloader.py:1076: DGLWarning: Dataloader CPU affinity opt is not enabled, consider switching it on (see enable_cpu_affinity() or CPU best practices for DGL [https://docs.dgl.ai/tutorials/cpu/cpu_best_practises.html])
  dgl_warning(
/workspace/pmp_vast/envs/pmp-author/lib/python3.10/site-packages/dgl/dataloading/dataloader.py:1076: DGLWarning: Dataloader CPU affinity opt is not enabled, consider switching it on (see enable_cpu_affinity() or CPU best practices for DGL [https://docs.dgl.ai/tutorials/cpu/cpu_best_practises.html])
  dgl_warning(
trial07 epoch=022 loss=0.054061 val_AUPRC=0.860251 best=0.860251@22 patience=0/20 train=16.205s val=8.101s
/workspace/pmp_vast/envs/pmp-author/lib/python3.10/site-packages/dgl/dataloading/dataloader.py:1076: DGLWarning: Dataloader CPU affinity opt is not enabled, consider switching it on (see enable_cpu_affinity() or CPU best practices for DGL [https://docs.dgl.ai/tutorials/cpu/cpu_best_practises.html])
  dgl_warning(
/workspace/pmp_vast/envs/pmp-author/lib/python3.10/site-packages/dgl/dataloading/dataloader.py:1076: DGLWarning: Dataloader CPU affinity opt is not enabled, consider switching it on (see enable_cpu_affinity() or CPU best practices for DGL [https://docs.dgl.ai/tutorials/cpu/cpu_best_practises.html])
  dgl_warning(
/workspace/pmp_vast/envs/pmp-author/lib/python3.10/site-packages/dgl/dataloading/dataloader.py:1076: DGLWarning: Dataloader CPU affinity opt is not enabled, consider switching it on (see enable_cpu_affinity() or CPU best practices for DGL [https://docs.dgl.ai/tutorials/cpu/cpu_best_practises.html])
  dgl_warning(
/workspace/pmp_vast/envs/pmp-author/lib/python3.10/site-packages/dgl/dataloading/dataloader.py:1076: DGLWarning: Dataloader CPU affinity opt is not enabled, consider switching it on (see enable_cpu_affinity() or CPU best practices for DGL [https://docs.dgl.ai/tutorials/cpu/cpu_best_practises.html])
  dgl_warning(
/workspace/pmp_vast/envs/pmp-author/lib/python3.10/site-packages/dgl/dataloading/dataloader.py:1076: DGLWarning: Dataloader CPU affinity opt is not enabled, consider switching it on (see enable_cpu_affinity() or CPU best practices for DGL [https://docs.dgl.ai/tutorials/cpu/cpu_best_practises.html])
  dgl_warning(
/workspace/pmp_vast/envs/pmp-author/lib/python3.10/site-packages/dgl/dataloading/dataloader.py:1076: DGLWarning: Dataloader CPU affinity opt is not enabled, consider switching it on (see enable_cpu_affinity() or CPU best practices for DGL [https://docs.dgl.ai/tutorials/cpu/cpu_best_practises.html])
  dgl_warning(
trial07 epoch=028 loss=0.053417 val_AUPRC=0.862194 best=0.862194@28 patience=0/20 train=15.719s val=7.979s
/workspace/pmp_vast/envs/pmp-author/lib/python3.10/site-packages/dgl/dataloading/dataloader.py:1076: DGLWarning: Dataloader CPU affinity opt is not enabled, consider switching it on (see enable_cpu_affinity() or CPU best practices for DGL [https://docs.dgl.ai/tutorials/cpu/cpu_best_practises.html])
  dgl_warning(
/workspace/pmp_vast/envs/pmp-author/lib/python3.10/site-packages/dgl/dataloading/dataloader.py:1076: DGLWarning: Dataloader CPU affinity opt is not enabled, consider switching it on (see enable_cpu_affinity() or CPU best practices for DGL [https://docs.dgl.ai/tutorials/cpu/cpu_best_practises.html])
  dgl_warning(
trial07 epoch=030 loss=0.052354 val_AUPRC=0.864166 best=0.864166@30 patience=0/20 train=16.161s val=9.524s
/workspace/pmp_vast/envs/pmp-author/lib/python3.10/site-packages/dgl/dataloading/dataloader.py:1076: DGLWarning: Dataloader CPU affinity opt is not enabled, consider switching it on (see enable_cpu_affinity() or CPU best practices for DGL [https://docs.dgl.ai/tutorials/cpu/cpu_best_practises.html])
  dgl_warning(
/workspace/pmp_vast/envs/pmp-author/lib/python3.10/site-packages/dgl/dataloading/dataloader.py:1076: DGLWarning: Dataloader CPU affinity opt is not enabled, consider switching it on (see enable_cpu_affinity() or CPU best practices for DGL [https://docs.dgl.ai/tutorials/cpu/cpu_best_practises.html])
  dgl_warning(
/workspace/pmp_vast/envs/pmp-author/lib/python3.10/site-packages/dgl/dataloading/dataloader.py:1076: DGLWarning: Dataloader CPU affinity opt is not enabled, consider switching it on (see enable_cpu_affinity() or CPU best practices for DGL [https://docs.dgl.ai/tutorials/cpu/cpu_best_practises.html])
  dgl_warning(
/workspace/pmp_vast/envs/pmp-author/lib/python3.10/site-packages/dgl/dataloading/dataloader.py:1076: DGLWarning: Dataloader CPU affinity opt is not enabled, consider switching it on (see enable_cpu_affinity() or CPU best practices for DGL [https://docs.dgl.ai/tutorials/cpu/cpu_best_practises.html])
  dgl_warning(
trial07 epoch=034 loss=0.053116 val_AUPRC=0.865277 best=0.865277@34 patience=0/20 train=15.672s val=7.984s
/workspace/pmp_vast/envs/pmp-author/lib/python3.10/site-packages/dgl/dataloading/dataloader.py:1076: DGLWarning: Dataloader CPU affinity opt is not enabled, consider switching it on (see enable_cpu_affinity() or CPU best practices for DGL [https://docs.dgl.ai/tutorials/cpu/cpu_best_practises.html])
  dgl_warning(
/workspace/pmp_vast/envs/pmp-author/lib/python3.10/site-packages/dgl/dataloading/dataloader.py:1076: DGLWarning: Dataloader CPU affinity opt is not enabled, consider switching it on (see enable_cpu_affinity() or CPU best practices for DGL [https://docs.dgl.ai/tutorials/cpu/cpu_best_practises.html])
  dgl_warning(
/workspace/pmp_vast/envs/pmp-author/lib/python3.10/site-packages/dgl/dataloading/dataloader.py:1076: DGLWarning: Dataloader CPU affinity opt is not enabled, consider switching it on (see enable_cpu_affinity() or CPU best practices for DGL [https://docs.dgl.ai/tutorials/cpu/cpu_best_practises.html])
  dgl_warning(
/workspace/pmp_vast/envs/pmp-author/lib/python3.10/site-packages/dgl/dataloading/dataloader.py:1076: DGLWarning: Dataloader CPU affinity opt is not enabled, consider switching it on (see enable_cpu_affinity() or CPU best practices for DGL [https://docs.dgl.ai/tutorials/cpu/cpu_best_practises.html])
  dgl_warning(
trial07 epoch=038 loss=0.052657 val_AUPRC=0.868332 best=0.868332@38 patience=0/20 train=20.114s val=8.658s
/workspace/pmp_vast/envs/pmp-author/lib/python3.10/site-packages/dgl/dataloading/dataloader.py:1076: DGLWarning: Dataloader CPU affinity opt is not enabled, consider switching it on (see enable_cpu_affinity() or CPU best practices for DGL [https://docs.dgl.ai/tutorials/cpu/cpu_best_practises.html])
  dgl_warning(
/workspace/pmp_vast/envs/pmp-author/lib/python3.10/site-packages/dgl/dataloading/dataloader.py:1076: DGLWarning: Dataloader CPU affinity opt is not enabled, consider switching it on (see enable_cpu_affinity() or CPU best practices for DGL [https://docs.dgl.ai/tutorials/cpu/cpu_best_practises.html])
  dgl_warning(
trial07 epoch=040 loss=0.050155 val_AUPRC=0.866827 best=0.868332@38 patience=2/20 train=16.427s val=8.231s
/workspace/pmp_vast/envs/pmp-author/lib/python3.10/site-packages/dgl/dataloading/dataloader.py:1076: DGLWarning: Dataloader CPU affinity opt is not enabled, consider switching it on (see enable_cpu_affinity() or CPU best practices for DGL [https://docs.dgl.ai/tutorials/cpu/cpu_best_practises.html])
  dgl_warning(
trial07 epoch=041 loss=0.051469 val_AUPRC=0.870145 best=0.870145@41 patience=0/20 train=15.884s val=7.782s
/workspace/pmp_vast/envs/pmp-author/lib/python3.10/site-packages/dgl/dataloading/dataloader.py:1076: DGLWarning: Dataloader CPU affinity opt is not enabled, consider switching it on (see enable_cpu_affinity() or CPU best practices for DGL [https://docs.dgl.ai/tutorials/cpu/cpu_best_practises.html])
  dgl_warning(
trial07 epoch=042 loss=0.049207 val_AUPRC=0.871530 best=0.871530@42 patience=0/20 train=17.055s val=7.992s
/workspace/pmp_vast/envs/pmp-author/lib/python3.10/site-packages/dgl/dataloading/dataloader.py:1076: DGLWarning: Dataloader CPU affinity opt is not enabled, consider switching it on (see enable_cpu_affinity() or CPU best practices for DGL [https://docs.dgl.ai/tutorials/cpu/cpu_best_practises.html])
  dgl_warning(
/workspace/pmp_vast/envs/pmp-author/lib/python3.10/site-packages/dgl/dataloading/dataloader.py:1076: DGLWarning: Dataloader CPU affinity opt is not enabled, consider switching it on (see enable_cpu_affinity() or CPU best practices for DGL [https://docs.dgl.ai/tutorials/cpu/cpu_best_practises.html])
  dgl_warning(
/workspace/pmp_vast/envs/pmp-author/lib/python3.10/site-packages/dgl/dataloading/dataloader.py:1076: DGLWarning: Dataloader CPU affinity opt is not enabled, consider switching it on (see enable_cpu_affinity() or CPU best practices for DGL [https://docs.dgl.ai/tutorials/cpu/cpu_best_practises.html])
  dgl_warning(
/workspace/pmp_vast/envs/pmp-author/lib/python3.10/site-packages/dgl/dataloading/dataloader.py:1076: DGLWarning: Dataloader CPU affinity opt is not enabled, consider switching it on (see enable_cpu_affinity() or CPU best practices for DGL [https://docs.dgl.ai/tutorials/cpu/cpu_best_practises.html])
  dgl_warning(
/workspace/pmp_vast/envs/pmp-author/lib/python3.10/site-packages/dgl/dataloading/dataloader.py:1076: DGLWarning: Dataloader CPU affinity opt is not enabled, consider switching it on (see enable_cpu_affinity() or CPU best practices for DGL [https://docs.dgl.ai/tutorials/cpu/cpu_best_practises.html])
  dgl_warning(
/workspace/pmp_vast/envs/pmp-author/lib/python3.10/site-packages/dgl/dataloading/dataloader.py:1076: DGLWarning: Dataloader CPU affinity opt is not enabled, consider switching it on (see enable_cpu_affinity() or CPU best practices for DGL [https://docs.dgl.ai/tutorials/cpu/cpu_best_practises.html])
  dgl_warning(
/workspace/pmp_vast/envs/pmp-author/lib/python3.10/site-packages/dgl/dataloading/dataloader.py:1076: DGLWarning: Dataloader CPU affinity opt is not enabled, consider switching it on (see enable_cpu_affinity() or CPU best practices for DGL [https://docs.dgl.ai/tutorials/cpu/cpu_best_practises.html])
  dgl_warning(
/workspace/pmp_vast/envs/pmp-author/lib/python3.10/site-packages/dgl/dataloading/dataloader.py:1076: DGLWarning: Dataloader CPU affinity opt is not enabled, consider switching it on (see enable_cpu_affinity() or CPU best practices for DGL [https://docs.dgl.ai/tutorials/cpu/cpu_best_practises.html])
  dgl_warning(
trial07 epoch=050 loss=0.052046 val_AUPRC=0.874587 best=0.874587@50 patience=0/20 train=16.297s val=7.914s
/workspace/pmp_vast/envs/pmp-author/lib/python3.10/site-packages/dgl/dataloading/dataloader.py:1076: DGLWarning: Dataloader CPU affinity opt is not enabled, consider switching it on (see enable_cpu_affinity() or CPU best practices for DGL [https://docs.dgl.ai/tutorials/cpu/cpu_best_practises.html])
  dgl_warning(
/workspace/pmp_vast/envs/pmp-author/lib/python3.10/site-packages/dgl/dataloading/dataloader.py:1076: DGLWarning: Dataloader CPU affinity opt is not enabled, consider switching it on (see enable_cpu_affinity() or CPU best practices for DGL [https://docs.dgl.ai/tutorials/cpu/cpu_best_practises.html])
  dgl_warning(
/workspace/pmp_vast/envs/pmp-author/lib/python3.10/site-packages/dgl/dataloading/dataloader.py:1076: DGLWarning: Dataloader CPU affinity opt is not enabled, consider switching it on (see enable_cpu_affinity() or CPU best practices for DGL [https://docs.dgl.ai/tutorials/cpu/cpu_best_practises.html])
  dgl_warning(
/workspace/pmp_vast/envs/pmp-author/lib/python3.10/site-packages/dgl/dataloading/dataloader.py:1076: DGLWarning: Dataloader CPU affinity opt is not enabled, consider switching it on (see enable_cpu_affinity() or CPU best practices for DGL [https://docs.dgl.ai/tutorials/cpu/cpu_best_practises.html])
  dgl_warning(
/workspace/pmp_vast/envs/pmp-author/lib/python3.10/site-packages/dgl/dataloading/dataloader.py:1076: DGLWarning: Dataloader CPU affinity opt is not enabled, consider switching it on (see enable_cpu_affinity() or CPU best practices for DGL [https://docs.dgl.ai/tutorials/cpu/cpu_best_practises.html])
  dgl_warning(
/workspace/pmp_vast/envs/pmp-author/lib/python3.10/site-packages/dgl/dataloading/dataloader.py:1076: DGLWarning: Dataloader CPU affinity opt is not enabled, consider switching it on (see enable_cpu_affinity() or CPU best practices for DGL [https://docs.dgl.ai/tutorials/cpu/cpu_best_practises.html])
  dgl_warning(
/workspace/pmp_vast/envs/pmp-author/lib/python3.10/site-packages/dgl/dataloading/dataloader.py:1076: DGLWarning: Dataloader CPU affinity opt is not enabled, consider switching it on (see enable_cpu_affinity() or CPU best practices for DGL [https://docs.dgl.ai/tutorials/cpu/cpu_best_practises.html])
  dgl_warning(
/workspace/pmp_vast/envs/pmp-author/lib/python3.10/site-packages/dgl/dataloading/dataloader.py:1076: DGLWarning: Dataloader CPU affinity opt is not enabled, consider switching it on (see enable_cpu_affinity() or CPU best practices for DGL [https://docs.dgl.ai/tutorials/cpu/cpu_best_practises.html])
  dgl_warning(
trial07 epoch=058 loss=0.048309 val_AUPRC=0.875495 best=0.875495@58 patience=0/20 train=16.291s val=8.193s
/workspace/pmp_vast/envs/pmp-author/lib/python3.10/site-packages/dgl/dataloading/dataloader.py:1076: DGLWarning: Dataloader CPU affinity opt is not enabled, consider switching it on (see enable_cpu_affinity() or CPU best practices for DGL [https://docs.dgl.ai/tutorials/cpu/cpu_best_practises.html])
  dgl_warning(
/workspace/pmp_vast/envs/pmp-author/lib/python3.10/site-packages/dgl/dataloading/dataloader.py:1076: DGLWarning: Dataloader CPU affinity opt is not enabled, consider switching it on (see enable_cpu_affinity() or CPU best practices for DGL [https://docs.dgl.ai/tutorials/cpu/cpu_best_practises.html])
  dgl_warning(
trial07 epoch=060 loss=0.047112 val_AUPRC=0.876080 best=0.876080@60 patience=0/20 train=16.677s val=8.191s
/workspace/pmp_vast/envs/pmp-author/lib/python3.10/site-packages/dgl/dataloading/dataloader.py:1076: DGLWarning: Dataloader CPU affinity opt is not enabled, consider switching it on (see enable_cpu_affinity() or CPU best practices for DGL [https://docs.dgl.ai/tutorials/cpu/cpu_best_practises.html])
  dgl_warning(
/workspace/pmp_vast/envs/pmp-author/lib/python3.10/site-packages/dgl/dataloading/dataloader.py:1076: DGLWarning: Dataloader CPU affinity opt is not enabled, consider switching it on (see enable_cpu_affinity() or CPU best practices for DGL [https://docs.dgl.ai/tutorials/cpu/cpu_best_practises.html])
  dgl_warning(
/workspace/pmp_vast/envs/pmp-author/lib/python3.10/site-packages/dgl/dataloading/dataloader.py:1076: DGLWarning: Dataloader CPU affinity opt is not enabled, consider switching it on (see enable_cpu_affinity() or CPU best practices for DGL [https://docs.dgl.ai/tutorials/cpu/cpu_best_practises.html])
  dgl_warning(
trial07 epoch=063 loss=0.046636 val_AUPRC=0.878343 best=0.878343@63 patience=0/20 train=16.320s val=7.812s
/workspace/pmp_vast/envs/pmp-author/lib/python3.10/site-packages/dgl/dataloading/dataloader.py:1076: DGLWarning: Dataloader CPU affinity opt is not enabled, consider switching it on (see enable_cpu_affinity() or CPU best practices for DGL [https://docs.dgl.ai/tutorials/cpu/cpu_best_practises.html])
  dgl_warning(
/workspace/pmp_vast/envs/pmp-author/lib/python3.10/site-packages/dgl/dataloading/dataloader.py:1076: DGLWarning: Dataloader CPU affinity opt is not enabled, consider switching it on (see enable_cpu_affinity() or CPU best practices for DGL [https://docs.dgl.ai/tutorials/cpu/cpu_best_practises.html])
  dgl_warning(
/workspace/pmp_vast/envs/pmp-author/lib/python3.10/site-packages/dgl/dataloading/dataloader.py:1076: DGLWarning: Dataloader CPU affinity opt is not enabled, consider switching it on (see enable_cpu_affinity() or CPU best practices for DGL [https://docs.dgl.ai/tutorials/cpu/cpu_best_practises.html])
  dgl_warning(
/workspace/pmp_vast/envs/pmp-author/lib/python3.10/site-packages/dgl/dataloading/dataloader.py:1076: DGLWarning: Dataloader CPU affinity opt is not enabled, consider switching it on (see enable_cpu_affinity() or CPU best practices for DGL [https://docs.dgl.ai/tutorials/cpu/cpu_best_practises.html])
  dgl_warning(
/workspace/pmp_vast/envs/pmp-author/lib/python3.10/site-packages/dgl/dataloading/dataloader.py:1076: DGLWarning: Dataloader CPU affinity opt is not enabled, consider switching it on (see enable_cpu_affinity() or CPU best practices for DGL [https://docs.dgl.ai/tutorials/cpu/cpu_best_practises.html])
  dgl_warning(
/workspace/pmp_vast/envs/pmp-author/lib/python3.10/site-packages/dgl/dataloading/dataloader.py:1076: DGLWarning: Dataloader CPU affinity opt is not enabled, consider switching it on (see enable_cpu_affinity() or CPU best practices for DGL [https://docs.dgl.ai/tutorials/cpu/cpu_best_practises.html])
  dgl_warning(
/workspace/pmp_vast/envs/pmp-author/lib/python3.10/site-packages/dgl/dataloading/dataloader.py:1076: DGLWarning: Dataloader CPU affinity opt is not enabled, consider switching it on (see enable_cpu_affinity() or CPU best practices for DGL [https://docs.dgl.ai/tutorials/cpu/cpu_best_practises.html])
  dgl_warning(
trial07 epoch=070 loss=0.047556 val_AUPRC=0.875184 best=0.878343@63 patience=7/20 train=15.693s val=7.789s
/workspace/pmp_vast/envs/pmp-author/lib/python3.10/site-packages/dgl/dataloading/dataloader.py:1076: DGLWarning: Dataloader CPU affinity opt is not enabled, consider switching it on (see enable_cpu_affinity() or CPU best practices for DGL [https://docs.dgl.ai/tutorials/cpu/cpu_best_practises.html])
  dgl_warning(
trial07 epoch=071 loss=0.046261 val_AUPRC=0.878791 best=0.878791@71 patience=0/20 train=15.597s val=7.901s
/workspace/pmp_vast/envs/pmp-author/lib/python3.10/site-packages/dgl/dataloading/dataloader.py:1076: DGLWarning: Dataloader CPU affinity opt is not enabled, consider switching it on (see enable_cpu_affinity() or CPU best practices for DGL [https://docs.dgl.ai/tutorials/cpu/cpu_best_practises.html])
  dgl_warning(
trial07 epoch=072 loss=0.048548 val_AUPRC=0.879295 best=0.879295@72 patience=0/20 train=15.789s val=8.212s
/workspace/pmp_vast/envs/pmp-author/lib/python3.10/site-packages/dgl/dataloading/dataloader.py:1076: DGLWarning: Dataloader CPU affinity opt is not enabled, consider switching it on (see enable_cpu_affinity() or CPU best practices for DGL [https://docs.dgl.ai/tutorials/cpu/cpu_best_practises.html])
  dgl_warning(
trial07 epoch=073 loss=0.046501 val_AUPRC=0.880714 best=0.880714@73 patience=0/20 train=15.767s val=7.764s
/workspace/pmp_vast/envs/pmp-author/lib/python3.10/site-packages/dgl/dataloading/dataloader.py:1076: DGLWarning: Dataloader CPU affinity opt is not enabled, consider switching it on (see enable_cpu_affinity() or CPU best practices for DGL [https://docs.dgl.ai/tutorials/cpu/cpu_best_practises.html])
  dgl_warning(
/workspace/pmp_vast/envs/pmp-author/lib/python3.10/site-packages/dgl/dataloading/dataloader.py:1076: DGLWarning: Dataloader CPU affinity opt is not enabled, consider switching it on (see enable_cpu_affinity() or CPU best practices for DGL [https://docs.dgl.ai/tutorials/cpu/cpu_best_practises.html])
  dgl_warning(
/workspace/pmp_vast/envs/pmp-author/lib/python3.10/site-packages/dgl/dataloading/dataloader.py:1076: DGLWarning: Dataloader CPU affinity opt is not enabled, consider switching it on (see enable_cpu_affinity() or CPU best practices for DGL [https://docs.dgl.ai/tutorials/cpu/cpu_best_practises.html])
  dgl_warning(
/workspace/pmp_vast/envs/pmp-author/lib/python3.10/site-packages/dgl/dataloading/dataloader.py:1076: DGLWarning: Dataloader CPU affinity opt is not enabled, consider switching it on (see enable_cpu_affinity() or CPU best practices for DGL [https://docs.dgl.ai/tutorials/cpu/cpu_best_practises.html])
  dgl_warning(
/workspace/pmp_vast/envs/pmp-author/lib/python3.10/site-packages/dgl/dataloading/dataloader.py:1076: DGLWarning: Dataloader CPU affinity opt is not enabled, consider switching it on (see enable_cpu_affinity() or CPU best practices for DGL [https://docs.dgl.ai/tutorials/cpu/cpu_best_practises.html])
  dgl_warning(
/workspace/pmp_vast/envs/pmp-author/lib/python3.10/site-packages/dgl/dataloading/dataloader.py:1076: DGLWarning: Dataloader CPU affinity opt is not enabled, consider switching it on (see enable_cpu_affinity() or CPU best practices for DGL [https://docs.dgl.ai/tutorials/cpu/cpu_best_practises.html])
  dgl_warning(
trial07 epoch=079 loss=0.045390 val_AUPRC=0.882289 best=0.882289@79 patience=0/20 train=17.173s val=9.936s
/workspace/pmp_vast/envs/pmp-author/lib/python3.10/site-packages/dgl/dataloading/dataloader.py:1076: DGLWarning: Dataloader CPU affinity opt is not enabled, consider switching it on (see enable_cpu_affinity() or CPU best practices for DGL [https://docs.dgl.ai/tutorials/cpu/cpu_best_practises.html])
  dgl_warning(
trial07 epoch=080 loss=0.044510 val_AUPRC=0.882352 best=0.882352@80 patience=0/20 train=16.743s val=8.234s
/workspace/pmp_vast/envs/pmp-author/lib/python3.10/site-packages/dgl/dataloading/dataloader.py:1076: DGLWarning: Dataloader CPU affinity opt is not enabled, consider switching it on (see enable_cpu_affinity() or CPU best practices for DGL [https://docs.dgl.ai/tutorials/cpu/cpu_best_practises.html])
  dgl_warning(
/workspace/pmp_vast/envs/pmp-author/lib/python3.10/site-packages/dgl/dataloading/dataloader.py:1076: DGLWarning: Dataloader CPU affinity opt is not enabled, consider switching it on (see enable_cpu_affinity() or CPU best practices for DGL [https://docs.dgl.ai/tutorials/cpu/cpu_best_practises.html])
  dgl_warning(
/workspace/pmp_vast/envs/pmp-author/lib/python3.10/site-packages/dgl/dataloading/dataloader.py:1076: DGLWarning: Dataloader CPU affinity opt is not enabled, consider switching it on (see enable_cpu_affinity() or CPU best practices for DGL [https://docs.dgl.ai/tutorials/cpu/cpu_best_practises.html])
  dgl_warning(
/workspace/pmp_vast/envs/pmp-author/lib/python3.10/site-packages/dgl/dataloading/dataloader.py:1076: DGLWarning: Dataloader CPU affinity opt is not enabled, consider switching it on (see enable_cpu_affinity() or CPU best practices for DGL [https://docs.dgl.ai/tutorials/cpu/cpu_best_practises.html])
  dgl_warning(
/workspace/pmp_vast/envs/pmp-author/lib/python3.10/site-packages/dgl/dataloading/dataloader.py:1076: DGLWarning: Dataloader CPU affinity opt is not enabled, consider switching it on (see enable_cpu_affinity() or CPU best practices for DGL [https://docs.dgl.ai/tutorials/cpu/cpu_best_practises.html])
  dgl_warning(
/workspace/pmp_vast/envs/pmp-author/lib/python3.10/site-packages/dgl/dataloading/dataloader.py:1076: DGLWarning: Dataloader CPU affinity opt is not enabled, consider switching it on (see enable_cpu_affinity() or CPU best practices for DGL [https://docs.dgl.ai/tutorials/cpu/cpu_best_practises.html])
  dgl_warning(
/workspace/pmp_vast/envs/pmp-author/lib/python3.10/site-packages/dgl/dataloading/dataloader.py:1076: DGLWarning: Dataloader CPU affinity opt is not enabled, consider switching it on (see enable_cpu_affinity() or CPU best practices for DGL [https://docs.dgl.ai/tutorials/cpu/cpu_best_practises.html])
  dgl_warning(
/workspace/pmp_vast/envs/pmp-author/lib/python3.10/site-packages/dgl/dataloading/dataloader.py:1076: DGLWarning: Dataloader CPU affinity opt is not enabled, consider switching it on (see enable_cpu_affinity() or CPU best practices for DGL [https://docs.dgl.ai/tutorials/cpu/cpu_best_practises.html])
  dgl_warning(
/workspace/pmp_vast/envs/pmp-author/lib/python3.10/site-packages/dgl/dataloading/dataloader.py:1076: DGLWarning: Dataloader CPU affinity opt is not enabled, consider switching it on (see enable_cpu_affinity() or CPU best practices for DGL [https://docs.dgl.ai/tutorials/cpu/cpu_best_practises.html])
  dgl_warning(
/workspace/pmp_vast/envs/pmp-author/lib/python3.10/site-packages/dgl/dataloading/dataloader.py:1076: DGLWarning: Dataloader CPU affinity opt is not enabled, consider switching it on (see enable_cpu_affinity() or CPU best practices for DGL [https://docs.dgl.ai/tutorials/cpu/cpu_best_practises.html])
  dgl_warning(
trial07 epoch=090 loss=0.046736 val_AUPRC=0.879971 best=0.882352@80 patience=10/20 train=18.833s val=8.127s
/workspace/pmp_vast/envs/pmp-author/lib/python3.10/site-packages/dgl/dataloading/dataloader.py:1076: DGLWarning: Dataloader CPU affinity opt is not enabled, consider switching it on (see enable_cpu_affinity() or CPU best practices for DGL [https://docs.dgl.ai/tutorials/cpu/cpu_best_practises.html])
  dgl_warning(
/workspace/pmp_vast/envs/pmp-author/lib/python3.10/site-packages/dgl/dataloading/dataloader.py:1076: DGLWarning: Dataloader CPU affinity opt is not enabled, consider switching it on (see enable_cpu_affinity() or CPU best practices for DGL [https://docs.dgl.ai/tutorials/cpu/cpu_best_practises.html])
  dgl_warning(
/workspace/pmp_vast/envs/pmp-author/lib/python3.10/site-packages/dgl/dataloading/dataloader.py:1076: DGLWarning: Dataloader CPU affinity opt is not enabled, consider switching it on (see enable_cpu_affinity() or CPU best practices for DGL [https://docs.dgl.ai/tutorials/cpu/cpu_best_practises.html])
  dgl_warning(
/workspace/pmp_vast/envs/pmp-author/lib/python3.10/site-packages/dgl/dataloading/dataloader.py:1076: DGLWarning: Dataloader CPU affinity opt is not enabled, consider switching it on (see enable_cpu_affinity() or CPU best practices for DGL [https://docs.dgl.ai/tutorials/cpu/cpu_best_practises.html])
  dgl_warning(
/workspace/pmp_vast/envs/pmp-author/lib/python3.10/site-packages/dgl/dataloading/dataloader.py:1076: DGLWarning: Dataloader CPU affinity opt is not enabled, consider switching it on (see enable_cpu_affinity() or CPU best practices for DGL [https://docs.dgl.ai/tutorials/cpu/cpu_best_practises.html])
  dgl_warning(
/workspace/pmp_vast/envs/pmp-author/lib/python3.10/site-packages/dgl/dataloading/dataloader.py:1076: DGLWarning: Dataloader CPU affinity opt is not enabled, consider switching it on (see enable_cpu_affinity() or CPU best practices for DGL [https://docs.dgl.ai/tutorials/cpu/cpu_best_practises.html])
  dgl_warning(
/workspace/pmp_vast/envs/pmp-author/lib/python3.10/site-packages/dgl/dataloading/dataloader.py:1076: DGLWarning: Dataloader CPU affinity opt is not enabled, consider switching it on (see enable_cpu_affinity() or CPU best practices for DGL [https://docs.dgl.ai/tutorials/cpu/cpu_best_practises.html])
  dgl_warning(
trial07 epoch=097 loss=0.044715 val_AUPRC=0.884027 best=0.884027@97 patience=0/20 train=15.936s val=8.126s
/workspace/pmp_vast/envs/pmp-author/lib/python3.10/site-packages/dgl/dataloading/dataloader.py:1076: DGLWarning: Dataloader CPU affinity opt is not enabled, consider switching it on (see enable_cpu_affinity() or CPU best practices for DGL [https://docs.dgl.ai/tutorials/cpu/cpu_best_practises.html])
  dgl_warning(
/workspace/pmp_vast/envs/pmp-author/lib/python3.10/site-packages/dgl/dataloading/dataloader.py:1076: DGLWarning: Dataloader CPU affinity opt is not enabled, consider switching it on (see enable_cpu_affinity() or CPU best practices for DGL [https://docs.dgl.ai/tutorials/cpu/cpu_best_practises.html])
  dgl_warning(
/workspace/pmp_vast/envs/pmp-author/lib/python3.10/site-packages/dgl/dataloading/dataloader.py:1076: DGLWarning: Dataloader CPU affinity opt is not enabled, consider switching it on (see enable_cpu_affinity() or CPU best practices for DGL [https://docs.dgl.ai/tutorials/cpu/cpu_best_practises.html])
  dgl_warning(
trial07 epoch=100 loss=0.047505 val_AUPRC=0.882653 best=0.884027@97 patience=3/20 train=16.300s val=8.050s
TUNE trial07 PASS | best_val_AUPRC=0.884027@97 | TEST_ACCESSED=NO

===== TUNE 08/12 | lr=0.001 wd=0.001 =====
/workspace/pmp_vast/envs/pmp-author/lib/python3.10/site-packages/dgl/dataloading/dataloader.py:1076: DGLWarning: Dataloader CPU affinity opt is not enabled, consider switching it on (see enable_cpu_affinity() or CPU best practices for DGL [https://docs.dgl.ai/tutorials/cpu/cpu_best_practises.html])
  dgl_warning(
trial08 epoch=001 loss=0.378542 val_AUPRC=0.663061 best=0.663061@1 patience=0/20 train=15.609s val=8.145s
/workspace/pmp_vast/envs/pmp-author/lib/python3.10/site-packages/dgl/dataloading/dataloader.py:1076: DGLWarning: Dataloader CPU affinity opt is not enabled, consider switching it on (see enable_cpu_affinity() or CPU best practices for DGL [https://docs.dgl.ai/tutorials/cpu/cpu_best_practises.html])
  dgl_warning(
trial08 epoch=002 loss=0.129666 val_AUPRC=0.801514 best=0.801514@2 patience=0/20 train=16.286s val=8.054s
/workspace/pmp_vast/envs/pmp-author/lib/python3.10/site-packages/dgl/dataloading/dataloader.py:1076: DGLWarning: Dataloader CPU affinity opt is not enabled, consider switching it on (see enable_cpu_affinity() or CPU best practices for DGL [https://docs.dgl.ai/tutorials/cpu/cpu_best_practises.html])
  dgl_warning(
trial08 epoch=003 loss=0.099061 val_AUPRC=0.813985 best=0.813985@3 patience=0/20 train=16.457s val=8.626s
/workspace/pmp_vast/envs/pmp-author/lib/python3.10/site-packages/dgl/dataloading/dataloader.py:1076: DGLWarning: Dataloader CPU affinity opt is not enabled, consider switching it on (see enable_cpu_affinity() or CPU best practices for DGL [https://docs.dgl.ai/tutorials/cpu/cpu_best_practises.html])
  dgl_warning(
trial08 epoch=004 loss=0.083616 val_AUPRC=0.820899 best=0.820899@4 patience=0/20 train=16.452s val=7.892s
/workspace/pmp_vast/envs/pmp-author/lib/python3.10/site-packages/dgl/dataloading/dataloader.py:1076: DGLWarning: Dataloader CPU affinity opt is not enabled, consider switching it on (see enable_cpu_affinity() or CPU best practices for DGL [https://docs.dgl.ai/tutorials/cpu/cpu_best_practises.html])
  dgl_warning(
trial08 epoch=005 loss=0.082735 val_AUPRC=0.825642 best=0.825642@5 patience=0/20 train=15.752s val=8.219s
/workspace/pmp_vast/envs/pmp-author/lib/python3.10/site-packages/dgl/dataloading/dataloader.py:1076: DGLWarning: Dataloader CPU affinity opt is not enabled, consider switching it on (see enable_cpu_affinity() or CPU best practices for DGL [https://docs.dgl.ai/tutorials/cpu/cpu_best_practises.html])
  dgl_warning(
trial08 epoch=006 loss=0.077226 val_AUPRC=0.826202 best=0.826202@6 patience=0/20 train=16.014s val=7.984s
/workspace/pmp_vast/envs/pmp-author/lib/python3.10/site-packages/dgl/dataloading/dataloader.py:1076: DGLWarning: Dataloader CPU affinity opt is not enabled, consider switching it on (see enable_cpu_affinity() or CPU best practices for DGL [https://docs.dgl.ai/tutorials/cpu/cpu_best_practises.html])
  dgl_warning(
trial08 epoch=007 loss=0.072398 val_AUPRC=0.834588 best=0.834588@7 patience=0/20 train=16.397s val=8.031s
/workspace/pmp_vast/envs/pmp-author/lib/python3.10/site-packages/dgl/dataloading/dataloader.py:1076: DGLWarning: Dataloader CPU affinity opt is not enabled, consider switching it on (see enable_cpu_affinity() or CPU best practices for DGL [https://docs.dgl.ai/tutorials/cpu/cpu_best_practises.html])
  dgl_warning(
trial08 epoch=008 loss=0.066636 val_AUPRC=0.837670 best=0.837670@8 patience=0/20 train=18.026s val=8.842s
/workspace/pmp_vast/envs/pmp-author/lib/python3.10/site-packages/dgl/dataloading/dataloader.py:1076: DGLWarning: Dataloader CPU affinity opt is not enabled, consider switching it on (see enable_cpu_affinity() or CPU best practices for DGL [https://docs.dgl.ai/tutorials/cpu/cpu_best_practises.html])
  dgl_warning(
/workspace/pmp_vast/envs/pmp-author/lib/python3.10/site-packages/dgl/dataloading/dataloader.py:1076: DGLWarning: Dataloader CPU affinity opt is not enabled, consider switching it on (see enable_cpu_affinity() or CPU best practices for DGL [https://docs.dgl.ai/tutorials/cpu/cpu_best_practises.html])
  dgl_warning(
trial08 epoch=010 loss=0.067931 val_AUPRC=0.843754 best=0.843754@10 patience=0/20 train=16.358s val=8.989s
/workspace/pmp_vast/envs/pmp-author/lib/python3.10/site-packages/dgl/dataloading/dataloader.py:1076: DGLWarning: Dataloader CPU affinity opt is not enabled, consider switching it on (see enable_cpu_affinity() or CPU best practices for DGL [https://docs.dgl.ai/tutorials/cpu/cpu_best_practises.html])
  dgl_warning(
trial08 epoch=011 loss=0.064772 val_AUPRC=0.844248 best=0.844248@11 patience=0/20 train=18.263s val=8.299s
/workspace/pmp_vast/envs/pmp-author/lib/python3.10/site-packages/dgl/dataloading/dataloader.py:1076: DGLWarning: Dataloader CPU affinity opt is not enabled, consider switching it on (see enable_cpu_affinity() or CPU best practices for DGL [https://docs.dgl.ai/tutorials/cpu/cpu_best_practises.html])
  dgl_warning(
trial08 epoch=012 loss=0.062582 val_AUPRC=0.845748 best=0.845748@12 patience=0/20 train=19.580s val=8.173s
/workspace/pmp_vast/envs/pmp-author/lib/python3.10/site-packages/dgl/dataloading/dataloader.py:1076: DGLWarning: Dataloader CPU affinity opt is not enabled, consider switching it on (see enable_cpu_affinity() or CPU best practices for DGL [https://docs.dgl.ai/tutorials/cpu/cpu_best_practises.html])
  dgl_warning(
/workspace/pmp_vast/envs/pmp-author/lib/python3.10/site-packages/dgl/dataloading/dataloader.py:1076: DGLWarning: Dataloader CPU affinity opt is not enabled, consider switching it on (see enable_cpu_affinity() or CPU best practices for DGL [https://docs.dgl.ai/tutorials/cpu/cpu_best_practises.html])
  dgl_warning(
/workspace/pmp_vast/envs/pmp-author/lib/python3.10/site-packages/dgl/dataloading/dataloader.py:1076: DGLWarning: Dataloader CPU affinity opt is not enabled, consider switching it on (see enable_cpu_affinity() or CPU best practices for DGL [https://docs.dgl.ai/tutorials/cpu/cpu_best_practises.html])
  dgl_warning(
trial08 epoch=015 loss=0.061602 val_AUPRC=0.847136 best=0.847136@15 patience=0/20 train=19.583s val=7.882s
/workspace/pmp_vast/envs/pmp-author/lib/python3.10/site-packages/dgl/dataloading/dataloader.py:1076: DGLWarning: Dataloader CPU affinity opt is not enabled, consider switching it on (see enable_cpu_affinity() or CPU best practices for DGL [https://docs.dgl.ai/tutorials/cpu/cpu_best_practises.html])
  dgl_warning(
trial08 epoch=016 loss=0.057466 val_AUPRC=0.853139 best=0.853139@16 patience=0/20 train=15.619s val=8.026s
/workspace/pmp_vast/envs/pmp-author/lib/python3.10/site-packages/dgl/dataloading/dataloader.py:1076: DGLWarning: Dataloader CPU affinity opt is not enabled, consider switching it on (see enable_cpu_affinity() or CPU best practices for DGL [https://docs.dgl.ai/tutorials/cpu/cpu_best_practises.html])
  dgl_warning(
/workspace/pmp_vast/envs/pmp-author/lib/python3.10/site-packages/dgl/dataloading/dataloader.py:1076: DGLWarning: Dataloader CPU affinity opt is not enabled, consider switching it on (see enable_cpu_affinity() or CPU best practices for DGL [https://docs.dgl.ai/tutorials/cpu/cpu_best_practises.html])
  dgl_warning(
trial08 epoch=018 loss=0.058545 val_AUPRC=0.854850 best=0.854850@18 patience=0/20 train=15.797s val=7.798s
/workspace/pmp_vast/envs/pmp-author/lib/python3.10/site-packages/dgl/dataloading/dataloader.py:1076: DGLWarning: Dataloader CPU affinity opt is not enabled, consider switching it on (see enable_cpu_affinity() or CPU best practices for DGL [https://docs.dgl.ai/tutorials/cpu/cpu_best_practises.html])
  dgl_warning(
/workspace/pmp_vast/envs/pmp-author/lib/python3.10/site-packages/dgl/dataloading/dataloader.py:1076: DGLWarning: Dataloader CPU affinity opt is not enabled, consider switching it on (see enable_cpu_affinity() or CPU best practices for DGL [https://docs.dgl.ai/tutorials/cpu/cpu_best_practises.html])
  dgl_warning(
trial08 epoch=020 loss=0.056790 val_AUPRC=0.852152 best=0.854850@18 patience=2/20 train=15.605s val=7.927s
/workspace/pmp_vast/envs/pmp-author/lib/python3.10/site-packages/dgl/dataloading/dataloader.py:1076: DGLWarning: Dataloader CPU affinity opt is not enabled, consider switching it on (see enable_cpu_affinity() or CPU best practices for DGL [https://docs.dgl.ai/tutorials/cpu/cpu_best_practises.html])
  dgl_warning(
/workspace/pmp_vast/envs/pmp-author/lib/python3.10/site-packages/dgl/dataloading/dataloader.py:1076: DGLWarning: Dataloader CPU affinity opt is not enabled, consider switching it on (see enable_cpu_affinity() or CPU best practices for DGL [https://docs.dgl.ai/tutorials/cpu/cpu_best_practises.html])
  dgl_warning(
trial08 epoch=022 loss=0.055249 val_AUPRC=0.859209 best=0.859209@22 patience=0/20 train=15.605s val=7.986s
/workspace/pmp_vast/envs/pmp-author/lib/python3.10/site-packages/dgl/dataloading/dataloader.py:1076: DGLWarning: Dataloader CPU affinity opt is not enabled, consider switching it on (see enable_cpu_affinity() or CPU best practices for DGL [https://docs.dgl.ai/tutorials/cpu/cpu_best_practises.html])
  dgl_warning(
/workspace/pmp_vast/envs/pmp-author/lib/python3.10/site-packages/dgl/dataloading/dataloader.py:1076: DGLWarning: Dataloader CPU affinity opt is not enabled, consider switching it on (see enable_cpu_affinity() or CPU best practices for DGL [https://docs.dgl.ai/tutorials/cpu/cpu_best_practises.html])
  dgl_warning(
/workspace/pmp_vast/envs/pmp-author/lib/python3.10/site-packages/dgl/dataloading/dataloader.py:1076: DGLWarning: Dataloader CPU affinity opt is not enabled, consider switching it on (see enable_cpu_affinity() or CPU best practices for DGL [https://docs.dgl.ai/tutorials/cpu/cpu_best_practises.html])
  dgl_warning(
/workspace/pmp_vast/envs/pmp-author/lib/python3.10/site-packages/dgl/dataloading/dataloader.py:1076: DGLWarning: Dataloader CPU affinity opt is not enabled, consider switching it on (see enable_cpu_affinity() or CPU best practices for DGL [https://docs.dgl.ai/tutorials/cpu/cpu_best_practises.html])
  dgl_warning(
/workspace/pmp_vast/envs/pmp-author/lib/python3.10/site-packages/dgl/dataloading/dataloader.py:1076: DGLWarning: Dataloader CPU affinity opt is not enabled, consider switching it on (see enable_cpu_affinity() or CPU best practices for DGL [https://docs.dgl.ai/tutorials/cpu/cpu_best_practises.html])
  dgl_warning(
/workspace/pmp_vast/envs/pmp-author/lib/python3.10/site-packages/dgl/dataloading/dataloader.py:1076: DGLWarning: Dataloader CPU affinity opt is not enabled, consider switching it on (see enable_cpu_affinity() or CPU best practices for DGL [https://docs.dgl.ai/tutorials/cpu/cpu_best_practises.html])
  dgl_warning(
trial08 epoch=028 loss=0.054661 val_AUPRC=0.861188 best=0.861188@28 patience=0/20 train=16.682s val=7.997s
/workspace/pmp_vast/envs/pmp-author/lib/python3.10/site-packages/dgl/dataloading/dataloader.py:1076: DGLWarning: Dataloader CPU affinity opt is not enabled, consider switching it on (see enable_cpu_affinity() or CPU best practices for DGL [https://docs.dgl.ai/tutorials/cpu/cpu_best_practises.html])
  dgl_warning(
/workspace/pmp_vast/envs/pmp-author/lib/python3.10/site-packages/dgl/dataloading/dataloader.py:1076: DGLWarning: Dataloader CPU affinity opt is not enabled, consider switching it on (see enable_cpu_affinity() or CPU best practices for DGL [https://docs.dgl.ai/tutorials/cpu/cpu_best_practises.html])
  dgl_warning(
trial08 epoch=030 loss=0.053068 val_AUPRC=0.863148 best=0.863148@30 patience=0/20 train=18.189s val=10.088s
/workspace/pmp_vast/envs/pmp-author/lib/python3.10/site-packages/dgl/dataloading/dataloader.py:1076: DGLWarning: Dataloader CPU affinity opt is not enabled, consider switching it on (see enable_cpu_affinity() or CPU best practices for DGL [https://docs.dgl.ai/tutorials/cpu/cpu_best_practises.html])
  dgl_warning(
/workspace/pmp_vast/envs/pmp-author/lib/python3.10/site-packages/dgl/dataloading/dataloader.py:1076: DGLWarning: Dataloader CPU affinity opt is not enabled, consider switching it on (see enable_cpu_affinity() or CPU best practices for DGL [https://docs.dgl.ai/tutorials/cpu/cpu_best_practises.html])
  dgl_warning(
/workspace/pmp_vast/envs/pmp-author/lib/python3.10/site-packages/dgl/dataloading/dataloader.py:1076: DGLWarning: Dataloader CPU affinity opt is not enabled, consider switching it on (see enable_cpu_affinity() or CPU best practices for DGL [https://docs.dgl.ai/tutorials/cpu/cpu_best_practises.html])
  dgl_warning(
/workspace/pmp_vast/envs/pmp-author/lib/python3.10/site-packages/dgl/dataloading/dataloader.py:1076: DGLWarning: Dataloader CPU affinity opt is not enabled, consider switching it on (see enable_cpu_affinity() or CPU best practices for DGL [https://docs.dgl.ai/tutorials/cpu/cpu_best_practises.html])
  dgl_warning(
trial08 epoch=034 loss=0.054066 val_AUPRC=0.864173 best=0.864173@34 patience=0/20 train=16.094s val=10.011s
/workspace/pmp_vast/envs/pmp-author/lib/python3.10/site-packages/dgl/dataloading/dataloader.py:1076: DGLWarning: Dataloader CPU affinity opt is not enabled, consider switching it on (see enable_cpu_affinity() or CPU best practices for DGL [https://docs.dgl.ai/tutorials/cpu/cpu_best_practises.html])
  dgl_warning(
/workspace/pmp_vast/envs/pmp-author/lib/python3.10/site-packages/dgl/dataloading/dataloader.py:1076: DGLWarning: Dataloader CPU affinity opt is not enabled, consider switching it on (see enable_cpu_affinity() or CPU best practices for DGL [https://docs.dgl.ai/tutorials/cpu/cpu_best_practises.html])
  dgl_warning(
/workspace/pmp_vast/envs/pmp-author/lib/python3.10/site-packages/dgl/dataloading/dataloader.py:1076: DGLWarning: Dataloader CPU affinity opt is not enabled, consider switching it on (see enable_cpu_affinity() or CPU best practices for DGL [https://docs.dgl.ai/tutorials/cpu/cpu_best_practises.html])
  dgl_warning(
/workspace/pmp_vast/envs/pmp-author/lib/python3.10/site-packages/dgl/dataloading/dataloader.py:1076: DGLWarning: Dataloader CPU affinity opt is not enabled, consider switching it on (see enable_cpu_affinity() or CPU best practices for DGL [https://docs.dgl.ai/tutorials/cpu/cpu_best_practises.html])
  dgl_warning(
/workspace/pmp_vast/envs/pmp-author/lib/python3.10/site-packages/dgl/dataloading/dataloader.py:1076: DGLWarning: Dataloader CPU affinity opt is not enabled, consider switching it on (see enable_cpu_affinity() or CPU best practices for DGL [https://docs.dgl.ai/tutorials/cpu/cpu_best_practises.html])
  dgl_warning(
trial08 epoch=039 loss=0.053706 val_AUPRC=0.864697 best=0.864697@39 patience=0/20 train=16.103s val=8.150s
/workspace/pmp_vast/envs/pmp-author/lib/python3.10/site-packages/dgl/dataloading/dataloader.py:1076: DGLWarning: Dataloader CPU affinity opt is not enabled, consider switching it on (see enable_cpu_affinity() or CPU best practices for DGL [https://docs.dgl.ai/tutorials/cpu/cpu_best_practises.html])
  dgl_warning(
trial08 epoch=040 loss=0.052497 val_AUPRC=0.863950 best=0.864697@39 patience=1/20 train=16.363s val=8.021s
/workspace/pmp_vast/envs/pmp-author/lib/python3.10/site-packages/dgl/dataloading/dataloader.py:1076: DGLWarning: Dataloader CPU affinity opt is not enabled, consider switching it on (see enable_cpu_affinity() or CPU best practices for DGL [https://docs.dgl.ai/tutorials/cpu/cpu_best_practises.html])
  dgl_warning(
trial08 epoch=041 loss=0.054138 val_AUPRC=0.867465 best=0.867465@41 patience=0/20 train=16.230s val=7.766s
/workspace/pmp_vast/envs/pmp-author/lib/python3.10/site-packages/dgl/dataloading/dataloader.py:1076: DGLWarning: Dataloader CPU affinity opt is not enabled, consider switching it on (see enable_cpu_affinity() or CPU best practices for DGL [https://docs.dgl.ai/tutorials/cpu/cpu_best_practises.html])
  dgl_warning(
trial08 epoch=042 loss=0.050761 val_AUPRC=0.868278 best=0.868278@42 patience=0/20 train=16.202s val=7.773s
/workspace/pmp_vast/envs/pmp-author/lib/python3.10/site-packages/dgl/dataloading/dataloader.py:1076: DGLWarning: Dataloader CPU affinity opt is not enabled, consider switching it on (see enable_cpu_affinity() or CPU best practices for DGL [https://docs.dgl.ai/tutorials/cpu/cpu_best_practises.html])
  dgl_warning(
/workspace/pmp_vast/envs/pmp-author/lib/python3.10/site-packages/dgl/dataloading/dataloader.py:1076: DGLWarning: Dataloader CPU affinity opt is not enabled, consider switching it on (see enable_cpu_affinity() or CPU best practices for DGL [https://docs.dgl.ai/tutorials/cpu/cpu_best_practises.html])
  dgl_warning(
/workspace/pmp_vast/envs/pmp-author/lib/python3.10/site-packages/dgl/dataloading/dataloader.py:1076: DGLWarning: Dataloader CPU affinity opt is not enabled, consider switching it on (see enable_cpu_affinity() or CPU best practices for DGL [https://docs.dgl.ai/tutorials/cpu/cpu_best_practises.html])
  dgl_warning(
trial08 epoch=045 loss=0.052768 val_AUPRC=0.870275 best=0.870275@45 patience=0/20 train=16.324s val=8.181s
/workspace/pmp_vast/envs/pmp-author/lib/python3.10/site-packages/dgl/dataloading/dataloader.py:1076: DGLWarning: Dataloader CPU affinity opt is not enabled, consider switching it on (see enable_cpu_affinity() or CPU best practices for DGL [https://docs.dgl.ai/tutorials/cpu/cpu_best_practises.html])
  dgl_warning(
/workspace/pmp_vast/envs/pmp-author/lib/python3.10/site-packages/dgl/dataloading/dataloader.py:1076: DGLWarning: Dataloader CPU affinity opt is not enabled, consider switching it on (see enable_cpu_affinity() or CPU best practices for DGL [https://docs.dgl.ai/tutorials/cpu/cpu_best_practises.html])
  dgl_warning(
/workspace/pmp_vast/envs/pmp-author/lib/python3.10/site-packages/dgl/dataloading/dataloader.py:1076: DGLWarning: Dataloader CPU affinity opt is not enabled, consider switching it on (see enable_cpu_affinity() or CPU best practices for DGL [https://docs.dgl.ai/tutorials/cpu/cpu_best_practises.html])
  dgl_warning(
/workspace/pmp_vast/envs/pmp-author/lib/python3.10/site-packages/dgl/dataloading/dataloader.py:1076: DGLWarning: Dataloader CPU affinity opt is not enabled, consider switching it on (see enable_cpu_affinity() or CPU best practices for DGL [https://docs.dgl.ai/tutorials/cpu/cpu_best_practises.html])
  dgl_warning(
/workspace/pmp_vast/envs/pmp-author/lib/python3.10/site-packages/dgl/dataloading/dataloader.py:1076: DGLWarning: Dataloader CPU affinity opt is not enabled, consider switching it on (see enable_cpu_affinity() or CPU best practices for DGL [https://docs.dgl.ai/tutorials/cpu/cpu_best_practises.html])
  dgl_warning(
trial08 epoch=050 loss=0.053224 val_AUPRC=0.868890 best=0.870275@45 patience=5/20 train=16.511s val=7.848s
/workspace/pmp_vast/envs/pmp-author/lib/python3.10/site-packages/dgl/dataloading/dataloader.py:1076: DGLWarning: Dataloader CPU affinity opt is not enabled, consider switching it on (see enable_cpu_affinity() or CPU best practices for DGL [https://docs.dgl.ai/tutorials/cpu/cpu_best_practises.html])
  dgl_warning(
/workspace/pmp_vast/envs/pmp-author/lib/python3.10/site-packages/dgl/dataloading/dataloader.py:1076: DGLWarning: Dataloader CPU affinity opt is not enabled, consider switching it on (see enable_cpu_affinity() or CPU best practices for DGL [https://docs.dgl.ai/tutorials/cpu/cpu_best_practises.html])
  dgl_warning(
/workspace/pmp_vast/envs/pmp-author/lib/python3.10/site-packages/dgl/dataloading/dataloader.py:1076: DGLWarning: Dataloader CPU affinity opt is not enabled, consider switching it on (see enable_cpu_affinity() or CPU best practices for DGL [https://docs.dgl.ai/tutorials/cpu/cpu_best_practises.html])
  dgl_warning(
trial08 epoch=053 loss=0.050381 val_AUPRC=0.870295 best=0.870295@53 patience=0/20 train=16.594s val=8.392s
/workspace/pmp_vast/envs/pmp-author/lib/python3.10/site-packages/dgl/dataloading/dataloader.py:1076: DGLWarning: Dataloader CPU affinity opt is not enabled, consider switching it on (see enable_cpu_affinity() or CPU best practices for DGL [https://docs.dgl.ai/tutorials/cpu/cpu_best_practises.html])
  dgl_warning(
/workspace/pmp_vast/envs/pmp-author/lib/python3.10/site-packages/dgl/dataloading/dataloader.py:1076: DGLWarning: Dataloader CPU affinity opt is not enabled, consider switching it on (see enable_cpu_affinity() or CPU best practices for DGL [https://docs.dgl.ai/tutorials/cpu/cpu_best_practises.html])
  dgl_warning(
/workspace/pmp_vast/envs/pmp-author/lib/python3.10/site-packages/dgl/dataloading/dataloader.py:1076: DGLWarning: Dataloader CPU affinity opt is not enabled, consider switching it on (see enable_cpu_affinity() or CPU best practices for DGL [https://docs.dgl.ai/tutorials/cpu/cpu_best_practises.html])
  dgl_warning(
/workspace/pmp_vast/envs/pmp-author/lib/python3.10/site-packages/dgl/dataloading/dataloader.py:1076: DGLWarning: Dataloader CPU affinity opt is not enabled, consider switching it on (see enable_cpu_affinity() or CPU best practices for DGL [https://docs.dgl.ai/tutorials/cpu/cpu_best_practises.html])
  dgl_warning(
/workspace/pmp_vast/envs/pmp-author/lib/python3.10/site-packages/dgl/dataloading/dataloader.py:1076: DGLWarning: Dataloader CPU affinity opt is not enabled, consider switching it on (see enable_cpu_affinity() or CPU best practices for DGL [https://docs.dgl.ai/tutorials/cpu/cpu_best_practises.html])
  dgl_warning(
/workspace/pmp_vast/envs/pmp-author/lib/python3.10/site-packages/dgl/dataloading/dataloader.py:1076: DGLWarning: Dataloader CPU affinity opt is not enabled, consider switching it on (see enable_cpu_affinity() or CPU best practices for DGL [https://docs.dgl.ai/tutorials/cpu/cpu_best_practises.html])
  dgl_warning(
/workspace/pmp_vast/envs/pmp-author/lib/python3.10/site-packages/dgl/dataloading/dataloader.py:1076: DGLWarning: Dataloader CPU affinity opt is not enabled, consider switching it on (see enable_cpu_affinity() or CPU best practices for DGL [https://docs.dgl.ai/tutorials/cpu/cpu_best_practises.html])
  dgl_warning(
trial08 epoch=060 loss=0.049894 val_AUPRC=0.869923 best=0.870295@53 patience=7/20 train=16.824s val=7.798s
/workspace/pmp_vast/envs/pmp-author/lib/python3.10/site-packages/dgl/dataloading/dataloader.py:1076: DGLWarning: Dataloader CPU affinity opt is not enabled, consider switching it on (see enable_cpu_affinity() or CPU best practices for DGL [https://docs.dgl.ai/tutorials/cpu/cpu_best_practises.html])
  dgl_warning(
/workspace/pmp_vast/envs/pmp-author/lib/python3.10/site-packages/dgl/dataloading/dataloader.py:1076: DGLWarning: Dataloader CPU affinity opt is not enabled, consider switching it on (see enable_cpu_affinity() or CPU best practices for DGL [https://docs.dgl.ai/tutorials/cpu/cpu_best_practises.html])
  dgl_warning(
trial08 epoch=062 loss=0.049772 val_AUPRC=0.873510 best=0.873510@62 patience=0/20 train=16.349s val=7.841s
/workspace/pmp_vast/envs/pmp-author/lib/python3.10/site-packages/dgl/dataloading/dataloader.py:1076: DGLWarning: Dataloader CPU affinity opt is not enabled, consider switching it on (see enable_cpu_affinity() or CPU best practices for DGL [https://docs.dgl.ai/tutorials/cpu/cpu_best_practises.html])
  dgl_warning(
trial08 epoch=063 loss=0.049095 val_AUPRC=0.874622 best=0.874622@63 patience=0/20 train=16.199s val=7.861s
/workspace/pmp_vast/envs/pmp-author/lib/python3.10/site-packages/dgl/dataloading/dataloader.py:1076: DGLWarning: Dataloader CPU affinity opt is not enabled, consider switching it on (see enable_cpu_affinity() or CPU best practices for DGL [https://docs.dgl.ai/tutorials/cpu/cpu_best_practises.html])
  dgl_warning(
/workspace/pmp_vast/envs/pmp-author/lib/python3.10/site-packages/dgl/dataloading/dataloader.py:1076: DGLWarning: Dataloader CPU affinity opt is not enabled, consider switching it on (see enable_cpu_affinity() or CPU best practices for DGL [https://docs.dgl.ai/tutorials/cpu/cpu_best_practises.html])
  dgl_warning(
/workspace/pmp_vast/envs/pmp-author/lib/python3.10/site-packages/dgl/dataloading/dataloader.py:1076: DGLWarning: Dataloader CPU affinity opt is not enabled, consider switching it on (see enable_cpu_affinity() or CPU best practices for DGL [https://docs.dgl.ai/tutorials/cpu/cpu_best_practises.html])
  dgl_warning(
/workspace/pmp_vast/envs/pmp-author/lib/python3.10/site-packages/dgl/dataloading/dataloader.py:1076: DGLWarning: Dataloader CPU affinity opt is not enabled, consider switching it on (see enable_cpu_affinity() or CPU best practices for DGL [https://docs.dgl.ai/tutorials/cpu/cpu_best_practises.html])
  dgl_warning(
/workspace/pmp_vast/envs/pmp-author/lib/python3.10/site-packages/dgl/dataloading/dataloader.py:1076: DGLWarning: Dataloader CPU affinity opt is not enabled, consider switching it on (see enable_cpu_affinity() or CPU best practices for DGL [https://docs.dgl.ai/tutorials/cpu/cpu_best_practises.html])
  dgl_warning(
/workspace/pmp_vast/envs/pmp-author/lib/python3.10/site-packages/dgl/dataloading/dataloader.py:1076: DGLWarning: Dataloader CPU affinity opt is not enabled, consider switching it on (see enable_cpu_affinity() or CPU best practices for DGL [https://docs.dgl.ai/tutorials/cpu/cpu_best_practises.html])
  dgl_warning(
/workspace/pmp_vast/envs/pmp-author/lib/python3.10/site-packages/dgl/dataloading/dataloader.py:1076: DGLWarning: Dataloader CPU affinity opt is not enabled, consider switching it on (see enable_cpu_affinity() or CPU best practices for DGL [https://docs.dgl.ai/tutorials/cpu/cpu_best_practises.html])
  dgl_warning(
trial08 epoch=070 loss=0.049897 val_AUPRC=0.871476 best=0.874622@63 patience=7/20 train=15.749s val=7.989s
/workspace/pmp_vast/envs/pmp-author/lib/python3.10/site-packages/dgl/dataloading/dataloader.py:1076: DGLWarning: Dataloader CPU affinity opt is not enabled, consider switching it on (see enable_cpu_affinity() or CPU best practices for DGL [https://docs.dgl.ai/tutorials/cpu/cpu_best_practises.html])
  dgl_warning(
/workspace/pmp_vast/envs/pmp-author/lib/python3.10/site-packages/dgl/dataloading/dataloader.py:1076: DGLWarning: Dataloader CPU affinity opt is not enabled, consider switching it on (see enable_cpu_affinity() or CPU best practices for DGL [https://docs.dgl.ai/tutorials/cpu/cpu_best_practises.html])
  dgl_warning(
/workspace/pmp_vast/envs/pmp-author/lib/python3.10/site-packages/dgl/dataloading/dataloader.py:1076: DGLWarning: Dataloader CPU affinity opt is not enabled, consider switching it on (see enable_cpu_affinity() or CPU best practices for DGL [https://docs.dgl.ai/tutorials/cpu/cpu_best_practises.html])
  dgl_warning(
/workspace/pmp_vast/envs/pmp-author/lib/python3.10/site-packages/dgl/dataloading/dataloader.py:1076: DGLWarning: Dataloader CPU affinity opt is not enabled, consider switching it on (see enable_cpu_affinity() or CPU best practices for DGL [https://docs.dgl.ai/tutorials/cpu/cpu_best_practises.html])
  dgl_warning(
trial08 epoch=074 loss=0.048754 val_AUPRC=0.874809 best=0.874809@74 patience=0/20 train=15.581s val=7.747s
/workspace/pmp_vast/envs/pmp-author/lib/python3.10/site-packages/dgl/dataloading/dataloader.py:1076: DGLWarning: Dataloader CPU affinity opt is not enabled, consider switching it on (see enable_cpu_affinity() or CPU best practices for DGL [https://docs.dgl.ai/tutorials/cpu/cpu_best_practises.html])
  dgl_warning(
/workspace/pmp_vast/envs/pmp-author/lib/python3.10/site-packages/dgl/dataloading/dataloader.py:1076: DGLWarning: Dataloader CPU affinity opt is not enabled, consider switching it on (see enable_cpu_affinity() or CPU best practices for DGL [https://docs.dgl.ai/tutorials/cpu/cpu_best_practises.html])
  dgl_warning(
/workspace/pmp_vast/envs/pmp-author/lib/python3.10/site-packages/dgl/dataloading/dataloader.py:1076: DGLWarning: Dataloader CPU affinity opt is not enabled, consider switching it on (see enable_cpu_affinity() or CPU best practices for DGL [https://docs.dgl.ai/tutorials/cpu/cpu_best_practises.html])
  dgl_warning(
/workspace/pmp_vast/envs/pmp-author/lib/python3.10/site-packages/dgl/dataloading/dataloader.py:1076: DGLWarning: Dataloader CPU affinity opt is not enabled, consider switching it on (see enable_cpu_affinity() or CPU best practices for DGL [https://docs.dgl.ai/tutorials/cpu/cpu_best_practises.html])
  dgl_warning(
/workspace/pmp_vast/envs/pmp-author/lib/python3.10/site-packages/dgl/dataloading/dataloader.py:1076: DGLWarning: Dataloader CPU affinity opt is not enabled, consider switching it on (see enable_cpu_affinity() or CPU best practices for DGL [https://docs.dgl.ai/tutorials/cpu/cpu_best_practises.html])
  dgl_warning(
/workspace/pmp_vast/envs/pmp-author/lib/python3.10/site-packages/dgl/dataloading/dataloader.py:1076: DGLWarning: Dataloader CPU affinity opt is not enabled, consider switching it on (see enable_cpu_affinity() or CPU best practices for DGL [https://docs.dgl.ai/tutorials/cpu/cpu_best_practises.html])
  dgl_warning(
trial08 epoch=080 loss=0.047538 val_AUPRC=0.876306 best=0.876306@80 patience=0/20 train=16.463s val=8.868s
/workspace/pmp_vast/envs/pmp-author/lib/python3.10/site-packages/dgl/dataloading/dataloader.py:1076: DGLWarning: Dataloader CPU affinity opt is not enabled, consider switching it on (see enable_cpu_affinity() or CPU best practices for DGL [https://docs.dgl.ai/tutorials/cpu/cpu_best_practises.html])
  dgl_warning(
/workspace/pmp_vast/envs/pmp-author/lib/python3.10/site-packages/dgl/dataloading/dataloader.py:1076: DGLWarning: Dataloader CPU affinity opt is not enabled, consider switching it on (see enable_cpu_affinity() or CPU best practices for DGL [https://docs.dgl.ai/tutorials/cpu/cpu_best_practises.html])
  dgl_warning(
trial08 epoch=082 loss=0.048581 val_AUPRC=0.876671 best=0.876671@82 patience=0/20 train=16.358s val=8.170s
/workspace/pmp_vast/envs/pmp-author/lib/python3.10/site-packages/dgl/dataloading/dataloader.py:1076: DGLWarning: Dataloader CPU affinity opt is not enabled, consider switching it on (see enable_cpu_affinity() or CPU best practices for DGL [https://docs.dgl.ai/tutorials/cpu/cpu_best_practises.html])
  dgl_warning(
/workspace/pmp_vast/envs/pmp-author/lib/python3.10/site-packages/dgl/dataloading/dataloader.py:1076: DGLWarning: Dataloader CPU affinity opt is not enabled, consider switching it on (see enable_cpu_affinity() or CPU best practices for DGL [https://docs.dgl.ai/tutorials/cpu/cpu_best_practises.html])
  dgl_warning(
trial08 epoch=084 loss=0.049898 val_AUPRC=0.876791 best=0.876791@84 patience=0/20 train=16.163s val=8.521s
/workspace/pmp_vast/envs/pmp-author/lib/python3.10/site-packages/dgl/dataloading/dataloader.py:1076: DGLWarning: Dataloader CPU affinity opt is not enabled, consider switching it on (see enable_cpu_affinity() or CPU best practices for DGL [https://docs.dgl.ai/tutorials/cpu/cpu_best_practises.html])
  dgl_warning(
trial08 epoch=085 loss=0.047665 val_AUPRC=0.876855 best=0.876855@85 patience=0/20 train=16.314s val=8.109s
/workspace/pmp_vast/envs/pmp-author/lib/python3.10/site-packages/dgl/dataloading/dataloader.py:1076: DGLWarning: Dataloader CPU affinity opt is not enabled, consider switching it on (see enable_cpu_affinity() or CPU best practices for DGL [https://docs.dgl.ai/tutorials/cpu/cpu_best_practises.html])
  dgl_warning(
/workspace/pmp_vast/envs/pmp-author/lib/python3.10/site-packages/dgl/dataloading/dataloader.py:1076: DGLWarning: Dataloader CPU affinity opt is not enabled, consider switching it on (see enable_cpu_affinity() or CPU best practices for DGL [https://docs.dgl.ai/tutorials/cpu/cpu_best_practises.html])
  dgl_warning(
/workspace/pmp_vast/envs/pmp-author/lib/python3.10/site-packages/dgl/dataloading/dataloader.py:1076: DGLWarning: Dataloader CPU affinity opt is not enabled, consider switching it on (see enable_cpu_affinity() or CPU best practices for DGL [https://docs.dgl.ai/tutorials/cpu/cpu_best_practises.html])
  dgl_warning(
trial08 epoch=088 loss=0.048329 val_AUPRC=0.877808 best=0.877808@88 patience=0/20 train=15.692s val=7.737s
/workspace/pmp_vast/envs/pmp-author/lib/python3.10/site-packages/dgl/dataloading/dataloader.py:1076: DGLWarning: Dataloader CPU affinity opt is not enabled, consider switching it on (see enable_cpu_affinity() or CPU best practices for DGL [https://docs.dgl.ai/tutorials/cpu/cpu_best_practises.html])
  dgl_warning(
/workspace/pmp_vast/envs/pmp-author/lib/python3.10/site-packages/dgl/dataloading/dataloader.py:1076: DGLWarning: Dataloader CPU affinity opt is not enabled, consider switching it on (see enable_cpu_affinity() or CPU best practices for DGL [https://docs.dgl.ai/tutorials/cpu/cpu_best_practises.html])
  dgl_warning(
trial08 epoch=090 loss=0.048927 val_AUPRC=0.877593 best=0.877808@88 patience=2/20 train=15.651s val=7.919s
/workspace/pmp_vast/envs/pmp-author/lib/python3.10/site-packages/dgl/dataloading/dataloader.py:1076: DGLWarning: Dataloader CPU affinity opt is not enabled, consider switching it on (see enable_cpu_affinity() or CPU best practices for DGL [https://docs.dgl.ai/tutorials/cpu/cpu_best_practises.html])
  dgl_warning(
/workspace/pmp_vast/envs/pmp-author/lib/python3.10/site-packages/dgl/dataloading/dataloader.py:1076: DGLWarning: Dataloader CPU affinity opt is not enabled, consider switching it on (see enable_cpu_affinity() or CPU best practices for DGL [https://docs.dgl.ai/tutorials/cpu/cpu_best_practises.html])
  dgl_warning(
/workspace/pmp_vast/envs/pmp-author/lib/python3.10/site-packages/dgl/dataloading/dataloader.py:1076: DGLWarning: Dataloader CPU affinity opt is not enabled, consider switching it on (see enable_cpu_affinity() or CPU best practices for DGL [https://docs.dgl.ai/tutorials/cpu/cpu_best_practises.html])
  dgl_warning(
trial08 epoch=093 loss=0.048593 val_AUPRC=0.878784 best=0.878784@93 patience=0/20 train=15.593s val=8.450s
/workspace/pmp_vast/envs/pmp-author/lib/python3.10/site-packages/dgl/dataloading/dataloader.py:1076: DGLWarning: Dataloader CPU affinity opt is not enabled, consider switching it on (see enable_cpu_affinity() or CPU best practices for DGL [https://docs.dgl.ai/tutorials/cpu/cpu_best_practises.html])
  dgl_warning(
/workspace/pmp_vast/envs/pmp-author/lib/python3.10/site-packages/dgl/dataloading/dataloader.py:1076: DGLWarning: Dataloader CPU affinity opt is not enabled, consider switching it on (see enable_cpu_affinity() or CPU best practices for DGL [https://docs.dgl.ai/tutorials/cpu/cpu_best_practises.html])
  dgl_warning(
/workspace/pmp_vast/envs/pmp-author/lib/python3.10/site-packages/dgl/dataloading/dataloader.py:1076: DGLWarning: Dataloader CPU affinity opt is not enabled, consider switching it on (see enable_cpu_affinity() or CPU best practices for DGL [https://docs.dgl.ai/tutorials/cpu/cpu_best_practises.html])
  dgl_warning(
/workspace/pmp_vast/envs/pmp-author/lib/python3.10/site-packages/dgl/dataloading/dataloader.py:1076: DGLWarning: Dataloader CPU affinity opt is not enabled, consider switching it on (see enable_cpu_affinity() or CPU best practices for DGL [https://docs.dgl.ai/tutorials/cpu/cpu_best_practises.html])
  dgl_warning(
/workspace/pmp_vast/envs/pmp-author/lib/python3.10/site-packages/dgl/dataloading/dataloader.py:1076: DGLWarning: Dataloader CPU affinity opt is not enabled, consider switching it on (see enable_cpu_affinity() or CPU best practices for DGL [https://docs.dgl.ai/tutorials/cpu/cpu_best_practises.html])
  dgl_warning(
/workspace/pmp_vast/envs/pmp-author/lib/python3.10/site-packages/dgl/dataloading/dataloader.py:1076: DGLWarning: Dataloader CPU affinity opt is not enabled, consider switching it on (see enable_cpu_affinity() or CPU best practices for DGL [https://docs.dgl.ai/tutorials/cpu/cpu_best_practises.html])
  dgl_warning(
/workspace/pmp_vast/envs/pmp-author/lib/python3.10/site-packages/dgl/dataloading/dataloader.py:1076: DGLWarning: Dataloader CPU affinity opt is not enabled, consider switching it on (see enable_cpu_affinity() or CPU best practices for DGL [https://docs.dgl.ai/tutorials/cpu/cpu_best_practises.html])
  dgl_warning(
trial08 epoch=100 loss=0.048448 val_AUPRC=0.879291 best=0.879291@100 patience=0/20 train=16.137s val=8.047s
TUNE trial08 PASS | best_val_AUPRC=0.879291@100 | TEST_ACCESSED=NO

===== TUNE 09/12 | lr=0.0001 wd=0 =====
/workspace/pmp_vast/envs/pmp-author/lib/python3.10/site-packages/dgl/dataloading/dataloader.py:1076: DGLWarning: Dataloader CPU affinity opt is not enabled, consider switching it on (see enable_cpu_affinity() or CPU best practices for DGL [https://docs.dgl.ai/tutorials/cpu/cpu_best_practises.html])
  dgl_warning(
trial09 epoch=001 loss=0.850050 val_AUPRC=0.074741 best=0.074741@1 patience=0/20 train=15.861s val=8.354s
/workspace/pmp_vast/envs/pmp-author/lib/python3.10/site-packages/dgl/dataloading/dataloader.py:1076: DGLWarning: Dataloader CPU affinity opt is not enabled, consider switching it on (see enable_cpu_affinity() or CPU best practices for DGL [https://docs.dgl.ai/tutorials/cpu/cpu_best_practises.html])
  dgl_warning(
trial09 epoch=002 loss=0.402488 val_AUPRC=0.077088 best=0.077088@2 patience=0/20 train=16.859s val=8.200s
/workspace/pmp_vast/envs/pmp-author/lib/python3.10/site-packages/dgl/dataloading/dataloader.py:1076: DGLWarning: Dataloader CPU affinity opt is not enabled, consider switching it on (see enable_cpu_affinity() or CPU best practices for DGL [https://docs.dgl.ai/tutorials/cpu/cpu_best_practises.html])
  dgl_warning(
trial09 epoch=003 loss=0.343438 val_AUPRC=0.094176 best=0.094176@3 patience=0/20 train=16.362s val=8.164s
/workspace/pmp_vast/envs/pmp-author/lib/python3.10/site-packages/dgl/dataloading/dataloader.py:1076: DGLWarning: Dataloader CPU affinity opt is not enabled, consider switching it on (see enable_cpu_affinity() or CPU best practices for DGL [https://docs.dgl.ai/tutorials/cpu/cpu_best_practises.html])
  dgl_warning(
trial09 epoch=004 loss=0.294257 val_AUPRC=0.195591 best=0.195591@4 patience=0/20 train=16.318s val=8.102s
/workspace/pmp_vast/envs/pmp-author/lib/python3.10/site-packages/dgl/dataloading/dataloader.py:1076: DGLWarning: Dataloader CPU affinity opt is not enabled, consider switching it on (see enable_cpu_affinity() or CPU best practices for DGL [https://docs.dgl.ai/tutorials/cpu/cpu_best_practises.html])
  dgl_warning(
trial09 epoch=005 loss=0.255691 val_AUPRC=0.566119 best=0.566119@5 patience=0/20 train=16.316s val=8.441s
/workspace/pmp_vast/envs/pmp-author/lib/python3.10/site-packages/dgl/dataloading/dataloader.py:1076: DGLWarning: Dataloader CPU affinity opt is not enabled, consider switching it on (see enable_cpu_affinity() or CPU best practices for DGL [https://docs.dgl.ai/tutorials/cpu/cpu_best_practises.html])
  dgl_warning(
trial09 epoch=006 loss=0.220390 val_AUPRC=0.671419 best=0.671419@6 patience=0/20 train=16.801s val=7.893s
/workspace/pmp_vast/envs/pmp-author/lib/python3.10/site-packages/dgl/dataloading/dataloader.py:1076: DGLWarning: Dataloader CPU affinity opt is not enabled, consider switching it on (see enable_cpu_affinity() or CPU best practices for DGL [https://docs.dgl.ai/tutorials/cpu/cpu_best_practises.html])
  dgl_warning(
trial09 epoch=007 loss=0.176264 val_AUPRC=0.737394 best=0.737394@7 patience=0/20 train=19.155s val=7.974s
/workspace/pmp_vast/envs/pmp-author/lib/python3.10/site-packages/dgl/dataloading/dataloader.py:1076: DGLWarning: Dataloader CPU affinity opt is not enabled, consider switching it on (see enable_cpu_affinity() or CPU best practices for DGL [https://docs.dgl.ai/tutorials/cpu/cpu_best_practises.html])
  dgl_warning(
trial09 epoch=008 loss=0.152132 val_AUPRC=0.756978 best=0.756978@8 patience=0/20 train=16.195s val=8.054s
/workspace/pmp_vast/envs/pmp-author/lib/python3.10/site-packages/dgl/dataloading/dataloader.py:1076: DGLWarning: Dataloader CPU affinity opt is not enabled, consider switching it on (see enable_cpu_affinity() or CPU best practices for DGL [https://docs.dgl.ai/tutorials/cpu/cpu_best_practises.html])
  dgl_warning(
trial09 epoch=009 loss=0.144165 val_AUPRC=0.770074 best=0.770074@9 patience=0/20 train=16.482s val=7.819s
/workspace/pmp_vast/envs/pmp-author/lib/python3.10/site-packages/dgl/dataloading/dataloader.py:1076: DGLWarning: Dataloader CPU affinity opt is not enabled, consider switching it on (see enable_cpu_affinity() or CPU best practices for DGL [https://docs.dgl.ai/tutorials/cpu/cpu_best_practises.html])
  dgl_warning(
trial09 epoch=010 loss=0.132521 val_AUPRC=0.775862 best=0.775862@10 patience=0/20 train=16.033s val=8.144s
/workspace/pmp_vast/envs/pmp-author/lib/python3.10/site-packages/dgl/dataloading/dataloader.py:1076: DGLWarning: Dataloader CPU affinity opt is not enabled, consider switching it on (see enable_cpu_affinity() or CPU best practices for DGL [https://docs.dgl.ai/tutorials/cpu/cpu_best_practises.html])
  dgl_warning(
trial09 epoch=011 loss=0.121133 val_AUPRC=0.778146 best=0.778146@11 patience=0/20 train=17.386s val=7.842s
/workspace/pmp_vast/envs/pmp-author/lib/python3.10/site-packages/dgl/dataloading/dataloader.py:1076: DGLWarning: Dataloader CPU affinity opt is not enabled, consider switching it on (see enable_cpu_affinity() or CPU best practices for DGL [https://docs.dgl.ai/tutorials/cpu/cpu_best_practises.html])
  dgl_warning(
trial09 epoch=012 loss=0.113472 val_AUPRC=0.783300 best=0.783300@12 patience=0/20 train=15.964s val=8.298s
/workspace/pmp_vast/envs/pmp-author/lib/python3.10/site-packages/dgl/dataloading/dataloader.py:1076: DGLWarning: Dataloader CPU affinity opt is not enabled, consider switching it on (see enable_cpu_affinity() or CPU best practices for DGL [https://docs.dgl.ai/tutorials/cpu/cpu_best_practises.html])
  dgl_warning(
trial09 epoch=013 loss=0.104758 val_AUPRC=0.785415 best=0.785415@13 patience=0/20 train=16.407s val=7.899s
/workspace/pmp_vast/envs/pmp-author/lib/python3.10/site-packages/dgl/dataloading/dataloader.py:1076: DGLWarning: Dataloader CPU affinity opt is not enabled, consider switching it on (see enable_cpu_affinity() or CPU best practices for DGL [https://docs.dgl.ai/tutorials/cpu/cpu_best_practises.html])
  dgl_warning(
trial09 epoch=014 loss=0.103988 val_AUPRC=0.789434 best=0.789434@14 patience=0/20 train=15.578s val=7.722s
/workspace/pmp_vast/envs/pmp-author/lib/python3.10/site-packages/dgl/dataloading/dataloader.py:1076: DGLWarning: Dataloader CPU affinity opt is not enabled, consider switching it on (see enable_cpu_affinity() or CPU best practices for DGL [https://docs.dgl.ai/tutorials/cpu/cpu_best_practises.html])
  dgl_warning(
trial09 epoch=015 loss=0.110532 val_AUPRC=0.793028 best=0.793028@15 patience=0/20 train=15.425s val=9.855s
/workspace/pmp_vast/envs/pmp-author/lib/python3.10/site-packages/dgl/dataloading/dataloader.py:1076: DGLWarning: Dataloader CPU affinity opt is not enabled, consider switching it on (see enable_cpu_affinity() or CPU best practices for DGL [https://docs.dgl.ai/tutorials/cpu/cpu_best_practises.html])
  dgl_warning(
trial09 epoch=016 loss=0.098092 val_AUPRC=0.793307 best=0.793307@16 patience=0/20 train=16.602s val=7.933s
/workspace/pmp_vast/envs/pmp-author/lib/python3.10/site-packages/dgl/dataloading/dataloader.py:1076: DGLWarning: Dataloader CPU affinity opt is not enabled, consider switching it on (see enable_cpu_affinity() or CPU best practices for DGL [https://docs.dgl.ai/tutorials/cpu/cpu_best_practises.html])
  dgl_warning(
trial09 epoch=017 loss=0.096789 val_AUPRC=0.795357 best=0.795357@17 patience=0/20 train=15.995s val=7.776s
/workspace/pmp_vast/envs/pmp-author/lib/python3.10/site-packages/dgl/dataloading/dataloader.py:1076: DGLWarning: Dataloader CPU affinity opt is not enabled, consider switching it on (see enable_cpu_affinity() or CPU best practices for DGL [https://docs.dgl.ai/tutorials/cpu/cpu_best_practises.html])
  dgl_warning(
trial09 epoch=018 loss=0.097679 val_AUPRC=0.796951 best=0.796951@18 patience=0/20 train=16.104s val=7.848s
/workspace/pmp_vast/envs/pmp-author/lib/python3.10/site-packages/dgl/dataloading/dataloader.py:1076: DGLWarning: Dataloader CPU affinity opt is not enabled, consider switching it on (see enable_cpu_affinity() or CPU best practices for DGL [https://docs.dgl.ai/tutorials/cpu/cpu_best_practises.html])
  dgl_warning(
trial09 epoch=019 loss=0.097366 val_AUPRC=0.799132 best=0.799132@19 patience=0/20 train=15.553s val=7.755s
/workspace/pmp_vast/envs/pmp-author/lib/python3.10/site-packages/dgl/dataloading/dataloader.py:1076: DGLWarning: Dataloader CPU affinity opt is not enabled, consider switching it on (see enable_cpu_affinity() or CPU best practices for DGL [https://docs.dgl.ai/tutorials/cpu/cpu_best_practises.html])
  dgl_warning(
trial09 epoch=020 loss=0.091066 val_AUPRC=0.799879 best=0.799879@20 patience=0/20 train=15.610s val=8.100s
/workspace/pmp_vast/envs/pmp-author/lib/python3.10/site-packages/dgl/dataloading/dataloader.py:1076: DGLWarning: Dataloader CPU affinity opt is not enabled, consider switching it on (see enable_cpu_affinity() or CPU best practices for DGL [https://docs.dgl.ai/tutorials/cpu/cpu_best_practises.html])
  dgl_warning(
trial09 epoch=021 loss=0.091117 val_AUPRC=0.802181 best=0.802181@21 patience=0/20 train=15.641s val=7.723s
/workspace/pmp_vast/envs/pmp-author/lib/python3.10/site-packages/dgl/dataloading/dataloader.py:1076: DGLWarning: Dataloader CPU affinity opt is not enabled, consider switching it on (see enable_cpu_affinity() or CPU best practices for DGL [https://docs.dgl.ai/tutorials/cpu/cpu_best_practises.html])
  dgl_warning(
trial09 epoch=022 loss=0.091094 val_AUPRC=0.804375 best=0.804375@22 patience=0/20 train=15.573s val=7.758s
/workspace/pmp_vast/envs/pmp-author/lib/python3.10/site-packages/dgl/dataloading/dataloader.py:1076: DGLWarning: Dataloader CPU affinity opt is not enabled, consider switching it on (see enable_cpu_affinity() or CPU best practices for DGL [https://docs.dgl.ai/tutorials/cpu/cpu_best_practises.html])
  dgl_warning(
trial09 epoch=023 loss=0.092639 val_AUPRC=0.806939 best=0.806939@23 patience=0/20 train=15.533s val=7.958s
/workspace/pmp_vast/envs/pmp-author/lib/python3.10/site-packages/dgl/dataloading/dataloader.py:1076: DGLWarning: Dataloader CPU affinity opt is not enabled, consider switching it on (see enable_cpu_affinity() or CPU best practices for DGL [https://docs.dgl.ai/tutorials/cpu/cpu_best_practises.html])
  dgl_warning(
trial09 epoch=024 loss=0.088994 val_AUPRC=0.809301 best=0.809301@24 patience=0/20 train=16.002s val=7.892s
/workspace/pmp_vast/envs/pmp-author/lib/python3.10/site-packages/dgl/dataloading/dataloader.py:1076: DGLWarning: Dataloader CPU affinity opt is not enabled, consider switching it on (see enable_cpu_affinity() or CPU best practices for DGL [https://docs.dgl.ai/tutorials/cpu/cpu_best_practises.html])
  dgl_warning(
trial09 epoch=025 loss=0.088677 val_AUPRC=0.809733 best=0.809733@25 patience=0/20 train=15.824s val=8.185s
/workspace/pmp_vast/envs/pmp-author/lib/python3.10/site-packages/dgl/dataloading/dataloader.py:1076: DGLWarning: Dataloader CPU affinity opt is not enabled, consider switching it on (see enable_cpu_affinity() or CPU best practices for DGL [https://docs.dgl.ai/tutorials/cpu/cpu_best_practises.html])
  dgl_warning(
trial09 epoch=026 loss=0.083451 val_AUPRC=0.811116 best=0.811116@26 patience=0/20 train=16.398s val=8.116s
/workspace/pmp_vast/envs/pmp-author/lib/python3.10/site-packages/dgl/dataloading/dataloader.py:1076: DGLWarning: Dataloader CPU affinity opt is not enabled, consider switching it on (see enable_cpu_affinity() or CPU best practices for DGL [https://docs.dgl.ai/tutorials/cpu/cpu_best_practises.html])
  dgl_warning(
trial09 epoch=027 loss=0.084306 val_AUPRC=0.812284 best=0.812284@27 patience=0/20 train=16.935s val=8.501s
/workspace/pmp_vast/envs/pmp-author/lib/python3.10/site-packages/dgl/dataloading/dataloader.py:1076: DGLWarning: Dataloader CPU affinity opt is not enabled, consider switching it on (see enable_cpu_affinity() or CPU best practices for DGL [https://docs.dgl.ai/tutorials/cpu/cpu_best_practises.html])
  dgl_warning(
trial09 epoch=028 loss=0.084838 val_AUPRC=0.815815 best=0.815815@28 patience=0/20 train=16.685s val=8.042s
/workspace/pmp_vast/envs/pmp-author/lib/python3.10/site-packages/dgl/dataloading/dataloader.py:1076: DGLWarning: Dataloader CPU affinity opt is not enabled, consider switching it on (see enable_cpu_affinity() or CPU best practices for DGL [https://docs.dgl.ai/tutorials/cpu/cpu_best_practises.html])
  dgl_warning(
trial09 epoch=029 loss=0.080812 val_AUPRC=0.816898 best=0.816898@29 patience=0/20 train=17.263s val=8.490s
/workspace/pmp_vast/envs/pmp-author/lib/python3.10/site-packages/dgl/dataloading/dataloader.py:1076: DGLWarning: Dataloader CPU affinity opt is not enabled, consider switching it on (see enable_cpu_affinity() or CPU best practices for DGL [https://docs.dgl.ai/tutorials/cpu/cpu_best_practises.html])
  dgl_warning(
trial09 epoch=030 loss=0.085067 val_AUPRC=0.818136 best=0.818136@30 patience=0/20 train=16.414s val=8.532s
/workspace/pmp_vast/envs/pmp-author/lib/python3.10/site-packages/dgl/dataloading/dataloader.py:1076: DGLWarning: Dataloader CPU affinity opt is not enabled, consider switching it on (see enable_cpu_affinity() or CPU best practices for DGL [https://docs.dgl.ai/tutorials/cpu/cpu_best_practises.html])
  dgl_warning(
trial09 epoch=031 loss=0.082637 val_AUPRC=0.819541 best=0.819541@31 patience=0/20 train=16.586s val=8.232s
/workspace/pmp_vast/envs/pmp-author/lib/python3.10/site-packages/dgl/dataloading/dataloader.py:1076: DGLWarning: Dataloader CPU affinity opt is not enabled, consider switching it on (see enable_cpu_affinity() or CPU best practices for DGL [https://docs.dgl.ai/tutorials/cpu/cpu_best_practises.html])
  dgl_warning(
trial09 epoch=032 loss=0.078853 val_AUPRC=0.821802 best=0.821802@32 patience=0/20 train=16.409s val=7.923s
/workspace/pmp_vast/envs/pmp-author/lib/python3.10/site-packages/dgl/dataloading/dataloader.py:1076: DGLWarning: Dataloader CPU affinity opt is not enabled, consider switching it on (see enable_cpu_affinity() or CPU best practices for DGL [https://docs.dgl.ai/tutorials/cpu/cpu_best_practises.html])
  dgl_warning(
trial09 epoch=033 loss=0.079598 val_AUPRC=0.822185 best=0.822185@33 patience=0/20 train=18.794s val=8.080s
/workspace/pmp_vast/envs/pmp-author/lib/python3.10/site-packages/dgl/dataloading/dataloader.py:1076: DGLWarning: Dataloader CPU affinity opt is not enabled, consider switching it on (see enable_cpu_affinity() or CPU best practices for DGL [https://docs.dgl.ai/tutorials/cpu/cpu_best_practises.html])
  dgl_warning(
trial09 epoch=034 loss=0.078839 val_AUPRC=0.823248 best=0.823248@34 patience=0/20 train=16.037s val=8.058s
/workspace/pmp_vast/envs/pmp-author/lib/python3.10/site-packages/dgl/dataloading/dataloader.py:1076: DGLWarning: Dataloader CPU affinity opt is not enabled, consider switching it on (see enable_cpu_affinity() or CPU best practices for DGL [https://docs.dgl.ai/tutorials/cpu/cpu_best_practises.html])
  dgl_warning(
trial09 epoch=035 loss=0.076360 val_AUPRC=0.825262 best=0.825262@35 patience=0/20 train=16.433s val=8.291s
/workspace/pmp_vast/envs/pmp-author/lib/python3.10/site-packages/dgl/dataloading/dataloader.py:1076: DGLWarning: Dataloader CPU affinity opt is not enabled, consider switching it on (see enable_cpu_affinity() or CPU best practices for DGL [https://docs.dgl.ai/tutorials/cpu/cpu_best_practises.html])
  dgl_warning(
trial09 epoch=036 loss=0.077800 val_AUPRC=0.826305 best=0.826305@36 patience=0/20 train=16.430s val=8.034s
/workspace/pmp_vast/envs/pmp-author/lib/python3.10/site-packages/dgl/dataloading/dataloader.py:1076: DGLWarning: Dataloader CPU affinity opt is not enabled, consider switching it on (see enable_cpu_affinity() or CPU best practices for DGL [https://docs.dgl.ai/tutorials/cpu/cpu_best_practises.html])
  dgl_warning(
trial09 epoch=037 loss=0.078282 val_AUPRC=0.827727 best=0.827727@37 patience=0/20 train=16.457s val=8.970s
/workspace/pmp_vast/envs/pmp-author/lib/python3.10/site-packages/dgl/dataloading/dataloader.py:1076: DGLWarning: Dataloader CPU affinity opt is not enabled, consider switching it on (see enable_cpu_affinity() or CPU best practices for DGL [https://docs.dgl.ai/tutorials/cpu/cpu_best_practises.html])
  dgl_warning(
/workspace/pmp_vast/envs/pmp-author/lib/python3.10/site-packages/dgl/dataloading/dataloader.py:1076: DGLWarning: Dataloader CPU affinity opt is not enabled, consider switching it on (see enable_cpu_affinity() or CPU best practices for DGL [https://docs.dgl.ai/tutorials/cpu/cpu_best_practises.html])
  dgl_warning(
trial09 epoch=039 loss=0.072194 val_AUPRC=0.829354 best=0.829354@39 patience=0/20 train=16.056s val=7.851s
/workspace/pmp_vast/envs/pmp-author/lib/python3.10/site-packages/dgl/dataloading/dataloader.py:1076: DGLWarning: Dataloader CPU affinity opt is not enabled, consider switching it on (see enable_cpu_affinity() or CPU best practices for DGL [https://docs.dgl.ai/tutorials/cpu/cpu_best_practises.html])
  dgl_warning(
trial09 epoch=040 loss=0.073092 val_AUPRC=0.830471 best=0.830471@40 patience=0/20 train=16.557s val=7.817s
/workspace/pmp_vast/envs/pmp-author/lib/python3.10/site-packages/dgl/dataloading/dataloader.py:1076: DGLWarning: Dataloader CPU affinity opt is not enabled, consider switching it on (see enable_cpu_affinity() or CPU best practices for DGL [https://docs.dgl.ai/tutorials/cpu/cpu_best_practises.html])
  dgl_warning(
trial09 epoch=041 loss=0.072671 val_AUPRC=0.831163 best=0.831163@41 patience=0/20 train=16.136s val=8.191s
/workspace/pmp_vast/envs/pmp-author/lib/python3.10/site-packages/dgl/dataloading/dataloader.py:1076: DGLWarning: Dataloader CPU affinity opt is not enabled, consider switching it on (see enable_cpu_affinity() or CPU best practices for DGL [https://docs.dgl.ai/tutorials/cpu/cpu_best_practises.html])
  dgl_warning(
trial09 epoch=042 loss=0.069253 val_AUPRC=0.832208 best=0.832208@42 patience=0/20 train=15.832s val=8.045s
/workspace/pmp_vast/envs/pmp-author/lib/python3.10/site-packages/dgl/dataloading/dataloader.py:1076: DGLWarning: Dataloader CPU affinity opt is not enabled, consider switching it on (see enable_cpu_affinity() or CPU best practices for DGL [https://docs.dgl.ai/tutorials/cpu/cpu_best_practises.html])
  dgl_warning(
trial09 epoch=043 loss=0.071867 val_AUPRC=0.832987 best=0.832987@43 patience=0/20 train=15.710s val=7.853s
/workspace/pmp_vast/envs/pmp-author/lib/python3.10/site-packages/dgl/dataloading/dataloader.py:1076: DGLWarning: Dataloader CPU affinity opt is not enabled, consider switching it on (see enable_cpu_affinity() or CPU best practices for DGL [https://docs.dgl.ai/tutorials/cpu/cpu_best_practises.html])
  dgl_warning(
trial09 epoch=044 loss=0.067887 val_AUPRC=0.833966 best=0.833966@44 patience=0/20 train=16.947s val=10.028s
/workspace/pmp_vast/envs/pmp-author/lib/python3.10/site-packages/dgl/dataloading/dataloader.py:1076: DGLWarning: Dataloader CPU affinity opt is not enabled, consider switching it on (see enable_cpu_affinity() or CPU best practices for DGL [https://docs.dgl.ai/tutorials/cpu/cpu_best_practises.html])
  dgl_warning(
trial09 epoch=045 loss=0.068941 val_AUPRC=0.835065 best=0.835065@45 patience=0/20 train=17.961s val=7.778s
/workspace/pmp_vast/envs/pmp-author/lib/python3.10/site-packages/dgl/dataloading/dataloader.py:1076: DGLWarning: Dataloader CPU affinity opt is not enabled, consider switching it on (see enable_cpu_affinity() or CPU best practices for DGL [https://docs.dgl.ai/tutorials/cpu/cpu_best_practises.html])
  dgl_warning(
trial09 epoch=046 loss=0.070093 val_AUPRC=0.835419 best=0.835419@46 patience=0/20 train=15.879s val=8.102s
/workspace/pmp_vast/envs/pmp-author/lib/python3.10/site-packages/dgl/dataloading/dataloader.py:1076: DGLWarning: Dataloader CPU affinity opt is not enabled, consider switching it on (see enable_cpu_affinity() or CPU best practices for DGL [https://docs.dgl.ai/tutorials/cpu/cpu_best_practises.html])
  dgl_warning(
trial09 epoch=047 loss=0.067017 val_AUPRC=0.835783 best=0.835783@47 patience=0/20 train=17.468s val=8.822s
/workspace/pmp_vast/envs/pmp-author/lib/python3.10/site-packages/dgl/dataloading/dataloader.py:1076: DGLWarning: Dataloader CPU affinity opt is not enabled, consider switching it on (see enable_cpu_affinity() or CPU best practices for DGL [https://docs.dgl.ai/tutorials/cpu/cpu_best_practises.html])
  dgl_warning(
trial09 epoch=048 loss=0.068249 val_AUPRC=0.836223 best=0.836223@48 patience=0/20 train=15.940s val=7.941s
/workspace/pmp_vast/envs/pmp-author/lib/python3.10/site-packages/dgl/dataloading/dataloader.py:1076: DGLWarning: Dataloader CPU affinity opt is not enabled, consider switching it on (see enable_cpu_affinity() or CPU best practices for DGL [https://docs.dgl.ai/tutorials/cpu/cpu_best_practises.html])
  dgl_warning(
trial09 epoch=049 loss=0.068747 val_AUPRC=0.837384 best=0.837384@49 patience=0/20 train=16.151s val=8.324s
/workspace/pmp_vast/envs/pmp-author/lib/python3.10/site-packages/dgl/dataloading/dataloader.py:1076: DGLWarning: Dataloader CPU affinity opt is not enabled, consider switching it on (see enable_cpu_affinity() or CPU best practices for DGL [https://docs.dgl.ai/tutorials/cpu/cpu_best_practises.html])
  dgl_warning(
trial09 epoch=050 loss=0.065910 val_AUPRC=0.837539 best=0.837539@50 patience=0/20 train=16.208s val=7.789s
/workspace/pmp_vast/envs/pmp-author/lib/python3.10/site-packages/dgl/dataloading/dataloader.py:1076: DGLWarning: Dataloader CPU affinity opt is not enabled, consider switching it on (see enable_cpu_affinity() or CPU best practices for DGL [https://docs.dgl.ai/tutorials/cpu/cpu_best_practises.html])
  dgl_warning(
trial09 epoch=051 loss=0.067637 val_AUPRC=0.838137 best=0.838137@51 patience=0/20 train=16.345s val=8.113s
/workspace/pmp_vast/envs/pmp-author/lib/python3.10/site-packages/dgl/dataloading/dataloader.py:1076: DGLWarning: Dataloader CPU affinity opt is not enabled, consider switching it on (see enable_cpu_affinity() or CPU best practices for DGL [https://docs.dgl.ai/tutorials/cpu/cpu_best_practises.html])
  dgl_warning(
/workspace/pmp_vast/envs/pmp-author/lib/python3.10/site-packages/dgl/dataloading/dataloader.py:1076: DGLWarning: Dataloader CPU affinity opt is not enabled, consider switching it on (see enable_cpu_affinity() or CPU best practices for DGL [https://docs.dgl.ai/tutorials/cpu/cpu_best_practises.html])
  dgl_warning(
trial09 epoch=053 loss=0.065555 val_AUPRC=0.838576 best=0.838576@53 patience=0/20 train=16.826s val=8.551s
/workspace/pmp_vast/envs/pmp-author/lib/python3.10/site-packages/dgl/dataloading/dataloader.py:1076: DGLWarning: Dataloader CPU affinity opt is not enabled, consider switching it on (see enable_cpu_affinity() or CPU best practices for DGL [https://docs.dgl.ai/tutorials/cpu/cpu_best_practises.html])
  dgl_warning(
trial09 epoch=054 loss=0.065047 val_AUPRC=0.838914 best=0.838914@54 patience=0/20 train=17.498s val=10.042s
/workspace/pmp_vast/envs/pmp-author/lib/python3.10/site-packages/dgl/dataloading/dataloader.py:1076: DGLWarning: Dataloader CPU affinity opt is not enabled, consider switching it on (see enable_cpu_affinity() or CPU best practices for DGL [https://docs.dgl.ai/tutorials/cpu/cpu_best_practises.html])
  dgl_warning(
trial09 epoch=055 loss=0.064531 val_AUPRC=0.839038 best=0.839038@55 patience=0/20 train=16.864s val=8.445s
/workspace/pmp_vast/envs/pmp-author/lib/python3.10/site-packages/dgl/dataloading/dataloader.py:1076: DGLWarning: Dataloader CPU affinity opt is not enabled, consider switching it on (see enable_cpu_affinity() or CPU best practices for DGL [https://docs.dgl.ai/tutorials/cpu/cpu_best_practises.html])
  dgl_warning(
trial09 epoch=056 loss=0.064127 val_AUPRC=0.839393 best=0.839393@56 patience=0/20 train=17.305s val=8.599s
/workspace/pmp_vast/envs/pmp-author/lib/python3.10/site-packages/dgl/dataloading/dataloader.py:1076: DGLWarning: Dataloader CPU affinity opt is not enabled, consider switching it on (see enable_cpu_affinity() or CPU best practices for DGL [https://docs.dgl.ai/tutorials/cpu/cpu_best_practises.html])
  dgl_warning(
trial09 epoch=057 loss=0.061360 val_AUPRC=0.839696 best=0.839696@57 patience=0/20 train=16.337s val=10.406s
/workspace/pmp_vast/envs/pmp-author/lib/python3.10/site-packages/dgl/dataloading/dataloader.py:1076: DGLWarning: Dataloader CPU affinity opt is not enabled, consider switching it on (see enable_cpu_affinity() or CPU best practices for DGL [https://docs.dgl.ai/tutorials/cpu/cpu_best_practises.html])
  dgl_warning(
trial09 epoch=058 loss=0.065344 val_AUPRC=0.840697 best=0.840697@58 patience=0/20 train=16.640s val=8.210s
/workspace/pmp_vast/envs/pmp-author/lib/python3.10/site-packages/dgl/dataloading/dataloader.py:1076: DGLWarning: Dataloader CPU affinity opt is not enabled, consider switching it on (see enable_cpu_affinity() or CPU best practices for DGL [https://docs.dgl.ai/tutorials/cpu/cpu_best_practises.html])
  dgl_warning(
/workspace/pmp_vast/envs/pmp-author/lib/python3.10/site-packages/dgl/dataloading/dataloader.py:1076: DGLWarning: Dataloader CPU affinity opt is not enabled, consider switching it on (see enable_cpu_affinity() or CPU best practices for DGL [https://docs.dgl.ai/tutorials/cpu/cpu_best_practises.html])
  dgl_warning(
trial09 epoch=060 loss=0.060125 val_AUPRC=0.841391 best=0.841391@60 patience=0/20 train=16.553s val=7.851s
/workspace/pmp_vast/envs/pmp-author/lib/python3.10/site-packages/dgl/dataloading/dataloader.py:1076: DGLWarning: Dataloader CPU affinity opt is not enabled, consider switching it on (see enable_cpu_affinity() or CPU best practices for DGL [https://docs.dgl.ai/tutorials/cpu/cpu_best_practises.html])
  dgl_warning(
/workspace/pmp_vast/envs/pmp-author/lib/python3.10/site-packages/dgl/dataloading/dataloader.py:1076: DGLWarning: Dataloader CPU affinity opt is not enabled, consider switching it on (see enable_cpu_affinity() or CPU best practices for DGL [https://docs.dgl.ai/tutorials/cpu/cpu_best_practises.html])
  dgl_warning(
trial09 epoch=062 loss=0.062869 val_AUPRC=0.841528 best=0.841528@62 patience=0/20 train=17.070s val=7.864s
/workspace/pmp_vast/envs/pmp-author/lib/python3.10/site-packages/dgl/dataloading/dataloader.py:1076: DGLWarning: Dataloader CPU affinity opt is not enabled, consider switching it on (see enable_cpu_affinity() or CPU best practices for DGL [https://docs.dgl.ai/tutorials/cpu/cpu_best_practises.html])
  dgl_warning(
trial09 epoch=063 loss=0.059827 val_AUPRC=0.842766 best=0.842766@63 patience=0/20 train=15.414s val=7.682s
/workspace/pmp_vast/envs/pmp-author/lib/python3.10/site-packages/dgl/dataloading/dataloader.py:1076: DGLWarning: Dataloader CPU affinity opt is not enabled, consider switching it on (see enable_cpu_affinity() or CPU best practices for DGL [https://docs.dgl.ai/tutorials/cpu/cpu_best_practises.html])
  dgl_warning(
trial09 epoch=064 loss=0.062151 val_AUPRC=0.843644 best=0.843644@64 patience=0/20 train=15.649s val=7.853s
/workspace/pmp_vast/envs/pmp-author/lib/python3.10/site-packages/dgl/dataloading/dataloader.py:1076: DGLWarning: Dataloader CPU affinity opt is not enabled, consider switching it on (see enable_cpu_affinity() or CPU best practices for DGL [https://docs.dgl.ai/tutorials/cpu/cpu_best_practises.html])
  dgl_warning(
/workspace/pmp_vast/envs/pmp-author/lib/python3.10/site-packages/dgl/dataloading/dataloader.py:1076: DGLWarning: Dataloader CPU affinity opt is not enabled, consider switching it on (see enable_cpu_affinity() or CPU best practices for DGL [https://docs.dgl.ai/tutorials/cpu/cpu_best_practises.html])
  dgl_warning(
trial09 epoch=066 loss=0.057679 val_AUPRC=0.844368 best=0.844368@66 patience=0/20 train=18.947s val=7.702s
/workspace/pmp_vast/envs/pmp-author/lib/python3.10/site-packages/dgl/dataloading/dataloader.py:1076: DGLWarning: Dataloader CPU affinity opt is not enabled, consider switching it on (see enable_cpu_affinity() or CPU best practices for DGL [https://docs.dgl.ai/tutorials/cpu/cpu_best_practises.html])
  dgl_warning(
/workspace/pmp_vast/envs/pmp-author/lib/python3.10/site-packages/dgl/dataloading/dataloader.py:1076: DGLWarning: Dataloader CPU affinity opt is not enabled, consider switching it on (see enable_cpu_affinity() or CPU best practices for DGL [https://docs.dgl.ai/tutorials/cpu/cpu_best_practises.html])
  dgl_warning(
/workspace/pmp_vast/envs/pmp-author/lib/python3.10/site-packages/dgl/dataloading/dataloader.py:1076: DGLWarning: Dataloader CPU affinity opt is not enabled, consider switching it on (see enable_cpu_affinity() or CPU best practices for DGL [https://docs.dgl.ai/tutorials/cpu/cpu_best_practises.html])
  dgl_warning(
/workspace/pmp_vast/envs/pmp-author/lib/python3.10/site-packages/dgl/dataloading/dataloader.py:1076: DGLWarning: Dataloader CPU affinity opt is not enabled, consider switching it on (see enable_cpu_affinity() or CPU best practices for DGL [https://docs.dgl.ai/tutorials/cpu/cpu_best_practises.html])
  dgl_warning(
trial09 epoch=070 loss=0.059036 val_AUPRC=0.844063 best=0.844368@66 patience=4/20 train=15.477s val=7.750s
/workspace/pmp_vast/envs/pmp-author/lib/python3.10/site-packages/dgl/dataloading/dataloader.py:1076: DGLWarning: Dataloader CPU affinity opt is not enabled, consider switching it on (see enable_cpu_affinity() or CPU best practices for DGL [https://docs.dgl.ai/tutorials/cpu/cpu_best_practises.html])
  dgl_warning(
/workspace/pmp_vast/envs/pmp-author/lib/python3.10/site-packages/dgl/dataloading/dataloader.py:1076: DGLWarning: Dataloader CPU affinity opt is not enabled, consider switching it on (see enable_cpu_affinity() or CPU best practices for DGL [https://docs.dgl.ai/tutorials/cpu/cpu_best_practises.html])
  dgl_warning(
trial09 epoch=072 loss=0.059126 val_AUPRC=0.846071 best=0.846071@72 patience=0/20 train=15.496s val=7.921s
/workspace/pmp_vast/envs/pmp-author/lib/python3.10/site-packages/dgl/dataloading/dataloader.py:1076: DGLWarning: Dataloader CPU affinity opt is not enabled, consider switching it on (see enable_cpu_affinity() or CPU best practices for DGL [https://docs.dgl.ai/tutorials/cpu/cpu_best_practises.html])
  dgl_warning(
/workspace/pmp_vast/envs/pmp-author/lib/python3.10/site-packages/dgl/dataloading/dataloader.py:1076: DGLWarning: Dataloader CPU affinity opt is not enabled, consider switching it on (see enable_cpu_affinity() or CPU best practices for DGL [https://docs.dgl.ai/tutorials/cpu/cpu_best_practises.html])
  dgl_warning(
trial09 epoch=074 loss=0.057976 val_AUPRC=0.846587 best=0.846587@74 patience=0/20 train=16.666s val=8.189s
/workspace/pmp_vast/envs/pmp-author/lib/python3.10/site-packages/dgl/dataloading/dataloader.py:1076: DGLWarning: Dataloader CPU affinity opt is not enabled, consider switching it on (see enable_cpu_affinity() or CPU best practices for DGL [https://docs.dgl.ai/tutorials/cpu/cpu_best_practises.html])
  dgl_warning(
trial09 epoch=075 loss=0.058280 val_AUPRC=0.847133 best=0.847133@75 patience=0/20 train=15.722s val=8.399s
/workspace/pmp_vast/envs/pmp-author/lib/python3.10/site-packages/dgl/dataloading/dataloader.py:1076: DGLWarning: Dataloader CPU affinity opt is not enabled, consider switching it on (see enable_cpu_affinity() or CPU best practices for DGL [https://docs.dgl.ai/tutorials/cpu/cpu_best_practises.html])
  dgl_warning(
/workspace/pmp_vast/envs/pmp-author/lib/python3.10/site-packages/dgl/dataloading/dataloader.py:1076: DGLWarning: Dataloader CPU affinity opt is not enabled, consider switching it on (see enable_cpu_affinity() or CPU best practices for DGL [https://docs.dgl.ai/tutorials/cpu/cpu_best_practises.html])
  dgl_warning(
/workspace/pmp_vast/envs/pmp-author/lib/python3.10/site-packages/dgl/dataloading/dataloader.py:1076: DGLWarning: Dataloader CPU affinity opt is not enabled, consider switching it on (see enable_cpu_affinity() or CPU best practices for DGL [https://docs.dgl.ai/tutorials/cpu/cpu_best_practises.html])
  dgl_warning(
trial09 epoch=078 loss=0.057504 val_AUPRC=0.847506 best=0.847506@78 patience=0/20 train=15.856s val=7.951s
/workspace/pmp_vast/envs/pmp-author/lib/python3.10/site-packages/dgl/dataloading/dataloader.py:1076: DGLWarning: Dataloader CPU affinity opt is not enabled, consider switching it on (see enable_cpu_affinity() or CPU best practices for DGL [https://docs.dgl.ai/tutorials/cpu/cpu_best_practises.html])
  dgl_warning(
/workspace/pmp_vast/envs/pmp-author/lib/python3.10/site-packages/dgl/dataloading/dataloader.py:1076: DGLWarning: Dataloader CPU affinity opt is not enabled, consider switching it on (see enable_cpu_affinity() or CPU best practices for DGL [https://docs.dgl.ai/tutorials/cpu/cpu_best_practises.html])
  dgl_warning(
trial09 epoch=080 loss=0.057158 val_AUPRC=0.848455 best=0.848455@80 patience=0/20 train=16.406s val=8.324s
/workspace/pmp_vast/envs/pmp-author/lib/python3.10/site-packages/dgl/dataloading/dataloader.py:1076: DGLWarning: Dataloader CPU affinity opt is not enabled, consider switching it on (see enable_cpu_affinity() or CPU best practices for DGL [https://docs.dgl.ai/tutorials/cpu/cpu_best_practises.html])
  dgl_warning(
/workspace/pmp_vast/envs/pmp-author/lib/python3.10/site-packages/dgl/dataloading/dataloader.py:1076: DGLWarning: Dataloader CPU affinity opt is not enabled, consider switching it on (see enable_cpu_affinity() or CPU best practices for DGL [https://docs.dgl.ai/tutorials/cpu/cpu_best_practises.html])
  dgl_warning(
/workspace/pmp_vast/envs/pmp-author/lib/python3.10/site-packages/dgl/dataloading/dataloader.py:1076: DGLWarning: Dataloader CPU affinity opt is not enabled, consider switching it on (see enable_cpu_affinity() or CPU best practices for DGL [https://docs.dgl.ai/tutorials/cpu/cpu_best_practises.html])
  dgl_warning(
/workspace/pmp_vast/envs/pmp-author/lib/python3.10/site-packages/dgl/dataloading/dataloader.py:1076: DGLWarning: Dataloader CPU affinity opt is not enabled, consider switching it on (see enable_cpu_affinity() or CPU best practices for DGL [https://docs.dgl.ai/tutorials/cpu/cpu_best_practises.html])
  dgl_warning(
/workspace/pmp_vast/envs/pmp-author/lib/python3.10/site-packages/dgl/dataloading/dataloader.py:1076: DGLWarning: Dataloader CPU affinity opt is not enabled, consider switching it on (see enable_cpu_affinity() or CPU best practices for DGL [https://docs.dgl.ai/tutorials/cpu/cpu_best_practises.html])
  dgl_warning(
trial09 epoch=085 loss=0.055044 val_AUPRC=0.851025 best=0.851025@85 patience=0/20 train=16.866s val=8.031s
/workspace/pmp_vast/envs/pmp-author/lib/python3.10/site-packages/dgl/dataloading/dataloader.py:1076: DGLWarning: Dataloader CPU affinity opt is not enabled, consider switching it on (see enable_cpu_affinity() or CPU best practices for DGL [https://docs.dgl.ai/tutorials/cpu/cpu_best_practises.html])
  dgl_warning(
/workspace/pmp_vast/envs/pmp-author/lib/python3.10/site-packages/dgl/dataloading/dataloader.py:1076: DGLWarning: Dataloader CPU affinity opt is not enabled, consider switching it on (see enable_cpu_affinity() or CPU best practices for DGL [https://docs.dgl.ai/tutorials/cpu/cpu_best_practises.html])
  dgl_warning(
/workspace/pmp_vast/envs/pmp-author/lib/python3.10/site-packages/dgl/dataloading/dataloader.py:1076: DGLWarning: Dataloader CPU affinity opt is not enabled, consider switching it on (see enable_cpu_affinity() or CPU best practices for DGL [https://docs.dgl.ai/tutorials/cpu/cpu_best_practises.html])
  dgl_warning(
/workspace/pmp_vast/envs/pmp-author/lib/python3.10/site-packages/dgl/dataloading/dataloader.py:1076: DGLWarning: Dataloader CPU affinity opt is not enabled, consider switching it on (see enable_cpu_affinity() or CPU best practices for DGL [https://docs.dgl.ai/tutorials/cpu/cpu_best_practises.html])
  dgl_warning(
/workspace/pmp_vast/envs/pmp-author/lib/python3.10/site-packages/dgl/dataloading/dataloader.py:1076: DGLWarning: Dataloader CPU affinity opt is not enabled, consider switching it on (see enable_cpu_affinity() or CPU best practices for DGL [https://docs.dgl.ai/tutorials/cpu/cpu_best_practises.html])
  dgl_warning(
trial09 epoch=090 loss=0.055500 val_AUPRC=0.850155 best=0.851025@85 patience=5/20 train=15.570s val=7.800s
/workspace/pmp_vast/envs/pmp-author/lib/python3.10/site-packages/dgl/dataloading/dataloader.py:1076: DGLWarning: Dataloader CPU affinity opt is not enabled, consider switching it on (see enable_cpu_affinity() or CPU best practices for DGL [https://docs.dgl.ai/tutorials/cpu/cpu_best_practises.html])
  dgl_warning(
trial09 epoch=091 loss=0.055149 val_AUPRC=0.851117 best=0.851117@91 patience=0/20 train=15.785s val=7.811s
/workspace/pmp_vast/envs/pmp-author/lib/python3.10/site-packages/dgl/dataloading/dataloader.py:1076: DGLWarning: Dataloader CPU affinity opt is not enabled, consider switching it on (see enable_cpu_affinity() or CPU best practices for DGL [https://docs.dgl.ai/tutorials/cpu/cpu_best_practises.html])
  dgl_warning(
trial09 epoch=092 loss=0.054842 val_AUPRC=0.851658 best=0.851658@92 patience=0/20 train=15.667s val=8.336s
/workspace/pmp_vast/envs/pmp-author/lib/python3.10/site-packages/dgl/dataloading/dataloader.py:1076: DGLWarning: Dataloader CPU affinity opt is not enabled, consider switching it on (see enable_cpu_affinity() or CPU best practices for DGL [https://docs.dgl.ai/tutorials/cpu/cpu_best_practises.html])
  dgl_warning(
/workspace/pmp_vast/envs/pmp-author/lib/python3.10/site-packages/dgl/dataloading/dataloader.py:1076: DGLWarning: Dataloader CPU affinity opt is not enabled, consider switching it on (see enable_cpu_affinity() or CPU best practices for DGL [https://docs.dgl.ai/tutorials/cpu/cpu_best_practises.html])
  dgl_warning(
trial09 epoch=094 loss=0.054079 val_AUPRC=0.852327 best=0.852327@94 patience=0/20 train=16.496s val=8.164s
/workspace/pmp_vast/envs/pmp-author/lib/python3.10/site-packages/dgl/dataloading/dataloader.py:1076: DGLWarning: Dataloader CPU affinity opt is not enabled, consider switching it on (see enable_cpu_affinity() or CPU best practices for DGL [https://docs.dgl.ai/tutorials/cpu/cpu_best_practises.html])
  dgl_warning(
/workspace/pmp_vast/envs/pmp-author/lib/python3.10/site-packages/dgl/dataloading/dataloader.py:1076: DGLWarning: Dataloader CPU affinity opt is not enabled, consider switching it on (see enable_cpu_affinity() or CPU best practices for DGL [https://docs.dgl.ai/tutorials/cpu/cpu_best_practises.html])
  dgl_warning(
/workspace/pmp_vast/envs/pmp-author/lib/python3.10/site-packages/dgl/dataloading/dataloader.py:1076: DGLWarning: Dataloader CPU affinity opt is not enabled, consider switching it on (see enable_cpu_affinity() or CPU best practices for DGL [https://docs.dgl.ai/tutorials/cpu/cpu_best_practises.html])
  dgl_warning(
/workspace/pmp_vast/envs/pmp-author/lib/python3.10/site-packages/dgl/dataloading/dataloader.py:1076: DGLWarning: Dataloader CPU affinity opt is not enabled, consider switching it on (see enable_cpu_affinity() or CPU best practices for DGL [https://docs.dgl.ai/tutorials/cpu/cpu_best_practises.html])
  dgl_warning(
/workspace/pmp_vast/envs/pmp-author/lib/python3.10/site-packages/dgl/dataloading/dataloader.py:1076: DGLWarning: Dataloader CPU affinity opt is not enabled, consider switching it on (see enable_cpu_affinity() or CPU best practices for DGL [https://docs.dgl.ai/tutorials/cpu/cpu_best_practises.html])
  dgl_warning(
/workspace/pmp_vast/envs/pmp-author/lib/python3.10/site-packages/dgl/dataloading/dataloader.py:1076: DGLWarning: Dataloader CPU affinity opt is not enabled, consider switching it on (see enable_cpu_affinity() or CPU best practices for DGL [https://docs.dgl.ai/tutorials/cpu/cpu_best_practises.html])
  dgl_warning(
trial09 epoch=100 loss=0.055290 val_AUPRC=0.851271 best=0.852327@94 patience=6/20 train=16.286s val=9.350s
TUNE trial09 PASS | best_val_AUPRC=0.852327@94 | TEST_ACCESSED=NO

===== TUNE 10/12 | lr=0.0001 wd=1e-05 =====
/workspace/pmp_vast/envs/pmp-author/lib/python3.10/site-packages/dgl/dataloading/dataloader.py:1076: DGLWarning: Dataloader CPU affinity opt is not enabled, consider switching it on (see enable_cpu_affinity() or CPU best practices for DGL [https://docs.dgl.ai/tutorials/cpu/cpu_best_practises.html])
  dgl_warning(
trial10 epoch=001 loss=0.850051 val_AUPRC=0.074742 best=0.074742@1 patience=0/20 train=16.701s val=8.114s
/workspace/pmp_vast/envs/pmp-author/lib/python3.10/site-packages/dgl/dataloading/dataloader.py:1076: DGLWarning: Dataloader CPU affinity opt is not enabled, consider switching it on (see enable_cpu_affinity() or CPU best practices for DGL [https://docs.dgl.ai/tutorials/cpu/cpu_best_practises.html])
  dgl_warning(
trial10 epoch=002 loss=0.402487 val_AUPRC=0.077116 best=0.077116@2 patience=0/20 train=16.128s val=8.075s
/workspace/pmp_vast/envs/pmp-author/lib/python3.10/site-packages/dgl/dataloading/dataloader.py:1076: DGLWarning: Dataloader CPU affinity opt is not enabled, consider switching it on (see enable_cpu_affinity() or CPU best practices for DGL [https://docs.dgl.ai/tutorials/cpu/cpu_best_practises.html])
  dgl_warning(
trial10 epoch=003 loss=0.343438 val_AUPRC=0.094173 best=0.094173@3 patience=0/20 train=15.812s val=7.993s
/workspace/pmp_vast/envs/pmp-author/lib/python3.10/site-packages/dgl/dataloading/dataloader.py:1076: DGLWarning: Dataloader CPU affinity opt is not enabled, consider switching it on (see enable_cpu_affinity() or CPU best practices for DGL [https://docs.dgl.ai/tutorials/cpu/cpu_best_practises.html])
  dgl_warning(
trial10 epoch=004 loss=0.294260 val_AUPRC=0.195563 best=0.195563@4 patience=0/20 train=16.087s val=8.123s
/workspace/pmp_vast/envs/pmp-author/lib/python3.10/site-packages/dgl/dataloading/dataloader.py:1076: DGLWarning: Dataloader CPU affinity opt is not enabled, consider switching it on (see enable_cpu_affinity() or CPU best practices for DGL [https://docs.dgl.ai/tutorials/cpu/cpu_best_practises.html])
  dgl_warning(
trial10 epoch=005 loss=0.255693 val_AUPRC=0.566096 best=0.566096@5 patience=0/20 train=15.900s val=8.138s
/workspace/pmp_vast/envs/pmp-author/lib/python3.10/site-packages/dgl/dataloading/dataloader.py:1076: DGLWarning: Dataloader CPU affinity opt is not enabled, consider switching it on (see enable_cpu_affinity() or CPU best practices for DGL [https://docs.dgl.ai/tutorials/cpu/cpu_best_practises.html])
  dgl_warning(
trial10 epoch=006 loss=0.220387 val_AUPRC=0.671405 best=0.671405@6 patience=0/20 train=16.315s val=8.331s
/workspace/pmp_vast/envs/pmp-author/lib/python3.10/site-packages/dgl/dataloading/dataloader.py:1076: DGLWarning: Dataloader CPU affinity opt is not enabled, consider switching it on (see enable_cpu_affinity() or CPU best practices for DGL [https://docs.dgl.ai/tutorials/cpu/cpu_best_practises.html])
  dgl_warning(
trial10 epoch=007 loss=0.176243 val_AUPRC=0.737530 best=0.737530@7 patience=0/20 train=16.651s val=9.789s
/workspace/pmp_vast/envs/pmp-author/lib/python3.10/site-packages/dgl/dataloading/dataloader.py:1076: DGLWarning: Dataloader CPU affinity opt is not enabled, consider switching it on (see enable_cpu_affinity() or CPU best practices for DGL [https://docs.dgl.ai/tutorials/cpu/cpu_best_practises.html])
  dgl_warning(
trial10 epoch=008 loss=0.152155 val_AUPRC=0.757100 best=0.757100@8 patience=0/20 train=16.816s val=7.795s
/workspace/pmp_vast/envs/pmp-author/lib/python3.10/site-packages/dgl/dataloading/dataloader.py:1076: DGLWarning: Dataloader CPU affinity opt is not enabled, consider switching it on (see enable_cpu_affinity() or CPU best practices for DGL [https://docs.dgl.ai/tutorials/cpu/cpu_best_practises.html])
  dgl_warning(
trial10 epoch=009 loss=0.144277 val_AUPRC=0.770168 best=0.770168@9 patience=0/20 train=15.952s val=8.089s
/workspace/pmp_vast/envs/pmp-author/lib/python3.10/site-packages/dgl/dataloading/dataloader.py:1076: DGLWarning: Dataloader CPU affinity opt is not enabled, consider switching it on (see enable_cpu_affinity() or CPU best practices for DGL [https://docs.dgl.ai/tutorials/cpu/cpu_best_practises.html])
  dgl_warning(
trial10 epoch=010 loss=0.132608 val_AUPRC=0.775926 best=0.775926@10 patience=0/20 train=15.734s val=8.196s
/workspace/pmp_vast/envs/pmp-author/lib/python3.10/site-packages/dgl/dataloading/dataloader.py:1076: DGLWarning: Dataloader CPU affinity opt is not enabled, consider switching it on (see enable_cpu_affinity() or CPU best practices for DGL [https://docs.dgl.ai/tutorials/cpu/cpu_best_practises.html])
  dgl_warning(
trial10 epoch=011 loss=0.121196 val_AUPRC=0.778135 best=0.778135@11 patience=0/20 train=16.251s val=8.056s
/workspace/pmp_vast/envs/pmp-author/lib/python3.10/site-packages/dgl/dataloading/dataloader.py:1076: DGLWarning: Dataloader CPU affinity opt is not enabled, consider switching it on (see enable_cpu_affinity() or CPU best practices for DGL [https://docs.dgl.ai/tutorials/cpu/cpu_best_practises.html])
  dgl_warning(
trial10 epoch=012 loss=0.113511 val_AUPRC=0.783349 best=0.783349@12 patience=0/20 train=16.291s val=8.186s
/workspace/pmp_vast/envs/pmp-author/lib/python3.10/site-packages/dgl/dataloading/dataloader.py:1076: DGLWarning: Dataloader CPU affinity opt is not enabled, consider switching it on (see enable_cpu_affinity() or CPU best practices for DGL [https://docs.dgl.ai/tutorials/cpu/cpu_best_practises.html])
  dgl_warning(
trial10 epoch=013 loss=0.104781 val_AUPRC=0.785428 best=0.785428@13 patience=0/20 train=16.210s val=7.806s
/workspace/pmp_vast/envs/pmp-author/lib/python3.10/site-packages/dgl/dataloading/dataloader.py:1076: DGLWarning: Dataloader CPU affinity opt is not enabled, consider switching it on (see enable_cpu_affinity() or CPU best practices for DGL [https://docs.dgl.ai/tutorials/cpu/cpu_best_practises.html])
  dgl_warning(
trial10 epoch=014 loss=0.103996 val_AUPRC=0.789497 best=0.789497@14 patience=0/20 train=16.081s val=8.076s
/workspace/pmp_vast/envs/pmp-author/lib/python3.10/site-packages/dgl/dataloading/dataloader.py:1076: DGLWarning: Dataloader CPU affinity opt is not enabled, consider switching it on (see enable_cpu_affinity() or CPU best practices for DGL [https://docs.dgl.ai/tutorials/cpu/cpu_best_practises.html])
  dgl_warning(
trial10 epoch=015 loss=0.110550 val_AUPRC=0.792963 best=0.792963@15 patience=0/20 train=16.184s val=8.433s
/workspace/pmp_vast/envs/pmp-author/lib/python3.10/site-packages/dgl/dataloading/dataloader.py:1076: DGLWarning: Dataloader CPU affinity opt is not enabled, consider switching it on (see enable_cpu_affinity() or CPU best practices for DGL [https://docs.dgl.ai/tutorials/cpu/cpu_best_practises.html])
  dgl_warning(
trial10 epoch=016 loss=0.098084 val_AUPRC=0.793172 best=0.793172@16 patience=0/20 train=16.051s val=8.123s
/workspace/pmp_vast/envs/pmp-author/lib/python3.10/site-packages/dgl/dataloading/dataloader.py:1076: DGLWarning: Dataloader CPU affinity opt is not enabled, consider switching it on (see enable_cpu_affinity() or CPU best practices for DGL [https://docs.dgl.ai/tutorials/cpu/cpu_best_practises.html])
  dgl_warning(
trial10 epoch=017 loss=0.096765 val_AUPRC=0.795190 best=0.795190@17 patience=0/20 train=16.235s val=8.083s
/workspace/pmp_vast/envs/pmp-author/lib/python3.10/site-packages/dgl/dataloading/dataloader.py:1076: DGLWarning: Dataloader CPU affinity opt is not enabled, consider switching it on (see enable_cpu_affinity() or CPU best practices for DGL [https://docs.dgl.ai/tutorials/cpu/cpu_best_practises.html])
  dgl_warning(
trial10 epoch=018 loss=0.097646 val_AUPRC=0.796874 best=0.796874@18 patience=0/20 train=15.590s val=8.105s
/workspace/pmp_vast/envs/pmp-author/lib/python3.10/site-packages/dgl/dataloading/dataloader.py:1076: DGLWarning: Dataloader CPU affinity opt is not enabled, consider switching it on (see enable_cpu_affinity() or CPU best practices for DGL [https://docs.dgl.ai/tutorials/cpu/cpu_best_practises.html])
  dgl_warning(
trial10 epoch=019 loss=0.097339 val_AUPRC=0.799131 best=0.799131@19 patience=0/20 train=16.073s val=7.863s
/workspace/pmp_vast/envs/pmp-author/lib/python3.10/site-packages/dgl/dataloading/dataloader.py:1076: DGLWarning: Dataloader CPU affinity opt is not enabled, consider switching it on (see enable_cpu_affinity() or CPU best practices for DGL [https://docs.dgl.ai/tutorials/cpu/cpu_best_practises.html])
  dgl_warning(
trial10 epoch=020 loss=0.091052 val_AUPRC=0.799789 best=0.799789@20 patience=0/20 train=15.856s val=8.094s
/workspace/pmp_vast/envs/pmp-author/lib/python3.10/site-packages/dgl/dataloading/dataloader.py:1076: DGLWarning: Dataloader CPU affinity opt is not enabled, consider switching it on (see enable_cpu_affinity() or CPU best practices for DGL [https://docs.dgl.ai/tutorials/cpu/cpu_best_practises.html])
  dgl_warning(
trial10 epoch=021 loss=0.091103 val_AUPRC=0.802034 best=0.802034@21 patience=0/20 train=15.846s val=7.752s
/workspace/pmp_vast/envs/pmp-author/lib/python3.10/site-packages/dgl/dataloading/dataloader.py:1076: DGLWarning: Dataloader CPU affinity opt is not enabled, consider switching it on (see enable_cpu_affinity() or CPU best practices for DGL [https://docs.dgl.ai/tutorials/cpu/cpu_best_practises.html])
  dgl_warning(
trial10 epoch=022 loss=0.091089 val_AUPRC=0.804232 best=0.804232@22 patience=0/20 train=17.207s val=7.870s
/workspace/pmp_vast/envs/pmp-author/lib/python3.10/site-packages/dgl/dataloading/dataloader.py:1076: DGLWarning: Dataloader CPU affinity opt is not enabled, consider switching it on (see enable_cpu_affinity() or CPU best practices for DGL [https://docs.dgl.ai/tutorials/cpu/cpu_best_practises.html])
  dgl_warning(
trial10 epoch=023 loss=0.092622 val_AUPRC=0.806780 best=0.806780@23 patience=0/20 train=16.256s val=7.869s
/workspace/pmp_vast/envs/pmp-author/lib/python3.10/site-packages/dgl/dataloading/dataloader.py:1076: DGLWarning: Dataloader CPU affinity opt is not enabled, consider switching it on (see enable_cpu_affinity() or CPU best practices for DGL [https://docs.dgl.ai/tutorials/cpu/cpu_best_practises.html])
  dgl_warning(
trial10 epoch=024 loss=0.088971 val_AUPRC=0.809102 best=0.809102@24 patience=0/20 train=15.998s val=8.129s
/workspace/pmp_vast/envs/pmp-author/lib/python3.10/site-packages/dgl/dataloading/dataloader.py:1076: DGLWarning: Dataloader CPU affinity opt is not enabled, consider switching it on (see enable_cpu_affinity() or CPU best practices for DGL [https://docs.dgl.ai/tutorials/cpu/cpu_best_practises.html])
  dgl_warning(
trial10 epoch=025 loss=0.088652 val_AUPRC=0.809655 best=0.809655@25 patience=0/20 train=16.107s val=8.105s
/workspace/pmp_vast/envs/pmp-author/lib/python3.10/site-packages/dgl/dataloading/dataloader.py:1076: DGLWarning: Dataloader CPU affinity opt is not enabled, consider switching it on (see enable_cpu_affinity() or CPU best practices for DGL [https://docs.dgl.ai/tutorials/cpu/cpu_best_practises.html])
  dgl_warning(
trial10 epoch=026 loss=0.083436 val_AUPRC=0.811027 best=0.811027@26 patience=0/20 train=16.200s val=8.403s
/workspace/pmp_vast/envs/pmp-author/lib/python3.10/site-packages/dgl/dataloading/dataloader.py:1076: DGLWarning: Dataloader CPU affinity opt is not enabled, consider switching it on (see enable_cpu_affinity() or CPU best practices for DGL [https://docs.dgl.ai/tutorials/cpu/cpu_best_practises.html])
  dgl_warning(
trial10 epoch=027 loss=0.084285 val_AUPRC=0.812241 best=0.812241@27 patience=0/20 train=16.653s val=7.831s
/workspace/pmp_vast/envs/pmp-author/lib/python3.10/site-packages/dgl/dataloading/dataloader.py:1076: DGLWarning: Dataloader CPU affinity opt is not enabled, consider switching it on (see enable_cpu_affinity() or CPU best practices for DGL [https://docs.dgl.ai/tutorials/cpu/cpu_best_practises.html])
  dgl_warning(
trial10 epoch=028 loss=0.084820 val_AUPRC=0.815765 best=0.815765@28 patience=0/20 train=16.440s val=8.179s
/workspace/pmp_vast/envs/pmp-author/lib/python3.10/site-packages/dgl/dataloading/dataloader.py:1076: DGLWarning: Dataloader CPU affinity opt is not enabled, consider switching it on (see enable_cpu_affinity() or CPU best practices for DGL [https://docs.dgl.ai/tutorials/cpu/cpu_best_practises.html])
  dgl_warning(
trial10 epoch=029 loss=0.080789 val_AUPRC=0.816839 best=0.816839@29 patience=0/20 train=19.178s val=8.166s
/workspace/pmp_vast/envs/pmp-author/lib/python3.10/site-packages/dgl/dataloading/dataloader.py:1076: DGLWarning: Dataloader CPU affinity opt is not enabled, consider switching it on (see enable_cpu_affinity() or CPU best practices for DGL [https://docs.dgl.ai/tutorials/cpu/cpu_best_practises.html])
  dgl_warning(
trial10 epoch=030 loss=0.085101 val_AUPRC=0.818093 best=0.818093@30 patience=0/20 train=16.676s val=7.829s
/workspace/pmp_vast/envs/pmp-author/lib/python3.10/site-packages/dgl/dataloading/dataloader.py:1076: DGLWarning: Dataloader CPU affinity opt is not enabled, consider switching it on (see enable_cpu_affinity() or CPU best practices for DGL [https://docs.dgl.ai/tutorials/cpu/cpu_best_practises.html])
  dgl_warning(
trial10 epoch=031 loss=0.082634 val_AUPRC=0.819507 best=0.819507@31 patience=0/20 train=15.612s val=7.819s
/workspace/pmp_vast/envs/pmp-author/lib/python3.10/site-packages/dgl/dataloading/dataloader.py:1076: DGLWarning: Dataloader CPU affinity opt is not enabled, consider switching it on (see enable_cpu_affinity() or CPU best practices for DGL [https://docs.dgl.ai/tutorials/cpu/cpu_best_practises.html])
  dgl_warning(
trial10 epoch=032 loss=0.078844 val_AUPRC=0.821695 best=0.821695@32 patience=0/20 train=15.946s val=7.727s
/workspace/pmp_vast/envs/pmp-author/lib/python3.10/site-packages/dgl/dataloading/dataloader.py:1076: DGLWarning: Dataloader CPU affinity opt is not enabled, consider switching it on (see enable_cpu_affinity() or CPU best practices for DGL [https://docs.dgl.ai/tutorials/cpu/cpu_best_practises.html])
  dgl_warning(
trial10 epoch=033 loss=0.079585 val_AUPRC=0.822295 best=0.822295@33 patience=0/20 train=15.911s val=7.845s
/workspace/pmp_vast/envs/pmp-author/lib/python3.10/site-packages/dgl/dataloading/dataloader.py:1076: DGLWarning: Dataloader CPU affinity opt is not enabled, consider switching it on (see enable_cpu_affinity() or CPU best practices for DGL [https://docs.dgl.ai/tutorials/cpu/cpu_best_practises.html])
  dgl_warning(
trial10 epoch=034 loss=0.078846 val_AUPRC=0.823214 best=0.823214@34 patience=0/20 train=15.901s val=8.404s
/workspace/pmp_vast/envs/pmp-author/lib/python3.10/site-packages/dgl/dataloading/dataloader.py:1076: DGLWarning: Dataloader CPU affinity opt is not enabled, consider switching it on (see enable_cpu_affinity() or CPU best practices for DGL [https://docs.dgl.ai/tutorials/cpu/cpu_best_practises.html])
  dgl_warning(
trial10 epoch=035 loss=0.076334 val_AUPRC=0.825290 best=0.825290@35 patience=0/20 train=16.154s val=7.866s
/workspace/pmp_vast/envs/pmp-author/lib/python3.10/site-packages/dgl/dataloading/dataloader.py:1076: DGLWarning: Dataloader CPU affinity opt is not enabled, consider switching it on (see enable_cpu_affinity() or CPU best practices for DGL [https://docs.dgl.ai/tutorials/cpu/cpu_best_practises.html])
  dgl_warning(
trial10 epoch=036 loss=0.077818 val_AUPRC=0.826238 best=0.826238@36 patience=0/20 train=15.626s val=8.648s
/workspace/pmp_vast/envs/pmp-author/lib/python3.10/site-packages/dgl/dataloading/dataloader.py:1076: DGLWarning: Dataloader CPU affinity opt is not enabled, consider switching it on (see enable_cpu_affinity() or CPU best practices for DGL [https://docs.dgl.ai/tutorials/cpu/cpu_best_practises.html])
  dgl_warning(
trial10 epoch=037 loss=0.078289 val_AUPRC=0.827770 best=0.827770@37 patience=0/20 train=15.709s val=7.812s
/workspace/pmp_vast/envs/pmp-author/lib/python3.10/site-packages/dgl/dataloading/dataloader.py:1076: DGLWarning: Dataloader CPU affinity opt is not enabled, consider switching it on (see enable_cpu_affinity() or CPU best practices for DGL [https://docs.dgl.ai/tutorials/cpu/cpu_best_practises.html])
  dgl_warning(
/workspace/pmp_vast/envs/pmp-author/lib/python3.10/site-packages/dgl/dataloading/dataloader.py:1076: DGLWarning: Dataloader CPU affinity opt is not enabled, consider switching it on (see enable_cpu_affinity() or CPU best practices for DGL [https://docs.dgl.ai/tutorials/cpu/cpu_best_practises.html])
  dgl_warning(
trial10 epoch=039 loss=0.072207 val_AUPRC=0.829317 best=0.829317@39 patience=0/20 train=16.004s val=7.966s
/workspace/pmp_vast/envs/pmp-author/lib/python3.10/site-packages/dgl/dataloading/dataloader.py:1076: DGLWarning: Dataloader CPU affinity opt is not enabled, consider switching it on (see enable_cpu_affinity() or CPU best practices for DGL [https://docs.dgl.ai/tutorials/cpu/cpu_best_practises.html])
  dgl_warning(
trial10 epoch=040 loss=0.073099 val_AUPRC=0.830367 best=0.830367@40 patience=0/20 train=15.728s val=8.165s
/workspace/pmp_vast/envs/pmp-author/lib/python3.10/site-packages/dgl/dataloading/dataloader.py:1076: DGLWarning: Dataloader CPU affinity opt is not enabled, consider switching it on (see enable_cpu_affinity() or CPU best practices for DGL [https://docs.dgl.ai/tutorials/cpu/cpu_best_practises.html])
  dgl_warning(
trial10 epoch=041 loss=0.072687 val_AUPRC=0.831097 best=0.831097@41 patience=0/20 train=15.987s val=7.979s
/workspace/pmp_vast/envs/pmp-author/lib/python3.10/site-packages/dgl/dataloading/dataloader.py:1076: DGLWarning: Dataloader CPU affinity opt is not enabled, consider switching it on (see enable_cpu_affinity() or CPU best practices for DGL [https://docs.dgl.ai/tutorials/cpu/cpu_best_practises.html])
  dgl_warning(
trial10 epoch=042 loss=0.069274 val_AUPRC=0.832168 best=0.832168@42 patience=0/20 train=16.107s val=8.314s
/workspace/pmp_vast/envs/pmp-author/lib/python3.10/site-packages/dgl/dataloading/dataloader.py:1076: DGLWarning: Dataloader CPU affinity opt is not enabled, consider switching it on (see enable_cpu_affinity() or CPU best practices for DGL [https://docs.dgl.ai/tutorials/cpu/cpu_best_practises.html])
  dgl_warning(
trial10 epoch=043 loss=0.071878 val_AUPRC=0.832979 best=0.832979@43 patience=0/20 train=16.310s val=8.263s
/workspace/pmp_vast/envs/pmp-author/lib/python3.10/site-packages/dgl/dataloading/dataloader.py:1076: DGLWarning: Dataloader CPU affinity opt is not enabled, consider switching it on (see enable_cpu_affinity() or CPU best practices for DGL [https://docs.dgl.ai/tutorials/cpu/cpu_best_practises.html])
  dgl_warning(
trial10 epoch=044 loss=0.067899 val_AUPRC=0.833967 best=0.833967@44 patience=0/20 train=16.416s val=8.088s
/workspace/pmp_vast/envs/pmp-author/lib/python3.10/site-packages/dgl/dataloading/dataloader.py:1076: DGLWarning: Dataloader CPU affinity opt is not enabled, consider switching it on (see enable_cpu_affinity() or CPU best practices for DGL [https://docs.dgl.ai/tutorials/cpu/cpu_best_practises.html])
  dgl_warning(
trial10 epoch=045 loss=0.068982 val_AUPRC=0.835100 best=0.835100@45 patience=0/20 train=16.365s val=8.101s
/workspace/pmp_vast/envs/pmp-author/lib/python3.10/site-packages/dgl/dataloading/dataloader.py:1076: DGLWarning: Dataloader CPU affinity opt is not enabled, consider switching it on (see enable_cpu_affinity() or CPU best practices for DGL [https://docs.dgl.ai/tutorials/cpu/cpu_best_practises.html])
  dgl_warning(
trial10 epoch=046 loss=0.070105 val_AUPRC=0.835486 best=0.835486@46 patience=0/20 train=15.959s val=8.138s
/workspace/pmp_vast/envs/pmp-author/lib/python3.10/site-packages/dgl/dataloading/dataloader.py:1076: DGLWarning: Dataloader CPU affinity opt is not enabled, consider switching it on (see enable_cpu_affinity() or CPU best practices for DGL [https://docs.dgl.ai/tutorials/cpu/cpu_best_practises.html])
  dgl_warning(
trial10 epoch=047 loss=0.066986 val_AUPRC=0.835806 best=0.835806@47 patience=0/20 train=15.790s val=8.414s
/workspace/pmp_vast/envs/pmp-author/lib/python3.10/site-packages/dgl/dataloading/dataloader.py:1076: DGLWarning: Dataloader CPU affinity opt is not enabled, consider switching it on (see enable_cpu_affinity() or CPU best practices for DGL [https://docs.dgl.ai/tutorials/cpu/cpu_best_practises.html])
  dgl_warning(
trial10 epoch=048 loss=0.068251 val_AUPRC=0.836281 best=0.836281@48 patience=0/20 train=16.584s val=8.175s
/workspace/pmp_vast/envs/pmp-author/lib/python3.10/site-packages/dgl/dataloading/dataloader.py:1076: DGLWarning: Dataloader CPU affinity opt is not enabled, consider switching it on (see enable_cpu_affinity() or CPU best practices for DGL [https://docs.dgl.ai/tutorials/cpu/cpu_best_practises.html])
  dgl_warning(
trial10 epoch=049 loss=0.068763 val_AUPRC=0.837410 best=0.837410@49 patience=0/20 train=15.745s val=7.905s
/workspace/pmp_vast/envs/pmp-author/lib/python3.10/site-packages/dgl/dataloading/dataloader.py:1076: DGLWarning: Dataloader CPU affinity opt is not enabled, consider switching it on (see enable_cpu_affinity() or CPU best practices for DGL [https://docs.dgl.ai/tutorials/cpu/cpu_best_practises.html])
  dgl_warning(
trial10 epoch=050 loss=0.065900 val_AUPRC=0.837608 best=0.837608@50 patience=0/20 train=16.142s val=8.103s
/workspace/pmp_vast/envs/pmp-author/lib/python3.10/site-packages/dgl/dataloading/dataloader.py:1076: DGLWarning: Dataloader CPU affinity opt is not enabled, consider switching it on (see enable_cpu_affinity() or CPU best practices for DGL [https://docs.dgl.ai/tutorials/cpu/cpu_best_practises.html])
  dgl_warning(
trial10 epoch=051 loss=0.067637 val_AUPRC=0.838214 best=0.838214@51 patience=0/20 train=17.137s val=9.274s
/workspace/pmp_vast/envs/pmp-author/lib/python3.10/site-packages/dgl/dataloading/dataloader.py:1076: DGLWarning: Dataloader CPU affinity opt is not enabled, consider switching it on (see enable_cpu_affinity() or CPU best practices for DGL [https://docs.dgl.ai/tutorials/cpu/cpu_best_practises.html])
  dgl_warning(
/workspace/pmp_vast/envs/pmp-author/lib/python3.10/site-packages/dgl/dataloading/dataloader.py:1076: DGLWarning: Dataloader CPU affinity opt is not enabled, consider switching it on (see enable_cpu_affinity() or CPU best practices for DGL [https://docs.dgl.ai/tutorials/cpu/cpu_best_practises.html])
  dgl_warning(
trial10 epoch=053 loss=0.065558 val_AUPRC=0.838554 best=0.838554@53 patience=0/20 train=16.574s val=8.340s
/workspace/pmp_vast/envs/pmp-author/lib/python3.10/site-packages/dgl/dataloading/dataloader.py:1076: DGLWarning: Dataloader CPU affinity opt is not enabled, consider switching it on (see enable_cpu_affinity() or CPU best practices for DGL [https://docs.dgl.ai/tutorials/cpu/cpu_best_practises.html])
  dgl_warning(
trial10 epoch=054 loss=0.065046 val_AUPRC=0.838998 best=0.838998@54 patience=0/20 train=16.362s val=8.323s
/workspace/pmp_vast/envs/pmp-author/lib/python3.10/site-packages/dgl/dataloading/dataloader.py:1076: DGLWarning: Dataloader CPU affinity opt is not enabled, consider switching it on (see enable_cpu_affinity() or CPU best practices for DGL [https://docs.dgl.ai/tutorials/cpu/cpu_best_practises.html])
  dgl_warning(
trial10 epoch=055 loss=0.064524 val_AUPRC=0.839124 best=0.839124@55 patience=0/20 train=16.018s val=8.475s
/workspace/pmp_vast/envs/pmp-author/lib/python3.10/site-packages/dgl/dataloading/dataloader.py:1076: DGLWarning: Dataloader CPU affinity opt is not enabled, consider switching it on (see enable_cpu_affinity() or CPU best practices for DGL [https://docs.dgl.ai/tutorials/cpu/cpu_best_practises.html])
  dgl_warning(
trial10 epoch=056 loss=0.064103 val_AUPRC=0.839417 best=0.839417@56 patience=0/20 train=15.787s val=8.191s
/workspace/pmp_vast/envs/pmp-author/lib/python3.10/site-packages/dgl/dataloading/dataloader.py:1076: DGLWarning: Dataloader CPU affinity opt is not enabled, consider switching it on (see enable_cpu_affinity() or CPU best practices for DGL [https://docs.dgl.ai/tutorials/cpu/cpu_best_practises.html])
  dgl_warning(
trial10 epoch=057 loss=0.061395 val_AUPRC=0.839588 best=0.839588@57 patience=0/20 train=16.119s val=8.615s
/workspace/pmp_vast/envs/pmp-author/lib/python3.10/site-packages/dgl/dataloading/dataloader.py:1076: DGLWarning: Dataloader CPU affinity opt is not enabled, consider switching it on (see enable_cpu_affinity() or CPU best practices for DGL [https://docs.dgl.ai/tutorials/cpu/cpu_best_practises.html])
  dgl_warning(
trial10 epoch=058 loss=0.065404 val_AUPRC=0.840671 best=0.840671@58 patience=0/20 train=17.815s val=8.929s
/workspace/pmp_vast/envs/pmp-author/lib/python3.10/site-packages/dgl/dataloading/dataloader.py:1076: DGLWarning: Dataloader CPU affinity opt is not enabled, consider switching it on (see enable_cpu_affinity() or CPU best practices for DGL [https://docs.dgl.ai/tutorials/cpu/cpu_best_practises.html])
  dgl_warning(
/workspace/pmp_vast/envs/pmp-author/lib/python3.10/site-packages/dgl/dataloading/dataloader.py:1076: DGLWarning: Dataloader CPU affinity opt is not enabled, consider switching it on (see enable_cpu_affinity() or CPU best practices for DGL [https://docs.dgl.ai/tutorials/cpu/cpu_best_practises.html])
  dgl_warning(
trial10 epoch=060 loss=0.060124 val_AUPRC=0.841351 best=0.841351@60 patience=0/20 train=15.887s val=8.274s
/workspace/pmp_vast/envs/pmp-author/lib/python3.10/site-packages/dgl/dataloading/dataloader.py:1076: DGLWarning: Dataloader CPU affinity opt is not enabled, consider switching it on (see enable_cpu_affinity() or CPU best practices for DGL [https://docs.dgl.ai/tutorials/cpu/cpu_best_practises.html])
  dgl_warning(
/workspace/pmp_vast/envs/pmp-author/lib/python3.10/site-packages/dgl/dataloading/dataloader.py:1076: DGLWarning: Dataloader CPU affinity opt is not enabled, consider switching it on (see enable_cpu_affinity() or CPU best practices for DGL [https://docs.dgl.ai/tutorials/cpu/cpu_best_practises.html])
  dgl_warning(
trial10 epoch=062 loss=0.062913 val_AUPRC=0.841447 best=0.841447@62 patience=0/20 train=16.001s val=8.189s
/workspace/pmp_vast/envs/pmp-author/lib/python3.10/site-packages/dgl/dataloading/dataloader.py:1076: DGLWarning: Dataloader CPU affinity opt is not enabled, consider switching it on (see enable_cpu_affinity() or CPU best practices for DGL [https://docs.dgl.ai/tutorials/cpu/cpu_best_practises.html])
  dgl_warning(
trial10 epoch=063 loss=0.059827 val_AUPRC=0.842808 best=0.842808@63 patience=0/20 train=18.114s val=8.784s
/workspace/pmp_vast/envs/pmp-author/lib/python3.10/site-packages/dgl/dataloading/dataloader.py:1076: DGLWarning: Dataloader CPU affinity opt is not enabled, consider switching it on (see enable_cpu_affinity() or CPU best practices for DGL [https://docs.dgl.ai/tutorials/cpu/cpu_best_practises.html])
  dgl_warning(
trial10 epoch=064 loss=0.062177 val_AUPRC=0.843573 best=0.843573@64 patience=0/20 train=16.096s val=8.344s
/workspace/pmp_vast/envs/pmp-author/lib/python3.10/site-packages/dgl/dataloading/dataloader.py:1076: DGLWarning: Dataloader CPU affinity opt is not enabled, consider switching it on (see enable_cpu_affinity() or CPU best practices for DGL [https://docs.dgl.ai/tutorials/cpu/cpu_best_practises.html])
  dgl_warning(
/workspace/pmp_vast/envs/pmp-author/lib/python3.10/site-packages/dgl/dataloading/dataloader.py:1076: DGLWarning: Dataloader CPU affinity opt is not enabled, consider switching it on (see enable_cpu_affinity() or CPU best practices for DGL [https://docs.dgl.ai/tutorials/cpu/cpu_best_practises.html])
  dgl_warning(
trial10 epoch=066 loss=0.057711 val_AUPRC=0.844506 best=0.844506@66 patience=0/20 train=15.795s val=8.247s
/workspace/pmp_vast/envs/pmp-author/lib/python3.10/site-packages/dgl/dataloading/dataloader.py:1076: DGLWarning: Dataloader CPU affinity opt is not enabled, consider switching it on (see enable_cpu_affinity() or CPU best practices for DGL [https://docs.dgl.ai/tutorials/cpu/cpu_best_practises.html])
  dgl_warning(
/workspace/pmp_vast/envs/pmp-author/lib/python3.10/site-packages/dgl/dataloading/dataloader.py:1076: DGLWarning: Dataloader CPU affinity opt is not enabled, consider switching it on (see enable_cpu_affinity() or CPU best practices for DGL [https://docs.dgl.ai/tutorials/cpu/cpu_best_practises.html])
  dgl_warning(
/workspace/pmp_vast/envs/pmp-author/lib/python3.10/site-packages/dgl/dataloading/dataloader.py:1076: DGLWarning: Dataloader CPU affinity opt is not enabled, consider switching it on (see enable_cpu_affinity() or CPU best practices for DGL [https://docs.dgl.ai/tutorials/cpu/cpu_best_practises.html])
  dgl_warning(
/workspace/pmp_vast/envs/pmp-author/lib/python3.10/site-packages/dgl/dataloading/dataloader.py:1076: DGLWarning: Dataloader CPU affinity opt is not enabled, consider switching it on (see enable_cpu_affinity() or CPU best practices for DGL [https://docs.dgl.ai/tutorials/cpu/cpu_best_practises.html])
  dgl_warning(
trial10 epoch=070 loss=0.059025 val_AUPRC=0.843964 best=0.844506@66 patience=4/20 train=16.298s val=8.522s
/workspace/pmp_vast/envs/pmp-author/lib/python3.10/site-packages/dgl/dataloading/dataloader.py:1076: DGLWarning: Dataloader CPU affinity opt is not enabled, consider switching it on (see enable_cpu_affinity() or CPU best practices for DGL [https://docs.dgl.ai/tutorials/cpu/cpu_best_practises.html])
  dgl_warning(
/workspace/pmp_vast/envs/pmp-author/lib/python3.10/site-packages/dgl/dataloading/dataloader.py:1076: DGLWarning: Dataloader CPU affinity opt is not enabled, consider switching it on (see enable_cpu_affinity() or CPU best practices for DGL [https://docs.dgl.ai/tutorials/cpu/cpu_best_practises.html])
  dgl_warning(
trial10 epoch=072 loss=0.059133 val_AUPRC=0.846241 best=0.846241@72 patience=0/20 train=15.735s val=8.096s
/workspace/pmp_vast/envs/pmp-author/lib/python3.10/site-packages/dgl/dataloading/dataloader.py:1076: DGLWarning: Dataloader CPU affinity opt is not enabled, consider switching it on (see enable_cpu_affinity() or CPU best practices for DGL [https://docs.dgl.ai/tutorials/cpu/cpu_best_practises.html])
  dgl_warning(
/workspace/pmp_vast/envs/pmp-author/lib/python3.10/site-packages/dgl/dataloading/dataloader.py:1076: DGLWarning: Dataloader CPU affinity opt is not enabled, consider switching it on (see enable_cpu_affinity() or CPU best practices for DGL [https://docs.dgl.ai/tutorials/cpu/cpu_best_practises.html])
  dgl_warning(
trial10 epoch=074 loss=0.057906 val_AUPRC=0.846628 best=0.846628@74 patience=0/20 train=16.224s val=7.988s
/workspace/pmp_vast/envs/pmp-author/lib/python3.10/site-packages/dgl/dataloading/dataloader.py:1076: DGLWarning: Dataloader CPU affinity opt is not enabled, consider switching it on (see enable_cpu_affinity() or CPU best practices for DGL [https://docs.dgl.ai/tutorials/cpu/cpu_best_practises.html])
  dgl_warning(
trial10 epoch=075 loss=0.058239 val_AUPRC=0.847134 best=0.847134@75 patience=0/20 train=15.731s val=8.049s
/workspace/pmp_vast/envs/pmp-author/lib/python3.10/site-packages/dgl/dataloading/dataloader.py:1076: DGLWarning: Dataloader CPU affinity opt is not enabled, consider switching it on (see enable_cpu_affinity() or CPU best practices for DGL [https://docs.dgl.ai/tutorials/cpu/cpu_best_practises.html])
  dgl_warning(
/workspace/pmp_vast/envs/pmp-author/lib/python3.10/site-packages/dgl/dataloading/dataloader.py:1076: DGLWarning: Dataloader CPU affinity opt is not enabled, consider switching it on (see enable_cpu_affinity() or CPU best practices for DGL [https://docs.dgl.ai/tutorials/cpu/cpu_best_practises.html])
  dgl_warning(
/workspace/pmp_vast/envs/pmp-author/lib/python3.10/site-packages/dgl/dataloading/dataloader.py:1076: DGLWarning: Dataloader CPU affinity opt is not enabled, consider switching it on (see enable_cpu_affinity() or CPU best practices for DGL [https://docs.dgl.ai/tutorials/cpu/cpu_best_practises.html])
  dgl_warning(
trial10 epoch=078 loss=0.057507 val_AUPRC=0.847847 best=0.847847@78 patience=0/20 train=16.532s val=8.214s
/workspace/pmp_vast/envs/pmp-author/lib/python3.10/site-packages/dgl/dataloading/dataloader.py:1076: DGLWarning: Dataloader CPU affinity opt is not enabled, consider switching it on (see enable_cpu_affinity() or CPU best practices for DGL [https://docs.dgl.ai/tutorials/cpu/cpu_best_practises.html])
  dgl_warning(
/workspace/pmp_vast/envs/pmp-author/lib/python3.10/site-packages/dgl/dataloading/dataloader.py:1076: DGLWarning: Dataloader CPU affinity opt is not enabled, consider switching it on (see enable_cpu_affinity() or CPU best practices for DGL [https://docs.dgl.ai/tutorials/cpu/cpu_best_practises.html])
  dgl_warning(
trial10 epoch=080 loss=0.057191 val_AUPRC=0.848421 best=0.848421@80 patience=0/20 train=17.586s val=8.347s
/workspace/pmp_vast/envs/pmp-author/lib/python3.10/site-packages/dgl/dataloading/dataloader.py:1076: DGLWarning: Dataloader CPU affinity opt is not enabled, consider switching it on (see enable_cpu_affinity() or CPU best practices for DGL [https://docs.dgl.ai/tutorials/cpu/cpu_best_practises.html])
  dgl_warning(
/workspace/pmp_vast/envs/pmp-author/lib/python3.10/site-packages/dgl/dataloading/dataloader.py:1076: DGLWarning: Dataloader CPU affinity opt is not enabled, consider switching it on (see enable_cpu_affinity() or CPU best practices for DGL [https://docs.dgl.ai/tutorials/cpu/cpu_best_practises.html])
  dgl_warning(
/workspace/pmp_vast/envs/pmp-author/lib/python3.10/site-packages/dgl/dataloading/dataloader.py:1076: DGLWarning: Dataloader CPU affinity opt is not enabled, consider switching it on (see enable_cpu_affinity() or CPU best practices for DGL [https://docs.dgl.ai/tutorials/cpu/cpu_best_practises.html])
  dgl_warning(
/workspace/pmp_vast/envs/pmp-author/lib/python3.10/site-packages/dgl/dataloading/dataloader.py:1076: DGLWarning: Dataloader CPU affinity opt is not enabled, consider switching it on (see enable_cpu_affinity() or CPU best practices for DGL [https://docs.dgl.ai/tutorials/cpu/cpu_best_practises.html])
  dgl_warning(
/workspace/pmp_vast/envs/pmp-author/lib/python3.10/site-packages/dgl/dataloading/dataloader.py:1076: DGLWarning: Dataloader CPU affinity opt is not enabled, consider switching it on (see enable_cpu_affinity() or CPU best practices for DGL [https://docs.dgl.ai/tutorials/cpu/cpu_best_practises.html])
  dgl_warning(
trial10 epoch=085 loss=0.055096 val_AUPRC=0.850690 best=0.850690@85 patience=0/20 train=16.368s val=8.111s
/workspace/pmp_vast/envs/pmp-author/lib/python3.10/site-packages/dgl/dataloading/dataloader.py:1076: DGLWarning: Dataloader CPU affinity opt is not enabled, consider switching it on (see enable_cpu_affinity() or CPU best practices for DGL [https://docs.dgl.ai/tutorials/cpu/cpu_best_practises.html])
  dgl_warning(
/workspace/pmp_vast/envs/pmp-author/lib/python3.10/site-packages/dgl/dataloading/dataloader.py:1076: DGLWarning: Dataloader CPU affinity opt is not enabled, consider switching it on (see enable_cpu_affinity() or CPU best practices for DGL [https://docs.dgl.ai/tutorials/cpu/cpu_best_practises.html])
  dgl_warning(
/workspace/pmp_vast/envs/pmp-author/lib/python3.10/site-packages/dgl/dataloading/dataloader.py:1076: DGLWarning: Dataloader CPU affinity opt is not enabled, consider switching it on (see enable_cpu_affinity() or CPU best practices for DGL [https://docs.dgl.ai/tutorials/cpu/cpu_best_practises.html])
  dgl_warning(
/workspace/pmp_vast/envs/pmp-author/lib/python3.10/site-packages/dgl/dataloading/dataloader.py:1076: DGLWarning: Dataloader CPU affinity opt is not enabled, consider switching it on (see enable_cpu_affinity() or CPU best practices for DGL [https://docs.dgl.ai/tutorials/cpu/cpu_best_practises.html])
  dgl_warning(
/workspace/pmp_vast/envs/pmp-author/lib/python3.10/site-packages/dgl/dataloading/dataloader.py:1076: DGLWarning: Dataloader CPU affinity opt is not enabled, consider switching it on (see enable_cpu_affinity() or CPU best practices for DGL [https://docs.dgl.ai/tutorials/cpu/cpu_best_practises.html])
  dgl_warning(
trial10 epoch=090 loss=0.055479 val_AUPRC=0.850138 best=0.850690@85 patience=5/20 train=15.438s val=7.737s
/workspace/pmp_vast/envs/pmp-author/lib/python3.10/site-packages/dgl/dataloading/dataloader.py:1076: DGLWarning: Dataloader CPU affinity opt is not enabled, consider switching it on (see enable_cpu_affinity() or CPU best practices for DGL [https://docs.dgl.ai/tutorials/cpu/cpu_best_practises.html])
  dgl_warning(
trial10 epoch=091 loss=0.055107 val_AUPRC=0.850922 best=0.850922@91 patience=0/20 train=15.597s val=7.897s
/workspace/pmp_vast/envs/pmp-author/lib/python3.10/site-packages/dgl/dataloading/dataloader.py:1076: DGLWarning: Dataloader CPU affinity opt is not enabled, consider switching it on (see enable_cpu_affinity() or CPU best practices for DGL [https://docs.dgl.ai/tutorials/cpu/cpu_best_practises.html])
  dgl_warning(
trial10 epoch=092 loss=0.054872 val_AUPRC=0.851259 best=0.851259@92 patience=0/20 train=16.504s val=8.076s
/workspace/pmp_vast/envs/pmp-author/lib/python3.10/site-packages/dgl/dataloading/dataloader.py:1076: DGLWarning: Dataloader CPU affinity opt is not enabled, consider switching it on (see enable_cpu_affinity() or CPU best practices for DGL [https://docs.dgl.ai/tutorials/cpu/cpu_best_practises.html])
  dgl_warning(
/workspace/pmp_vast/envs/pmp-author/lib/python3.10/site-packages/dgl/dataloading/dataloader.py:1076: DGLWarning: Dataloader CPU affinity opt is not enabled, consider switching it on (see enable_cpu_affinity() or CPU best practices for DGL [https://docs.dgl.ai/tutorials/cpu/cpu_best_practises.html])
  dgl_warning(
trial10 epoch=094 loss=0.054006 val_AUPRC=0.851536 best=0.851536@94 patience=0/20 train=15.607s val=7.985s
/workspace/pmp_vast/envs/pmp-author/lib/python3.10/site-packages/dgl/dataloading/dataloader.py:1076: DGLWarning: Dataloader CPU affinity opt is not enabled, consider switching it on (see enable_cpu_affinity() or CPU best practices for DGL [https://docs.dgl.ai/tutorials/cpu/cpu_best_practises.html])
  dgl_warning(
/workspace/pmp_vast/envs/pmp-author/lib/python3.10/site-packages/dgl/dataloading/dataloader.py:1076: DGLWarning: Dataloader CPU affinity opt is not enabled, consider switching it on (see enable_cpu_affinity() or CPU best practices for DGL [https://docs.dgl.ai/tutorials/cpu/cpu_best_practises.html])
  dgl_warning(
/workspace/pmp_vast/envs/pmp-author/lib/python3.10/site-packages/dgl/dataloading/dataloader.py:1076: DGLWarning: Dataloader CPU affinity opt is not enabled, consider switching it on (see enable_cpu_affinity() or CPU best practices for DGL [https://docs.dgl.ai/tutorials/cpu/cpu_best_practises.html])
  dgl_warning(
/workspace/pmp_vast/envs/pmp-author/lib/python3.10/site-packages/dgl/dataloading/dataloader.py:1076: DGLWarning: Dataloader CPU affinity opt is not enabled, consider switching it on (see enable_cpu_affinity() or CPU best practices for DGL [https://docs.dgl.ai/tutorials/cpu/cpu_best_practises.html])
  dgl_warning(
/workspace/pmp_vast/envs/pmp-author/lib/python3.10/site-packages/dgl/dataloading/dataloader.py:1076: DGLWarning: Dataloader CPU affinity opt is not enabled, consider switching it on (see enable_cpu_affinity() or CPU best practices for DGL [https://docs.dgl.ai/tutorials/cpu/cpu_best_practises.html])
  dgl_warning(
/workspace/pmp_vast/envs/pmp-author/lib/python3.10/site-packages/dgl/dataloading/dataloader.py:1076: DGLWarning: Dataloader CPU affinity opt is not enabled, consider switching it on (see enable_cpu_affinity() or CPU best practices for DGL [https://docs.dgl.ai/tutorials/cpu/cpu_best_practises.html])
  dgl_warning(
trial10 epoch=100 loss=0.055249 val_AUPRC=0.850974 best=0.851536@94 patience=6/20 train=15.677s val=7.979s
TUNE trial10 PASS | best_val_AUPRC=0.851536@94 | TEST_ACCESSED=NO

===== TUNE 11/12 | lr=0.0001 wd=0.0001 =====
/workspace/pmp_vast/envs/pmp-author/lib/python3.10/site-packages/dgl/dataloading/dataloader.py:1076: DGLWarning: Dataloader CPU affinity opt is not enabled, consider switching it on (see enable_cpu_affinity() or CPU best practices for DGL [https://docs.dgl.ai/tutorials/cpu/cpu_best_practises.html])
  dgl_warning(
trial11 epoch=001 loss=0.850053 val_AUPRC=0.074732 best=0.074732@1 patience=0/20 train=19.496s val=8.034s
/workspace/pmp_vast/envs/pmp-author/lib/python3.10/site-packages/dgl/dataloading/dataloader.py:1076: DGLWarning: Dataloader CPU affinity opt is not enabled, consider switching it on (see enable_cpu_affinity() or CPU best practices for DGL [https://docs.dgl.ai/tutorials/cpu/cpu_best_practises.html])
  dgl_warning(
trial11 epoch=002 loss=0.402497 val_AUPRC=0.077098 best=0.077098@2 patience=0/20 train=17.670s val=8.130s
/workspace/pmp_vast/envs/pmp-author/lib/python3.10/site-packages/dgl/dataloading/dataloader.py:1076: DGLWarning: Dataloader CPU affinity opt is not enabled, consider switching it on (see enable_cpu_affinity() or CPU best practices for DGL [https://docs.dgl.ai/tutorials/cpu/cpu_best_practises.html])
  dgl_warning(
trial11 epoch=003 loss=0.343460 val_AUPRC=0.094167 best=0.094167@3 patience=0/20 train=16.537s val=8.571s
/workspace/pmp_vast/envs/pmp-author/lib/python3.10/site-packages/dgl/dataloading/dataloader.py:1076: DGLWarning: Dataloader CPU affinity opt is not enabled, consider switching it on (see enable_cpu_affinity() or CPU best practices for DGL [https://docs.dgl.ai/tutorials/cpu/cpu_best_practises.html])
  dgl_warning(
trial11 epoch=004 loss=0.294306 val_AUPRC=0.195195 best=0.195195@4 patience=0/20 train=16.488s val=7.951s
/workspace/pmp_vast/envs/pmp-author/lib/python3.10/site-packages/dgl/dataloading/dataloader.py:1076: DGLWarning: Dataloader CPU affinity opt is not enabled, consider switching it on (see enable_cpu_affinity() or CPU best practices for DGL [https://docs.dgl.ai/tutorials/cpu/cpu_best_practises.html])
  dgl_warning(
trial11 epoch=005 loss=0.255753 val_AUPRC=0.565597 best=0.565597@5 patience=0/20 train=16.286s val=7.759s
/workspace/pmp_vast/envs/pmp-author/lib/python3.10/site-packages/dgl/dataloading/dataloader.py:1076: DGLWarning: Dataloader CPU affinity opt is not enabled, consider switching it on (see enable_cpu_affinity() or CPU best practices for DGL [https://docs.dgl.ai/tutorials/cpu/cpu_best_practises.html])
  dgl_warning(
trial11 epoch=006 loss=0.220466 val_AUPRC=0.671029 best=0.671029@6 patience=0/20 train=17.801s val=9.907s
/workspace/pmp_vast/envs/pmp-author/lib/python3.10/site-packages/dgl/dataloading/dataloader.py:1076: DGLWarning: Dataloader CPU affinity opt is not enabled, consider switching it on (see enable_cpu_affinity() or CPU best practices for DGL [https://docs.dgl.ai/tutorials/cpu/cpu_best_practises.html])
  dgl_warning(
trial11 epoch=007 loss=0.176265 val_AUPRC=0.737329 best=0.737329@7 patience=0/20 train=16.149s val=7.852s
/workspace/pmp_vast/envs/pmp-author/lib/python3.10/site-packages/dgl/dataloading/dataloader.py:1076: DGLWarning: Dataloader CPU affinity opt is not enabled, consider switching it on (see enable_cpu_affinity() or CPU best practices for DGL [https://docs.dgl.ai/tutorials/cpu/cpu_best_practises.html])
  dgl_warning(
trial11 epoch=008 loss=0.152033 val_AUPRC=0.757256 best=0.757256@8 patience=0/20 train=15.709s val=7.832s
/workspace/pmp_vast/envs/pmp-author/lib/python3.10/site-packages/dgl/dataloading/dataloader.py:1076: DGLWarning: Dataloader CPU affinity opt is not enabled, consider switching it on (see enable_cpu_affinity() or CPU best practices for DGL [https://docs.dgl.ai/tutorials/cpu/cpu_best_practises.html])
  dgl_warning(
trial11 epoch=009 loss=0.143794 val_AUPRC=0.771405 best=0.771405@9 patience=0/20 train=15.552s val=7.751s
/workspace/pmp_vast/envs/pmp-author/lib/python3.10/site-packages/dgl/dataloading/dataloader.py:1076: DGLWarning: Dataloader CPU affinity opt is not enabled, consider switching it on (see enable_cpu_affinity() or CPU best practices for DGL [https://docs.dgl.ai/tutorials/cpu/cpu_best_practises.html])
  dgl_warning(
trial11 epoch=010 loss=0.132063 val_AUPRC=0.777347 best=0.777347@10 patience=0/20 train=15.575s val=7.730s
/workspace/pmp_vast/envs/pmp-author/lib/python3.10/site-packages/dgl/dataloading/dataloader.py:1076: DGLWarning: Dataloader CPU affinity opt is not enabled, consider switching it on (see enable_cpu_affinity() or CPU best practices for DGL [https://docs.dgl.ai/tutorials/cpu/cpu_best_practises.html])
  dgl_warning(
trial11 epoch=011 loss=0.120835 val_AUPRC=0.779761 best=0.779761@11 patience=0/20 train=15.401s val=7.972s
/workspace/pmp_vast/envs/pmp-author/lib/python3.10/site-packages/dgl/dataloading/dataloader.py:1076: DGLWarning: Dataloader CPU affinity opt is not enabled, consider switching it on (see enable_cpu_affinity() or CPU best practices for DGL [https://docs.dgl.ai/tutorials/cpu/cpu_best_practises.html])
  dgl_warning(
trial11 epoch=012 loss=0.113270 val_AUPRC=0.784517 best=0.784517@12 patience=0/20 train=15.646s val=9.774s
/workspace/pmp_vast/envs/pmp-author/lib/python3.10/site-packages/dgl/dataloading/dataloader.py:1076: DGLWarning: Dataloader CPU affinity opt is not enabled, consider switching it on (see enable_cpu_affinity() or CPU best practices for DGL [https://docs.dgl.ai/tutorials/cpu/cpu_best_practises.html])
  dgl_warning(
trial11 epoch=013 loss=0.104748 val_AUPRC=0.785914 best=0.785914@13 patience=0/20 train=16.516s val=8.237s
/workspace/pmp_vast/envs/pmp-author/lib/python3.10/site-packages/dgl/dataloading/dataloader.py:1076: DGLWarning: Dataloader CPU affinity opt is not enabled, consider switching it on (see enable_cpu_affinity() or CPU best practices for DGL [https://docs.dgl.ai/tutorials/cpu/cpu_best_practises.html])
  dgl_warning(
trial11 epoch=014 loss=0.103883 val_AUPRC=0.789787 best=0.789787@14 patience=0/20 train=15.876s val=7.937s
/workspace/pmp_vast/envs/pmp-author/lib/python3.10/site-packages/dgl/dataloading/dataloader.py:1076: DGLWarning: Dataloader CPU affinity opt is not enabled, consider switching it on (see enable_cpu_affinity() or CPU best practices for DGL [https://docs.dgl.ai/tutorials/cpu/cpu_best_practises.html])
  dgl_warning(
trial11 epoch=015 loss=0.110621 val_AUPRC=0.793273 best=0.793273@15 patience=0/20 train=15.642s val=7.987s
/workspace/pmp_vast/envs/pmp-author/lib/python3.10/site-packages/dgl/dataloading/dataloader.py:1076: DGLWarning: Dataloader CPU affinity opt is not enabled, consider switching it on (see enable_cpu_affinity() or CPU best practices for DGL [https://docs.dgl.ai/tutorials/cpu/cpu_best_practises.html])
  dgl_warning(
trial11 epoch=016 loss=0.098210 val_AUPRC=0.793389 best=0.793389@16 patience=0/20 train=15.825s val=7.726s
/workspace/pmp_vast/envs/pmp-author/lib/python3.10/site-packages/dgl/dataloading/dataloader.py:1076: DGLWarning: Dataloader CPU affinity opt is not enabled, consider switching it on (see enable_cpu_affinity() or CPU best practices for DGL [https://docs.dgl.ai/tutorials/cpu/cpu_best_practises.html])
  dgl_warning(
trial11 epoch=017 loss=0.096864 val_AUPRC=0.795143 best=0.795143@17 patience=0/20 train=15.480s val=7.731s
/workspace/pmp_vast/envs/pmp-author/lib/python3.10/site-packages/dgl/dataloading/dataloader.py:1076: DGLWarning: Dataloader CPU affinity opt is not enabled, consider switching it on (see enable_cpu_affinity() or CPU best practices for DGL [https://docs.dgl.ai/tutorials/cpu/cpu_best_practises.html])
  dgl_warning(
trial11 epoch=018 loss=0.097747 val_AUPRC=0.796542 best=0.796542@18 patience=0/20 train=15.532s val=7.975s
/workspace/pmp_vast/envs/pmp-author/lib/python3.10/site-packages/dgl/dataloading/dataloader.py:1076: DGLWarning: Dataloader CPU affinity opt is not enabled, consider switching it on (see enable_cpu_affinity() or CPU best practices for DGL [https://docs.dgl.ai/tutorials/cpu/cpu_best_practises.html])
  dgl_warning(
trial11 epoch=019 loss=0.097446 val_AUPRC=0.798854 best=0.798854@19 patience=0/20 train=15.544s val=7.765s
/workspace/pmp_vast/envs/pmp-author/lib/python3.10/site-packages/dgl/dataloading/dataloader.py:1076: DGLWarning: Dataloader CPU affinity opt is not enabled, consider switching it on (see enable_cpu_affinity() or CPU best practices for DGL [https://docs.dgl.ai/tutorials/cpu/cpu_best_practises.html])
  dgl_warning(
trial11 epoch=020 loss=0.091188 val_AUPRC=0.799139 best=0.799139@20 patience=0/20 train=15.585s val=7.848s
/workspace/pmp_vast/envs/pmp-author/lib/python3.10/site-packages/dgl/dataloading/dataloader.py:1076: DGLWarning: Dataloader CPU affinity opt is not enabled, consider switching it on (see enable_cpu_affinity() or CPU best practices for DGL [https://docs.dgl.ai/tutorials/cpu/cpu_best_practises.html])
  dgl_warning(
trial11 epoch=021 loss=0.091196 val_AUPRC=0.801600 best=0.801600@21 patience=0/20 train=16.084s val=8.079s
/workspace/pmp_vast/envs/pmp-author/lib/python3.10/site-packages/dgl/dataloading/dataloader.py:1076: DGLWarning: Dataloader CPU affinity opt is not enabled, consider switching it on (see enable_cpu_affinity() or CPU best practices for DGL [https://docs.dgl.ai/tutorials/cpu/cpu_best_practises.html])
  dgl_warning(
trial11 epoch=022 loss=0.091285 val_AUPRC=0.803551 best=0.803551@22 patience=0/20 train=15.917s val=7.969s
/workspace/pmp_vast/envs/pmp-author/lib/python3.10/site-packages/dgl/dataloading/dataloader.py:1076: DGLWarning: Dataloader CPU affinity opt is not enabled, consider switching it on (see enable_cpu_affinity() or CPU best practices for DGL [https://docs.dgl.ai/tutorials/cpu/cpu_best_practises.html])
  dgl_warning(
trial11 epoch=023 loss=0.092806 val_AUPRC=0.805981 best=0.805981@23 patience=0/20 train=18.250s val=8.372s
/workspace/pmp_vast/envs/pmp-author/lib/python3.10/site-packages/dgl/dataloading/dataloader.py:1076: DGLWarning: Dataloader CPU affinity opt is not enabled, consider switching it on (see enable_cpu_affinity() or CPU best practices for DGL [https://docs.dgl.ai/tutorials/cpu/cpu_best_practises.html])
  dgl_warning(
trial11 epoch=024 loss=0.089120 val_AUPRC=0.808715 best=0.808715@24 patience=0/20 train=16.729s val=8.468s
/workspace/pmp_vast/envs/pmp-author/lib/python3.10/site-packages/dgl/dataloading/dataloader.py:1076: DGLWarning: Dataloader CPU affinity opt is not enabled, consider switching it on (see enable_cpu_affinity() or CPU best practices for DGL [https://docs.dgl.ai/tutorials/cpu/cpu_best_practises.html])
  dgl_warning(
trial11 epoch=025 loss=0.088700 val_AUPRC=0.809251 best=0.809251@25 patience=0/20 train=16.586s val=8.167s
/workspace/pmp_vast/envs/pmp-author/lib/python3.10/site-packages/dgl/dataloading/dataloader.py:1076: DGLWarning: Dataloader CPU affinity opt is not enabled, consider switching it on (see enable_cpu_affinity() or CPU best practices for DGL [https://docs.dgl.ai/tutorials/cpu/cpu_best_practises.html])
  dgl_warning(
trial11 epoch=026 loss=0.083632 val_AUPRC=0.810597 best=0.810597@26 patience=0/20 train=16.031s val=8.158s
/workspace/pmp_vast/envs/pmp-author/lib/python3.10/site-packages/dgl/dataloading/dataloader.py:1076: DGLWarning: Dataloader CPU affinity opt is not enabled, consider switching it on (see enable_cpu_affinity() or CPU best practices for DGL [https://docs.dgl.ai/tutorials/cpu/cpu_best_practises.html])
  dgl_warning(
trial11 epoch=027 loss=0.084436 val_AUPRC=0.812326 best=0.812326@27 patience=0/20 train=16.378s val=8.931s
/workspace/pmp_vast/envs/pmp-author/lib/python3.10/site-packages/dgl/dataloading/dataloader.py:1076: DGLWarning: Dataloader CPU affinity opt is not enabled, consider switching it on (see enable_cpu_affinity() or CPU best practices for DGL [https://docs.dgl.ai/tutorials/cpu/cpu_best_practises.html])
  dgl_warning(
trial11 epoch=028 loss=0.084931 val_AUPRC=0.815739 best=0.815739@28 patience=0/20 train=15.924s val=9.831s
/workspace/pmp_vast/envs/pmp-author/lib/python3.10/site-packages/dgl/dataloading/dataloader.py:1076: DGLWarning: Dataloader CPU affinity opt is not enabled, consider switching it on (see enable_cpu_affinity() or CPU best practices for DGL [https://docs.dgl.ai/tutorials/cpu/cpu_best_practises.html])
  dgl_warning(
trial11 epoch=029 loss=0.080953 val_AUPRC=0.816829 best=0.816829@29 patience=0/20 train=15.745s val=8.014s
/workspace/pmp_vast/envs/pmp-author/lib/python3.10/site-packages/dgl/dataloading/dataloader.py:1076: DGLWarning: Dataloader CPU affinity opt is not enabled, consider switching it on (see enable_cpu_affinity() or CPU best practices for DGL [https://docs.dgl.ai/tutorials/cpu/cpu_best_practises.html])
  dgl_warning(
trial11 epoch=030 loss=0.085244 val_AUPRC=0.818280 best=0.818280@30 patience=0/20 train=16.023s val=8.161s
/workspace/pmp_vast/envs/pmp-author/lib/python3.10/site-packages/dgl/dataloading/dataloader.py:1076: DGLWarning: Dataloader CPU affinity opt is not enabled, consider switching it on (see enable_cpu_affinity() or CPU best practices for DGL [https://docs.dgl.ai/tutorials/cpu/cpu_best_practises.html])
  dgl_warning(
trial11 epoch=031 loss=0.082750 val_AUPRC=0.819649 best=0.819649@31 patience=0/20 train=17.711s val=8.155s
/workspace/pmp_vast/envs/pmp-author/lib/python3.10/site-packages/dgl/dataloading/dataloader.py:1076: DGLWarning: Dataloader CPU affinity opt is not enabled, consider switching it on (see enable_cpu_affinity() or CPU best practices for DGL [https://docs.dgl.ai/tutorials/cpu/cpu_best_practises.html])
  dgl_warning(
trial11 epoch=032 loss=0.078953 val_AUPRC=0.821517 best=0.821517@32 patience=0/20 train=15.898s val=8.329s
/workspace/pmp_vast/envs/pmp-author/lib/python3.10/site-packages/dgl/dataloading/dataloader.py:1076: DGLWarning: Dataloader CPU affinity opt is not enabled, consider switching it on (see enable_cpu_affinity() or CPU best practices for DGL [https://docs.dgl.ai/tutorials/cpu/cpu_best_practises.html])
  dgl_warning(
trial11 epoch=033 loss=0.079693 val_AUPRC=0.821873 best=0.821873@33 patience=0/20 train=16.317s val=8.079s
/workspace/pmp_vast/envs/pmp-author/lib/python3.10/site-packages/dgl/dataloading/dataloader.py:1076: DGLWarning: Dataloader CPU affinity opt is not enabled, consider switching it on (see enable_cpu_affinity() or CPU best practices for DGL [https://docs.dgl.ai/tutorials/cpu/cpu_best_practises.html])
  dgl_warning(
trial11 epoch=034 loss=0.078985 val_AUPRC=0.822713 best=0.822713@34 patience=0/20 train=16.023s val=8.034s
/workspace/pmp_vast/envs/pmp-author/lib/python3.10/site-packages/dgl/dataloading/dataloader.py:1076: DGLWarning: Dataloader CPU affinity opt is not enabled, consider switching it on (see enable_cpu_affinity() or CPU best practices for DGL [https://docs.dgl.ai/tutorials/cpu/cpu_best_practises.html])
  dgl_warning(
trial11 epoch=035 loss=0.076529 val_AUPRC=0.824936 best=0.824936@35 patience=0/20 train=18.353s val=9.809s
/workspace/pmp_vast/envs/pmp-author/lib/python3.10/site-packages/dgl/dataloading/dataloader.py:1076: DGLWarning: Dataloader CPU affinity opt is not enabled, consider switching it on (see enable_cpu_affinity() or CPU best practices for DGL [https://docs.dgl.ai/tutorials/cpu/cpu_best_practises.html])
  dgl_warning(
trial11 epoch=036 loss=0.077969 val_AUPRC=0.826201 best=0.826201@36 patience=0/20 train=19.964s val=8.066s
/workspace/pmp_vast/envs/pmp-author/lib/python3.10/site-packages/dgl/dataloading/dataloader.py:1076: DGLWarning: Dataloader CPU affinity opt is not enabled, consider switching it on (see enable_cpu_affinity() or CPU best practices for DGL [https://docs.dgl.ai/tutorials/cpu/cpu_best_practises.html])
  dgl_warning(
trial11 epoch=037 loss=0.078456 val_AUPRC=0.827558 best=0.827558@37 patience=0/20 train=15.562s val=7.913s
/workspace/pmp_vast/envs/pmp-author/lib/python3.10/site-packages/dgl/dataloading/dataloader.py:1076: DGLWarning: Dataloader CPU affinity opt is not enabled, consider switching it on (see enable_cpu_affinity() or CPU best practices for DGL [https://docs.dgl.ai/tutorials/cpu/cpu_best_practises.html])
  dgl_warning(
/workspace/pmp_vast/envs/pmp-author/lib/python3.10/site-packages/dgl/dataloading/dataloader.py:1076: DGLWarning: Dataloader CPU affinity opt is not enabled, consider switching it on (see enable_cpu_affinity() or CPU best practices for DGL [https://docs.dgl.ai/tutorials/cpu/cpu_best_practises.html])
  dgl_warning(
trial11 epoch=039 loss=0.072337 val_AUPRC=0.829181 best=0.829181@39 patience=0/20 train=17.313s val=8.258s
/workspace/pmp_vast/envs/pmp-author/lib/python3.10/site-packages/dgl/dataloading/dataloader.py:1076: DGLWarning: Dataloader CPU affinity opt is not enabled, consider switching it on (see enable_cpu_affinity() or CPU best practices for DGL [https://docs.dgl.ai/tutorials/cpu/cpu_best_practises.html])
  dgl_warning(
trial11 epoch=040 loss=0.073231 val_AUPRC=0.830240 best=0.830240@40 patience=0/20 train=15.693s val=7.827s
/workspace/pmp_vast/envs/pmp-author/lib/python3.10/site-packages/dgl/dataloading/dataloader.py:1076: DGLWarning: Dataloader CPU affinity opt is not enabled, consider switching it on (see enable_cpu_affinity() or CPU best practices for DGL [https://docs.dgl.ai/tutorials/cpu/cpu_best_practises.html])
  dgl_warning(
trial11 epoch=041 loss=0.072841 val_AUPRC=0.831078 best=0.831078@41 patience=0/20 train=16.045s val=8.182s
/workspace/pmp_vast/envs/pmp-author/lib/python3.10/site-packages/dgl/dataloading/dataloader.py:1076: DGLWarning: Dataloader CPU affinity opt is not enabled, consider switching it on (see enable_cpu_affinity() or CPU best practices for DGL [https://docs.dgl.ai/tutorials/cpu/cpu_best_practises.html])
  dgl_warning(
trial11 epoch=042 loss=0.069400 val_AUPRC=0.831992 best=0.831992@42 patience=0/20 train=16.517s val=8.156s
/workspace/pmp_vast/envs/pmp-author/lib/python3.10/site-packages/dgl/dataloading/dataloader.py:1076: DGLWarning: Dataloader CPU affinity opt is not enabled, consider switching it on (see enable_cpu_affinity() or CPU best practices for DGL [https://docs.dgl.ai/tutorials/cpu/cpu_best_practises.html])
  dgl_warning(
trial11 epoch=043 loss=0.072018 val_AUPRC=0.832776 best=0.832776@43 patience=0/20 train=16.063s val=8.160s
/workspace/pmp_vast/envs/pmp-author/lib/python3.10/site-packages/dgl/dataloading/dataloader.py:1076: DGLWarning: Dataloader CPU affinity opt is not enabled, consider switching it on (see enable_cpu_affinity() or CPU best practices for DGL [https://docs.dgl.ai/tutorials/cpu/cpu_best_practises.html])
  dgl_warning(
trial11 epoch=044 loss=0.068020 val_AUPRC=0.833652 best=0.833652@44 patience=0/20 train=15.625s val=7.862s
/workspace/pmp_vast/envs/pmp-author/lib/python3.10/site-packages/dgl/dataloading/dataloader.py:1076: DGLWarning: Dataloader CPU affinity opt is not enabled, consider switching it on (see enable_cpu_affinity() or CPU best practices for DGL [https://docs.dgl.ai/tutorials/cpu/cpu_best_practises.html])
  dgl_warning(
trial11 epoch=045 loss=0.069116 val_AUPRC=0.834896 best=0.834896@45 patience=0/20 train=15.889s val=8.096s
/workspace/pmp_vast/envs/pmp-author/lib/python3.10/site-packages/dgl/dataloading/dataloader.py:1076: DGLWarning: Dataloader CPU affinity opt is not enabled, consider switching it on (see enable_cpu_affinity() or CPU best practices for DGL [https://docs.dgl.ai/tutorials/cpu/cpu_best_practises.html])
  dgl_warning(
trial11 epoch=046 loss=0.070249 val_AUPRC=0.835204 best=0.835204@46 patience=0/20 train=15.776s val=8.144s
/workspace/pmp_vast/envs/pmp-author/lib/python3.10/site-packages/dgl/dataloading/dataloader.py:1076: DGLWarning: Dataloader CPU affinity opt is not enabled, consider switching it on (see enable_cpu_affinity() or CPU best practices for DGL [https://docs.dgl.ai/tutorials/cpu/cpu_best_practises.html])
  dgl_warning(
trial11 epoch=047 loss=0.067235 val_AUPRC=0.835844 best=0.835844@47 patience=0/20 train=16.409s val=8.429s
/workspace/pmp_vast/envs/pmp-author/lib/python3.10/site-packages/dgl/dataloading/dataloader.py:1076: DGLWarning: Dataloader CPU affinity opt is not enabled, consider switching it on (see enable_cpu_affinity() or CPU best practices for DGL [https://docs.dgl.ai/tutorials/cpu/cpu_best_practises.html])
  dgl_warning(
trial11 epoch=048 loss=0.068449 val_AUPRC=0.836272 best=0.836272@48 patience=0/20 train=16.132s val=8.549s
/workspace/pmp_vast/envs/pmp-author/lib/python3.10/site-packages/dgl/dataloading/dataloader.py:1076: DGLWarning: Dataloader CPU affinity opt is not enabled, consider switching it on (see enable_cpu_affinity() or CPU best practices for DGL [https://docs.dgl.ai/tutorials/cpu/cpu_best_practises.html])
  dgl_warning(
trial11 epoch=049 loss=0.068900 val_AUPRC=0.837469 best=0.837469@49 patience=0/20 train=15.959s val=7.921s
/workspace/pmp_vast/envs/pmp-author/lib/python3.10/site-packages/dgl/dataloading/dataloader.py:1076: DGLWarning: Dataloader CPU affinity opt is not enabled, consider switching it on (see enable_cpu_affinity() or CPU best practices for DGL [https://docs.dgl.ai/tutorials/cpu/cpu_best_practises.html])
  dgl_warning(
trial11 epoch=050 loss=0.066059 val_AUPRC=0.837541 best=0.837541@50 patience=0/20 train=19.293s val=8.348s
/workspace/pmp_vast/envs/pmp-author/lib/python3.10/site-packages/dgl/dataloading/dataloader.py:1076: DGLWarning: Dataloader CPU affinity opt is not enabled, consider switching it on (see enable_cpu_affinity() or CPU best practices for DGL [https://docs.dgl.ai/tutorials/cpu/cpu_best_practises.html])
  dgl_warning(
trial11 epoch=051 loss=0.067790 val_AUPRC=0.838187 best=0.838187@51 patience=0/20 train=16.777s val=7.966s
/workspace/pmp_vast/envs/pmp-author/lib/python3.10/site-packages/dgl/dataloading/dataloader.py:1076: DGLWarning: Dataloader CPU affinity opt is not enabled, consider switching it on (see enable_cpu_affinity() or CPU best practices for DGL [https://docs.dgl.ai/tutorials/cpu/cpu_best_practises.html])
  dgl_warning(
/workspace/pmp_vast/envs/pmp-author/lib/python3.10/site-packages/dgl/dataloading/dataloader.py:1076: DGLWarning: Dataloader CPU affinity opt is not enabled, consider switching it on (see enable_cpu_affinity() or CPU best practices for DGL [https://docs.dgl.ai/tutorials/cpu/cpu_best_practises.html])
  dgl_warning(
trial11 epoch=053 loss=0.065718 val_AUPRC=0.838583 best=0.838583@53 patience=0/20 train=16.113s val=9.186s
/workspace/pmp_vast/envs/pmp-author/lib/python3.10/site-packages/dgl/dataloading/dataloader.py:1076: DGLWarning: Dataloader CPU affinity opt is not enabled, consider switching it on (see enable_cpu_affinity() or CPU best practices for DGL [https://docs.dgl.ai/tutorials/cpu/cpu_best_practises.html])
  dgl_warning(
trial11 epoch=054 loss=0.065219 val_AUPRC=0.839002 best=0.839002@54 patience=0/20 train=19.440s val=7.907s
/workspace/pmp_vast/envs/pmp-author/lib/python3.10/site-packages/dgl/dataloading/dataloader.py:1076: DGLWarning: Dataloader CPU affinity opt is not enabled, consider switching it on (see enable_cpu_affinity() or CPU best practices for DGL [https://docs.dgl.ai/tutorials/cpu/cpu_best_practises.html])
  dgl_warning(
trial11 epoch=055 loss=0.064718 val_AUPRC=0.839283 best=0.839283@55 patience=0/20 train=15.704s val=8.453s
/workspace/pmp_vast/envs/pmp-author/lib/python3.10/site-packages/dgl/dataloading/dataloader.py:1076: DGLWarning: Dataloader CPU affinity opt is not enabled, consider switching it on (see enable_cpu_affinity() or CPU best practices for DGL [https://docs.dgl.ai/tutorials/cpu/cpu_best_practises.html])
  dgl_warning(
trial11 epoch=056 loss=0.064327 val_AUPRC=0.839535 best=0.839535@56 patience=0/20 train=15.720s val=7.816s
/workspace/pmp_vast/envs/pmp-author/lib/python3.10/site-packages/dgl/dataloading/dataloader.py:1076: DGLWarning: Dataloader CPU affinity opt is not enabled, consider switching it on (see enable_cpu_affinity() or CPU best practices for DGL [https://docs.dgl.ai/tutorials/cpu/cpu_best_practises.html])
  dgl_warning(
trial11 epoch=057 loss=0.061602 val_AUPRC=0.839684 best=0.839684@57 patience=0/20 train=16.148s val=7.859s
/workspace/pmp_vast/envs/pmp-author/lib/python3.10/site-packages/dgl/dataloading/dataloader.py:1076: DGLWarning: Dataloader CPU affinity opt is not enabled, consider switching it on (see enable_cpu_affinity() or CPU best practices for DGL [https://docs.dgl.ai/tutorials/cpu/cpu_best_practises.html])
  dgl_warning(
trial11 epoch=058 loss=0.065584 val_AUPRC=0.840560 best=0.840560@58 patience=0/20 train=15.854s val=9.804s
/workspace/pmp_vast/envs/pmp-author/lib/python3.10/site-packages/dgl/dataloading/dataloader.py:1076: DGLWarning: Dataloader CPU affinity opt is not enabled, consider switching it on (see enable_cpu_affinity() or CPU best practices for DGL [https://docs.dgl.ai/tutorials/cpu/cpu_best_practises.html])
  dgl_warning(
/workspace/pmp_vast/envs/pmp-author/lib/python3.10/site-packages/dgl/dataloading/dataloader.py:1076: DGLWarning: Dataloader CPU affinity opt is not enabled, consider switching it on (see enable_cpu_affinity() or CPU best practices for DGL [https://docs.dgl.ai/tutorials/cpu/cpu_best_practises.html])
  dgl_warning(
trial11 epoch=060 loss=0.060331 val_AUPRC=0.841233 best=0.841233@60 patience=0/20 train=15.606s val=7.869s
/workspace/pmp_vast/envs/pmp-author/lib/python3.10/site-packages/dgl/dataloading/dataloader.py:1076: DGLWarning: Dataloader CPU affinity opt is not enabled, consider switching it on (see enable_cpu_affinity() or CPU best practices for DGL [https://docs.dgl.ai/tutorials/cpu/cpu_best_practises.html])
  dgl_warning(
/workspace/pmp_vast/envs/pmp-author/lib/python3.10/site-packages/dgl/dataloading/dataloader.py:1076: DGLWarning: Dataloader CPU affinity opt is not enabled, consider switching it on (see enable_cpu_affinity() or CPU best practices for DGL [https://docs.dgl.ai/tutorials/cpu/cpu_best_practises.html])
  dgl_warning(
trial11 epoch=062 loss=0.063094 val_AUPRC=0.841444 best=0.841444@62 patience=0/20 train=16.342s val=8.406s
/workspace/pmp_vast/envs/pmp-author/lib/python3.10/site-packages/dgl/dataloading/dataloader.py:1076: DGLWarning: Dataloader CPU affinity opt is not enabled, consider switching it on (see enable_cpu_affinity() or CPU best practices for DGL [https://docs.dgl.ai/tutorials/cpu/cpu_best_practises.html])
  dgl_warning(
trial11 epoch=063 loss=0.060011 val_AUPRC=0.842844 best=0.842844@63 patience=0/20 train=16.211s val=7.780s
/workspace/pmp_vast/envs/pmp-author/lib/python3.10/site-packages/dgl/dataloading/dataloader.py:1076: DGLWarning: Dataloader CPU affinity opt is not enabled, consider switching it on (see enable_cpu_affinity() or CPU best practices for DGL [https://docs.dgl.ai/tutorials/cpu/cpu_best_practises.html])
  dgl_warning(
trial11 epoch=064 loss=0.062341 val_AUPRC=0.843241 best=0.843241@64 patience=0/20 train=19.735s val=8.100s
/workspace/pmp_vast/envs/pmp-author/lib/python3.10/site-packages/dgl/dataloading/dataloader.py:1076: DGLWarning: Dataloader CPU affinity opt is not enabled, consider switching it on (see enable_cpu_affinity() or CPU best practices for DGL [https://docs.dgl.ai/tutorials/cpu/cpu_best_practises.html])
  dgl_warning(
/workspace/pmp_vast/envs/pmp-author/lib/python3.10/site-packages/dgl/dataloading/dataloader.py:1076: DGLWarning: Dataloader CPU affinity opt is not enabled, consider switching it on (see enable_cpu_affinity() or CPU best practices for DGL [https://docs.dgl.ai/tutorials/cpu/cpu_best_practises.html])
  dgl_warning(
trial11 epoch=066 loss=0.057920 val_AUPRC=0.844120 best=0.844120@66 patience=0/20 train=16.167s val=8.011s
/workspace/pmp_vast/envs/pmp-author/lib/python3.10/site-packages/dgl/dataloading/dataloader.py:1076: DGLWarning: Dataloader CPU affinity opt is not enabled, consider switching it on (see enable_cpu_affinity() or CPU best practices for DGL [https://docs.dgl.ai/tutorials/cpu/cpu_best_practises.html])
  dgl_warning(
/workspace/pmp_vast/envs/pmp-author/lib/python3.10/site-packages/dgl/dataloading/dataloader.py:1076: DGLWarning: Dataloader CPU affinity opt is not enabled, consider switching it on (see enable_cpu_affinity() or CPU best practices for DGL [https://docs.dgl.ai/tutorials/cpu/cpu_best_practises.html])
  dgl_warning(
/workspace/pmp_vast/envs/pmp-author/lib/python3.10/site-packages/dgl/dataloading/dataloader.py:1076: DGLWarning: Dataloader CPU affinity opt is not enabled, consider switching it on (see enable_cpu_affinity() or CPU best practices for DGL [https://docs.dgl.ai/tutorials/cpu/cpu_best_practises.html])
  dgl_warning(
/workspace/pmp_vast/envs/pmp-author/lib/python3.10/site-packages/dgl/dataloading/dataloader.py:1076: DGLWarning: Dataloader CPU affinity opt is not enabled, consider switching it on (see enable_cpu_affinity() or CPU best practices for DGL [https://docs.dgl.ai/tutorials/cpu/cpu_best_practises.html])
  dgl_warning(
trial11 epoch=070 loss=0.059171 val_AUPRC=0.843916 best=0.844120@66 patience=4/20 train=19.008s val=8.265s
/workspace/pmp_vast/envs/pmp-author/lib/python3.10/site-packages/dgl/dataloading/dataloader.py:1076: DGLWarning: Dataloader CPU affinity opt is not enabled, consider switching it on (see enable_cpu_affinity() or CPU best practices for DGL [https://docs.dgl.ai/tutorials/cpu/cpu_best_practises.html])
  dgl_warning(
/workspace/pmp_vast/envs/pmp-author/lib/python3.10/site-packages/dgl/dataloading/dataloader.py:1076: DGLWarning: Dataloader CPU affinity opt is not enabled, consider switching it on (see enable_cpu_affinity() or CPU best practices for DGL [https://docs.dgl.ai/tutorials/cpu/cpu_best_practises.html])
  dgl_warning(
trial11 epoch=072 loss=0.059294 val_AUPRC=0.846162 best=0.846162@72 patience=0/20 train=16.974s val=8.276s
/workspace/pmp_vast/envs/pmp-author/lib/python3.10/site-packages/dgl/dataloading/dataloader.py:1076: DGLWarning: Dataloader CPU affinity opt is not enabled, consider switching it on (see enable_cpu_affinity() or CPU best practices for DGL [https://docs.dgl.ai/tutorials/cpu/cpu_best_practises.html])
  dgl_warning(
/workspace/pmp_vast/envs/pmp-author/lib/python3.10/site-packages/dgl/dataloading/dataloader.py:1076: DGLWarning: Dataloader CPU affinity opt is not enabled, consider switching it on (see enable_cpu_affinity() or CPU best practices for DGL [https://docs.dgl.ai/tutorials/cpu/cpu_best_practises.html])
  dgl_warning(
trial11 epoch=074 loss=0.058089 val_AUPRC=0.846525 best=0.846525@74 patience=0/20 train=15.505s val=8.056s
/workspace/pmp_vast/envs/pmp-author/lib/python3.10/site-packages/dgl/dataloading/dataloader.py:1076: DGLWarning: Dataloader CPU affinity opt is not enabled, consider switching it on (see enable_cpu_affinity() or CPU best practices for DGL [https://docs.dgl.ai/tutorials/cpu/cpu_best_practises.html])
  dgl_warning(
trial11 epoch=075 loss=0.058447 val_AUPRC=0.846958 best=0.846958@75 patience=0/20 train=15.808s val=8.332s
/workspace/pmp_vast/envs/pmp-author/lib/python3.10/site-packages/dgl/dataloading/dataloader.py:1076: DGLWarning: Dataloader CPU affinity opt is not enabled, consider switching it on (see enable_cpu_affinity() or CPU best practices for DGL [https://docs.dgl.ai/tutorials/cpu/cpu_best_practises.html])
  dgl_warning(
/workspace/pmp_vast/envs/pmp-author/lib/python3.10/site-packages/dgl/dataloading/dataloader.py:1076: DGLWarning: Dataloader CPU affinity opt is not enabled, consider switching it on (see enable_cpu_affinity() or CPU best practices for DGL [https://docs.dgl.ai/tutorials/cpu/cpu_best_practises.html])
  dgl_warning(
/workspace/pmp_vast/envs/pmp-author/lib/python3.10/site-packages/dgl/dataloading/dataloader.py:1076: DGLWarning: Dataloader CPU affinity opt is not enabled, consider switching it on (see enable_cpu_affinity() or CPU best practices for DGL [https://docs.dgl.ai/tutorials/cpu/cpu_best_practises.html])
  dgl_warning(
trial11 epoch=078 loss=0.057668 val_AUPRC=0.847625 best=0.847625@78 patience=0/20 train=15.621s val=7.847s
/workspace/pmp_vast/envs/pmp-author/lib/python3.10/site-packages/dgl/dataloading/dataloader.py:1076: DGLWarning: Dataloader CPU affinity opt is not enabled, consider switching it on (see enable_cpu_affinity() or CPU best practices for DGL [https://docs.dgl.ai/tutorials/cpu/cpu_best_practises.html])
  dgl_warning(
/workspace/pmp_vast/envs/pmp-author/lib/python3.10/site-packages/dgl/dataloading/dataloader.py:1076: DGLWarning: Dataloader CPU affinity opt is not enabled, consider switching it on (see enable_cpu_affinity() or CPU best practices for DGL [https://docs.dgl.ai/tutorials/cpu/cpu_best_practises.html])
  dgl_warning(
trial11 epoch=080 loss=0.057377 val_AUPRC=0.848337 best=0.848337@80 patience=0/20 train=15.708s val=9.391s
/workspace/pmp_vast/envs/pmp-author/lib/python3.10/site-packages/dgl/dataloading/dataloader.py:1076: DGLWarning: Dataloader CPU affinity opt is not enabled, consider switching it on (see enable_cpu_affinity() or CPU best practices for DGL [https://docs.dgl.ai/tutorials/cpu/cpu_best_practises.html])
  dgl_warning(
/workspace/pmp_vast/envs/pmp-author/lib/python3.10/site-packages/dgl/dataloading/dataloader.py:1076: DGLWarning: Dataloader CPU affinity opt is not enabled, consider switching it on (see enable_cpu_affinity() or CPU best practices for DGL [https://docs.dgl.ai/tutorials/cpu/cpu_best_practises.html])
  dgl_warning(
/workspace/pmp_vast/envs/pmp-author/lib/python3.10/site-packages/dgl/dataloading/dataloader.py:1076: DGLWarning: Dataloader CPU affinity opt is not enabled, consider switching it on (see enable_cpu_affinity() or CPU best practices for DGL [https://docs.dgl.ai/tutorials/cpu/cpu_best_practises.html])
  dgl_warning(
/workspace/pmp_vast/envs/pmp-author/lib/python3.10/site-packages/dgl/dataloading/dataloader.py:1076: DGLWarning: Dataloader CPU affinity opt is not enabled, consider switching it on (see enable_cpu_affinity() or CPU best practices for DGL [https://docs.dgl.ai/tutorials/cpu/cpu_best_practises.html])
  dgl_warning(
/workspace/pmp_vast/envs/pmp-author/lib/python3.10/site-packages/dgl/dataloading/dataloader.py:1076: DGLWarning: Dataloader CPU affinity opt is not enabled, consider switching it on (see enable_cpu_affinity() or CPU best practices for DGL [https://docs.dgl.ai/tutorials/cpu/cpu_best_practises.html])
  dgl_warning(
trial11 epoch=085 loss=0.055288 val_AUPRC=0.850849 best=0.850849@85 patience=0/20 train=15.647s val=7.765s
/workspace/pmp_vast/envs/pmp-author/lib/python3.10/site-packages/dgl/dataloading/dataloader.py:1076: DGLWarning: Dataloader CPU affinity opt is not enabled, consider switching it on (see enable_cpu_affinity() or CPU best practices for DGL [https://docs.dgl.ai/tutorials/cpu/cpu_best_practises.html])
  dgl_warning(
/workspace/pmp_vast/envs/pmp-author/lib/python3.10/site-packages/dgl/dataloading/dataloader.py:1076: DGLWarning: Dataloader CPU affinity opt is not enabled, consider switching it on (see enable_cpu_affinity() or CPU best practices for DGL [https://docs.dgl.ai/tutorials/cpu/cpu_best_practises.html])
  dgl_warning(
/workspace/pmp_vast/envs/pmp-author/lib/python3.10/site-packages/dgl/dataloading/dataloader.py:1076: DGLWarning: Dataloader CPU affinity opt is not enabled, consider switching it on (see enable_cpu_affinity() or CPU best practices for DGL [https://docs.dgl.ai/tutorials/cpu/cpu_best_practises.html])
  dgl_warning(
/workspace/pmp_vast/envs/pmp-author/lib/python3.10/site-packages/dgl/dataloading/dataloader.py:1076: DGLWarning: Dataloader CPU affinity opt is not enabled, consider switching it on (see enable_cpu_affinity() or CPU best practices for DGL [https://docs.dgl.ai/tutorials/cpu/cpu_best_practises.html])
  dgl_warning(
/workspace/pmp_vast/envs/pmp-author/lib/python3.10/site-packages/dgl/dataloading/dataloader.py:1076: DGLWarning: Dataloader CPU affinity opt is not enabled, consider switching it on (see enable_cpu_affinity() or CPU best practices for DGL [https://docs.dgl.ai/tutorials/cpu/cpu_best_practises.html])
  dgl_warning(
trial11 epoch=090 loss=0.055737 val_AUPRC=0.849992 best=0.850849@85 patience=5/20 train=15.755s val=8.289s
/workspace/pmp_vast/envs/pmp-author/lib/python3.10/site-packages/dgl/dataloading/dataloader.py:1076: DGLWarning: Dataloader CPU affinity opt is not enabled, consider switching it on (see enable_cpu_affinity() or CPU best practices for DGL [https://docs.dgl.ai/tutorials/cpu/cpu_best_practises.html])
  dgl_warning(
trial11 epoch=091 loss=0.055407 val_AUPRC=0.851001 best=0.851001@91 patience=0/20 train=17.750s val=10.051s
/workspace/pmp_vast/envs/pmp-author/lib/python3.10/site-packages/dgl/dataloading/dataloader.py:1076: DGLWarning: Dataloader CPU affinity opt is not enabled, consider switching it on (see enable_cpu_affinity() or CPU best practices for DGL [https://docs.dgl.ai/tutorials/cpu/cpu_best_practises.html])
  dgl_warning(
trial11 epoch=092 loss=0.055056 val_AUPRC=0.851448 best=0.851448@92 patience=0/20 train=16.419s val=8.404s
/workspace/pmp_vast/envs/pmp-author/lib/python3.10/site-packages/dgl/dataloading/dataloader.py:1076: DGLWarning: Dataloader CPU affinity opt is not enabled, consider switching it on (see enable_cpu_affinity() or CPU best practices for DGL [https://docs.dgl.ai/tutorials/cpu/cpu_best_practises.html])
  dgl_warning(
/workspace/pmp_vast/envs/pmp-author/lib/python3.10/site-packages/dgl/dataloading/dataloader.py:1076: DGLWarning: Dataloader CPU affinity opt is not enabled, consider switching it on (see enable_cpu_affinity() or CPU best practices for DGL [https://docs.dgl.ai/tutorials/cpu/cpu_best_practises.html])
  dgl_warning(
trial11 epoch=094 loss=0.054305 val_AUPRC=0.852104 best=0.852104@94 patience=0/20 train=16.800s val=8.361s
/workspace/pmp_vast/envs/pmp-author/lib/python3.10/site-packages/dgl/dataloading/dataloader.py:1076: DGLWarning: Dataloader CPU affinity opt is not enabled, consider switching it on (see enable_cpu_affinity() or CPU best practices for DGL [https://docs.dgl.ai/tutorials/cpu/cpu_best_practises.html])
  dgl_warning(
/workspace/pmp_vast/envs/pmp-author/lib/python3.10/site-packages/dgl/dataloading/dataloader.py:1076: DGLWarning: Dataloader CPU affinity opt is not enabled, consider switching it on (see enable_cpu_affinity() or CPU best practices for DGL [https://docs.dgl.ai/tutorials/cpu/cpu_best_practises.html])
  dgl_warning(
/workspace/pmp_vast/envs/pmp-author/lib/python3.10/site-packages/dgl/dataloading/dataloader.py:1076: DGLWarning: Dataloader CPU affinity opt is not enabled, consider switching it on (see enable_cpu_affinity() or CPU best practices for DGL [https://docs.dgl.ai/tutorials/cpu/cpu_best_practises.html])
  dgl_warning(
/workspace/pmp_vast/envs/pmp-author/lib/python3.10/site-packages/dgl/dataloading/dataloader.py:1076: DGLWarning: Dataloader CPU affinity opt is not enabled, consider switching it on (see enable_cpu_affinity() or CPU best practices for DGL [https://docs.dgl.ai/tutorials/cpu/cpu_best_practises.html])
  dgl_warning(
/workspace/pmp_vast/envs/pmp-author/lib/python3.10/site-packages/dgl/dataloading/dataloader.py:1076: DGLWarning: Dataloader CPU affinity opt is not enabled, consider switching it on (see enable_cpu_affinity() or CPU best practices for DGL [https://docs.dgl.ai/tutorials/cpu/cpu_best_practises.html])
  dgl_warning(
/workspace/pmp_vast/envs/pmp-author/lib/python3.10/site-packages/dgl/dataloading/dataloader.py:1076: DGLWarning: Dataloader CPU affinity opt is not enabled, consider switching it on (see enable_cpu_affinity() or CPU best practices for DGL [https://docs.dgl.ai/tutorials/cpu/cpu_best_practises.html])
  dgl_warning(
trial11 epoch=100 loss=0.055581 val_AUPRC=0.851262 best=0.852104@94 patience=6/20 train=16.186s val=8.264s
TUNE trial11 PASS | best_val_AUPRC=0.852104@94 | TEST_ACCESSED=NO

===== TUNE 12/12 | lr=0.0001 wd=0.001 =====
/workspace/pmp_vast/envs/pmp-author/lib/python3.10/site-packages/dgl/dataloading/dataloader.py:1076: DGLWarning: Dataloader CPU affinity opt is not enabled, consider switching it on (see enable_cpu_affinity() or CPU best practices for DGL [https://docs.dgl.ai/tutorials/cpu/cpu_best_practises.html])
  dgl_warning(
trial12 epoch=001 loss=0.850110 val_AUPRC=0.074819 best=0.074819@1 patience=0/20 train=16.875s val=7.835s
/workspace/pmp_vast/envs/pmp-author/lib/python3.10/site-packages/dgl/dataloading/dataloader.py:1076: DGLWarning: Dataloader CPU affinity opt is not enabled, consider switching it on (see enable_cpu_affinity() or CPU best practices for DGL [https://docs.dgl.ai/tutorials/cpu/cpu_best_practises.html])
  dgl_warning(
trial12 epoch=002 loss=0.402663 val_AUPRC=0.076905 best=0.076905@2 patience=0/20 train=15.650s val=8.001s
/workspace/pmp_vast/envs/pmp-author/lib/python3.10/site-packages/dgl/dataloading/dataloader.py:1076: DGLWarning: Dataloader CPU affinity opt is not enabled, consider switching it on (see enable_cpu_affinity() or CPU best practices for DGL [https://docs.dgl.ai/tutorials/cpu/cpu_best_practises.html])
  dgl_warning(
trial12 epoch=003 loss=0.343791 val_AUPRC=0.093266 best=0.093266@3 patience=0/20 train=16.696s val=8.449s
/workspace/pmp_vast/envs/pmp-author/lib/python3.10/site-packages/dgl/dataloading/dataloader.py:1076: DGLWarning: Dataloader CPU affinity opt is not enabled, consider switching it on (see enable_cpu_affinity() or CPU best practices for DGL [https://docs.dgl.ai/tutorials/cpu/cpu_best_practises.html])
  dgl_warning(
trial12 epoch=004 loss=0.294916 val_AUPRC=0.188569 best=0.188569@4 patience=0/20 train=16.175s val=8.569s
/workspace/pmp_vast/envs/pmp-author/lib/python3.10/site-packages/dgl/dataloading/dataloader.py:1076: DGLWarning: Dataloader CPU affinity opt is not enabled, consider switching it on (see enable_cpu_affinity() or CPU best practices for DGL [https://docs.dgl.ai/tutorials/cpu/cpu_best_practises.html])
  dgl_warning(
trial12 epoch=005 loss=0.256562 val_AUPRC=0.561555 best=0.561555@5 patience=0/20 train=16.370s val=8.430s
/workspace/pmp_vast/envs/pmp-author/lib/python3.10/site-packages/dgl/dataloading/dataloader.py:1076: DGLWarning: Dataloader CPU affinity opt is not enabled, consider switching it on (see enable_cpu_affinity() or CPU best practices for DGL [https://docs.dgl.ai/tutorials/cpu/cpu_best_practises.html])
  dgl_warning(
trial12 epoch=006 loss=0.221092 val_AUPRC=0.669436 best=0.669436@6 patience=0/20 train=16.444s val=8.051s
/workspace/pmp_vast/envs/pmp-author/lib/python3.10/site-packages/dgl/dataloading/dataloader.py:1076: DGLWarning: Dataloader CPU affinity opt is not enabled, consider switching it on (see enable_cpu_affinity() or CPU best practices for DGL [https://docs.dgl.ai/tutorials/cpu/cpu_best_practises.html])
  dgl_warning(
trial12 epoch=007 loss=0.176659 val_AUPRC=0.736661 best=0.736661@7 patience=0/20 train=16.282s val=8.079s
/workspace/pmp_vast/envs/pmp-author/lib/python3.10/site-packages/dgl/dataloading/dataloader.py:1076: DGLWarning: Dataloader CPU affinity opt is not enabled, consider switching it on (see enable_cpu_affinity() or CPU best practices for DGL [https://docs.dgl.ai/tutorials/cpu/cpu_best_practises.html])
  dgl_warning(
trial12 epoch=008 loss=0.152515 val_AUPRC=0.756954 best=0.756954@8 patience=0/20 train=15.621s val=7.775s
/workspace/pmp_vast/envs/pmp-author/lib/python3.10/site-packages/dgl/dataloading/dataloader.py:1076: DGLWarning: Dataloader CPU affinity opt is not enabled, consider switching it on (see enable_cpu_affinity() or CPU best practices for DGL [https://docs.dgl.ai/tutorials/cpu/cpu_best_practises.html])
  dgl_warning(
trial12 epoch=009 loss=0.144582 val_AUPRC=0.769905 best=0.769905@9 patience=0/20 train=15.926s val=7.888s
/workspace/pmp_vast/envs/pmp-author/lib/python3.10/site-packages/dgl/dataloading/dataloader.py:1076: DGLWarning: Dataloader CPU affinity opt is not enabled, consider switching it on (see enable_cpu_affinity() or CPU best practices for DGL [https://docs.dgl.ai/tutorials/cpu/cpu_best_practises.html])
  dgl_warning(
trial12 epoch=010 loss=0.133363 val_AUPRC=0.774533 best=0.774533@10 patience=0/20 train=15.586s val=8.052s
/workspace/pmp_vast/envs/pmp-author/lib/python3.10/site-packages/dgl/dataloading/dataloader.py:1076: DGLWarning: Dataloader CPU affinity opt is not enabled, consider switching it on (see enable_cpu_affinity() or CPU best practices for DGL [https://docs.dgl.ai/tutorials/cpu/cpu_best_practises.html])
  dgl_warning(
trial12 epoch=011 loss=0.122024 val_AUPRC=0.777015 best=0.777015@11 patience=0/20 train=15.745s val=8.037s
/workspace/pmp_vast/envs/pmp-author/lib/python3.10/site-packages/dgl/dataloading/dataloader.py:1076: DGLWarning: Dataloader CPU affinity opt is not enabled, consider switching it on (see enable_cpu_affinity() or CPU best practices for DGL [https://docs.dgl.ai/tutorials/cpu/cpu_best_practises.html])
  dgl_warning(
trial12 epoch=012 loss=0.114339 val_AUPRC=0.781563 best=0.781563@12 patience=0/20 train=16.038s val=7.819s
/workspace/pmp_vast/envs/pmp-author/lib/python3.10/site-packages/dgl/dataloading/dataloader.py:1076: DGLWarning: Dataloader CPU affinity opt is not enabled, consider switching it on (see enable_cpu_affinity() or CPU best practices for DGL [https://docs.dgl.ai/tutorials/cpu/cpu_best_practises.html])
  dgl_warning(
trial12 epoch=013 loss=0.105689 val_AUPRC=0.783457 best=0.783457@13 patience=0/20 train=15.767s val=7.863s
/workspace/pmp_vast/envs/pmp-author/lib/python3.10/site-packages/dgl/dataloading/dataloader.py:1076: DGLWarning: Dataloader CPU affinity opt is not enabled, consider switching it on (see enable_cpu_affinity() or CPU best practices for DGL [https://docs.dgl.ai/tutorials/cpu/cpu_best_practises.html])
  dgl_warning(
trial12 epoch=014 loss=0.104899 val_AUPRC=0.787560 best=0.787560@14 patience=0/20 train=15.799s val=7.833s
/workspace/pmp_vast/envs/pmp-author/lib/python3.10/site-packages/dgl/dataloading/dataloader.py:1076: DGLWarning: Dataloader CPU affinity opt is not enabled, consider switching it on (see enable_cpu_affinity() or CPU best practices for DGL [https://docs.dgl.ai/tutorials/cpu/cpu_best_practises.html])
  dgl_warning(
trial12 epoch=015 loss=0.111823 val_AUPRC=0.791529 best=0.791529@15 patience=0/20 train=15.782s val=7.840s
/workspace/pmp_vast/envs/pmp-author/lib/python3.10/site-packages/dgl/dataloading/dataloader.py:1076: DGLWarning: Dataloader CPU affinity opt is not enabled, consider switching it on (see enable_cpu_affinity() or CPU best practices for DGL [https://docs.dgl.ai/tutorials/cpu/cpu_best_practises.html])
  dgl_warning(
/workspace/pmp_vast/envs/pmp-author/lib/python3.10/site-packages/dgl/dataloading/dataloader.py:1076: DGLWarning: Dataloader CPU affinity opt is not enabled, consider switching it on (see enable_cpu_affinity() or CPU best practices for DGL [https://docs.dgl.ai/tutorials/cpu/cpu_best_practises.html])
  dgl_warning(
trial12 epoch=017 loss=0.097743 val_AUPRC=0.792578 best=0.792578@17 patience=0/20 train=15.609s val=7.830s
/workspace/pmp_vast/envs/pmp-author/lib/python3.10/site-packages/dgl/dataloading/dataloader.py:1076: DGLWarning: Dataloader CPU affinity opt is not enabled, consider switching it on (see enable_cpu_affinity() or CPU best practices for DGL [https://docs.dgl.ai/tutorials/cpu/cpu_best_practises.html])
  dgl_warning(
trial12 epoch=018 loss=0.098817 val_AUPRC=0.794787 best=0.794787@18 patience=0/20 train=16.456s val=8.358s
/workspace/pmp_vast/envs/pmp-author/lib/python3.10/site-packages/dgl/dataloading/dataloader.py:1076: DGLWarning: Dataloader CPU affinity opt is not enabled, consider switching it on (see enable_cpu_affinity() or CPU best practices for DGL [https://docs.dgl.ai/tutorials/cpu/cpu_best_practises.html])
  dgl_warning(
trial12 epoch=019 loss=0.098412 val_AUPRC=0.796688 best=0.796688@19 patience=0/20 train=16.989s val=8.253s
/workspace/pmp_vast/envs/pmp-author/lib/python3.10/site-packages/dgl/dataloading/dataloader.py:1076: DGLWarning: Dataloader CPU affinity opt is not enabled, consider switching it on (see enable_cpu_affinity() or CPU best practices for DGL [https://docs.dgl.ai/tutorials/cpu/cpu_best_practises.html])
  dgl_warning(
trial12 epoch=020 loss=0.092289 val_AUPRC=0.796909 best=0.796909@20 patience=0/20 train=16.586s val=8.492s
/workspace/pmp_vast/envs/pmp-author/lib/python3.10/site-packages/dgl/dataloading/dataloader.py:1076: DGLWarning: Dataloader CPU affinity opt is not enabled, consider switching it on (see enable_cpu_affinity() or CPU best practices for DGL [https://docs.dgl.ai/tutorials/cpu/cpu_best_practises.html])
  dgl_warning(
trial12 epoch=021 loss=0.092026 val_AUPRC=0.799305 best=0.799305@21 patience=0/20 train=16.372s val=8.254s
/workspace/pmp_vast/envs/pmp-author/lib/python3.10/site-packages/dgl/dataloading/dataloader.py:1076: DGLWarning: Dataloader CPU affinity opt is not enabled, consider switching it on (see enable_cpu_affinity() or CPU best practices for DGL [https://docs.dgl.ai/tutorials/cpu/cpu_best_practises.html])
  dgl_warning(
trial12 epoch=022 loss=0.092414 val_AUPRC=0.802214 best=0.802214@22 patience=0/20 train=16.516s val=8.542s
/workspace/pmp_vast/envs/pmp-author/lib/python3.10/site-packages/dgl/dataloading/dataloader.py:1076: DGLWarning: Dataloader CPU affinity opt is not enabled, consider switching it on (see enable_cpu_affinity() or CPU best practices for DGL [https://docs.dgl.ai/tutorials/cpu/cpu_best_practises.html])
  dgl_warning(
trial12 epoch=023 loss=0.093812 val_AUPRC=0.803369 best=0.803369@23 patience=0/20 train=16.247s val=8.527s
/workspace/pmp_vast/envs/pmp-author/lib/python3.10/site-packages/dgl/dataloading/dataloader.py:1076: DGLWarning: Dataloader CPU affinity opt is not enabled, consider switching it on (see enable_cpu_affinity() or CPU best practices for DGL [https://docs.dgl.ai/tutorials/cpu/cpu_best_practises.html])
  dgl_warning(
trial12 epoch=024 loss=0.090250 val_AUPRC=0.805810 best=0.805810@24 patience=0/20 train=16.281s val=7.805s
/workspace/pmp_vast/envs/pmp-author/lib/python3.10/site-packages/dgl/dataloading/dataloader.py:1076: DGLWarning: Dataloader CPU affinity opt is not enabled, consider switching it on (see enable_cpu_affinity() or CPU best practices for DGL [https://docs.dgl.ai/tutorials/cpu/cpu_best_practises.html])
  dgl_warning(
trial12 epoch=025 loss=0.089908 val_AUPRC=0.806758 best=0.806758@25 patience=0/20 train=16.047s val=8.321s
/workspace/pmp_vast/envs/pmp-author/lib/python3.10/site-packages/dgl/dataloading/dataloader.py:1076: DGLWarning: Dataloader CPU affinity opt is not enabled, consider switching it on (see enable_cpu_affinity() or CPU best practices for DGL [https://docs.dgl.ai/tutorials/cpu/cpu_best_practises.html])
  dgl_warning(
trial12 epoch=026 loss=0.084738 val_AUPRC=0.808019 best=0.808019@26 patience=0/20 train=17.545s val=7.936s
/workspace/pmp_vast/envs/pmp-author/lib/python3.10/site-packages/dgl/dataloading/dataloader.py:1076: DGLWarning: Dataloader CPU affinity opt is not enabled, consider switching it on (see enable_cpu_affinity() or CPU best practices for DGL [https://docs.dgl.ai/tutorials/cpu/cpu_best_practises.html])
  dgl_warning(
trial12 epoch=027 loss=0.085557 val_AUPRC=0.810361 best=0.810361@27 patience=0/20 train=16.138s val=8.299s
/workspace/pmp_vast/envs/pmp-author/lib/python3.10/site-packages/dgl/dataloading/dataloader.py:1076: DGLWarning: Dataloader CPU affinity opt is not enabled, consider switching it on (see enable_cpu_affinity() or CPU best practices for DGL [https://docs.dgl.ai/tutorials/cpu/cpu_best_practises.html])
  dgl_warning(
trial12 epoch=028 loss=0.086114 val_AUPRC=0.812858 best=0.812858@28 patience=0/20 train=16.956s val=8.029s
/workspace/pmp_vast/envs/pmp-author/lib/python3.10/site-packages/dgl/dataloading/dataloader.py:1076: DGLWarning: Dataloader CPU affinity opt is not enabled, consider switching it on (see enable_cpu_affinity() or CPU best practices for DGL [https://docs.dgl.ai/tutorials/cpu/cpu_best_practises.html])
  dgl_warning(
trial12 epoch=029 loss=0.082219 val_AUPRC=0.814243 best=0.814243@29 patience=0/20 train=16.951s val=8.254s
/workspace/pmp_vast/envs/pmp-author/lib/python3.10/site-packages/dgl/dataloading/dataloader.py:1076: DGLWarning: Dataloader CPU affinity opt is not enabled, consider switching it on (see enable_cpu_affinity() or CPU best practices for DGL [https://docs.dgl.ai/tutorials/cpu/cpu_best_practises.html])
  dgl_warning(
trial12 epoch=030 loss=0.086360 val_AUPRC=0.815439 best=0.815439@30 patience=0/20 train=16.614s val=7.931s
/workspace/pmp_vast/envs/pmp-author/lib/python3.10/site-packages/dgl/dataloading/dataloader.py:1076: DGLWarning: Dataloader CPU affinity opt is not enabled, consider switching it on (see enable_cpu_affinity() or CPU best practices for DGL [https://docs.dgl.ai/tutorials/cpu/cpu_best_practises.html])
  dgl_warning(
trial12 epoch=031 loss=0.083876 val_AUPRC=0.817265 best=0.817265@31 patience=0/20 train=15.631s val=8.236s
/workspace/pmp_vast/envs/pmp-author/lib/python3.10/site-packages/dgl/dataloading/dataloader.py:1076: DGLWarning: Dataloader CPU affinity opt is not enabled, consider switching it on (see enable_cpu_affinity() or CPU best practices for DGL [https://docs.dgl.ai/tutorials/cpu/cpu_best_practises.html])
  dgl_warning(
trial12 epoch=032 loss=0.080150 val_AUPRC=0.818618 best=0.818618@32 patience=0/20 train=15.583s val=8.214s
/workspace/pmp_vast/envs/pmp-author/lib/python3.10/site-packages/dgl/dataloading/dataloader.py:1076: DGLWarning: Dataloader CPU affinity opt is not enabled, consider switching it on (see enable_cpu_affinity() or CPU best practices for DGL [https://docs.dgl.ai/tutorials/cpu/cpu_best_practises.html])
  dgl_warning(
trial12 epoch=033 loss=0.080987 val_AUPRC=0.819082 best=0.819082@33 patience=0/20 train=16.130s val=8.084s
/workspace/pmp_vast/envs/pmp-author/lib/python3.10/site-packages/dgl/dataloading/dataloader.py:1076: DGLWarning: Dataloader CPU affinity opt is not enabled, consider switching it on (see enable_cpu_affinity() or CPU best practices for DGL [https://docs.dgl.ai/tutorials/cpu/cpu_best_practises.html])
  dgl_warning(
trial12 epoch=034 loss=0.080310 val_AUPRC=0.819689 best=0.819689@34 patience=0/20 train=15.705s val=7.821s
/workspace/pmp_vast/envs/pmp-author/lib/python3.10/site-packages/dgl/dataloading/dataloader.py:1076: DGLWarning: Dataloader CPU affinity opt is not enabled, consider switching it on (see enable_cpu_affinity() or CPU best practices for DGL [https://docs.dgl.ai/tutorials/cpu/cpu_best_practises.html])
  dgl_warning(
trial12 epoch=035 loss=0.078089 val_AUPRC=0.822184 best=0.822184@35 patience=0/20 train=15.532s val=7.809s
/workspace/pmp_vast/envs/pmp-author/lib/python3.10/site-packages/dgl/dataloading/dataloader.py:1076: DGLWarning: Dataloader CPU affinity opt is not enabled, consider switching it on (see enable_cpu_affinity() or CPU best practices for DGL [https://docs.dgl.ai/tutorials/cpu/cpu_best_practises.html])
  dgl_warning(
trial12 epoch=036 loss=0.079405 val_AUPRC=0.822942 best=0.822942@36 patience=0/20 train=15.816s val=7.838s
/workspace/pmp_vast/envs/pmp-author/lib/python3.10/site-packages/dgl/dataloading/dataloader.py:1076: DGLWarning: Dataloader CPU affinity opt is not enabled, consider switching it on (see enable_cpu_affinity() or CPU best practices for DGL [https://docs.dgl.ai/tutorials/cpu/cpu_best_practises.html])
  dgl_warning(
trial12 epoch=037 loss=0.079931 val_AUPRC=0.824615 best=0.824615@37 patience=0/20 train=15.605s val=8.002s
/workspace/pmp_vast/envs/pmp-author/lib/python3.10/site-packages/dgl/dataloading/dataloader.py:1076: DGLWarning: Dataloader CPU affinity opt is not enabled, consider switching it on (see enable_cpu_affinity() or CPU best practices for DGL [https://docs.dgl.ai/tutorials/cpu/cpu_best_practises.html])
  dgl_warning(
/workspace/pmp_vast/envs/pmp-author/lib/python3.10/site-packages/dgl/dataloading/dataloader.py:1076: DGLWarning: Dataloader CPU affinity opt is not enabled, consider switching it on (see enable_cpu_affinity() or CPU best practices for DGL [https://docs.dgl.ai/tutorials/cpu/cpu_best_practises.html])
  dgl_warning(
trial12 epoch=039 loss=0.073935 val_AUPRC=0.826222 best=0.826222@39 patience=0/20 train=15.759s val=8.153s
/workspace/pmp_vast/envs/pmp-author/lib/python3.10/site-packages/dgl/dataloading/dataloader.py:1076: DGLWarning: Dataloader CPU affinity opt is not enabled, consider switching it on (see enable_cpu_affinity() or CPU best practices for DGL [https://docs.dgl.ai/tutorials/cpu/cpu_best_practises.html])
  dgl_warning(
trial12 epoch=040 loss=0.074854 val_AUPRC=0.827448 best=0.827448@40 patience=0/20 train=16.188s val=8.097s
/workspace/pmp_vast/envs/pmp-author/lib/python3.10/site-packages/dgl/dataloading/dataloader.py:1076: DGLWarning: Dataloader CPU affinity opt is not enabled, consider switching it on (see enable_cpu_affinity() or CPU best practices for DGL [https://docs.dgl.ai/tutorials/cpu/cpu_best_practises.html])
  dgl_warning(
trial12 epoch=041 loss=0.074572 val_AUPRC=0.828490 best=0.828490@41 patience=0/20 train=16.153s val=8.222s
/workspace/pmp_vast/envs/pmp-author/lib/python3.10/site-packages/dgl/dataloading/dataloader.py:1076: DGLWarning: Dataloader CPU affinity opt is not enabled, consider switching it on (see enable_cpu_affinity() or CPU best practices for DGL [https://docs.dgl.ai/tutorials/cpu/cpu_best_practises.html])
  dgl_warning(
trial12 epoch=042 loss=0.071150 val_AUPRC=0.828941 best=0.828941@42 patience=0/20 train=15.656s val=7.948s
/workspace/pmp_vast/envs/pmp-author/lib/python3.10/site-packages/dgl/dataloading/dataloader.py:1076: DGLWarning: Dataloader CPU affinity opt is not enabled, consider switching it on (see enable_cpu_affinity() or CPU best practices for DGL [https://docs.dgl.ai/tutorials/cpu/cpu_best_practises.html])
  dgl_warning(
trial12 epoch=043 loss=0.073622 val_AUPRC=0.830075 best=0.830075@43 patience=0/20 train=16.807s val=8.588s
/workspace/pmp_vast/envs/pmp-author/lib/python3.10/site-packages/dgl/dataloading/dataloader.py:1076: DGLWarning: Dataloader CPU affinity opt is not enabled, consider switching it on (see enable_cpu_affinity() or CPU best practices for DGL [https://docs.dgl.ai/tutorials/cpu/cpu_best_practises.html])
  dgl_warning(
trial12 epoch=044 loss=0.069651 val_AUPRC=0.830956 best=0.830956@44 patience=0/20 train=16.545s val=8.208s
/workspace/pmp_vast/envs/pmp-author/lib/python3.10/site-packages/dgl/dataloading/dataloader.py:1076: DGLWarning: Dataloader CPU affinity opt is not enabled, consider switching it on (see enable_cpu_affinity() or CPU best practices for DGL [https://docs.dgl.ai/tutorials/cpu/cpu_best_practises.html])
  dgl_warning(
trial12 epoch=045 loss=0.070767 val_AUPRC=0.832574 best=0.832574@45 patience=0/20 train=16.536s val=8.556s
/workspace/pmp_vast/envs/pmp-author/lib/python3.10/site-packages/dgl/dataloading/dataloader.py:1076: DGLWarning: Dataloader CPU affinity opt is not enabled, consider switching it on (see enable_cpu_affinity() or CPU best practices for DGL [https://docs.dgl.ai/tutorials/cpu/cpu_best_practises.html])
  dgl_warning(
trial12 epoch=046 loss=0.071906 val_AUPRC=0.832734 best=0.832734@46 patience=0/20 train=16.649s val=8.513s
/workspace/pmp_vast/envs/pmp-author/lib/python3.10/site-packages/dgl/dataloading/dataloader.py:1076: DGLWarning: Dataloader CPU affinity opt is not enabled, consider switching it on (see enable_cpu_affinity() or CPU best practices for DGL [https://docs.dgl.ai/tutorials/cpu/cpu_best_practises.html])
  dgl_warning(
trial12 epoch=047 loss=0.068804 val_AUPRC=0.833287 best=0.833287@47 patience=0/20 train=16.650s val=8.665s
/workspace/pmp_vast/envs/pmp-author/lib/python3.10/site-packages/dgl/dataloading/dataloader.py:1076: DGLWarning: Dataloader CPU affinity opt is not enabled, consider switching it on (see enable_cpu_affinity() or CPU best practices for DGL [https://docs.dgl.ai/tutorials/cpu/cpu_best_practises.html])
  dgl_warning(
trial12 epoch=048 loss=0.070174 val_AUPRC=0.833543 best=0.833543@48 patience=0/20 train=16.792s val=8.289s
/workspace/pmp_vast/envs/pmp-author/lib/python3.10/site-packages/dgl/dataloading/dataloader.py:1076: DGLWarning: Dataloader CPU affinity opt is not enabled, consider switching it on (see enable_cpu_affinity() or CPU best practices for DGL [https://docs.dgl.ai/tutorials/cpu/cpu_best_practises.html])
  dgl_warning(
trial12 epoch=049 loss=0.070679 val_AUPRC=0.835354 best=0.835354@49 patience=0/20 train=16.055s val=8.221s
/workspace/pmp_vast/envs/pmp-author/lib/python3.10/site-packages/dgl/dataloading/dataloader.py:1076: DGLWarning: Dataloader CPU affinity opt is not enabled, consider switching it on (see enable_cpu_affinity() or CPU best practices for DGL [https://docs.dgl.ai/tutorials/cpu/cpu_best_practises.html])
  dgl_warning(
trial12 epoch=050 loss=0.067814 val_AUPRC=0.835453 best=0.835453@50 patience=0/20 train=16.524s val=8.438s
/workspace/pmp_vast/envs/pmp-author/lib/python3.10/site-packages/dgl/dataloading/dataloader.py:1076: DGLWarning: Dataloader CPU affinity opt is not enabled, consider switching it on (see enable_cpu_affinity() or CPU best practices for DGL [https://docs.dgl.ai/tutorials/cpu/cpu_best_practises.html])
  dgl_warning(
trial12 epoch=051 loss=0.069340 val_AUPRC=0.836176 best=0.836176@51 patience=0/20 train=17.112s val=8.505s
/workspace/pmp_vast/envs/pmp-author/lib/python3.10/site-packages/dgl/dataloading/dataloader.py:1076: DGLWarning: Dataloader CPU affinity opt is not enabled, consider switching it on (see enable_cpu_affinity() or CPU best practices for DGL [https://docs.dgl.ai/tutorials/cpu/cpu_best_practises.html])
  dgl_warning(
/workspace/pmp_vast/envs/pmp-author/lib/python3.10/site-packages/dgl/dataloading/dataloader.py:1076: DGLWarning: Dataloader CPU affinity opt is not enabled, consider switching it on (see enable_cpu_affinity() or CPU best practices for DGL [https://docs.dgl.ai/tutorials/cpu/cpu_best_practises.html])
  dgl_warning(
trial12 epoch=053 loss=0.067556 val_AUPRC=0.836892 best=0.836892@53 patience=0/20 train=17.017s val=8.531s
/workspace/pmp_vast/envs/pmp-author/lib/python3.10/site-packages/dgl/dataloading/dataloader.py:1076: DGLWarning: Dataloader CPU affinity opt is not enabled, consider switching it on (see enable_cpu_affinity() or CPU best practices for DGL [https://docs.dgl.ai/tutorials/cpu/cpu_best_practises.html])
  dgl_warning(
trial12 epoch=054 loss=0.067031 val_AUPRC=0.836950 best=0.836950@54 patience=0/20 train=16.617s val=8.033s
/workspace/pmp_vast/envs/pmp-author/lib/python3.10/site-packages/dgl/dataloading/dataloader.py:1076: DGLWarning: Dataloader CPU affinity opt is not enabled, consider switching it on (see enable_cpu_affinity() or CPU best practices for DGL [https://docs.dgl.ai/tutorials/cpu/cpu_best_practises.html])
  dgl_warning(
trial12 epoch=055 loss=0.066474 val_AUPRC=0.837593 best=0.837593@55 patience=0/20 train=15.691s val=8.077s
/workspace/pmp_vast/envs/pmp-author/lib/python3.10/site-packages/dgl/dataloading/dataloader.py:1076: DGLWarning: Dataloader CPU affinity opt is not enabled, consider switching it on (see enable_cpu_affinity() or CPU best practices for DGL [https://docs.dgl.ai/tutorials/cpu/cpu_best_practises.html])
  dgl_warning(
trial12 epoch=056 loss=0.066127 val_AUPRC=0.838172 best=0.838172@56 patience=0/20 train=16.409s val=8.235s
/workspace/pmp_vast/envs/pmp-author/lib/python3.10/site-packages/dgl/dataloading/dataloader.py:1076: DGLWarning: Dataloader CPU affinity opt is not enabled, consider switching it on (see enable_cpu_affinity() or CPU best practices for DGL [https://docs.dgl.ai/tutorials/cpu/cpu_best_practises.html])
  dgl_warning(
trial12 epoch=057 loss=0.063656 val_AUPRC=0.838223 best=0.838223@57 patience=0/20 train=16.609s val=7.920s
/workspace/pmp_vast/envs/pmp-author/lib/python3.10/site-packages/dgl/dataloading/dataloader.py:1076: DGLWarning: Dataloader CPU affinity opt is not enabled, consider switching it on (see enable_cpu_affinity() or CPU best practices for DGL [https://docs.dgl.ai/tutorials/cpu/cpu_best_practises.html])
  dgl_warning(
trial12 epoch=058 loss=0.067536 val_AUPRC=0.838564 best=0.838564@58 patience=0/20 train=15.708s val=8.066s
/workspace/pmp_vast/envs/pmp-author/lib/python3.10/site-packages/dgl/dataloading/dataloader.py:1076: DGLWarning: Dataloader CPU affinity opt is not enabled, consider switching it on (see enable_cpu_affinity() or CPU best practices for DGL [https://docs.dgl.ai/tutorials/cpu/cpu_best_practises.html])
  dgl_warning(
trial12 epoch=059 loss=0.065964 val_AUPRC=0.839326 best=0.839326@59 patience=0/20 train=15.843s val=7.903s
/workspace/pmp_vast/envs/pmp-author/lib/python3.10/site-packages/dgl/dataloading/dataloader.py:1076: DGLWarning: Dataloader CPU affinity opt is not enabled, consider switching it on (see enable_cpu_affinity() or CPU best practices for DGL [https://docs.dgl.ai/tutorials/cpu/cpu_best_practises.html])
  dgl_warning(
trial12 epoch=060 loss=0.062239 val_AUPRC=0.839465 best=0.839465@60 patience=0/20 train=15.807s val=7.901s
/workspace/pmp_vast/envs/pmp-author/lib/python3.10/site-packages/dgl/dataloading/dataloader.py:1076: DGLWarning: Dataloader CPU affinity opt is not enabled, consider switching it on (see enable_cpu_affinity() or CPU best practices for DGL [https://docs.dgl.ai/tutorials/cpu/cpu_best_practises.html])
  dgl_warning(
trial12 epoch=061 loss=0.064987 val_AUPRC=0.840153 best=0.840153@61 patience=0/20 train=15.654s val=8.150s
/workspace/pmp_vast/envs/pmp-author/lib/python3.10/site-packages/dgl/dataloading/dataloader.py:1076: DGLWarning: Dataloader CPU affinity opt is not enabled, consider switching it on (see enable_cpu_affinity() or CPU best practices for DGL [https://docs.dgl.ai/tutorials/cpu/cpu_best_practises.html])
  dgl_warning(
trial12 epoch=062 loss=0.065081 val_AUPRC=0.840267 best=0.840267@62 patience=0/20 train=16.351s val=8.146s
/workspace/pmp_vast/envs/pmp-author/lib/python3.10/site-packages/dgl/dataloading/dataloader.py:1076: DGLWarning: Dataloader CPU affinity opt is not enabled, consider switching it on (see enable_cpu_affinity() or CPU best practices for DGL [https://docs.dgl.ai/tutorials/cpu/cpu_best_practises.html])
  dgl_warning(
trial12 epoch=063 loss=0.061907 val_AUPRC=0.840629 best=0.840629@63 patience=0/20 train=16.482s val=7.765s
/workspace/pmp_vast/envs/pmp-author/lib/python3.10/site-packages/dgl/dataloading/dataloader.py:1076: DGLWarning: Dataloader CPU affinity opt is not enabled, consider switching it on (see enable_cpu_affinity() or CPU best practices for DGL [https://docs.dgl.ai/tutorials/cpu/cpu_best_practises.html])
  dgl_warning(
trial12 epoch=064 loss=0.064540 val_AUPRC=0.840857 best=0.840857@64 patience=0/20 train=15.422s val=8.080s
/workspace/pmp_vast/envs/pmp-author/lib/python3.10/site-packages/dgl/dataloading/dataloader.py:1076: DGLWarning: Dataloader CPU affinity opt is not enabled, consider switching it on (see enable_cpu_affinity() or CPU best practices for DGL [https://docs.dgl.ai/tutorials/cpu/cpu_best_practises.html])
  dgl_warning(
/workspace/pmp_vast/envs/pmp-author/lib/python3.10/site-packages/dgl/dataloading/dataloader.py:1076: DGLWarning: Dataloader CPU affinity opt is not enabled, consider switching it on (see enable_cpu_affinity() or CPU best practices for DGL [https://docs.dgl.ai/tutorials/cpu/cpu_best_practises.html])
  dgl_warning(
trial12 epoch=066 loss=0.059985 val_AUPRC=0.841499 best=0.841499@66 patience=0/20 train=15.634s val=8.064s
/workspace/pmp_vast/envs/pmp-author/lib/python3.10/site-packages/dgl/dataloading/dataloader.py:1076: DGLWarning: Dataloader CPU affinity opt is not enabled, consider switching it on (see enable_cpu_affinity() or CPU best practices for DGL [https://docs.dgl.ai/tutorials/cpu/cpu_best_practises.html])
  dgl_warning(
/workspace/pmp_vast/envs/pmp-author/lib/python3.10/site-packages/dgl/dataloading/dataloader.py:1076: DGLWarning: Dataloader CPU affinity opt is not enabled, consider switching it on (see enable_cpu_affinity() or CPU best practices for DGL [https://docs.dgl.ai/tutorials/cpu/cpu_best_practises.html])
  dgl_warning(
trial12 epoch=068 loss=0.061857 val_AUPRC=0.841689 best=0.841689@68 patience=0/20 train=16.549s val=8.788s
/workspace/pmp_vast/envs/pmp-author/lib/python3.10/site-packages/dgl/dataloading/dataloader.py:1076: DGLWarning: Dataloader CPU affinity opt is not enabled, consider switching it on (see enable_cpu_affinity() or CPU best practices for DGL [https://docs.dgl.ai/tutorials/cpu/cpu_best_practises.html])
  dgl_warning(
/workspace/pmp_vast/envs/pmp-author/lib/python3.10/site-packages/dgl/dataloading/dataloader.py:1076: DGLWarning: Dataloader CPU affinity opt is not enabled, consider switching it on (see enable_cpu_affinity() or CPU best practices for DGL [https://docs.dgl.ai/tutorials/cpu/cpu_best_practises.html])
  dgl_warning(
trial12 epoch=070 loss=0.061322 val_AUPRC=0.842459 best=0.842459@70 patience=0/20 train=19.108s val=9.911s
/workspace/pmp_vast/envs/pmp-author/lib/python3.10/site-packages/dgl/dataloading/dataloader.py:1076: DGLWarning: Dataloader CPU affinity opt is not enabled, consider switching it on (see enable_cpu_affinity() or CPU best practices for DGL [https://docs.dgl.ai/tutorials/cpu/cpu_best_practises.html])
  dgl_warning(
trial12 epoch=071 loss=0.061870 val_AUPRC=0.842653 best=0.842653@71 patience=0/20 train=16.153s val=8.102s
/workspace/pmp_vast/envs/pmp-author/lib/python3.10/site-packages/dgl/dataloading/dataloader.py:1076: DGLWarning: Dataloader CPU affinity opt is not enabled, consider switching it on (see enable_cpu_affinity() or CPU best practices for DGL [https://docs.dgl.ai/tutorials/cpu/cpu_best_practises.html])
  dgl_warning(
trial12 epoch=072 loss=0.061361 val_AUPRC=0.843885 best=0.843885@72 patience=0/20 train=15.834s val=8.338s
/workspace/pmp_vast/envs/pmp-author/lib/python3.10/site-packages/dgl/dataloading/dataloader.py:1076: DGLWarning: Dataloader CPU affinity opt is not enabled, consider switching it on (see enable_cpu_affinity() or CPU best practices for DGL [https://docs.dgl.ai/tutorials/cpu/cpu_best_practises.html])
  dgl_warning(
/workspace/pmp_vast/envs/pmp-author/lib/python3.10/site-packages/dgl/dataloading/dataloader.py:1076: DGLWarning: Dataloader CPU affinity opt is not enabled, consider switching it on (see enable_cpu_affinity() or CPU best practices for DGL [https://docs.dgl.ai/tutorials/cpu/cpu_best_practises.html])
  dgl_warning(
trial12 epoch=074 loss=0.059929 val_AUPRC=0.844784 best=0.844784@74 patience=0/20 train=17.260s val=9.152s
/workspace/pmp_vast/envs/pmp-author/lib/python3.10/site-packages/dgl/dataloading/dataloader.py:1076: DGLWarning: Dataloader CPU affinity opt is not enabled, consider switching it on (see enable_cpu_affinity() or CPU best practices for DGL [https://docs.dgl.ai/tutorials/cpu/cpu_best_practises.html])
  dgl_warning(
trial12 epoch=075 loss=0.060474 val_AUPRC=0.844887 best=0.844887@75 patience=0/20 train=16.985s val=8.096s
/workspace/pmp_vast/envs/pmp-author/lib/python3.10/site-packages/dgl/dataloading/dataloader.py:1076: DGLWarning: Dataloader CPU affinity opt is not enabled, consider switching it on (see enable_cpu_affinity() or CPU best practices for DGL [https://docs.dgl.ai/tutorials/cpu/cpu_best_practises.html])
  dgl_warning(
/workspace/pmp_vast/envs/pmp-author/lib/python3.10/site-packages/dgl/dataloading/dataloader.py:1076: DGLWarning: Dataloader CPU affinity opt is not enabled, consider switching it on (see enable_cpu_affinity() or CPU best practices for DGL [https://docs.dgl.ai/tutorials/cpu/cpu_best_practises.html])
  dgl_warning(
/workspace/pmp_vast/envs/pmp-author/lib/python3.10/site-packages/dgl/dataloading/dataloader.py:1076: DGLWarning: Dataloader CPU affinity opt is not enabled, consider switching it on (see enable_cpu_affinity() or CPU best practices for DGL [https://docs.dgl.ai/tutorials/cpu/cpu_best_practises.html])
  dgl_warning(
trial12 epoch=078 loss=0.059409 val_AUPRC=0.845936 best=0.845936@78 patience=0/20 train=15.929s val=8.262s
/workspace/pmp_vast/envs/pmp-author/lib/python3.10/site-packages/dgl/dataloading/dataloader.py:1076: DGLWarning: Dataloader CPU affinity opt is not enabled, consider switching it on (see enable_cpu_affinity() or CPU best practices for DGL [https://docs.dgl.ai/tutorials/cpu/cpu_best_practises.html])
  dgl_warning(
/workspace/pmp_vast/envs/pmp-author/lib/python3.10/site-packages/dgl/dataloading/dataloader.py:1076: DGLWarning: Dataloader CPU affinity opt is not enabled, consider switching it on (see enable_cpu_affinity() or CPU best practices for DGL [https://docs.dgl.ai/tutorials/cpu/cpu_best_practises.html])
  dgl_warning(
trial12 epoch=080 loss=0.059250 val_AUPRC=0.846478 best=0.846478@80 patience=0/20 train=16.447s val=8.067s
/workspace/pmp_vast/envs/pmp-author/lib/python3.10/site-packages/dgl/dataloading/dataloader.py:1076: DGLWarning: Dataloader CPU affinity opt is not enabled, consider switching it on (see enable_cpu_affinity() or CPU best practices for DGL [https://docs.dgl.ai/tutorials/cpu/cpu_best_practises.html])
  dgl_warning(
/workspace/pmp_vast/envs/pmp-author/lib/python3.10/site-packages/dgl/dataloading/dataloader.py:1076: DGLWarning: Dataloader CPU affinity opt is not enabled, consider switching it on (see enable_cpu_affinity() or CPU best practices for DGL [https://docs.dgl.ai/tutorials/cpu/cpu_best_practises.html])
  dgl_warning(
trial12 epoch=082 loss=0.059746 val_AUPRC=0.846505 best=0.846505@82 patience=0/20 train=15.633s val=8.717s
/workspace/pmp_vast/envs/pmp-author/lib/python3.10/site-packages/dgl/dataloading/dataloader.py:1076: DGLWarning: Dataloader CPU affinity opt is not enabled, consider switching it on (see enable_cpu_affinity() or CPU best practices for DGL [https://docs.dgl.ai/tutorials/cpu/cpu_best_practises.html])
  dgl_warning(
trial12 epoch=083 loss=0.057445 val_AUPRC=0.846645 best=0.846645@83 patience=0/20 train=16.358s val=8.112s
/workspace/pmp_vast/envs/pmp-author/lib/python3.10/site-packages/dgl/dataloading/dataloader.py:1076: DGLWarning: Dataloader CPU affinity opt is not enabled, consider switching it on (see enable_cpu_affinity() or CPU best practices for DGL [https://docs.dgl.ai/tutorials/cpu/cpu_best_practises.html])
  dgl_warning(
/workspace/pmp_vast/envs/pmp-author/lib/python3.10/site-packages/dgl/dataloading/dataloader.py:1076: DGLWarning: Dataloader CPU affinity opt is not enabled, consider switching it on (see enable_cpu_affinity() or CPU best practices for DGL [https://docs.dgl.ai/tutorials/cpu/cpu_best_practises.html])
  dgl_warning(
trial12 epoch=085 loss=0.057085 val_AUPRC=0.849308 best=0.849308@85 patience=0/20 train=16.379s val=8.200s
/workspace/pmp_vast/envs/pmp-author/lib/python3.10/site-packages/dgl/dataloading/dataloader.py:1076: DGLWarning: Dataloader CPU affinity opt is not enabled, consider switching it on (see enable_cpu_affinity() or CPU best practices for DGL [https://docs.dgl.ai/tutorials/cpu/cpu_best_practises.html])
  dgl_warning(
trial12 epoch=086 loss=0.058464 val_AUPRC=0.849682 best=0.849682@86 patience=0/20 train=16.336s val=7.888s
/workspace/pmp_vast/envs/pmp-author/lib/python3.10/site-packages/dgl/dataloading/dataloader.py:1076: DGLWarning: Dataloader CPU affinity opt is not enabled, consider switching it on (see enable_cpu_affinity() or CPU best practices for DGL [https://docs.dgl.ai/tutorials/cpu/cpu_best_practises.html])
  dgl_warning(
/workspace/pmp_vast/envs/pmp-author/lib/python3.10/site-packages/dgl/dataloading/dataloader.py:1076: DGLWarning: Dataloader CPU affinity opt is not enabled, consider switching it on (see enable_cpu_affinity() or CPU best practices for DGL [https://docs.dgl.ai/tutorials/cpu/cpu_best_practises.html])
  dgl_warning(
/workspace/pmp_vast/envs/pmp-author/lib/python3.10/site-packages/dgl/dataloading/dataloader.py:1076: DGLWarning: Dataloader CPU affinity opt is not enabled, consider switching it on (see enable_cpu_affinity() or CPU best practices for DGL [https://docs.dgl.ai/tutorials/cpu/cpu_best_practises.html])
  dgl_warning(
/workspace/pmp_vast/envs/pmp-author/lib/python3.10/site-packages/dgl/dataloading/dataloader.py:1076: DGLWarning: Dataloader CPU affinity opt is not enabled, consider switching it on (see enable_cpu_affinity() or CPU best practices for DGL [https://docs.dgl.ai/tutorials/cpu/cpu_best_practises.html])
  dgl_warning(
trial12 epoch=090 loss=0.057521 val_AUPRC=0.848850 best=0.849682@86 patience=4/20 train=15.641s val=7.801s
/workspace/pmp_vast/envs/pmp-author/lib/python3.10/site-packages/dgl/dataloading/dataloader.py:1076: DGLWarning: Dataloader CPU affinity opt is not enabled, consider switching it on (see enable_cpu_affinity() or CPU best practices for DGL [https://docs.dgl.ai/tutorials/cpu/cpu_best_practises.html])
  dgl_warning(
trial12 epoch=091 loss=0.057145 val_AUPRC=0.850183 best=0.850183@91 patience=0/20 train=15.652s val=8.056s
/workspace/pmp_vast/envs/pmp-author/lib/python3.10/site-packages/dgl/dataloading/dataloader.py:1076: DGLWarning: Dataloader CPU affinity opt is not enabled, consider switching it on (see enable_cpu_affinity() or CPU best practices for DGL [https://docs.dgl.ai/tutorials/cpu/cpu_best_practises.html])
  dgl_warning(
trial12 epoch=092 loss=0.056807 val_AUPRC=0.850592 best=0.850592@92 patience=0/20 train=16.778s val=8.084s
/workspace/pmp_vast/envs/pmp-author/lib/python3.10/site-packages/dgl/dataloading/dataloader.py:1076: DGLWarning: Dataloader CPU affinity opt is not enabled, consider switching it on (see enable_cpu_affinity() or CPU best practices for DGL [https://docs.dgl.ai/tutorials/cpu/cpu_best_practises.html])
  dgl_warning(
/workspace/pmp_vast/envs/pmp-author/lib/python3.10/site-packages/dgl/dataloading/dataloader.py:1076: DGLWarning: Dataloader CPU affinity opt is not enabled, consider switching it on (see enable_cpu_affinity() or CPU best practices for DGL [https://docs.dgl.ai/tutorials/cpu/cpu_best_practises.html])
  dgl_warning(
trial12 epoch=094 loss=0.055939 val_AUPRC=0.851033 best=0.851033@94 patience=0/20 train=17.030s val=8.103s
/workspace/pmp_vast/envs/pmp-author/lib/python3.10/site-packages/dgl/dataloading/dataloader.py:1076: DGLWarning: Dataloader CPU affinity opt is not enabled, consider switching it on (see enable_cpu_affinity() or CPU best practices for DGL [https://docs.dgl.ai/tutorials/cpu/cpu_best_practises.html])
  dgl_warning(
/workspace/pmp_vast/envs/pmp-author/lib/python3.10/site-packages/dgl/dataloading/dataloader.py:1076: DGLWarning: Dataloader CPU affinity opt is not enabled, consider switching it on (see enable_cpu_affinity() or CPU best practices for DGL [https://docs.dgl.ai/tutorials/cpu/cpu_best_practises.html])
  dgl_warning(
trial12 epoch=096 loss=0.054445 val_AUPRC=0.851136 best=0.851136@96 patience=0/20 train=16.637s val=8.629s
/workspace/pmp_vast/envs/pmp-author/lib/python3.10/site-packages/dgl/dataloading/dataloader.py:1076: DGLWarning: Dataloader CPU affinity opt is not enabled, consider switching it on (see enable_cpu_affinity() or CPU best practices for DGL [https://docs.dgl.ai/tutorials/cpu/cpu_best_practises.html])
  dgl_warning(
/workspace/pmp_vast/envs/pmp-author/lib/python3.10/site-packages/dgl/dataloading/dataloader.py:1076: DGLWarning: Dataloader CPU affinity opt is not enabled, consider switching it on (see enable_cpu_affinity() or CPU best practices for DGL [https://docs.dgl.ai/tutorials/cpu/cpu_best_practises.html])
  dgl_warning(
/workspace/pmp_vast/envs/pmp-author/lib/python3.10/site-packages/dgl/dataloading/dataloader.py:1076: DGLWarning: Dataloader CPU affinity opt is not enabled, consider switching it on (see enable_cpu_affinity() or CPU best practices for DGL [https://docs.dgl.ai/tutorials/cpu/cpu_best_practises.html])
  dgl_warning(
/workspace/pmp_vast/envs/pmp-author/lib/python3.10/site-packages/dgl/dataloading/dataloader.py:1076: DGLWarning: Dataloader CPU affinity opt is not enabled, consider switching it on (see enable_cpu_affinity() or CPU best practices for DGL [https://docs.dgl.ai/tutorials/cpu/cpu_best_practises.html])
  dgl_warning(
trial12 epoch=100 loss=0.056960 val_AUPRC=0.850453 best=0.851136@96 patience=4/20 train=16.665s val=8.795s
TUNE trial12 PASS | best_val_AUPRC=0.851136@96 | TEST_ACCESSED=NO

===== FROZEN WINNER =====
WINNER_TRIAL=6 | LR=0.001 | WD=1e-05 | VAL_AUPRC=0.887911
TUNING_TEST_ACCESS=NONE

===== FRESH FINAL 12-RUN GRID =====
TUNING_CHECKPOINT_REUSED_AS_FINAL=NO

===== FINAL RUN tfinance_tr40_seed2 =====
/workspace/pmp_vast/envs/pmp-author/lib/python3.10/site-packages/dgl/dataloading/dataloader.py:1076: DGLWarning: Dataloader CPU affinity opt is not enabled, consider switching it on (see enable_cpu_affinity() or CPU best practices for DGL [https://docs.dgl.ai/tutorials/cpu/cpu_best_practises.html])
  dgl_warning(
tfinance_tr40_seed2 epoch=001 loss=0.379043 val_AUPRC=0.655745 best=0.655745@1 patience=0/20 train=16.448s val=9.657s
/workspace/pmp_vast/envs/pmp-author/lib/python3.10/site-packages/dgl/dataloading/dataloader.py:1076: DGLWarning: Dataloader CPU affinity opt is not enabled, consider switching it on (see enable_cpu_affinity() or CPU best practices for DGL [https://docs.dgl.ai/tutorials/cpu/cpu_best_practises.html])
  dgl_warning(
tfinance_tr40_seed2 epoch=002 loss=0.127848 val_AUPRC=0.809389 best=0.809389@2 patience=0/20 train=15.947s val=8.018s
/workspace/pmp_vast/envs/pmp-author/lib/python3.10/site-packages/dgl/dataloading/dataloader.py:1076: DGLWarning: Dataloader CPU affinity opt is not enabled, consider switching it on (see enable_cpu_affinity() or CPU best practices for DGL [https://docs.dgl.ai/tutorials/cpu/cpu_best_practises.html])
  dgl_warning(
tfinance_tr40_seed2 epoch=003 loss=0.096079 val_AUPRC=0.813586 best=0.813586@3 patience=0/20 train=16.181s val=8.768s
/workspace/pmp_vast/envs/pmp-author/lib/python3.10/site-packages/dgl/dataloading/dataloader.py:1076: DGLWarning: Dataloader CPU affinity opt is not enabled, consider switching it on (see enable_cpu_affinity() or CPU best practices for DGL [https://docs.dgl.ai/tutorials/cpu/cpu_best_practises.html])
  dgl_warning(
tfinance_tr40_seed2 epoch=004 loss=0.082308 val_AUPRC=0.818294 best=0.818294@4 patience=0/20 train=15.850s val=8.053s
/workspace/pmp_vast/envs/pmp-author/lib/python3.10/site-packages/dgl/dataloading/dataloader.py:1076: DGLWarning: Dataloader CPU affinity opt is not enabled, consider switching it on (see enable_cpu_affinity() or CPU best practices for DGL [https://docs.dgl.ai/tutorials/cpu/cpu_best_practises.html])
  dgl_warning(
tfinance_tr40_seed2 epoch=005 loss=0.080852 val_AUPRC=0.827934 best=0.827934@5 patience=0/20 train=15.548s val=7.760s
/workspace/pmp_vast/envs/pmp-author/lib/python3.10/site-packages/dgl/dataloading/dataloader.py:1076: DGLWarning: Dataloader CPU affinity opt is not enabled, consider switching it on (see enable_cpu_affinity() or CPU best practices for DGL [https://docs.dgl.ai/tutorials/cpu/cpu_best_practises.html])
  dgl_warning(
tfinance_tr40_seed2 epoch=006 loss=0.074882 val_AUPRC=0.831285 best=0.831285@6 patience=0/20 train=15.738s val=7.866s
/workspace/pmp_vast/envs/pmp-author/lib/python3.10/site-packages/dgl/dataloading/dataloader.py:1076: DGLWarning: Dataloader CPU affinity opt is not enabled, consider switching it on (see enable_cpu_affinity() or CPU best practices for DGL [https://docs.dgl.ai/tutorials/cpu/cpu_best_practises.html])
  dgl_warning(
tfinance_tr40_seed2 epoch=007 loss=0.069328 val_AUPRC=0.838372 best=0.838372@7 patience=0/20 train=16.316s val=8.131s
/workspace/pmp_vast/envs/pmp-author/lib/python3.10/site-packages/dgl/dataloading/dataloader.py:1076: DGLWarning: Dataloader CPU affinity opt is not enabled, consider switching it on (see enable_cpu_affinity() or CPU best practices for DGL [https://docs.dgl.ai/tutorials/cpu/cpu_best_practises.html])
  dgl_warning(
tfinance_tr40_seed2 epoch=008 loss=0.064217 val_AUPRC=0.839897 best=0.839897@8 patience=0/20 train=20.134s val=9.812s
/workspace/pmp_vast/envs/pmp-author/lib/python3.10/site-packages/dgl/dataloading/dataloader.py:1076: DGLWarning: Dataloader CPU affinity opt is not enabled, consider switching it on (see enable_cpu_affinity() or CPU best practices for DGL [https://docs.dgl.ai/tutorials/cpu/cpu_best_practises.html])
  dgl_warning(
tfinance_tr40_seed2 epoch=009 loss=0.064456 val_AUPRC=0.844578 best=0.844578@9 patience=0/20 train=15.770s val=8.229s
/workspace/pmp_vast/envs/pmp-author/lib/python3.10/site-packages/dgl/dataloading/dataloader.py:1076: DGLWarning: Dataloader CPU affinity opt is not enabled, consider switching it on (see enable_cpu_affinity() or CPU best practices for DGL [https://docs.dgl.ai/tutorials/cpu/cpu_best_practises.html])
  dgl_warning(
tfinance_tr40_seed2 epoch=010 loss=0.063380 val_AUPRC=0.845714 best=0.845714@10 patience=0/20 train=16.359s val=8.132s
/workspace/pmp_vast/envs/pmp-author/lib/python3.10/site-packages/dgl/dataloading/dataloader.py:1076: DGLWarning: Dataloader CPU affinity opt is not enabled, consider switching it on (see enable_cpu_affinity() or CPU best practices for DGL [https://docs.dgl.ai/tutorials/cpu/cpu_best_practises.html])
  dgl_warning(
tfinance_tr40_seed2 epoch=011 loss=0.061587 val_AUPRC=0.847657 best=0.847657@11 patience=0/20 train=15.695s val=9.580s
/workspace/pmp_vast/envs/pmp-author/lib/python3.10/site-packages/dgl/dataloading/dataloader.py:1076: DGLWarning: Dataloader CPU affinity opt is not enabled, consider switching it on (see enable_cpu_affinity() or CPU best practices for DGL [https://docs.dgl.ai/tutorials/cpu/cpu_best_practises.html])
  dgl_warning(
/workspace/pmp_vast/envs/pmp-author/lib/python3.10/site-packages/dgl/dataloading/dataloader.py:1076: DGLWarning: Dataloader CPU affinity opt is not enabled, consider switching it on (see enable_cpu_affinity() or CPU best practices for DGL [https://docs.dgl.ai/tutorials/cpu/cpu_best_practises.html])
  dgl_warning(
/workspace/pmp_vast/envs/pmp-author/lib/python3.10/site-packages/dgl/dataloading/dataloader.py:1076: DGLWarning: Dataloader CPU affinity opt is not enabled, consider switching it on (see enable_cpu_affinity() or CPU best practices for DGL [https://docs.dgl.ai/tutorials/cpu/cpu_best_practises.html])
  dgl_warning(
tfinance_tr40_seed2 epoch=014 loss=0.056747 val_AUPRC=0.848273 best=0.848273@14 patience=0/20 train=18.462s val=8.027s
/workspace/pmp_vast/envs/pmp-author/lib/python3.10/site-packages/dgl/dataloading/dataloader.py:1076: DGLWarning: Dataloader CPU affinity opt is not enabled, consider switching it on (see enable_cpu_affinity() or CPU best practices for DGL [https://docs.dgl.ai/tutorials/cpu/cpu_best_practises.html])
  dgl_warning(
tfinance_tr40_seed2 epoch=015 loss=0.059510 val_AUPRC=0.851131 best=0.851131@15 patience=0/20 train=15.685s val=7.857s
/workspace/pmp_vast/envs/pmp-author/lib/python3.10/site-packages/dgl/dataloading/dataloader.py:1076: DGLWarning: Dataloader CPU affinity opt is not enabled, consider switching it on (see enable_cpu_affinity() or CPU best practices for DGL [https://docs.dgl.ai/tutorials/cpu/cpu_best_practises.html])
  dgl_warning(
tfinance_tr40_seed2 epoch=016 loss=0.055561 val_AUPRC=0.853380 best=0.853380@16 patience=0/20 train=16.668s val=7.807s
/workspace/pmp_vast/envs/pmp-author/lib/python3.10/site-packages/dgl/dataloading/dataloader.py:1076: DGLWarning: Dataloader CPU affinity opt is not enabled, consider switching it on (see enable_cpu_affinity() or CPU best practices for DGL [https://docs.dgl.ai/tutorials/cpu/cpu_best_practises.html])
  dgl_warning(
tfinance_tr40_seed2 epoch=017 loss=0.056912 val_AUPRC=0.854916 best=0.854916@17 patience=0/20 train=16.405s val=8.315s
/workspace/pmp_vast/envs/pmp-author/lib/python3.10/site-packages/dgl/dataloading/dataloader.py:1076: DGLWarning: Dataloader CPU affinity opt is not enabled, consider switching it on (see enable_cpu_affinity() or CPU best practices for DGL [https://docs.dgl.ai/tutorials/cpu/cpu_best_practises.html])
  dgl_warning(
tfinance_tr40_seed2 epoch=018 loss=0.056810 val_AUPRC=0.855620 best=0.855620@18 patience=0/20 train=15.584s val=8.031s
/workspace/pmp_vast/envs/pmp-author/lib/python3.10/site-packages/dgl/dataloading/dataloader.py:1076: DGLWarning: Dataloader CPU affinity opt is not enabled, consider switching it on (see enable_cpu_affinity() or CPU best practices for DGL [https://docs.dgl.ai/tutorials/cpu/cpu_best_practises.html])
  dgl_warning(
/workspace/pmp_vast/envs/pmp-author/lib/python3.10/site-packages/dgl/dataloading/dataloader.py:1076: DGLWarning: Dataloader CPU affinity opt is not enabled, consider switching it on (see enable_cpu_affinity() or CPU best practices for DGL [https://docs.dgl.ai/tutorials/cpu/cpu_best_practises.html])
  dgl_warning(
tfinance_tr40_seed2 epoch=020 loss=0.054243 val_AUPRC=0.858097 best=0.858097@20 patience=0/20 train=16.047s val=10.114s
/workspace/pmp_vast/envs/pmp-author/lib/python3.10/site-packages/dgl/dataloading/dataloader.py:1076: DGLWarning: Dataloader CPU affinity opt is not enabled, consider switching it on (see enable_cpu_affinity() or CPU best practices for DGL [https://docs.dgl.ai/tutorials/cpu/cpu_best_practises.html])
  dgl_warning(
tfinance_tr40_seed2 epoch=021 loss=0.053320 val_AUPRC=0.859619 best=0.859619@21 patience=0/20 train=16.590s val=8.502s
/workspace/pmp_vast/envs/pmp-author/lib/python3.10/site-packages/dgl/dataloading/dataloader.py:1076: DGLWarning: Dataloader CPU affinity opt is not enabled, consider switching it on (see enable_cpu_affinity() or CPU best practices for DGL [https://docs.dgl.ai/tutorials/cpu/cpu_best_practises.html])
  dgl_warning(
tfinance_tr40_seed2 epoch=022 loss=0.053968 val_AUPRC=0.861737 best=0.861737@22 patience=0/20 train=16.258s val=7.918s
/workspace/pmp_vast/envs/pmp-author/lib/python3.10/site-packages/dgl/dataloading/dataloader.py:1076: DGLWarning: Dataloader CPU affinity opt is not enabled, consider switching it on (see enable_cpu_affinity() or CPU best practices for DGL [https://docs.dgl.ai/tutorials/cpu/cpu_best_practises.html])
  dgl_warning(
/workspace/pmp_vast/envs/pmp-author/lib/python3.10/site-packages/dgl/dataloading/dataloader.py:1076: DGLWarning: Dataloader CPU affinity opt is not enabled, consider switching it on (see enable_cpu_affinity() or CPU best practices for DGL [https://docs.dgl.ai/tutorials/cpu/cpu_best_practises.html])
  dgl_warning(
/workspace/pmp_vast/envs/pmp-author/lib/python3.10/site-packages/dgl/dataloading/dataloader.py:1076: DGLWarning: Dataloader CPU affinity opt is not enabled, consider switching it on (see enable_cpu_affinity() or CPU best practices for DGL [https://docs.dgl.ai/tutorials/cpu/cpu_best_practises.html])
  dgl_warning(
/workspace/pmp_vast/envs/pmp-author/lib/python3.10/site-packages/dgl/dataloading/dataloader.py:1076: DGLWarning: Dataloader CPU affinity opt is not enabled, consider switching it on (see enable_cpu_affinity() or CPU best practices for DGL [https://docs.dgl.ai/tutorials/cpu/cpu_best_practises.html])
  dgl_warning(
/workspace/pmp_vast/envs/pmp-author/lib/python3.10/site-packages/dgl/dataloading/dataloader.py:1076: DGLWarning: Dataloader CPU affinity opt is not enabled, consider switching it on (see enable_cpu_affinity() or CPU best practices for DGL [https://docs.dgl.ai/tutorials/cpu/cpu_best_practises.html])
  dgl_warning(
/workspace/pmp_vast/envs/pmp-author/lib/python3.10/site-packages/dgl/dataloading/dataloader.py:1076: DGLWarning: Dataloader CPU affinity opt is not enabled, consider switching it on (see enable_cpu_affinity() or CPU best practices for DGL [https://docs.dgl.ai/tutorials/cpu/cpu_best_practises.html])
  dgl_warning(
tfinance_tr40_seed2 epoch=028 loss=0.052759 val_AUPRC=0.865625 best=0.865625@28 patience=0/20 train=15.753s val=7.866s
/workspace/pmp_vast/envs/pmp-author/lib/python3.10/site-packages/dgl/dataloading/dataloader.py:1076: DGLWarning: Dataloader CPU affinity opt is not enabled, consider switching it on (see enable_cpu_affinity() or CPU best practices for DGL [https://docs.dgl.ai/tutorials/cpu/cpu_best_practises.html])
  dgl_warning(
/workspace/pmp_vast/envs/pmp-author/lib/python3.10/site-packages/dgl/dataloading/dataloader.py:1076: DGLWarning: Dataloader CPU affinity opt is not enabled, consider switching it on (see enable_cpu_affinity() or CPU best practices for DGL [https://docs.dgl.ai/tutorials/cpu/cpu_best_practises.html])
  dgl_warning(
tfinance_tr40_seed2 epoch=030 loss=0.052028 val_AUPRC=0.866311 best=0.866311@30 patience=0/20 train=15.713s val=7.893s
/workspace/pmp_vast/envs/pmp-author/lib/python3.10/site-packages/dgl/dataloading/dataloader.py:1076: DGLWarning: Dataloader CPU affinity opt is not enabled, consider switching it on (see enable_cpu_affinity() or CPU best practices for DGL [https://docs.dgl.ai/tutorials/cpu/cpu_best_practises.html])
  dgl_warning(
/workspace/pmp_vast/envs/pmp-author/lib/python3.10/site-packages/dgl/dataloading/dataloader.py:1076: DGLWarning: Dataloader CPU affinity opt is not enabled, consider switching it on (see enable_cpu_affinity() or CPU best practices for DGL [https://docs.dgl.ai/tutorials/cpu/cpu_best_practises.html])
  dgl_warning(
/workspace/pmp_vast/envs/pmp-author/lib/python3.10/site-packages/dgl/dataloading/dataloader.py:1076: DGLWarning: Dataloader CPU affinity opt is not enabled, consider switching it on (see enable_cpu_affinity() or CPU best practices for DGL [https://docs.dgl.ai/tutorials/cpu/cpu_best_practises.html])
  dgl_warning(
/workspace/pmp_vast/envs/pmp-author/lib/python3.10/site-packages/dgl/dataloading/dataloader.py:1076: DGLWarning: Dataloader CPU affinity opt is not enabled, consider switching it on (see enable_cpu_affinity() or CPU best practices for DGL [https://docs.dgl.ai/tutorials/cpu/cpu_best_practises.html])
  dgl_warning(
tfinance_tr40_seed2 epoch=034 loss=0.051767 val_AUPRC=0.867962 best=0.867962@34 patience=0/20 train=16.396s val=8.121s
/workspace/pmp_vast/envs/pmp-author/lib/python3.10/site-packages/dgl/dataloading/dataloader.py:1076: DGLWarning: Dataloader CPU affinity opt is not enabled, consider switching it on (see enable_cpu_affinity() or CPU best practices for DGL [https://docs.dgl.ai/tutorials/cpu/cpu_best_practises.html])
  dgl_warning(
/workspace/pmp_vast/envs/pmp-author/lib/python3.10/site-packages/dgl/dataloading/dataloader.py:1076: DGLWarning: Dataloader CPU affinity opt is not enabled, consider switching it on (see enable_cpu_affinity() or CPU best practices for DGL [https://docs.dgl.ai/tutorials/cpu/cpu_best_practises.html])
  dgl_warning(
/workspace/pmp_vast/envs/pmp-author/lib/python3.10/site-packages/dgl/dataloading/dataloader.py:1076: DGLWarning: Dataloader CPU affinity opt is not enabled, consider switching it on (see enable_cpu_affinity() or CPU best practices for DGL [https://docs.dgl.ai/tutorials/cpu/cpu_best_practises.html])
  dgl_warning(
/workspace/pmp_vast/envs/pmp-author/lib/python3.10/site-packages/dgl/dataloading/dataloader.py:1076: DGLWarning: Dataloader CPU affinity opt is not enabled, consider switching it on (see enable_cpu_affinity() or CPU best practices for DGL [https://docs.dgl.ai/tutorials/cpu/cpu_best_practises.html])
  dgl_warning(
/workspace/pmp_vast/envs/pmp-author/lib/python3.10/site-packages/dgl/dataloading/dataloader.py:1076: DGLWarning: Dataloader CPU affinity opt is not enabled, consider switching it on (see enable_cpu_affinity() or CPU best practices for DGL [https://docs.dgl.ai/tutorials/cpu/cpu_best_practises.html])
  dgl_warning(
tfinance_tr40_seed2 epoch=039 loss=0.050206 val_AUPRC=0.869586 best=0.869586@39 patience=0/20 train=16.248s val=7.786s
/workspace/pmp_vast/envs/pmp-author/lib/python3.10/site-packages/dgl/dataloading/dataloader.py:1076: DGLWarning: Dataloader CPU affinity opt is not enabled, consider switching it on (see enable_cpu_affinity() or CPU best practices for DGL [https://docs.dgl.ai/tutorials/cpu/cpu_best_practises.html])
  dgl_warning(
tfinance_tr40_seed2 epoch=040 loss=0.048912 val_AUPRC=0.866703 best=0.869586@39 patience=1/20 train=16.044s val=8.085s
/workspace/pmp_vast/envs/pmp-author/lib/python3.10/site-packages/dgl/dataloading/dataloader.py:1076: DGLWarning: Dataloader CPU affinity opt is not enabled, consider switching it on (see enable_cpu_affinity() or CPU best practices for DGL [https://docs.dgl.ai/tutorials/cpu/cpu_best_practises.html])
  dgl_warning(
tfinance_tr40_seed2 epoch=041 loss=0.050371 val_AUPRC=0.869740 best=0.869740@41 patience=0/20 train=16.392s val=8.135s
/workspace/pmp_vast/envs/pmp-author/lib/python3.10/site-packages/dgl/dataloading/dataloader.py:1076: DGLWarning: Dataloader CPU affinity opt is not enabled, consider switching it on (see enable_cpu_affinity() or CPU best practices for DGL [https://docs.dgl.ai/tutorials/cpu/cpu_best_practises.html])
  dgl_warning(
tfinance_tr40_seed2 epoch=042 loss=0.048181 val_AUPRC=0.872856 best=0.872856@42 patience=0/20 train=15.884s val=7.935s
/workspace/pmp_vast/envs/pmp-author/lib/python3.10/site-packages/dgl/dataloading/dataloader.py:1076: DGLWarning: Dataloader CPU affinity opt is not enabled, consider switching it on (see enable_cpu_affinity() or CPU best practices for DGL [https://docs.dgl.ai/tutorials/cpu/cpu_best_practises.html])
  dgl_warning(
/workspace/pmp_vast/envs/pmp-author/lib/python3.10/site-packages/dgl/dataloading/dataloader.py:1076: DGLWarning: Dataloader CPU affinity opt is not enabled, consider switching it on (see enable_cpu_affinity() or CPU best practices for DGL [https://docs.dgl.ai/tutorials/cpu/cpu_best_practises.html])
  dgl_warning(
/workspace/pmp_vast/envs/pmp-author/lib/python3.10/site-packages/dgl/dataloading/dataloader.py:1076: DGLWarning: Dataloader CPU affinity opt is not enabled, consider switching it on (see enable_cpu_affinity() or CPU best practices for DGL [https://docs.dgl.ai/tutorials/cpu/cpu_best_practises.html])
  dgl_warning(
/workspace/pmp_vast/envs/pmp-author/lib/python3.10/site-packages/dgl/dataloading/dataloader.py:1076: DGLWarning: Dataloader CPU affinity opt is not enabled, consider switching it on (see enable_cpu_affinity() or CPU best practices for DGL [https://docs.dgl.ai/tutorials/cpu/cpu_best_practises.html])
  dgl_warning(
/workspace/pmp_vast/envs/pmp-author/lib/python3.10/site-packages/dgl/dataloading/dataloader.py:1076: DGLWarning: Dataloader CPU affinity opt is not enabled, consider switching it on (see enable_cpu_affinity() or CPU best practices for DGL [https://docs.dgl.ai/tutorials/cpu/cpu_best_practises.html])
  dgl_warning(
/workspace/pmp_vast/envs/pmp-author/lib/python3.10/site-packages/dgl/dataloading/dataloader.py:1076: DGLWarning: Dataloader CPU affinity opt is not enabled, consider switching it on (see enable_cpu_affinity() or CPU best practices for DGL [https://docs.dgl.ai/tutorials/cpu/cpu_best_practises.html])
  dgl_warning(
/workspace/pmp_vast/envs/pmp-author/lib/python3.10/site-packages/dgl/dataloading/dataloader.py:1076: DGLWarning: Dataloader CPU affinity opt is not enabled, consider switching it on (see enable_cpu_affinity() or CPU best practices for DGL [https://docs.dgl.ai/tutorials/cpu/cpu_best_practises.html])
  dgl_warning(
/workspace/pmp_vast/envs/pmp-author/lib/python3.10/site-packages/dgl/dataloading/dataloader.py:1076: DGLWarning: Dataloader CPU affinity opt is not enabled, consider switching it on (see enable_cpu_affinity() or CPU best practices for DGL [https://docs.dgl.ai/tutorials/cpu/cpu_best_practises.html])
  dgl_warning(
tfinance_tr40_seed2 epoch=050 loss=0.050048 val_AUPRC=0.874690 best=0.874690@50 patience=0/20 train=17.166s val=8.196s
/workspace/pmp_vast/envs/pmp-author/lib/python3.10/site-packages/dgl/dataloading/dataloader.py:1076: DGLWarning: Dataloader CPU affinity opt is not enabled, consider switching it on (see enable_cpu_affinity() or CPU best practices for DGL [https://docs.dgl.ai/tutorials/cpu/cpu_best_practises.html])
  dgl_warning(
/workspace/pmp_vast/envs/pmp-author/lib/python3.10/site-packages/dgl/dataloading/dataloader.py:1076: DGLWarning: Dataloader CPU affinity opt is not enabled, consider switching it on (see enable_cpu_affinity() or CPU best practices for DGL [https://docs.dgl.ai/tutorials/cpu/cpu_best_practises.html])
  dgl_warning(
/workspace/pmp_vast/envs/pmp-author/lib/python3.10/site-packages/dgl/dataloading/dataloader.py:1076: DGLWarning: Dataloader CPU affinity opt is not enabled, consider switching it on (see enable_cpu_affinity() or CPU best practices for DGL [https://docs.dgl.ai/tutorials/cpu/cpu_best_practises.html])
  dgl_warning(
tfinance_tr40_seed2 epoch=053 loss=0.047227 val_AUPRC=0.877006 best=0.877006@53 patience=0/20 train=16.397s val=7.852s
/workspace/pmp_vast/envs/pmp-author/lib/python3.10/site-packages/dgl/dataloading/dataloader.py:1076: DGLWarning: Dataloader CPU affinity opt is not enabled, consider switching it on (see enable_cpu_affinity() or CPU best practices for DGL [https://docs.dgl.ai/tutorials/cpu/cpu_best_practises.html])
  dgl_warning(
/workspace/pmp_vast/envs/pmp-author/lib/python3.10/site-packages/dgl/dataloading/dataloader.py:1076: DGLWarning: Dataloader CPU affinity opt is not enabled, consider switching it on (see enable_cpu_affinity() or CPU best practices for DGL [https://docs.dgl.ai/tutorials/cpu/cpu_best_practises.html])
  dgl_warning(
/workspace/pmp_vast/envs/pmp-author/lib/python3.10/site-packages/dgl/dataloading/dataloader.py:1076: DGLWarning: Dataloader CPU affinity opt is not enabled, consider switching it on (see enable_cpu_affinity() or CPU best practices for DGL [https://docs.dgl.ai/tutorials/cpu/cpu_best_practises.html])
  dgl_warning(
/workspace/pmp_vast/envs/pmp-author/lib/python3.10/site-packages/dgl/dataloading/dataloader.py:1076: DGLWarning: Dataloader CPU affinity opt is not enabled, consider switching it on (see enable_cpu_affinity() or CPU best practices for DGL [https://docs.dgl.ai/tutorials/cpu/cpu_best_practises.html])
  dgl_warning(
tfinance_tr40_seed2 epoch=057 loss=0.045123 val_AUPRC=0.878117 best=0.878117@57 patience=0/20 train=15.818s val=7.953s
/workspace/pmp_vast/envs/pmp-author/lib/python3.10/site-packages/dgl/dataloading/dataloader.py:1076: DGLWarning: Dataloader CPU affinity opt is not enabled, consider switching it on (see enable_cpu_affinity() or CPU best practices for DGL [https://docs.dgl.ai/tutorials/cpu/cpu_best_practises.html])
  dgl_warning(
/workspace/pmp_vast/envs/pmp-author/lib/python3.10/site-packages/dgl/dataloading/dataloader.py:1076: DGLWarning: Dataloader CPU affinity opt is not enabled, consider switching it on (see enable_cpu_affinity() or CPU best practices for DGL [https://docs.dgl.ai/tutorials/cpu/cpu_best_practises.html])
  dgl_warning(
/workspace/pmp_vast/envs/pmp-author/lib/python3.10/site-packages/dgl/dataloading/dataloader.py:1076: DGLWarning: Dataloader CPU affinity opt is not enabled, consider switching it on (see enable_cpu_affinity() or CPU best practices for DGL [https://docs.dgl.ai/tutorials/cpu/cpu_best_practises.html])
  dgl_warning(
tfinance_tr40_seed2 epoch=060 loss=0.045495 val_AUPRC=0.876393 best=0.878117@57 patience=3/20 train=16.124s val=8.339s
/workspace/pmp_vast/envs/pmp-author/lib/python3.10/site-packages/dgl/dataloading/dataloader.py:1076: DGLWarning: Dataloader CPU affinity opt is not enabled, consider switching it on (see enable_cpu_affinity() or CPU best practices for DGL [https://docs.dgl.ai/tutorials/cpu/cpu_best_practises.html])
  dgl_warning(
/workspace/pmp_vast/envs/pmp-author/lib/python3.10/site-packages/dgl/dataloading/dataloader.py:1076: DGLWarning: Dataloader CPU affinity opt is not enabled, consider switching it on (see enable_cpu_affinity() or CPU best practices for DGL [https://docs.dgl.ai/tutorials/cpu/cpu_best_practises.html])
  dgl_warning(
tfinance_tr40_seed2 epoch=062 loss=0.046620 val_AUPRC=0.879614 best=0.879614@62 patience=0/20 train=15.778s val=7.907s
/workspace/pmp_vast/envs/pmp-author/lib/python3.10/site-packages/dgl/dataloading/dataloader.py:1076: DGLWarning: Dataloader CPU affinity opt is not enabled, consider switching it on (see enable_cpu_affinity() or CPU best practices for DGL [https://docs.dgl.ai/tutorials/cpu/cpu_best_practises.html])
  dgl_warning(
tfinance_tr40_seed2 epoch=063 loss=0.045472 val_AUPRC=0.880973 best=0.880973@63 patience=0/20 train=15.784s val=8.017s
/workspace/pmp_vast/envs/pmp-author/lib/python3.10/site-packages/dgl/dataloading/dataloader.py:1076: DGLWarning: Dataloader CPU affinity opt is not enabled, consider switching it on (see enable_cpu_affinity() or CPU best practices for DGL [https://docs.dgl.ai/tutorials/cpu/cpu_best_practises.html])
  dgl_warning(
/workspace/pmp_vast/envs/pmp-author/lib/python3.10/site-packages/dgl/dataloading/dataloader.py:1076: DGLWarning: Dataloader CPU affinity opt is not enabled, consider switching it on (see enable_cpu_affinity() or CPU best practices for DGL [https://docs.dgl.ai/tutorials/cpu/cpu_best_practises.html])
  dgl_warning(
/workspace/pmp_vast/envs/pmp-author/lib/python3.10/site-packages/dgl/dataloading/dataloader.py:1076: DGLWarning: Dataloader CPU affinity opt is not enabled, consider switching it on (see enable_cpu_affinity() or CPU best practices for DGL [https://docs.dgl.ai/tutorials/cpu/cpu_best_practises.html])
  dgl_warning(
/workspace/pmp_vast/envs/pmp-author/lib/python3.10/site-packages/dgl/dataloading/dataloader.py:1076: DGLWarning: Dataloader CPU affinity opt is not enabled, consider switching it on (see enable_cpu_affinity() or CPU best practices for DGL [https://docs.dgl.ai/tutorials/cpu/cpu_best_practises.html])
  dgl_warning(
/workspace/pmp_vast/envs/pmp-author/lib/python3.10/site-packages/dgl/dataloading/dataloader.py:1076: DGLWarning: Dataloader CPU affinity opt is not enabled, consider switching it on (see enable_cpu_affinity() or CPU best practices for DGL [https://docs.dgl.ai/tutorials/cpu/cpu_best_practises.html])
  dgl_warning(
/workspace/pmp_vast/envs/pmp-author/lib/python3.10/site-packages/dgl/dataloading/dataloader.py:1076: DGLWarning: Dataloader CPU affinity opt is not enabled, consider switching it on (see enable_cpu_affinity() or CPU best practices for DGL [https://docs.dgl.ai/tutorials/cpu/cpu_best_practises.html])
  dgl_warning(
tfinance_tr40_seed2 epoch=069 loss=0.045623 val_AUPRC=0.881076 best=0.881076@69 patience=0/20 train=16.016s val=8.252s
/workspace/pmp_vast/envs/pmp-author/lib/python3.10/site-packages/dgl/dataloading/dataloader.py:1076: DGLWarning: Dataloader CPU affinity opt is not enabled, consider switching it on (see enable_cpu_affinity() or CPU best practices for DGL [https://docs.dgl.ai/tutorials/cpu/cpu_best_practises.html])
  dgl_warning(
tfinance_tr40_seed2 epoch=070 loss=0.046151 val_AUPRC=0.875801 best=0.881076@69 patience=1/20 train=16.204s val=7.821s
/workspace/pmp_vast/envs/pmp-author/lib/python3.10/site-packages/dgl/dataloading/dataloader.py:1076: DGLWarning: Dataloader CPU affinity opt is not enabled, consider switching it on (see enable_cpu_affinity() or CPU best practices for DGL [https://docs.dgl.ai/tutorials/cpu/cpu_best_practises.html])
  dgl_warning(
/workspace/pmp_vast/envs/pmp-author/lib/python3.10/site-packages/dgl/dataloading/dataloader.py:1076: DGLWarning: Dataloader CPU affinity opt is not enabled, consider switching it on (see enable_cpu_affinity() or CPU best practices for DGL [https://docs.dgl.ai/tutorials/cpu/cpu_best_practises.html])
  dgl_warning(
/workspace/pmp_vast/envs/pmp-author/lib/python3.10/site-packages/dgl/dataloading/dataloader.py:1076: DGLWarning: Dataloader CPU affinity opt is not enabled, consider switching it on (see enable_cpu_affinity() or CPU best practices for DGL [https://docs.dgl.ai/tutorials/cpu/cpu_best_practises.html])
  dgl_warning(
tfinance_tr40_seed2 epoch=073 loss=0.045284 val_AUPRC=0.883737 best=0.883737@73 patience=0/20 train=17.759s val=8.078s
/workspace/pmp_vast/envs/pmp-author/lib/python3.10/site-packages/dgl/dataloading/dataloader.py:1076: DGLWarning: Dataloader CPU affinity opt is not enabled, consider switching it on (see enable_cpu_affinity() or CPU best practices for DGL [https://docs.dgl.ai/tutorials/cpu/cpu_best_practises.html])
  dgl_warning(
/workspace/pmp_vast/envs/pmp-author/lib/python3.10/site-packages/dgl/dataloading/dataloader.py:1076: DGLWarning: Dataloader CPU affinity opt is not enabled, consider switching it on (see enable_cpu_affinity() or CPU best practices for DGL [https://docs.dgl.ai/tutorials/cpu/cpu_best_practises.html])
  dgl_warning(
/workspace/pmp_vast/envs/pmp-author/lib/python3.10/site-packages/dgl/dataloading/dataloader.py:1076: DGLWarning: Dataloader CPU affinity opt is not enabled, consider switching it on (see enable_cpu_affinity() or CPU best practices for DGL [https://docs.dgl.ai/tutorials/cpu/cpu_best_practises.html])
  dgl_warning(
/workspace/pmp_vast/envs/pmp-author/lib/python3.10/site-packages/dgl/dataloading/dataloader.py:1076: DGLWarning: Dataloader CPU affinity opt is not enabled, consider switching it on (see enable_cpu_affinity() or CPU best practices for DGL [https://docs.dgl.ai/tutorials/cpu/cpu_best_practises.html])
  dgl_warning(
/workspace/pmp_vast/envs/pmp-author/lib/python3.10/site-packages/dgl/dataloading/dataloader.py:1076: DGLWarning: Dataloader CPU affinity opt is not enabled, consider switching it on (see enable_cpu_affinity() or CPU best practices for DGL [https://docs.dgl.ai/tutorials/cpu/cpu_best_practises.html])
  dgl_warning(
/workspace/pmp_vast/envs/pmp-author/lib/python3.10/site-packages/dgl/dataloading/dataloader.py:1076: DGLWarning: Dataloader CPU affinity opt is not enabled, consider switching it on (see enable_cpu_affinity() or CPU best practices for DGL [https://docs.dgl.ai/tutorials/cpu/cpu_best_practises.html])
  dgl_warning(
/workspace/pmp_vast/envs/pmp-author/lib/python3.10/site-packages/dgl/dataloading/dataloader.py:1076: DGLWarning: Dataloader CPU affinity opt is not enabled, consider switching it on (see enable_cpu_affinity() or CPU best practices for DGL [https://docs.dgl.ai/tutorials/cpu/cpu_best_practises.html])
  dgl_warning(
tfinance_tr40_seed2 epoch=080 loss=0.043882 val_AUPRC=0.883845 best=0.883845@80 patience=0/20 train=16.191s val=7.897s
/workspace/pmp_vast/envs/pmp-author/lib/python3.10/site-packages/dgl/dataloading/dataloader.py:1076: DGLWarning: Dataloader CPU affinity opt is not enabled, consider switching it on (see enable_cpu_affinity() or CPU best practices for DGL [https://docs.dgl.ai/tutorials/cpu/cpu_best_practises.html])
  dgl_warning(
tfinance_tr40_seed2 epoch=081 loss=0.044285 val_AUPRC=0.884136 best=0.884136@81 patience=0/20 train=16.619s val=8.094s
/workspace/pmp_vast/envs/pmp-author/lib/python3.10/site-packages/dgl/dataloading/dataloader.py:1076: DGLWarning: Dataloader CPU affinity opt is not enabled, consider switching it on (see enable_cpu_affinity() or CPU best practices for DGL [https://docs.dgl.ai/tutorials/cpu/cpu_best_practises.html])
  dgl_warning(
/workspace/pmp_vast/envs/pmp-author/lib/python3.10/site-packages/dgl/dataloading/dataloader.py:1076: DGLWarning: Dataloader CPU affinity opt is not enabled, consider switching it on (see enable_cpu_affinity() or CPU best practices for DGL [https://docs.dgl.ai/tutorials/cpu/cpu_best_practises.html])
  dgl_warning(
/workspace/pmp_vast/envs/pmp-author/lib/python3.10/site-packages/dgl/dataloading/dataloader.py:1076: DGLWarning: Dataloader CPU affinity opt is not enabled, consider switching it on (see enable_cpu_affinity() or CPU best practices for DGL [https://docs.dgl.ai/tutorials/cpu/cpu_best_practises.html])
  dgl_warning(
/workspace/pmp_vast/envs/pmp-author/lib/python3.10/site-packages/dgl/dataloading/dataloader.py:1076: DGLWarning: Dataloader CPU affinity opt is not enabled, consider switching it on (see enable_cpu_affinity() or CPU best practices for DGL [https://docs.dgl.ai/tutorials/cpu/cpu_best_practises.html])
  dgl_warning(
/workspace/pmp_vast/envs/pmp-author/lib/python3.10/site-packages/dgl/dataloading/dataloader.py:1076: DGLWarning: Dataloader CPU affinity opt is not enabled, consider switching it on (see enable_cpu_affinity() or CPU best practices for DGL [https://docs.dgl.ai/tutorials/cpu/cpu_best_practises.html])
  dgl_warning(
tfinance_tr40_seed2 epoch=086 loss=0.044628 val_AUPRC=0.886202 best=0.886202@86 patience=0/20 train=15.859s val=7.993s
/workspace/pmp_vast/envs/pmp-author/lib/python3.10/site-packages/dgl/dataloading/dataloader.py:1076: DGLWarning: Dataloader CPU affinity opt is not enabled, consider switching it on (see enable_cpu_affinity() or CPU best practices for DGL [https://docs.dgl.ai/tutorials/cpu/cpu_best_practises.html])
  dgl_warning(
/workspace/pmp_vast/envs/pmp-author/lib/python3.10/site-packages/dgl/dataloading/dataloader.py:1076: DGLWarning: Dataloader CPU affinity opt is not enabled, consider switching it on (see enable_cpu_affinity() or CPU best practices for DGL [https://docs.dgl.ai/tutorials/cpu/cpu_best_practises.html])
  dgl_warning(
/workspace/pmp_vast/envs/pmp-author/lib/python3.10/site-packages/dgl/dataloading/dataloader.py:1076: DGLWarning: Dataloader CPU affinity opt is not enabled, consider switching it on (see enable_cpu_affinity() or CPU best practices for DGL [https://docs.dgl.ai/tutorials/cpu/cpu_best_practises.html])
  dgl_warning(
/workspace/pmp_vast/envs/pmp-author/lib/python3.10/site-packages/dgl/dataloading/dataloader.py:1076: DGLWarning: Dataloader CPU affinity opt is not enabled, consider switching it on (see enable_cpu_affinity() or CPU best practices for DGL [https://docs.dgl.ai/tutorials/cpu/cpu_best_practises.html])
  dgl_warning(
tfinance_tr40_seed2 epoch=090 loss=0.043797 val_AUPRC=0.884758 best=0.886202@86 patience=4/20 train=16.531s val=8.200s
/workspace/pmp_vast/envs/pmp-author/lib/python3.10/site-packages/dgl/dataloading/dataloader.py:1076: DGLWarning: Dataloader CPU affinity opt is not enabled, consider switching it on (see enable_cpu_affinity() or CPU best practices for DGL [https://docs.dgl.ai/tutorials/cpu/cpu_best_practises.html])
  dgl_warning(
/workspace/pmp_vast/envs/pmp-author/lib/python3.10/site-packages/dgl/dataloading/dataloader.py:1076: DGLWarning: Dataloader CPU affinity opt is not enabled, consider switching it on (see enable_cpu_affinity() or CPU best practices for DGL [https://docs.dgl.ai/tutorials/cpu/cpu_best_practises.html])
  dgl_warning(
tfinance_tr40_seed2 epoch=092 loss=0.042332 val_AUPRC=0.886355 best=0.886355@92 patience=0/20 train=16.295s val=8.335s
/workspace/pmp_vast/envs/pmp-author/lib/python3.10/site-packages/dgl/dataloading/dataloader.py:1076: DGLWarning: Dataloader CPU affinity opt is not enabled, consider switching it on (see enable_cpu_affinity() or CPU best practices for DGL [https://docs.dgl.ai/tutorials/cpu/cpu_best_practises.html])
  dgl_warning(
/workspace/pmp_vast/envs/pmp-author/lib/python3.10/site-packages/dgl/dataloading/dataloader.py:1076: DGLWarning: Dataloader CPU affinity opt is not enabled, consider switching it on (see enable_cpu_affinity() or CPU best practices for DGL [https://docs.dgl.ai/tutorials/cpu/cpu_best_practises.html])
  dgl_warning(
/workspace/pmp_vast/envs/pmp-author/lib/python3.10/site-packages/dgl/dataloading/dataloader.py:1076: DGLWarning: Dataloader CPU affinity opt is not enabled, consider switching it on (see enable_cpu_affinity() or CPU best practices for DGL [https://docs.dgl.ai/tutorials/cpu/cpu_best_practises.html])
  dgl_warning(
/workspace/pmp_vast/envs/pmp-author/lib/python3.10/site-packages/dgl/dataloading/dataloader.py:1076: DGLWarning: Dataloader CPU affinity opt is not enabled, consider switching it on (see enable_cpu_affinity() or CPU best practices for DGL [https://docs.dgl.ai/tutorials/cpu/cpu_best_practises.html])
  dgl_warning(
tfinance_tr40_seed2 epoch=096 loss=0.042847 val_AUPRC=0.887091 best=0.887091@96 patience=0/20 train=19.725s val=9.871s
/workspace/pmp_vast/envs/pmp-author/lib/python3.10/site-packages/dgl/dataloading/dataloader.py:1076: DGLWarning: Dataloader CPU affinity opt is not enabled, consider switching it on (see enable_cpu_affinity() or CPU best practices for DGL [https://docs.dgl.ai/tutorials/cpu/cpu_best_practises.html])
  dgl_warning(
/workspace/pmp_vast/envs/pmp-author/lib/python3.10/site-packages/dgl/dataloading/dataloader.py:1076: DGLWarning: Dataloader CPU affinity opt is not enabled, consider switching it on (see enable_cpu_affinity() or CPU best practices for DGL [https://docs.dgl.ai/tutorials/cpu/cpu_best_practises.html])
  dgl_warning(
/workspace/pmp_vast/envs/pmp-author/lib/python3.10/site-packages/dgl/dataloading/dataloader.py:1076: DGLWarning: Dataloader CPU affinity opt is not enabled, consider switching it on (see enable_cpu_affinity() or CPU best practices for DGL [https://docs.dgl.ai/tutorials/cpu/cpu_best_practises.html])
  dgl_warning(
/workspace/pmp_vast/envs/pmp-author/lib/python3.10/site-packages/dgl/dataloading/dataloader.py:1076: DGLWarning: Dataloader CPU affinity opt is not enabled, consider switching it on (see enable_cpu_affinity() or CPU best practices for DGL [https://docs.dgl.ai/tutorials/cpu/cpu_best_practises.html])
  dgl_warning(
tfinance_tr40_seed2 epoch=100 loss=0.047611 val_AUPRC=0.885046 best=0.887091@96 patience=4/20 train=16.018s val=8.089s
/workspace/pmp_vast/envs/pmp-author/lib/python3.10/site-packages/dgl/dataloading/dataloader.py:1076: DGLWarning: Dataloader CPU affinity opt is not enabled, consider switching it on (see enable_cpu_affinity() or CPU best practices for DGL [https://docs.dgl.ai/tutorials/cpu/cpu_best_practises.html])
  dgl_warning(
tfinance_tr40_seed2 FROZEN | checkpoint epoch=96 | val_AUPRC=0.887091 | threshold=0.36
/workspace/pmp_vast/envs/pmp-author/lib/python3.10/site-packages/dgl/dataloading/dataloader.py:1076: DGLWarning: Dataloader CPU affinity opt is not enabled, consider switching it on (see enable_cpu_affinity() or CPU best practices for DGL [https://docs.dgl.ai/tutorials/cpu/cpu_best_practises.html])
  dgl_warning(
FINAL tfinance_tr40_seed2 PASS | AUPRC=0.905780 | AUROC=0.971550 | MacroF1=0.918733 | Recall=0.853186

===== FINAL RUN tfinance_tr40_seed42 =====
/workspace/pmp_vast/envs/pmp-author/lib/python3.10/site-packages/dgl/dataloading/dataloader.py:1076: DGLWarning: Dataloader CPU affinity opt is not enabled, consider switching it on (see enable_cpu_affinity() or CPU best practices for DGL [https://docs.dgl.ai/tutorials/cpu/cpu_best_practises.html])
  dgl_warning(
tfinance_tr40_seed42 epoch=001 loss=0.348358 val_AUPRC=0.792989 best=0.792989@1 patience=0/20 train=16.531s val=8.159s
/workspace/pmp_vast/envs/pmp-author/lib/python3.10/site-packages/dgl/dataloading/dataloader.py:1076: DGLWarning: Dataloader CPU affinity opt is not enabled, consider switching it on (see enable_cpu_affinity() or CPU best practices for DGL [https://docs.dgl.ai/tutorials/cpu/cpu_best_practises.html])
  dgl_warning(
tfinance_tr40_seed42 epoch=002 loss=0.145325 val_AUPRC=0.801862 best=0.801862@2 patience=0/20 train=15.731s val=8.406s
/workspace/pmp_vast/envs/pmp-author/lib/python3.10/site-packages/dgl/dataloading/dataloader.py:1076: DGLWarning: Dataloader CPU affinity opt is not enabled, consider switching it on (see enable_cpu_affinity() or CPU best practices for DGL [https://docs.dgl.ai/tutorials/cpu/cpu_best_practises.html])
  dgl_warning(
tfinance_tr40_seed42 epoch=003 loss=0.105674 val_AUPRC=0.811217 best=0.811217@3 patience=0/20 train=19.010s val=8.430s
/workspace/pmp_vast/envs/pmp-author/lib/python3.10/site-packages/dgl/dataloading/dataloader.py:1076: DGLWarning: Dataloader CPU affinity opt is not enabled, consider switching it on (see enable_cpu_affinity() or CPU best practices for DGL [https://docs.dgl.ai/tutorials/cpu/cpu_best_practises.html])
  dgl_warning(
tfinance_tr40_seed42 epoch=004 loss=0.095830 val_AUPRC=0.817760 best=0.817760@4 patience=0/20 train=16.507s val=8.238s
/workspace/pmp_vast/envs/pmp-author/lib/python3.10/site-packages/dgl/dataloading/dataloader.py:1076: DGLWarning: Dataloader CPU affinity opt is not enabled, consider switching it on (see enable_cpu_affinity() or CPU best practices for DGL [https://docs.dgl.ai/tutorials/cpu/cpu_best_practises.html])
  dgl_warning(
/workspace/pmp_vast/envs/pmp-author/lib/python3.10/site-packages/dgl/dataloading/dataloader.py:1076: DGLWarning: Dataloader CPU affinity opt is not enabled, consider switching it on (see enable_cpu_affinity() or CPU best practices for DGL [https://docs.dgl.ai/tutorials/cpu/cpu_best_practises.html])
  dgl_warning(
tfinance_tr40_seed42 epoch=006 loss=0.081979 val_AUPRC=0.826364 best=0.826364@6 patience=0/20 train=16.120s val=7.825s
/workspace/pmp_vast/envs/pmp-author/lib/python3.10/site-packages/dgl/dataloading/dataloader.py:1076: DGLWarning: Dataloader CPU affinity opt is not enabled, consider switching it on (see enable_cpu_affinity() or CPU best practices for DGL [https://docs.dgl.ai/tutorials/cpu/cpu_best_practises.html])
  dgl_warning(
tfinance_tr40_seed42 epoch=007 loss=0.073622 val_AUPRC=0.837501 best=0.837501@7 patience=0/20 train=18.225s val=8.252s
/workspace/pmp_vast/envs/pmp-author/lib/python3.10/site-packages/dgl/dataloading/dataloader.py:1076: DGLWarning: Dataloader CPU affinity opt is not enabled, consider switching it on (see enable_cpu_affinity() or CPU best practices for DGL [https://docs.dgl.ai/tutorials/cpu/cpu_best_practises.html])
  dgl_warning(
tfinance_tr40_seed42 epoch=008 loss=0.068579 val_AUPRC=0.844057 best=0.844057@8 patience=0/20 train=19.827s val=8.123s
/workspace/pmp_vast/envs/pmp-author/lib/python3.10/site-packages/dgl/dataloading/dataloader.py:1076: DGLWarning: Dataloader CPU affinity opt is not enabled, consider switching it on (see enable_cpu_affinity() or CPU best practices for DGL [https://docs.dgl.ai/tutorials/cpu/cpu_best_practises.html])
  dgl_warning(
tfinance_tr40_seed42 epoch=009 loss=0.067111 val_AUPRC=0.848689 best=0.848689@9 patience=0/20 train=16.052s val=8.285s
/workspace/pmp_vast/envs/pmp-author/lib/python3.10/site-packages/dgl/dataloading/dataloader.py:1076: DGLWarning: Dataloader CPU affinity opt is not enabled, consider switching it on (see enable_cpu_affinity() or CPU best practices for DGL [https://docs.dgl.ai/tutorials/cpu/cpu_best_practises.html])
  dgl_warning(
tfinance_tr40_seed42 epoch=010 loss=0.060230 val_AUPRC=0.854655 best=0.854655@10 patience=0/20 train=16.094s val=8.086s
/workspace/pmp_vast/envs/pmp-author/lib/python3.10/site-packages/dgl/dataloading/dataloader.py:1076: DGLWarning: Dataloader CPU affinity opt is not enabled, consider switching it on (see enable_cpu_affinity() or CPU best practices for DGL [https://docs.dgl.ai/tutorials/cpu/cpu_best_practises.html])
  dgl_warning(
/workspace/pmp_vast/envs/pmp-author/lib/python3.10/site-packages/dgl/dataloading/dataloader.py:1076: DGLWarning: Dataloader CPU affinity opt is not enabled, consider switching it on (see enable_cpu_affinity() or CPU best practices for DGL [https://docs.dgl.ai/tutorials/cpu/cpu_best_practises.html])
  dgl_warning(
/workspace/pmp_vast/envs/pmp-author/lib/python3.10/site-packages/dgl/dataloading/dataloader.py:1076: DGLWarning: Dataloader CPU affinity opt is not enabled, consider switching it on (see enable_cpu_affinity() or CPU best practices for DGL [https://docs.dgl.ai/tutorials/cpu/cpu_best_practises.html])
  dgl_warning(
tfinance_tr40_seed42 epoch=013 loss=0.059351 val_AUPRC=0.859359 best=0.859359@13 patience=0/20 train=15.519s val=7.855s
/workspace/pmp_vast/envs/pmp-author/lib/python3.10/site-packages/dgl/dataloading/dataloader.py:1076: DGLWarning: Dataloader CPU affinity opt is not enabled, consider switching it on (see enable_cpu_affinity() or CPU best practices for DGL [https://docs.dgl.ai/tutorials/cpu/cpu_best_practises.html])
  dgl_warning(
/workspace/pmp_vast/envs/pmp-author/lib/python3.10/site-packages/dgl/dataloading/dataloader.py:1076: DGLWarning: Dataloader CPU affinity opt is not enabled, consider switching it on (see enable_cpu_affinity() or CPU best practices for DGL [https://docs.dgl.ai/tutorials/cpu/cpu_best_practises.html])
  dgl_warning(
tfinance_tr40_seed42 epoch=015 loss=0.057897 val_AUPRC=0.859887 best=0.859887@15 patience=0/20 train=16.574s val=8.143s
/workspace/pmp_vast/envs/pmp-author/lib/python3.10/site-packages/dgl/dataloading/dataloader.py:1076: DGLWarning: Dataloader CPU affinity opt is not enabled, consider switching it on (see enable_cpu_affinity() or CPU best practices for DGL [https://docs.dgl.ai/tutorials/cpu/cpu_best_practises.html])
  dgl_warning(
/workspace/pmp_vast/envs/pmp-author/lib/python3.10/site-packages/dgl/dataloading/dataloader.py:1076: DGLWarning: Dataloader CPU affinity opt is not enabled, consider switching it on (see enable_cpu_affinity() or CPU best practices for DGL [https://docs.dgl.ai/tutorials/cpu/cpu_best_practises.html])
  dgl_warning(
tfinance_tr40_seed42 epoch=017 loss=0.057764 val_AUPRC=0.861559 best=0.861559@17 patience=0/20 train=19.692s val=9.894s
/workspace/pmp_vast/envs/pmp-author/lib/python3.10/site-packages/dgl/dataloading/dataloader.py:1076: DGLWarning: Dataloader CPU affinity opt is not enabled, consider switching it on (see enable_cpu_affinity() or CPU best practices for DGL [https://docs.dgl.ai/tutorials/cpu/cpu_best_practises.html])
  dgl_warning(
/workspace/pmp_vast/envs/pmp-author/lib/python3.10/site-packages/dgl/dataloading/dataloader.py:1076: DGLWarning: Dataloader CPU affinity opt is not enabled, consider switching it on (see enable_cpu_affinity() or CPU best practices for DGL [https://docs.dgl.ai/tutorials/cpu/cpu_best_practises.html])
  dgl_warning(
/workspace/pmp_vast/envs/pmp-author/lib/python3.10/site-packages/dgl/dataloading/dataloader.py:1076: DGLWarning: Dataloader CPU affinity opt is not enabled, consider switching it on (see enable_cpu_affinity() or CPU best practices for DGL [https://docs.dgl.ai/tutorials/cpu/cpu_best_practises.html])
  dgl_warning(
tfinance_tr40_seed42 epoch=020 loss=0.053693 val_AUPRC=0.864345 best=0.864345@20 patience=0/20 train=16.101s val=8.185s
/workspace/pmp_vast/envs/pmp-author/lib/python3.10/site-packages/dgl/dataloading/dataloader.py:1076: DGLWarning: Dataloader CPU affinity opt is not enabled, consider switching it on (see enable_cpu_affinity() or CPU best practices for DGL [https://docs.dgl.ai/tutorials/cpu/cpu_best_practises.html])
  dgl_warning(
/workspace/pmp_vast/envs/pmp-author/lib/python3.10/site-packages/dgl/dataloading/dataloader.py:1076: DGLWarning: Dataloader CPU affinity opt is not enabled, consider switching it on (see enable_cpu_affinity() or CPU best practices for DGL [https://docs.dgl.ai/tutorials/cpu/cpu_best_practises.html])
  dgl_warning(
/workspace/pmp_vast/envs/pmp-author/lib/python3.10/site-packages/dgl/dataloading/dataloader.py:1076: DGLWarning: Dataloader CPU affinity opt is not enabled, consider switching it on (see enable_cpu_affinity() or CPU best practices for DGL [https://docs.dgl.ai/tutorials/cpu/cpu_best_practises.html])
  dgl_warning(
/workspace/pmp_vast/envs/pmp-author/lib/python3.10/site-packages/dgl/dataloading/dataloader.py:1076: DGLWarning: Dataloader CPU affinity opt is not enabled, consider switching it on (see enable_cpu_affinity() or CPU best practices for DGL [https://docs.dgl.ai/tutorials/cpu/cpu_best_practises.html])
  dgl_warning(
/workspace/pmp_vast/envs/pmp-author/lib/python3.10/site-packages/dgl/dataloading/dataloader.py:1076: DGLWarning: Dataloader CPU affinity opt is not enabled, consider switching it on (see enable_cpu_affinity() or CPU best practices for DGL [https://docs.dgl.ai/tutorials/cpu/cpu_best_practises.html])
  dgl_warning(
/workspace/pmp_vast/envs/pmp-author/lib/python3.10/site-packages/dgl/dataloading/dataloader.py:1076: DGLWarning: Dataloader CPU affinity opt is not enabled, consider switching it on (see enable_cpu_affinity() or CPU best practices for DGL [https://docs.dgl.ai/tutorials/cpu/cpu_best_practises.html])
  dgl_warning(
/workspace/pmp_vast/envs/pmp-author/lib/python3.10/site-packages/dgl/dataloading/dataloader.py:1076: DGLWarning: Dataloader CPU affinity opt is not enabled, consider switching it on (see enable_cpu_affinity() or CPU best practices for DGL [https://docs.dgl.ai/tutorials/cpu/cpu_best_practises.html])
  dgl_warning(
/workspace/pmp_vast/envs/pmp-author/lib/python3.10/site-packages/dgl/dataloading/dataloader.py:1076: DGLWarning: Dataloader CPU affinity opt is not enabled, consider switching it on (see enable_cpu_affinity() or CPU best practices for DGL [https://docs.dgl.ai/tutorials/cpu/cpu_best_practises.html])
  dgl_warning(
/workspace/pmp_vast/envs/pmp-author/lib/python3.10/site-packages/dgl/dataloading/dataloader.py:1076: DGLWarning: Dataloader CPU affinity opt is not enabled, consider switching it on (see enable_cpu_affinity() or CPU best practices for DGL [https://docs.dgl.ai/tutorials/cpu/cpu_best_practises.html])
  dgl_warning(
/workspace/pmp_vast/envs/pmp-author/lib/python3.10/site-packages/dgl/dataloading/dataloader.py:1076: DGLWarning: Dataloader CPU affinity opt is not enabled, consider switching it on (see enable_cpu_affinity() or CPU best practices for DGL [https://docs.dgl.ai/tutorials/cpu/cpu_best_practises.html])
  dgl_warning(
tfinance_tr40_seed42 epoch=030 loss=0.052409 val_AUPRC=0.861212 best=0.864345@20 patience=10/20 train=15.824s val=7.844s
/workspace/pmp_vast/envs/pmp-author/lib/python3.10/site-packages/dgl/dataloading/dataloader.py:1076: DGLWarning: Dataloader CPU affinity opt is not enabled, consider switching it on (see enable_cpu_affinity() or CPU best practices for DGL [https://docs.dgl.ai/tutorials/cpu/cpu_best_practises.html])
  dgl_warning(
/workspace/pmp_vast/envs/pmp-author/lib/python3.10/site-packages/dgl/dataloading/dataloader.py:1076: DGLWarning: Dataloader CPU affinity opt is not enabled, consider switching it on (see enable_cpu_affinity() or CPU best practices for DGL [https://docs.dgl.ai/tutorials/cpu/cpu_best_practises.html])
  dgl_warning(
/workspace/pmp_vast/envs/pmp-author/lib/python3.10/site-packages/dgl/dataloading/dataloader.py:1076: DGLWarning: Dataloader CPU affinity opt is not enabled, consider switching it on (see enable_cpu_affinity() or CPU best practices for DGL [https://docs.dgl.ai/tutorials/cpu/cpu_best_practises.html])
  dgl_warning(
/workspace/pmp_vast/envs/pmp-author/lib/python3.10/site-packages/dgl/dataloading/dataloader.py:1076: DGLWarning: Dataloader CPU affinity opt is not enabled, consider switching it on (see enable_cpu_affinity() or CPU best practices for DGL [https://docs.dgl.ai/tutorials/cpu/cpu_best_practises.html])
  dgl_warning(
/workspace/pmp_vast/envs/pmp-author/lib/python3.10/site-packages/dgl/dataloading/dataloader.py:1076: DGLWarning: Dataloader CPU affinity opt is not enabled, consider switching it on (see enable_cpu_affinity() or CPU best practices for DGL [https://docs.dgl.ai/tutorials/cpu/cpu_best_practises.html])
  dgl_warning(
/workspace/pmp_vast/envs/pmp-author/lib/python3.10/site-packages/dgl/dataloading/dataloader.py:1076: DGLWarning: Dataloader CPU affinity opt is not enabled, consider switching it on (see enable_cpu_affinity() or CPU best practices for DGL [https://docs.dgl.ai/tutorials/cpu/cpu_best_practises.html])
  dgl_warning(
/workspace/pmp_vast/envs/pmp-author/lib/python3.10/site-packages/dgl/dataloading/dataloader.py:1076: DGLWarning: Dataloader CPU affinity opt is not enabled, consider switching it on (see enable_cpu_affinity() or CPU best practices for DGL [https://docs.dgl.ai/tutorials/cpu/cpu_best_practises.html])
  dgl_warning(
/workspace/pmp_vast/envs/pmp-author/lib/python3.10/site-packages/dgl/dataloading/dataloader.py:1076: DGLWarning: Dataloader CPU affinity opt is not enabled, consider switching it on (see enable_cpu_affinity() or CPU best practices for DGL [https://docs.dgl.ai/tutorials/cpu/cpu_best_practises.html])
  dgl_warning(
/workspace/pmp_vast/envs/pmp-author/lib/python3.10/site-packages/dgl/dataloading/dataloader.py:1076: DGLWarning: Dataloader CPU affinity opt is not enabled, consider switching it on (see enable_cpu_affinity() or CPU best practices for DGL [https://docs.dgl.ai/tutorials/cpu/cpu_best_practises.html])
  dgl_warning(
/workspace/pmp_vast/envs/pmp-author/lib/python3.10/site-packages/dgl/dataloading/dataloader.py:1076: DGLWarning: Dataloader CPU affinity opt is not enabled, consider switching it on (see enable_cpu_affinity() or CPU best practices for DGL [https://docs.dgl.ai/tutorials/cpu/cpu_best_practises.html])
  dgl_warning(
tfinance_tr40_seed42 epoch=040 loss=0.049669 val_AUPRC=0.863107 best=0.864345@20 patience=20/20 train=16.548s val=7.941s
EARLY_STOP tfinance_tr40_seed42 epoch=40 best_epoch=20
/workspace/pmp_vast/envs/pmp-author/lib/python3.10/site-packages/dgl/dataloading/dataloader.py:1076: DGLWarning: Dataloader CPU affinity opt is not enabled, consider switching it on (see enable_cpu_affinity() or CPU best practices for DGL [https://docs.dgl.ai/tutorials/cpu/cpu_best_practises.html])
  dgl_warning(
tfinance_tr40_seed42 FROZEN | checkpoint epoch=20 | val_AUPRC=0.864345 | threshold=0.45
/workspace/pmp_vast/envs/pmp-author/lib/python3.10/site-packages/dgl/dataloading/dataloader.py:1076: DGLWarning: Dataloader CPU affinity opt is not enabled, consider switching it on (see enable_cpu_affinity() or CPU best practices for DGL [https://docs.dgl.ai/tutorials/cpu/cpu_best_practises.html])
  dgl_warning(
FINAL tfinance_tr40_seed42 PASS | AUPRC=0.890346 | AUROC=0.968998 | MacroF1=0.917208 | Recall=0.810249

===== FINAL RUN tfinance_tr40_seed72 =====
/workspace/pmp_vast/envs/pmp-author/lib/python3.10/site-packages/dgl/dataloading/dataloader.py:1076: DGLWarning: Dataloader CPU affinity opt is not enabled, consider switching it on (see enable_cpu_affinity() or CPU best practices for DGL [https://docs.dgl.ai/tutorials/cpu/cpu_best_practises.html])
  dgl_warning(
tfinance_tr40_seed72 epoch=001 loss=0.264837 val_AUPRC=0.795516 best=0.795516@1 patience=0/20 train=16.141s val=8.520s
/workspace/pmp_vast/envs/pmp-author/lib/python3.10/site-packages/dgl/dataloading/dataloader.py:1076: DGLWarning: Dataloader CPU affinity opt is not enabled, consider switching it on (see enable_cpu_affinity() or CPU best practices for DGL [https://docs.dgl.ai/tutorials/cpu/cpu_best_practises.html])
  dgl_warning(
tfinance_tr40_seed72 epoch=002 loss=0.124420 val_AUPRC=0.802565 best=0.802565@2 patience=0/20 train=16.183s val=8.045s
/workspace/pmp_vast/envs/pmp-author/lib/python3.10/site-packages/dgl/dataloading/dataloader.py:1076: DGLWarning: Dataloader CPU affinity opt is not enabled, consider switching it on (see enable_cpu_affinity() or CPU best practices for DGL [https://docs.dgl.ai/tutorials/cpu/cpu_best_practises.html])
  dgl_warning(
tfinance_tr40_seed72 epoch=003 loss=0.095844 val_AUPRC=0.815640 best=0.815640@3 patience=0/20 train=16.003s val=8.485s
/workspace/pmp_vast/envs/pmp-author/lib/python3.10/site-packages/dgl/dataloading/dataloader.py:1076: DGLWarning: Dataloader CPU affinity opt is not enabled, consider switching it on (see enable_cpu_affinity() or CPU best practices for DGL [https://docs.dgl.ai/tutorials/cpu/cpu_best_practises.html])
  dgl_warning(
tfinance_tr40_seed72 epoch=004 loss=0.082960 val_AUPRC=0.819696 best=0.819696@4 patience=0/20 train=16.242s val=7.961s
/workspace/pmp_vast/envs/pmp-author/lib/python3.10/site-packages/dgl/dataloading/dataloader.py:1076: DGLWarning: Dataloader CPU affinity opt is not enabled, consider switching it on (see enable_cpu_affinity() or CPU best practices for DGL [https://docs.dgl.ai/tutorials/cpu/cpu_best_practises.html])
  dgl_warning(
/workspace/pmp_vast/envs/pmp-author/lib/python3.10/site-packages/dgl/dataloading/dataloader.py:1076: DGLWarning: Dataloader CPU affinity opt is not enabled, consider switching it on (see enable_cpu_affinity() or CPU best practices for DGL [https://docs.dgl.ai/tutorials/cpu/cpu_best_practises.html])
  dgl_warning(
/workspace/pmp_vast/envs/pmp-author/lib/python3.10/site-packages/dgl/dataloading/dataloader.py:1076: DGLWarning: Dataloader CPU affinity opt is not enabled, consider switching it on (see enable_cpu_affinity() or CPU best practices for DGL [https://docs.dgl.ai/tutorials/cpu/cpu_best_practises.html])
  dgl_warning(
tfinance_tr40_seed72 epoch=007 loss=0.069385 val_AUPRC=0.844968 best=0.844968@7 patience=0/20 train=15.715s val=8.462s
/workspace/pmp_vast/envs/pmp-author/lib/python3.10/site-packages/dgl/dataloading/dataloader.py:1076: DGLWarning: Dataloader CPU affinity opt is not enabled, consider switching it on (see enable_cpu_affinity() or CPU best practices for DGL [https://docs.dgl.ai/tutorials/cpu/cpu_best_practises.html])
  dgl_warning(
tfinance_tr40_seed72 epoch=008 loss=0.066253 val_AUPRC=0.851997 best=0.851997@8 patience=0/20 train=16.495s val=8.306s
/workspace/pmp_vast/envs/pmp-author/lib/python3.10/site-packages/dgl/dataloading/dataloader.py:1076: DGLWarning: Dataloader CPU affinity opt is not enabled, consider switching it on (see enable_cpu_affinity() or CPU best practices for DGL [https://docs.dgl.ai/tutorials/cpu/cpu_best_practises.html])
  dgl_warning(
/workspace/pmp_vast/envs/pmp-author/lib/python3.10/site-packages/dgl/dataloading/dataloader.py:1076: DGLWarning: Dataloader CPU affinity opt is not enabled, consider switching it on (see enable_cpu_affinity() or CPU best practices for DGL [https://docs.dgl.ai/tutorials/cpu/cpu_best_practises.html])
  dgl_warning(
tfinance_tr40_seed72 epoch=010 loss=0.060219 val_AUPRC=0.779465 best=0.851997@8 patience=2/20 train=17.057s val=8.379s
/workspace/pmp_vast/envs/pmp-author/lib/python3.10/site-packages/dgl/dataloading/dataloader.py:1076: DGLWarning: Dataloader CPU affinity opt is not enabled, consider switching it on (see enable_cpu_affinity() or CPU best practices for DGL [https://docs.dgl.ai/tutorials/cpu/cpu_best_practises.html])
  dgl_warning(
/workspace/pmp_vast/envs/pmp-author/lib/python3.10/site-packages/dgl/dataloading/dataloader.py:1076: DGLWarning: Dataloader CPU affinity opt is not enabled, consider switching it on (see enable_cpu_affinity() or CPU best practices for DGL [https://docs.dgl.ai/tutorials/cpu/cpu_best_practises.html])
  dgl_warning(
/workspace/pmp_vast/envs/pmp-author/lib/python3.10/site-packages/dgl/dataloading/dataloader.py:1076: DGLWarning: Dataloader CPU affinity opt is not enabled, consider switching it on (see enable_cpu_affinity() or CPU best practices for DGL [https://docs.dgl.ai/tutorials/cpu/cpu_best_practises.html])
  dgl_warning(
/workspace/pmp_vast/envs/pmp-author/lib/python3.10/site-packages/dgl/dataloading/dataloader.py:1076: DGLWarning: Dataloader CPU affinity opt is not enabled, consider switching it on (see enable_cpu_affinity() or CPU best practices for DGL [https://docs.dgl.ai/tutorials/cpu/cpu_best_practises.html])
  dgl_warning(
/workspace/pmp_vast/envs/pmp-author/lib/python3.10/site-packages/dgl/dataloading/dataloader.py:1076: DGLWarning: Dataloader CPU affinity opt is not enabled, consider switching it on (see enable_cpu_affinity() or CPU best practices for DGL [https://docs.dgl.ai/tutorials/cpu/cpu_best_practises.html])
  dgl_warning(
/workspace/pmp_vast/envs/pmp-author/lib/python3.10/site-packages/dgl/dataloading/dataloader.py:1076: DGLWarning: Dataloader CPU affinity opt is not enabled, consider switching it on (see enable_cpu_affinity() or CPU best practices for DGL [https://docs.dgl.ai/tutorials/cpu/cpu_best_practises.html])
  dgl_warning(
/workspace/pmp_vast/envs/pmp-author/lib/python3.10/site-packages/dgl/dataloading/dataloader.py:1076: DGLWarning: Dataloader CPU affinity opt is not enabled, consider switching it on (see enable_cpu_affinity() or CPU best practices for DGL [https://docs.dgl.ai/tutorials/cpu/cpu_best_practises.html])
  dgl_warning(
/workspace/pmp_vast/envs/pmp-author/lib/python3.10/site-packages/dgl/dataloading/dataloader.py:1076: DGLWarning: Dataloader CPU affinity opt is not enabled, consider switching it on (see enable_cpu_affinity() or CPU best practices for DGL [https://docs.dgl.ai/tutorials/cpu/cpu_best_practises.html])
  dgl_warning(
/workspace/pmp_vast/envs/pmp-author/lib/python3.10/site-packages/dgl/dataloading/dataloader.py:1076: DGLWarning: Dataloader CPU affinity opt is not enabled, consider switching it on (see enable_cpu_affinity() or CPU best practices for DGL [https://docs.dgl.ai/tutorials/cpu/cpu_best_practises.html])
  dgl_warning(
/workspace/pmp_vast/envs/pmp-author/lib/python3.10/site-packages/dgl/dataloading/dataloader.py:1076: DGLWarning: Dataloader CPU affinity opt is not enabled, consider switching it on (see enable_cpu_affinity() or CPU best practices for DGL [https://docs.dgl.ai/tutorials/cpu/cpu_best_practises.html])
  dgl_warning(
tfinance_tr40_seed72 epoch=020 loss=0.053180 val_AUPRC=0.856675 best=0.856675@20 patience=0/20 train=15.568s val=8.062s
/workspace/pmp_vast/envs/pmp-author/lib/python3.10/site-packages/dgl/dataloading/dataloader.py:1076: DGLWarning: Dataloader CPU affinity opt is not enabled, consider switching it on (see enable_cpu_affinity() or CPU best practices for DGL [https://docs.dgl.ai/tutorials/cpu/cpu_best_practises.html])
  dgl_warning(
/workspace/pmp_vast/envs/pmp-author/lib/python3.10/site-packages/dgl/dataloading/dataloader.py:1076: DGLWarning: Dataloader CPU affinity opt is not enabled, consider switching it on (see enable_cpu_affinity() or CPU best practices for DGL [https://docs.dgl.ai/tutorials/cpu/cpu_best_practises.html])
  dgl_warning(
/workspace/pmp_vast/envs/pmp-author/lib/python3.10/site-packages/dgl/dataloading/dataloader.py:1076: DGLWarning: Dataloader CPU affinity opt is not enabled, consider switching it on (see enable_cpu_affinity() or CPU best practices for DGL [https://docs.dgl.ai/tutorials/cpu/cpu_best_practises.html])
  dgl_warning(
/workspace/pmp_vast/envs/pmp-author/lib/python3.10/site-packages/dgl/dataloading/dataloader.py:1076: DGLWarning: Dataloader CPU affinity opt is not enabled, consider switching it on (see enable_cpu_affinity() or CPU best practices for DGL [https://docs.dgl.ai/tutorials/cpu/cpu_best_practises.html])
  dgl_warning(
/workspace/pmp_vast/envs/pmp-author/lib/python3.10/site-packages/dgl/dataloading/dataloader.py:1076: DGLWarning: Dataloader CPU affinity opt is not enabled, consider switching it on (see enable_cpu_affinity() or CPU best practices for DGL [https://docs.dgl.ai/tutorials/cpu/cpu_best_practises.html])
  dgl_warning(
/workspace/pmp_vast/envs/pmp-author/lib/python3.10/site-packages/dgl/dataloading/dataloader.py:1076: DGLWarning: Dataloader CPU affinity opt is not enabled, consider switching it on (see enable_cpu_affinity() or CPU best practices for DGL [https://docs.dgl.ai/tutorials/cpu/cpu_best_practises.html])
  dgl_warning(
/workspace/pmp_vast/envs/pmp-author/lib/python3.10/site-packages/dgl/dataloading/dataloader.py:1076: DGLWarning: Dataloader CPU affinity opt is not enabled, consider switching it on (see enable_cpu_affinity() or CPU best practices for DGL [https://docs.dgl.ai/tutorials/cpu/cpu_best_practises.html])
  dgl_warning(
/workspace/pmp_vast/envs/pmp-author/lib/python3.10/site-packages/dgl/dataloading/dataloader.py:1076: DGLWarning: Dataloader CPU affinity opt is not enabled, consider switching it on (see enable_cpu_affinity() or CPU best practices for DGL [https://docs.dgl.ai/tutorials/cpu/cpu_best_practises.html])
  dgl_warning(
/workspace/pmp_vast/envs/pmp-author/lib/python3.10/site-packages/dgl/dataloading/dataloader.py:1076: DGLWarning: Dataloader CPU affinity opt is not enabled, consider switching it on (see enable_cpu_affinity() or CPU best practices for DGL [https://docs.dgl.ai/tutorials/cpu/cpu_best_practises.html])
  dgl_warning(
tfinance_tr40_seed72 epoch=029 loss=0.053091 val_AUPRC=0.856905 best=0.856905@29 patience=0/20 train=16.767s val=7.890s
/workspace/pmp_vast/envs/pmp-author/lib/python3.10/site-packages/dgl/dataloading/dataloader.py:1076: DGLWarning: Dataloader CPU affinity opt is not enabled, consider switching it on (see enable_cpu_affinity() or CPU best practices for DGL [https://docs.dgl.ai/tutorials/cpu/cpu_best_practises.html])
  dgl_warning(
tfinance_tr40_seed72 epoch=030 loss=0.051090 val_AUPRC=0.841857 best=0.856905@29 patience=1/20 train=16.538s val=8.102s
/workspace/pmp_vast/envs/pmp-author/lib/python3.10/site-packages/dgl/dataloading/dataloader.py:1076: DGLWarning: Dataloader CPU affinity opt is not enabled, consider switching it on (see enable_cpu_affinity() or CPU best practices for DGL [https://docs.dgl.ai/tutorials/cpu/cpu_best_practises.html])
  dgl_warning(
tfinance_tr40_seed72 epoch=031 loss=0.051688 val_AUPRC=0.858138 best=0.858138@31 patience=0/20 train=16.484s val=8.098s
/workspace/pmp_vast/envs/pmp-author/lib/python3.10/site-packages/dgl/dataloading/dataloader.py:1076: DGLWarning: Dataloader CPU affinity opt is not enabled, consider switching it on (see enable_cpu_affinity() or CPU best practices for DGL [https://docs.dgl.ai/tutorials/cpu/cpu_best_practises.html])
  dgl_warning(
/workspace/pmp_vast/envs/pmp-author/lib/python3.10/site-packages/dgl/dataloading/dataloader.py:1076: DGLWarning: Dataloader CPU affinity opt is not enabled, consider switching it on (see enable_cpu_affinity() or CPU best practices for DGL [https://docs.dgl.ai/tutorials/cpu/cpu_best_practises.html])
  dgl_warning(
tfinance_tr40_seed72 epoch=033 loss=0.048987 val_AUPRC=0.861393 best=0.861393@33 patience=0/20 train=20.136s val=8.350s
/workspace/pmp_vast/envs/pmp-author/lib/python3.10/site-packages/dgl/dataloading/dataloader.py:1076: DGLWarning: Dataloader CPU affinity opt is not enabled, consider switching it on (see enable_cpu_affinity() or CPU best practices for DGL [https://docs.dgl.ai/tutorials/cpu/cpu_best_practises.html])
  dgl_warning(
tfinance_tr40_seed72 epoch=034 loss=0.049168 val_AUPRC=0.866235 best=0.866235@34 patience=0/20 train=16.040s val=8.190s
/workspace/pmp_vast/envs/pmp-author/lib/python3.10/site-packages/dgl/dataloading/dataloader.py:1076: DGLWarning: Dataloader CPU affinity opt is not enabled, consider switching it on (see enable_cpu_affinity() or CPU best practices for DGL [https://docs.dgl.ai/tutorials/cpu/cpu_best_practises.html])
  dgl_warning(
/workspace/pmp_vast/envs/pmp-author/lib/python3.10/site-packages/dgl/dataloading/dataloader.py:1076: DGLWarning: Dataloader CPU affinity opt is not enabled, consider switching it on (see enable_cpu_affinity() or CPU best practices for DGL [https://docs.dgl.ai/tutorials/cpu/cpu_best_practises.html])
  dgl_warning(
/workspace/pmp_vast/envs/pmp-author/lib/python3.10/site-packages/dgl/dataloading/dataloader.py:1076: DGLWarning: Dataloader CPU affinity opt is not enabled, consider switching it on (see enable_cpu_affinity() or CPU best practices for DGL [https://docs.dgl.ai/tutorials/cpu/cpu_best_practises.html])
  dgl_warning(
/workspace/pmp_vast/envs/pmp-author/lib/python3.10/site-packages/dgl/dataloading/dataloader.py:1076: DGLWarning: Dataloader CPU affinity opt is not enabled, consider switching it on (see enable_cpu_affinity() or CPU best practices for DGL [https://docs.dgl.ai/tutorials/cpu/cpu_best_practises.html])
  dgl_warning(
/workspace/pmp_vast/envs/pmp-author/lib/python3.10/site-packages/dgl/dataloading/dataloader.py:1076: DGLWarning: Dataloader CPU affinity opt is not enabled, consider switching it on (see enable_cpu_affinity() or CPU best practices for DGL [https://docs.dgl.ai/tutorials/cpu/cpu_best_practises.html])
  dgl_warning(
tfinance_tr40_seed72 epoch=039 loss=0.048759 val_AUPRC=0.868335 best=0.868335@39 patience=0/20 train=16.210s val=7.780s
/workspace/pmp_vast/envs/pmp-author/lib/python3.10/site-packages/dgl/dataloading/dataloader.py:1076: DGLWarning: Dataloader CPU affinity opt is not enabled, consider switching it on (see enable_cpu_affinity() or CPU best practices for DGL [https://docs.dgl.ai/tutorials/cpu/cpu_best_practises.html])
  dgl_warning(
tfinance_tr40_seed72 epoch=040 loss=0.049945 val_AUPRC=0.860989 best=0.868335@39 patience=1/20 train=15.569s val=7.864s
/workspace/pmp_vast/envs/pmp-author/lib/python3.10/site-packages/dgl/dataloading/dataloader.py:1076: DGLWarning: Dataloader CPU affinity opt is not enabled, consider switching it on (see enable_cpu_affinity() or CPU best practices for DGL [https://docs.dgl.ai/tutorials/cpu/cpu_best_practises.html])
  dgl_warning(
/workspace/pmp_vast/envs/pmp-author/lib/python3.10/site-packages/dgl/dataloading/dataloader.py:1076: DGLWarning: Dataloader CPU affinity opt is not enabled, consider switching it on (see enable_cpu_affinity() or CPU best practices for DGL [https://docs.dgl.ai/tutorials/cpu/cpu_best_practises.html])
  dgl_warning(
/workspace/pmp_vast/envs/pmp-author/lib/python3.10/site-packages/dgl/dataloading/dataloader.py:1076: DGLWarning: Dataloader CPU affinity opt is not enabled, consider switching it on (see enable_cpu_affinity() or CPU best practices for DGL [https://docs.dgl.ai/tutorials/cpu/cpu_best_practises.html])
  dgl_warning(
/workspace/pmp_vast/envs/pmp-author/lib/python3.10/site-packages/dgl/dataloading/dataloader.py:1076: DGLWarning: Dataloader CPU affinity opt is not enabled, consider switching it on (see enable_cpu_affinity() or CPU best practices for DGL [https://docs.dgl.ai/tutorials/cpu/cpu_best_practises.html])
  dgl_warning(
/workspace/pmp_vast/envs/pmp-author/lib/python3.10/site-packages/dgl/dataloading/dataloader.py:1076: DGLWarning: Dataloader CPU affinity opt is not enabled, consider switching it on (see enable_cpu_affinity() or CPU best practices for DGL [https://docs.dgl.ai/tutorials/cpu/cpu_best_practises.html])
  dgl_warning(
/workspace/pmp_vast/envs/pmp-author/lib/python3.10/site-packages/dgl/dataloading/dataloader.py:1076: DGLWarning: Dataloader CPU affinity opt is not enabled, consider switching it on (see enable_cpu_affinity() or CPU best practices for DGL [https://docs.dgl.ai/tutorials/cpu/cpu_best_practises.html])
  dgl_warning(
/workspace/pmp_vast/envs/pmp-author/lib/python3.10/site-packages/dgl/dataloading/dataloader.py:1076: DGLWarning: Dataloader CPU affinity opt is not enabled, consider switching it on (see enable_cpu_affinity() or CPU best practices for DGL [https://docs.dgl.ai/tutorials/cpu/cpu_best_practises.html])
  dgl_warning(
/workspace/pmp_vast/envs/pmp-author/lib/python3.10/site-packages/dgl/dataloading/dataloader.py:1076: DGLWarning: Dataloader CPU affinity opt is not enabled, consider switching it on (see enable_cpu_affinity() or CPU best practices for DGL [https://docs.dgl.ai/tutorials/cpu/cpu_best_practises.html])
  dgl_warning(
/workspace/pmp_vast/envs/pmp-author/lib/python3.10/site-packages/dgl/dataloading/dataloader.py:1076: DGLWarning: Dataloader CPU affinity opt is not enabled, consider switching it on (see enable_cpu_affinity() or CPU best practices for DGL [https://docs.dgl.ai/tutorials/cpu/cpu_best_practises.html])
  dgl_warning(
/workspace/pmp_vast/envs/pmp-author/lib/python3.10/site-packages/dgl/dataloading/dataloader.py:1076: DGLWarning: Dataloader CPU affinity opt is not enabled, consider switching it on (see enable_cpu_affinity() or CPU best practices for DGL [https://docs.dgl.ai/tutorials/cpu/cpu_best_practises.html])
  dgl_warning(
tfinance_tr40_seed72 epoch=050 loss=0.047520 val_AUPRC=0.811594 best=0.868335@39 patience=11/20 train=16.955s val=8.861s
/workspace/pmp_vast/envs/pmp-author/lib/python3.10/site-packages/dgl/dataloading/dataloader.py:1076: DGLWarning: Dataloader CPU affinity opt is not enabled, consider switching it on (see enable_cpu_affinity() or CPU best practices for DGL [https://docs.dgl.ai/tutorials/cpu/cpu_best_practises.html])
  dgl_warning(
/workspace/pmp_vast/envs/pmp-author/lib/python3.10/site-packages/dgl/dataloading/dataloader.py:1076: DGLWarning: Dataloader CPU affinity opt is not enabled, consider switching it on (see enable_cpu_affinity() or CPU best practices for DGL [https://docs.dgl.ai/tutorials/cpu/cpu_best_practises.html])
  dgl_warning(
/workspace/pmp_vast/envs/pmp-author/lib/python3.10/site-packages/dgl/dataloading/dataloader.py:1076: DGLWarning: Dataloader CPU affinity opt is not enabled, consider switching it on (see enable_cpu_affinity() or CPU best practices for DGL [https://docs.dgl.ai/tutorials/cpu/cpu_best_practises.html])
  dgl_warning(
/workspace/pmp_vast/envs/pmp-author/lib/python3.10/site-packages/dgl/dataloading/dataloader.py:1076: DGLWarning: Dataloader CPU affinity opt is not enabled, consider switching it on (see enable_cpu_affinity() or CPU best practices for DGL [https://docs.dgl.ai/tutorials/cpu/cpu_best_practises.html])
  dgl_warning(
/workspace/pmp_vast/envs/pmp-author/lib/python3.10/site-packages/dgl/dataloading/dataloader.py:1076: DGLWarning: Dataloader CPU affinity opt is not enabled, consider switching it on (see enable_cpu_affinity() or CPU best practices for DGL [https://docs.dgl.ai/tutorials/cpu/cpu_best_practises.html])
  dgl_warning(
tfinance_tr40_seed72 epoch=055 loss=0.046205 val_AUPRC=0.871762 best=0.871762@55 patience=0/20 train=17.332s val=8.839s
/workspace/pmp_vast/envs/pmp-author/lib/python3.10/site-packages/dgl/dataloading/dataloader.py:1076: DGLWarning: Dataloader CPU affinity opt is not enabled, consider switching it on (see enable_cpu_affinity() or CPU best practices for DGL [https://docs.dgl.ai/tutorials/cpu/cpu_best_practises.html])
  dgl_warning(
/workspace/pmp_vast/envs/pmp-author/lib/python3.10/site-packages/dgl/dataloading/dataloader.py:1076: DGLWarning: Dataloader CPU affinity opt is not enabled, consider switching it on (see enable_cpu_affinity() or CPU best practices for DGL [https://docs.dgl.ai/tutorials/cpu/cpu_best_practises.html])
  dgl_warning(
/workspace/pmp_vast/envs/pmp-author/lib/python3.10/site-packages/dgl/dataloading/dataloader.py:1076: DGLWarning: Dataloader CPU affinity opt is not enabled, consider switching it on (see enable_cpu_affinity() or CPU best practices for DGL [https://docs.dgl.ai/tutorials/cpu/cpu_best_practises.html])
  dgl_warning(
tfinance_tr40_seed72 epoch=058 loss=0.047354 val_AUPRC=0.872115 best=0.872115@58 patience=0/20 train=16.737s val=8.320s
/workspace/pmp_vast/envs/pmp-author/lib/python3.10/site-packages/dgl/dataloading/dataloader.py:1076: DGLWarning: Dataloader CPU affinity opt is not enabled, consider switching it on (see enable_cpu_affinity() or CPU best practices for DGL [https://docs.dgl.ai/tutorials/cpu/cpu_best_practises.html])
  dgl_warning(
/workspace/pmp_vast/envs/pmp-author/lib/python3.10/site-packages/dgl/dataloading/dataloader.py:1076: DGLWarning: Dataloader CPU affinity opt is not enabled, consider switching it on (see enable_cpu_affinity() or CPU best practices for DGL [https://docs.dgl.ai/tutorials/cpu/cpu_best_practises.html])
  dgl_warning(
tfinance_tr40_seed72 epoch=060 loss=0.048279 val_AUPRC=0.869398 best=0.872115@58 patience=2/20 train=17.051s val=8.624s
/workspace/pmp_vast/envs/pmp-author/lib/python3.10/site-packages/dgl/dataloading/dataloader.py:1076: DGLWarning: Dataloader CPU affinity opt is not enabled, consider switching it on (see enable_cpu_affinity() or CPU best practices for DGL [https://docs.dgl.ai/tutorials/cpu/cpu_best_practises.html])
  dgl_warning(
/workspace/pmp_vast/envs/pmp-author/lib/python3.10/site-packages/dgl/dataloading/dataloader.py:1076: DGLWarning: Dataloader CPU affinity opt is not enabled, consider switching it on (see enable_cpu_affinity() or CPU best practices for DGL [https://docs.dgl.ai/tutorials/cpu/cpu_best_practises.html])
  dgl_warning(
/workspace/pmp_vast/envs/pmp-author/lib/python3.10/site-packages/dgl/dataloading/dataloader.py:1076: DGLWarning: Dataloader CPU affinity opt is not enabled, consider switching it on (see enable_cpu_affinity() or CPU best practices for DGL [https://docs.dgl.ai/tutorials/cpu/cpu_best_practises.html])
  dgl_warning(
tfinance_tr40_seed72 epoch=063 loss=0.047095 val_AUPRC=0.874141 best=0.874141@63 patience=0/20 train=16.288s val=8.245s
/workspace/pmp_vast/envs/pmp-author/lib/python3.10/site-packages/dgl/dataloading/dataloader.py:1076: DGLWarning: Dataloader CPU affinity opt is not enabled, consider switching it on (see enable_cpu_affinity() or CPU best practices for DGL [https://docs.dgl.ai/tutorials/cpu/cpu_best_practises.html])
  dgl_warning(
tfinance_tr40_seed72 epoch=064 loss=0.045088 val_AUPRC=0.874372 best=0.874372@64 patience=0/20 train=16.864s val=8.286s
/workspace/pmp_vast/envs/pmp-author/lib/python3.10/site-packages/dgl/dataloading/dataloader.py:1076: DGLWarning: Dataloader CPU affinity opt is not enabled, consider switching it on (see enable_cpu_affinity() or CPU best practices for DGL [https://docs.dgl.ai/tutorials/cpu/cpu_best_practises.html])
  dgl_warning(
/workspace/pmp_vast/envs/pmp-author/lib/python3.10/site-packages/dgl/dataloading/dataloader.py:1076: DGLWarning: Dataloader CPU affinity opt is not enabled, consider switching it on (see enable_cpu_affinity() or CPU best practices for DGL [https://docs.dgl.ai/tutorials/cpu/cpu_best_practises.html])
  dgl_warning(
/workspace/pmp_vast/envs/pmp-author/lib/python3.10/site-packages/dgl/dataloading/dataloader.py:1076: DGLWarning: Dataloader CPU affinity opt is not enabled, consider switching it on (see enable_cpu_affinity() or CPU best practices for DGL [https://docs.dgl.ai/tutorials/cpu/cpu_best_practises.html])
  dgl_warning(
tfinance_tr40_seed72 epoch=067 loss=0.045009 val_AUPRC=0.875327 best=0.875327@67 patience=0/20 train=16.028s val=7.995s
/workspace/pmp_vast/envs/pmp-author/lib/python3.10/site-packages/dgl/dataloading/dataloader.py:1076: DGLWarning: Dataloader CPU affinity opt is not enabled, consider switching it on (see enable_cpu_affinity() or CPU best practices for DGL [https://docs.dgl.ai/tutorials/cpu/cpu_best_practises.html])
  dgl_warning(
/workspace/pmp_vast/envs/pmp-author/lib/python3.10/site-packages/dgl/dataloading/dataloader.py:1076: DGLWarning: Dataloader CPU affinity opt is not enabled, consider switching it on (see enable_cpu_affinity() or CPU best practices for DGL [https://docs.dgl.ai/tutorials/cpu/cpu_best_practises.html])
  dgl_warning(
/workspace/pmp_vast/envs/pmp-author/lib/python3.10/site-packages/dgl/dataloading/dataloader.py:1076: DGLWarning: Dataloader CPU affinity opt is not enabled, consider switching it on (see enable_cpu_affinity() or CPU best practices for DGL [https://docs.dgl.ai/tutorials/cpu/cpu_best_practises.html])
  dgl_warning(
tfinance_tr40_seed72 epoch=070 loss=0.045154 val_AUPRC=0.875905 best=0.875905@70 patience=0/20 train=16.924s val=8.331s
/workspace/pmp_vast/envs/pmp-author/lib/python3.10/site-packages/dgl/dataloading/dataloader.py:1076: DGLWarning: Dataloader CPU affinity opt is not enabled, consider switching it on (see enable_cpu_affinity() or CPU best practices for DGL [https://docs.dgl.ai/tutorials/cpu/cpu_best_practises.html])
  dgl_warning(
/workspace/pmp_vast/envs/pmp-author/lib/python3.10/site-packages/dgl/dataloading/dataloader.py:1076: DGLWarning: Dataloader CPU affinity opt is not enabled, consider switching it on (see enable_cpu_affinity() or CPU best practices for DGL [https://docs.dgl.ai/tutorials/cpu/cpu_best_practises.html])
  dgl_warning(
tfinance_tr40_seed72 epoch=072 loss=0.045252 val_AUPRC=0.876449 best=0.876449@72 patience=0/20 train=16.869s val=8.355s
/workspace/pmp_vast/envs/pmp-author/lib/python3.10/site-packages/dgl/dataloading/dataloader.py:1076: DGLWarning: Dataloader CPU affinity opt is not enabled, consider switching it on (see enable_cpu_affinity() or CPU best practices for DGL [https://docs.dgl.ai/tutorials/cpu/cpu_best_practises.html])
  dgl_warning(
/workspace/pmp_vast/envs/pmp-author/lib/python3.10/site-packages/dgl/dataloading/dataloader.py:1076: DGLWarning: Dataloader CPU affinity opt is not enabled, consider switching it on (see enable_cpu_affinity() or CPU best practices for DGL [https://docs.dgl.ai/tutorials/cpu/cpu_best_practises.html])
  dgl_warning(
tfinance_tr40_seed72 epoch=074 loss=0.046129 val_AUPRC=0.877037 best=0.877037@74 patience=0/20 train=17.135s val=8.362s
/workspace/pmp_vast/envs/pmp-author/lib/python3.10/site-packages/dgl/dataloading/dataloader.py:1076: DGLWarning: Dataloader CPU affinity opt is not enabled, consider switching it on (see enable_cpu_affinity() or CPU best practices for DGL [https://docs.dgl.ai/tutorials/cpu/cpu_best_practises.html])
  dgl_warning(
/workspace/pmp_vast/envs/pmp-author/lib/python3.10/site-packages/dgl/dataloading/dataloader.py:1076: DGLWarning: Dataloader CPU affinity opt is not enabled, consider switching it on (see enable_cpu_affinity() or CPU best practices for DGL [https://docs.dgl.ai/tutorials/cpu/cpu_best_practises.html])
  dgl_warning(
/workspace/pmp_vast/envs/pmp-author/lib/python3.10/site-packages/dgl/dataloading/dataloader.py:1076: DGLWarning: Dataloader CPU affinity opt is not enabled, consider switching it on (see enable_cpu_affinity() or CPU best practices for DGL [https://docs.dgl.ai/tutorials/cpu/cpu_best_practises.html])
  dgl_warning(
/workspace/pmp_vast/envs/pmp-author/lib/python3.10/site-packages/dgl/dataloading/dataloader.py:1076: DGLWarning: Dataloader CPU affinity opt is not enabled, consider switching it on (see enable_cpu_affinity() or CPU best practices for DGL [https://docs.dgl.ai/tutorials/cpu/cpu_best_practises.html])
  dgl_warning(
/workspace/pmp_vast/envs/pmp-author/lib/python3.10/site-packages/dgl/dataloading/dataloader.py:1076: DGLWarning: Dataloader CPU affinity opt is not enabled, consider switching it on (see enable_cpu_affinity() or CPU best practices for DGL [https://docs.dgl.ai/tutorials/cpu/cpu_best_practises.html])
  dgl_warning(
/workspace/pmp_vast/envs/pmp-author/lib/python3.10/site-packages/dgl/dataloading/dataloader.py:1076: DGLWarning: Dataloader CPU affinity opt is not enabled, consider switching it on (see enable_cpu_affinity() or CPU best practices for DGL [https://docs.dgl.ai/tutorials/cpu/cpu_best_practises.html])
  dgl_warning(
tfinance_tr40_seed72 epoch=080 loss=0.045208 val_AUPRC=0.872914 best=0.877037@74 patience=6/20 train=17.304s val=8.427s
/workspace/pmp_vast/envs/pmp-author/lib/python3.10/site-packages/dgl/dataloading/dataloader.py:1076: DGLWarning: Dataloader CPU affinity opt is not enabled, consider switching it on (see enable_cpu_affinity() or CPU best practices for DGL [https://docs.dgl.ai/tutorials/cpu/cpu_best_practises.html])
  dgl_warning(
/workspace/pmp_vast/envs/pmp-author/lib/python3.10/site-packages/dgl/dataloading/dataloader.py:1076: DGLWarning: Dataloader CPU affinity opt is not enabled, consider switching it on (see enable_cpu_affinity() or CPU best practices for DGL [https://docs.dgl.ai/tutorials/cpu/cpu_best_practises.html])
  dgl_warning(
/workspace/pmp_vast/envs/pmp-author/lib/python3.10/site-packages/dgl/dataloading/dataloader.py:1076: DGLWarning: Dataloader CPU affinity opt is not enabled, consider switching it on (see enable_cpu_affinity() or CPU best practices for DGL [https://docs.dgl.ai/tutorials/cpu/cpu_best_practises.html])
  dgl_warning(
/workspace/pmp_vast/envs/pmp-author/lib/python3.10/site-packages/dgl/dataloading/dataloader.py:1076: DGLWarning: Dataloader CPU affinity opt is not enabled, consider switching it on (see enable_cpu_affinity() or CPU best practices for DGL [https://docs.dgl.ai/tutorials/cpu/cpu_best_practises.html])
  dgl_warning(
/workspace/pmp_vast/envs/pmp-author/lib/python3.10/site-packages/dgl/dataloading/dataloader.py:1076: DGLWarning: Dataloader CPU affinity opt is not enabled, consider switching it on (see enable_cpu_affinity() or CPU best practices for DGL [https://docs.dgl.ai/tutorials/cpu/cpu_best_practises.html])
  dgl_warning(
tfinance_tr40_seed72 epoch=085 loss=0.045226 val_AUPRC=0.878166 best=0.878166@85 patience=0/20 train=16.826s val=8.130s
/workspace/pmp_vast/envs/pmp-author/lib/python3.10/site-packages/dgl/dataloading/dataloader.py:1076: DGLWarning: Dataloader CPU affinity opt is not enabled, consider switching it on (see enable_cpu_affinity() or CPU best practices for DGL [https://docs.dgl.ai/tutorials/cpu/cpu_best_practises.html])
  dgl_warning(
/workspace/pmp_vast/envs/pmp-author/lib/python3.10/site-packages/dgl/dataloading/dataloader.py:1076: DGLWarning: Dataloader CPU affinity opt is not enabled, consider switching it on (see enable_cpu_affinity() or CPU best practices for DGL [https://docs.dgl.ai/tutorials/cpu/cpu_best_practises.html])
  dgl_warning(
/workspace/pmp_vast/envs/pmp-author/lib/python3.10/site-packages/dgl/dataloading/dataloader.py:1076: DGLWarning: Dataloader CPU affinity opt is not enabled, consider switching it on (see enable_cpu_affinity() or CPU best practices for DGL [https://docs.dgl.ai/tutorials/cpu/cpu_best_practises.html])
  dgl_warning(
tfinance_tr40_seed72 epoch=088 loss=0.043917 val_AUPRC=0.878809 best=0.878809@88 patience=0/20 train=16.198s val=8.110s
/workspace/pmp_vast/envs/pmp-author/lib/python3.10/site-packages/dgl/dataloading/dataloader.py:1076: DGLWarning: Dataloader CPU affinity opt is not enabled, consider switching it on (see enable_cpu_affinity() or CPU best practices for DGL [https://docs.dgl.ai/tutorials/cpu/cpu_best_practises.html])
  dgl_warning(
/workspace/pmp_vast/envs/pmp-author/lib/python3.10/site-packages/dgl/dataloading/dataloader.py:1076: DGLWarning: Dataloader CPU affinity opt is not enabled, consider switching it on (see enable_cpu_affinity() or CPU best practices for DGL [https://docs.dgl.ai/tutorials/cpu/cpu_best_practises.html])
  dgl_warning(
tfinance_tr40_seed72 epoch=090 loss=0.044820 val_AUPRC=0.877745 best=0.878809@88 patience=2/20 train=16.261s val=8.240s
/workspace/pmp_vast/envs/pmp-author/lib/python3.10/site-packages/dgl/dataloading/dataloader.py:1076: DGLWarning: Dataloader CPU affinity opt is not enabled, consider switching it on (see enable_cpu_affinity() or CPU best practices for DGL [https://docs.dgl.ai/tutorials/cpu/cpu_best_practises.html])
  dgl_warning(
/workspace/pmp_vast/envs/pmp-author/lib/python3.10/site-packages/dgl/dataloading/dataloader.py:1076: DGLWarning: Dataloader CPU affinity opt is not enabled, consider switching it on (see enable_cpu_affinity() or CPU best practices for DGL [https://docs.dgl.ai/tutorials/cpu/cpu_best_practises.html])
  dgl_warning(
/workspace/pmp_vast/envs/pmp-author/lib/python3.10/site-packages/dgl/dataloading/dataloader.py:1076: DGLWarning: Dataloader CPU affinity opt is not enabled, consider switching it on (see enable_cpu_affinity() or CPU best practices for DGL [https://docs.dgl.ai/tutorials/cpu/cpu_best_practises.html])
  dgl_warning(
/workspace/pmp_vast/envs/pmp-author/lib/python3.10/site-packages/dgl/dataloading/dataloader.py:1076: DGLWarning: Dataloader CPU affinity opt is not enabled, consider switching it on (see enable_cpu_affinity() or CPU best practices for DGL [https://docs.dgl.ai/tutorials/cpu/cpu_best_practises.html])
  dgl_warning(
tfinance_tr40_seed72 epoch=094 loss=0.043988 val_AUPRC=0.879581 best=0.879581@94 patience=0/20 train=16.213s val=8.049s
/workspace/pmp_vast/envs/pmp-author/lib/python3.10/site-packages/dgl/dataloading/dataloader.py:1076: DGLWarning: Dataloader CPU affinity opt is not enabled, consider switching it on (see enable_cpu_affinity() or CPU best practices for DGL [https://docs.dgl.ai/tutorials/cpu/cpu_best_practises.html])
  dgl_warning(
/workspace/pmp_vast/envs/pmp-author/lib/python3.10/site-packages/dgl/dataloading/dataloader.py:1076: DGLWarning: Dataloader CPU affinity opt is not enabled, consider switching it on (see enable_cpu_affinity() or CPU best practices for DGL [https://docs.dgl.ai/tutorials/cpu/cpu_best_practises.html])
  dgl_warning(
/workspace/pmp_vast/envs/pmp-author/lib/python3.10/site-packages/dgl/dataloading/dataloader.py:1076: DGLWarning: Dataloader CPU affinity opt is not enabled, consider switching it on (see enable_cpu_affinity() or CPU best practices for DGL [https://docs.dgl.ai/tutorials/cpu/cpu_best_practises.html])
  dgl_warning(
/workspace/pmp_vast/envs/pmp-author/lib/python3.10/site-packages/dgl/dataloading/dataloader.py:1076: DGLWarning: Dataloader CPU affinity opt is not enabled, consider switching it on (see enable_cpu_affinity() or CPU best practices for DGL [https://docs.dgl.ai/tutorials/cpu/cpu_best_practises.html])
  dgl_warning(
/workspace/pmp_vast/envs/pmp-author/lib/python3.10/site-packages/dgl/dataloading/dataloader.py:1076: DGLWarning: Dataloader CPU affinity opt is not enabled, consider switching it on (see enable_cpu_affinity() or CPU best practices for DGL [https://docs.dgl.ai/tutorials/cpu/cpu_best_practises.html])
  dgl_warning(
tfinance_tr40_seed72 epoch=099 loss=0.044633 val_AUPRC=0.879731 best=0.879731@99 patience=0/20 train=16.585s val=8.414s
/workspace/pmp_vast/envs/pmp-author/lib/python3.10/site-packages/dgl/dataloading/dataloader.py:1076: DGLWarning: Dataloader CPU affinity opt is not enabled, consider switching it on (see enable_cpu_affinity() or CPU best practices for DGL [https://docs.dgl.ai/tutorials/cpu/cpu_best_practises.html])
  dgl_warning(
tfinance_tr40_seed72 epoch=100 loss=0.043119 val_AUPRC=0.878549 best=0.879731@99 patience=1/20 train=17.065s val=8.789s
/workspace/pmp_vast/envs/pmp-author/lib/python3.10/site-packages/dgl/dataloading/dataloader.py:1076: DGLWarning: Dataloader CPU affinity opt is not enabled, consider switching it on (see enable_cpu_affinity() or CPU best practices for DGL [https://docs.dgl.ai/tutorials/cpu/cpu_best_practises.html])
  dgl_warning(
tfinance_tr40_seed72 FROZEN | checkpoint epoch=99 | val_AUPRC=0.879731 | threshold=0.51
/workspace/pmp_vast/envs/pmp-author/lib/python3.10/site-packages/dgl/dataloading/dataloader.py:1076: DGLWarning: Dataloader CPU affinity opt is not enabled, consider switching it on (see enable_cpu_affinity() or CPU best practices for DGL [https://docs.dgl.ai/tutorials/cpu/cpu_best_practises.html])
  dgl_warning(
FINAL tfinance_tr40_seed72 PASS | AUPRC=0.907828 | AUROC=0.971702 | MacroF1=0.925076 | Recall=0.819945

===== FINAL RUN tfinance_tr30_seed2 =====
/workspace/pmp_vast/envs/pmp-author/lib/python3.10/site-packages/dgl/dataloading/dataloader.py:1076: DGLWarning: Dataloader CPU affinity opt is not enabled, consider switching it on (see enable_cpu_affinity() or CPU best practices for DGL [https://docs.dgl.ai/tutorials/cpu/cpu_best_practises.html])
  dgl_warning(
tfinance_tr30_seed2 epoch=001 loss=0.412754 val_AUPRC=0.573333 best=0.573333@1 patience=0/20 train=12.908s val=8.260s
/workspace/pmp_vast/envs/pmp-author/lib/python3.10/site-packages/dgl/dataloading/dataloader.py:1076: DGLWarning: Dataloader CPU affinity opt is not enabled, consider switching it on (see enable_cpu_affinity() or CPU best practices for DGL [https://docs.dgl.ai/tutorials/cpu/cpu_best_practises.html])
  dgl_warning(
tfinance_tr30_seed2 epoch=002 loss=0.158793 val_AUPRC=0.718919 best=0.718919@2 patience=0/20 train=12.582s val=8.787s
/workspace/pmp_vast/envs/pmp-author/lib/python3.10/site-packages/dgl/dataloading/dataloader.py:1076: DGLWarning: Dataloader CPU affinity opt is not enabled, consider switching it on (see enable_cpu_affinity() or CPU best practices for DGL [https://docs.dgl.ai/tutorials/cpu/cpu_best_practises.html])
  dgl_warning(
tfinance_tr30_seed2 epoch=003 loss=0.110873 val_AUPRC=0.807213 best=0.807213@3 patience=0/20 train=13.335s val=8.332s
/workspace/pmp_vast/envs/pmp-author/lib/python3.10/site-packages/dgl/dataloading/dataloader.py:1076: DGLWarning: Dataloader CPU affinity opt is not enabled, consider switching it on (see enable_cpu_affinity() or CPU best practices for DGL [https://docs.dgl.ai/tutorials/cpu/cpu_best_practises.html])
  dgl_warning(
tfinance_tr30_seed2 epoch=004 loss=0.083557 val_AUPRC=0.818233 best=0.818233@4 patience=0/20 train=13.102s val=8.428s
/workspace/pmp_vast/envs/pmp-author/lib/python3.10/site-packages/dgl/dataloading/dataloader.py:1076: DGLWarning: Dataloader CPU affinity opt is not enabled, consider switching it on (see enable_cpu_affinity() or CPU best practices for DGL [https://docs.dgl.ai/tutorials/cpu/cpu_best_practises.html])
  dgl_warning(
tfinance_tr30_seed2 epoch=005 loss=0.081186 val_AUPRC=0.821385 best=0.821385@5 patience=0/20 train=12.647s val=8.670s
/workspace/pmp_vast/envs/pmp-author/lib/python3.10/site-packages/dgl/dataloading/dataloader.py:1076: DGLWarning: Dataloader CPU affinity opt is not enabled, consider switching it on (see enable_cpu_affinity() or CPU best practices for DGL [https://docs.dgl.ai/tutorials/cpu/cpu_best_practises.html])
  dgl_warning(
tfinance_tr30_seed2 epoch=006 loss=0.079108 val_AUPRC=0.829332 best=0.829332@6 patience=0/20 train=12.920s val=8.626s
/workspace/pmp_vast/envs/pmp-author/lib/python3.10/site-packages/dgl/dataloading/dataloader.py:1076: DGLWarning: Dataloader CPU affinity opt is not enabled, consider switching it on (see enable_cpu_affinity() or CPU best practices for DGL [https://docs.dgl.ai/tutorials/cpu/cpu_best_practises.html])
  dgl_warning(
tfinance_tr30_seed2 epoch=007 loss=0.069503 val_AUPRC=0.831605 best=0.831605@7 patience=0/20 train=12.847s val=8.281s
/workspace/pmp_vast/envs/pmp-author/lib/python3.10/site-packages/dgl/dataloading/dataloader.py:1076: DGLWarning: Dataloader CPU affinity opt is not enabled, consider switching it on (see enable_cpu_affinity() or CPU best practices for DGL [https://docs.dgl.ai/tutorials/cpu/cpu_best_practises.html])
  dgl_warning(
/workspace/pmp_vast/envs/pmp-author/lib/python3.10/site-packages/dgl/dataloading/dataloader.py:1076: DGLWarning: Dataloader CPU affinity opt is not enabled, consider switching it on (see enable_cpu_affinity() or CPU best practices for DGL [https://docs.dgl.ai/tutorials/cpu/cpu_best_practises.html])
  dgl_warning(
tfinance_tr30_seed2 epoch=009 loss=0.070243 val_AUPRC=0.835229 best=0.835229@9 patience=0/20 train=12.565s val=8.565s
/workspace/pmp_vast/envs/pmp-author/lib/python3.10/site-packages/dgl/dataloading/dataloader.py:1076: DGLWarning: Dataloader CPU affinity opt is not enabled, consider switching it on (see enable_cpu_affinity() or CPU best practices for DGL [https://docs.dgl.ai/tutorials/cpu/cpu_best_practises.html])
  dgl_warning(
tfinance_tr30_seed2 epoch=010 loss=0.066950 val_AUPRC=0.839460 best=0.839460@10 patience=0/20 train=12.776s val=8.093s
/workspace/pmp_vast/envs/pmp-author/lib/python3.10/site-packages/dgl/dataloading/dataloader.py:1076: DGLWarning: Dataloader CPU affinity opt is not enabled, consider switching it on (see enable_cpu_affinity() or CPU best practices for DGL [https://docs.dgl.ai/tutorials/cpu/cpu_best_practises.html])
  dgl_warning(
/workspace/pmp_vast/envs/pmp-author/lib/python3.10/site-packages/dgl/dataloading/dataloader.py:1076: DGLWarning: Dataloader CPU affinity opt is not enabled, consider switching it on (see enable_cpu_affinity() or CPU best practices for DGL [https://docs.dgl.ai/tutorials/cpu/cpu_best_practises.html])
  dgl_warning(
tfinance_tr30_seed2 epoch=012 loss=0.059777 val_AUPRC=0.840326 best=0.840326@12 patience=0/20 train=12.333s val=8.205s
/workspace/pmp_vast/envs/pmp-author/lib/python3.10/site-packages/dgl/dataloading/dataloader.py:1076: DGLWarning: Dataloader CPU affinity opt is not enabled, consider switching it on (see enable_cpu_affinity() or CPU best practices for DGL [https://docs.dgl.ai/tutorials/cpu/cpu_best_practises.html])
  dgl_warning(
tfinance_tr30_seed2 epoch=013 loss=0.063045 val_AUPRC=0.845911 best=0.845911@13 patience=0/20 train=12.405s val=8.439s
/workspace/pmp_vast/envs/pmp-author/lib/python3.10/site-packages/dgl/dataloading/dataloader.py:1076: DGLWarning: Dataloader CPU affinity opt is not enabled, consider switching it on (see enable_cpu_affinity() or CPU best practices for DGL [https://docs.dgl.ai/tutorials/cpu/cpu_best_practises.html])
  dgl_warning(
/workspace/pmp_vast/envs/pmp-author/lib/python3.10/site-packages/dgl/dataloading/dataloader.py:1076: DGLWarning: Dataloader CPU affinity opt is not enabled, consider switching it on (see enable_cpu_affinity() or CPU best practices for DGL [https://docs.dgl.ai/tutorials/cpu/cpu_best_practises.html])
  dgl_warning(
/workspace/pmp_vast/envs/pmp-author/lib/python3.10/site-packages/dgl/dataloading/dataloader.py:1076: DGLWarning: Dataloader CPU affinity opt is not enabled, consider switching it on (see enable_cpu_affinity() or CPU best practices for DGL [https://docs.dgl.ai/tutorials/cpu/cpu_best_practises.html])
  dgl_warning(
tfinance_tr30_seed2 epoch=016 loss=0.061978 val_AUPRC=0.846273 best=0.846273@16 patience=0/20 train=12.875s val=8.137s
/workspace/pmp_vast/envs/pmp-author/lib/python3.10/site-packages/dgl/dataloading/dataloader.py:1076: DGLWarning: Dataloader CPU affinity opt is not enabled, consider switching it on (see enable_cpu_affinity() or CPU best practices for DGL [https://docs.dgl.ai/tutorials/cpu/cpu_best_practises.html])
  dgl_warning(
tfinance_tr30_seed2 epoch=017 loss=0.056787 val_AUPRC=0.848091 best=0.848091@17 patience=0/20 train=12.700s val=8.147s
/workspace/pmp_vast/envs/pmp-author/lib/python3.10/site-packages/dgl/dataloading/dataloader.py:1076: DGLWarning: Dataloader CPU affinity opt is not enabled, consider switching it on (see enable_cpu_affinity() or CPU best practices for DGL [https://docs.dgl.ai/tutorials/cpu/cpu_best_practises.html])
  dgl_warning(
/workspace/pmp_vast/envs/pmp-author/lib/python3.10/site-packages/dgl/dataloading/dataloader.py:1076: DGLWarning: Dataloader CPU affinity opt is not enabled, consider switching it on (see enable_cpu_affinity() or CPU best practices for DGL [https://docs.dgl.ai/tutorials/cpu/cpu_best_practises.html])
  dgl_warning(
tfinance_tr30_seed2 epoch=019 loss=0.055015 val_AUPRC=0.848565 best=0.848565@19 patience=0/20 train=12.612s val=8.484s
/workspace/pmp_vast/envs/pmp-author/lib/python3.10/site-packages/dgl/dataloading/dataloader.py:1076: DGLWarning: Dataloader CPU affinity opt is not enabled, consider switching it on (see enable_cpu_affinity() or CPU best practices for DGL [https://docs.dgl.ai/tutorials/cpu/cpu_best_practises.html])
  dgl_warning(
tfinance_tr30_seed2 epoch=020 loss=0.055630 val_AUPRC=0.848430 best=0.848565@19 patience=1/20 train=12.554s val=8.453s
/workspace/pmp_vast/envs/pmp-author/lib/python3.10/site-packages/dgl/dataloading/dataloader.py:1076: DGLWarning: Dataloader CPU affinity opt is not enabled, consider switching it on (see enable_cpu_affinity() or CPU best practices for DGL [https://docs.dgl.ai/tutorials/cpu/cpu_best_practises.html])
  dgl_warning(
tfinance_tr30_seed2 epoch=021 loss=0.054524 val_AUPRC=0.851898 best=0.851898@21 patience=0/20 train=12.475s val=8.433s
/workspace/pmp_vast/envs/pmp-author/lib/python3.10/site-packages/dgl/dataloading/dataloader.py:1076: DGLWarning: Dataloader CPU affinity opt is not enabled, consider switching it on (see enable_cpu_affinity() or CPU best practices for DGL [https://docs.dgl.ai/tutorials/cpu/cpu_best_practises.html])
  dgl_warning(
/workspace/pmp_vast/envs/pmp-author/lib/python3.10/site-packages/dgl/dataloading/dataloader.py:1076: DGLWarning: Dataloader CPU affinity opt is not enabled, consider switching it on (see enable_cpu_affinity() or CPU best practices for DGL [https://docs.dgl.ai/tutorials/cpu/cpu_best_practises.html])
  dgl_warning(
tfinance_tr30_seed2 epoch=023 loss=0.056208 val_AUPRC=0.854018 best=0.854018@23 patience=0/20 train=12.600s val=8.292s
/workspace/pmp_vast/envs/pmp-author/lib/python3.10/site-packages/dgl/dataloading/dataloader.py:1076: DGLWarning: Dataloader CPU affinity opt is not enabled, consider switching it on (see enable_cpu_affinity() or CPU best practices for DGL [https://docs.dgl.ai/tutorials/cpu/cpu_best_practises.html])
  dgl_warning(
/workspace/pmp_vast/envs/pmp-author/lib/python3.10/site-packages/dgl/dataloading/dataloader.py:1076: DGLWarning: Dataloader CPU affinity opt is not enabled, consider switching it on (see enable_cpu_affinity() or CPU best practices for DGL [https://docs.dgl.ai/tutorials/cpu/cpu_best_practises.html])
  dgl_warning(
tfinance_tr30_seed2 epoch=025 loss=0.054142 val_AUPRC=0.855116 best=0.855116@25 patience=0/20 train=12.743s val=8.841s
/workspace/pmp_vast/envs/pmp-author/lib/python3.10/site-packages/dgl/dataloading/dataloader.py:1076: DGLWarning: Dataloader CPU affinity opt is not enabled, consider switching it on (see enable_cpu_affinity() or CPU best practices for DGL [https://docs.dgl.ai/tutorials/cpu/cpu_best_practises.html])
  dgl_warning(
/workspace/pmp_vast/envs/pmp-author/lib/python3.10/site-packages/dgl/dataloading/dataloader.py:1076: DGLWarning: Dataloader CPU affinity opt is not enabled, consider switching it on (see enable_cpu_affinity() or CPU best practices for DGL [https://docs.dgl.ai/tutorials/cpu/cpu_best_practises.html])
  dgl_warning(
/workspace/pmp_vast/envs/pmp-author/lib/python3.10/site-packages/dgl/dataloading/dataloader.py:1076: DGLWarning: Dataloader CPU affinity opt is not enabled, consider switching it on (see enable_cpu_affinity() or CPU best practices for DGL [https://docs.dgl.ai/tutorials/cpu/cpu_best_practises.html])
  dgl_warning(
tfinance_tr30_seed2 epoch=028 loss=0.051806 val_AUPRC=0.856189 best=0.856189@28 patience=0/20 train=12.606s val=8.453s
/workspace/pmp_vast/envs/pmp-author/lib/python3.10/site-packages/dgl/dataloading/dataloader.py:1076: DGLWarning: Dataloader CPU affinity opt is not enabled, consider switching it on (see enable_cpu_affinity() or CPU best practices for DGL [https://docs.dgl.ai/tutorials/cpu/cpu_best_practises.html])
  dgl_warning(
tfinance_tr30_seed2 epoch=029 loss=0.052061 val_AUPRC=0.858138 best=0.858138@29 patience=0/20 train=13.054s val=8.965s
/workspace/pmp_vast/envs/pmp-author/lib/python3.10/site-packages/dgl/dataloading/dataloader.py:1076: DGLWarning: Dataloader CPU affinity opt is not enabled, consider switching it on (see enable_cpu_affinity() or CPU best practices for DGL [https://docs.dgl.ai/tutorials/cpu/cpu_best_practises.html])
  dgl_warning(
tfinance_tr30_seed2 epoch=030 loss=0.052578 val_AUPRC=0.852163 best=0.858138@29 patience=1/20 train=13.034s val=8.938s
/workspace/pmp_vast/envs/pmp-author/lib/python3.10/site-packages/dgl/dataloading/dataloader.py:1076: DGLWarning: Dataloader CPU affinity opt is not enabled, consider switching it on (see enable_cpu_affinity() or CPU best practices for DGL [https://docs.dgl.ai/tutorials/cpu/cpu_best_practises.html])
  dgl_warning(
/workspace/pmp_vast/envs/pmp-author/lib/python3.10/site-packages/dgl/dataloading/dataloader.py:1076: DGLWarning: Dataloader CPU affinity opt is not enabled, consider switching it on (see enable_cpu_affinity() or CPU best practices for DGL [https://docs.dgl.ai/tutorials/cpu/cpu_best_practises.html])
  dgl_warning(
/workspace/pmp_vast/envs/pmp-author/lib/python3.10/site-packages/dgl/dataloading/dataloader.py:1076: DGLWarning: Dataloader CPU affinity opt is not enabled, consider switching it on (see enable_cpu_affinity() or CPU best practices for DGL [https://docs.dgl.ai/tutorials/cpu/cpu_best_practises.html])
  dgl_warning(
/workspace/pmp_vast/envs/pmp-author/lib/python3.10/site-packages/dgl/dataloading/dataloader.py:1076: DGLWarning: Dataloader CPU affinity opt is not enabled, consider switching it on (see enable_cpu_affinity() or CPU best practices for DGL [https://docs.dgl.ai/tutorials/cpu/cpu_best_practises.html])
  dgl_warning(
/workspace/pmp_vast/envs/pmp-author/lib/python3.10/site-packages/dgl/dataloading/dataloader.py:1076: DGLWarning: Dataloader CPU affinity opt is not enabled, consider switching it on (see enable_cpu_affinity() or CPU best practices for DGL [https://docs.dgl.ai/tutorials/cpu/cpu_best_practises.html])
  dgl_warning(
/workspace/pmp_vast/envs/pmp-author/lib/python3.10/site-packages/dgl/dataloading/dataloader.py:1076: DGLWarning: Dataloader CPU affinity opt is not enabled, consider switching it on (see enable_cpu_affinity() or CPU best practices for DGL [https://docs.dgl.ai/tutorials/cpu/cpu_best_practises.html])
  dgl_warning(
tfinance_tr30_seed2 epoch=036 loss=0.055034 val_AUPRC=0.859579 best=0.859579@36 patience=0/20 train=13.406s val=8.653s
/workspace/pmp_vast/envs/pmp-author/lib/python3.10/site-packages/dgl/dataloading/dataloader.py:1076: DGLWarning: Dataloader CPU affinity opt is not enabled, consider switching it on (see enable_cpu_affinity() or CPU best practices for DGL [https://docs.dgl.ai/tutorials/cpu/cpu_best_practises.html])
  dgl_warning(
/workspace/pmp_vast/envs/pmp-author/lib/python3.10/site-packages/dgl/dataloading/dataloader.py:1076: DGLWarning: Dataloader CPU affinity opt is not enabled, consider switching it on (see enable_cpu_affinity() or CPU best practices for DGL [https://docs.dgl.ai/tutorials/cpu/cpu_best_practises.html])
  dgl_warning(
/workspace/pmp_vast/envs/pmp-author/lib/python3.10/site-packages/dgl/dataloading/dataloader.py:1076: DGLWarning: Dataloader CPU affinity opt is not enabled, consider switching it on (see enable_cpu_affinity() or CPU best practices for DGL [https://docs.dgl.ai/tutorials/cpu/cpu_best_practises.html])
  dgl_warning(
tfinance_tr30_seed2 epoch=039 loss=0.051728 val_AUPRC=0.860030 best=0.860030@39 patience=0/20 train=12.871s val=7.795s
/workspace/pmp_vast/envs/pmp-author/lib/python3.10/site-packages/dgl/dataloading/dataloader.py:1076: DGLWarning: Dataloader CPU affinity opt is not enabled, consider switching it on (see enable_cpu_affinity() or CPU best practices for DGL [https://docs.dgl.ai/tutorials/cpu/cpu_best_practises.html])
  dgl_warning(
tfinance_tr30_seed2 epoch=040 loss=0.059788 val_AUPRC=0.855126 best=0.860030@39 patience=1/20 train=11.835s val=7.796s
/workspace/pmp_vast/envs/pmp-author/lib/python3.10/site-packages/dgl/dataloading/dataloader.py:1076: DGLWarning: Dataloader CPU affinity opt is not enabled, consider switching it on (see enable_cpu_affinity() or CPU best practices for DGL [https://docs.dgl.ai/tutorials/cpu/cpu_best_practises.html])
  dgl_warning(
/workspace/pmp_vast/envs/pmp-author/lib/python3.10/site-packages/dgl/dataloading/dataloader.py:1076: DGLWarning: Dataloader CPU affinity opt is not enabled, consider switching it on (see enable_cpu_affinity() or CPU best practices for DGL [https://docs.dgl.ai/tutorials/cpu/cpu_best_practises.html])
  dgl_warning(
/workspace/pmp_vast/envs/pmp-author/lib/python3.10/site-packages/dgl/dataloading/dataloader.py:1076: DGLWarning: Dataloader CPU affinity opt is not enabled, consider switching it on (see enable_cpu_affinity() or CPU best practices for DGL [https://docs.dgl.ai/tutorials/cpu/cpu_best_practises.html])
  dgl_warning(
/workspace/pmp_vast/envs/pmp-author/lib/python3.10/site-packages/dgl/dataloading/dataloader.py:1076: DGLWarning: Dataloader CPU affinity opt is not enabled, consider switching it on (see enable_cpu_affinity() or CPU best practices for DGL [https://docs.dgl.ai/tutorials/cpu/cpu_best_practises.html])
  dgl_warning(
/workspace/pmp_vast/envs/pmp-author/lib/python3.10/site-packages/dgl/dataloading/dataloader.py:1076: DGLWarning: Dataloader CPU affinity opt is not enabled, consider switching it on (see enable_cpu_affinity() or CPU best practices for DGL [https://docs.dgl.ai/tutorials/cpu/cpu_best_practises.html])
  dgl_warning(
tfinance_tr30_seed2 epoch=045 loss=0.049347 val_AUPRC=0.861791 best=0.861791@45 patience=0/20 train=12.529s val=7.996s
/workspace/pmp_vast/envs/pmp-author/lib/python3.10/site-packages/dgl/dataloading/dataloader.py:1076: DGLWarning: Dataloader CPU affinity opt is not enabled, consider switching it on (see enable_cpu_affinity() or CPU best practices for DGL [https://docs.dgl.ai/tutorials/cpu/cpu_best_practises.html])
  dgl_warning(
tfinance_tr30_seed2 epoch=046 loss=0.050149 val_AUPRC=0.863508 best=0.863508@46 patience=0/20 train=12.070s val=7.821s
/workspace/pmp_vast/envs/pmp-author/lib/python3.10/site-packages/dgl/dataloading/dataloader.py:1076: DGLWarning: Dataloader CPU affinity opt is not enabled, consider switching it on (see enable_cpu_affinity() or CPU best practices for DGL [https://docs.dgl.ai/tutorials/cpu/cpu_best_practises.html])
  dgl_warning(
/workspace/pmp_vast/envs/pmp-author/lib/python3.10/site-packages/dgl/dataloading/dataloader.py:1076: DGLWarning: Dataloader CPU affinity opt is not enabled, consider switching it on (see enable_cpu_affinity() or CPU best practices for DGL [https://docs.dgl.ai/tutorials/cpu/cpu_best_practises.html])
  dgl_warning(
tfinance_tr30_seed2 epoch=048 loss=0.048645 val_AUPRC=0.864042 best=0.864042@48 patience=0/20 train=11.856s val=7.946s
/workspace/pmp_vast/envs/pmp-author/lib/python3.10/site-packages/dgl/dataloading/dataloader.py:1076: DGLWarning: Dataloader CPU affinity opt is not enabled, consider switching it on (see enable_cpu_affinity() or CPU best practices for DGL [https://docs.dgl.ai/tutorials/cpu/cpu_best_practises.html])
  dgl_warning(
tfinance_tr30_seed2 epoch=049 loss=0.050290 val_AUPRC=0.864454 best=0.864454@49 patience=0/20 train=11.747s val=7.892s
/workspace/pmp_vast/envs/pmp-author/lib/python3.10/site-packages/dgl/dataloading/dataloader.py:1076: DGLWarning: Dataloader CPU affinity opt is not enabled, consider switching it on (see enable_cpu_affinity() or CPU best practices for DGL [https://docs.dgl.ai/tutorials/cpu/cpu_best_practises.html])
  dgl_warning(
tfinance_tr30_seed2 epoch=050 loss=0.050296 val_AUPRC=0.859330 best=0.864454@49 patience=1/20 train=11.876s val=7.985s
/workspace/pmp_vast/envs/pmp-author/lib/python3.10/site-packages/dgl/dataloading/dataloader.py:1076: DGLWarning: Dataloader CPU affinity opt is not enabled, consider switching it on (see enable_cpu_affinity() or CPU best practices for DGL [https://docs.dgl.ai/tutorials/cpu/cpu_best_practises.html])
  dgl_warning(
tfinance_tr30_seed2 epoch=051 loss=0.048390 val_AUPRC=0.866902 best=0.866902@51 patience=0/20 train=11.845s val=7.804s
/workspace/pmp_vast/envs/pmp-author/lib/python3.10/site-packages/dgl/dataloading/dataloader.py:1076: DGLWarning: Dataloader CPU affinity opt is not enabled, consider switching it on (see enable_cpu_affinity() or CPU best practices for DGL [https://docs.dgl.ai/tutorials/cpu/cpu_best_practises.html])
  dgl_warning(
tfinance_tr30_seed2 epoch=052 loss=0.047996 val_AUPRC=0.867307 best=0.867307@52 patience=0/20 train=11.798s val=7.973s
/workspace/pmp_vast/envs/pmp-author/lib/python3.10/site-packages/dgl/dataloading/dataloader.py:1076: DGLWarning: Dataloader CPU affinity opt is not enabled, consider switching it on (see enable_cpu_affinity() or CPU best practices for DGL [https://docs.dgl.ai/tutorials/cpu/cpu_best_practises.html])
  dgl_warning(
/workspace/pmp_vast/envs/pmp-author/lib/python3.10/site-packages/dgl/dataloading/dataloader.py:1076: DGLWarning: Dataloader CPU affinity opt is not enabled, consider switching it on (see enable_cpu_affinity() or CPU best practices for DGL [https://docs.dgl.ai/tutorials/cpu/cpu_best_practises.html])
  dgl_warning(
/workspace/pmp_vast/envs/pmp-author/lib/python3.10/site-packages/dgl/dataloading/dataloader.py:1076: DGLWarning: Dataloader CPU affinity opt is not enabled, consider switching it on (see enable_cpu_affinity() or CPU best practices for DGL [https://docs.dgl.ai/tutorials/cpu/cpu_best_practises.html])
  dgl_warning(
/workspace/pmp_vast/envs/pmp-author/lib/python3.10/site-packages/dgl/dataloading/dataloader.py:1076: DGLWarning: Dataloader CPU affinity opt is not enabled, consider switching it on (see enable_cpu_affinity() or CPU best practices for DGL [https://docs.dgl.ai/tutorials/cpu/cpu_best_practises.html])
  dgl_warning(
/workspace/pmp_vast/envs/pmp-author/lib/python3.10/site-packages/dgl/dataloading/dataloader.py:1076: DGLWarning: Dataloader CPU affinity opt is not enabled, consider switching it on (see enable_cpu_affinity() or CPU best practices for DGL [https://docs.dgl.ai/tutorials/cpu/cpu_best_practises.html])
  dgl_warning(
/workspace/pmp_vast/envs/pmp-author/lib/python3.10/site-packages/dgl/dataloading/dataloader.py:1076: DGLWarning: Dataloader CPU affinity opt is not enabled, consider switching it on (see enable_cpu_affinity() or CPU best practices for DGL [https://docs.dgl.ai/tutorials/cpu/cpu_best_practises.html])
  dgl_warning(
/workspace/pmp_vast/envs/pmp-author/lib/python3.10/site-packages/dgl/dataloading/dataloader.py:1076: DGLWarning: Dataloader CPU affinity opt is not enabled, consider switching it on (see enable_cpu_affinity() or CPU best practices for DGL [https://docs.dgl.ai/tutorials/cpu/cpu_best_practises.html])
  dgl_warning(
/workspace/pmp_vast/envs/pmp-author/lib/python3.10/site-packages/dgl/dataloading/dataloader.py:1076: DGLWarning: Dataloader CPU affinity opt is not enabled, consider switching it on (see enable_cpu_affinity() or CPU best practices for DGL [https://docs.dgl.ai/tutorials/cpu/cpu_best_practises.html])
  dgl_warning(
tfinance_tr30_seed2 epoch=060 loss=0.049648 val_AUPRC=0.859921 best=0.867307@52 patience=8/20 train=12.894s val=8.391s
/workspace/pmp_vast/envs/pmp-author/lib/python3.10/site-packages/dgl/dataloading/dataloader.py:1076: DGLWarning: Dataloader CPU affinity opt is not enabled, consider switching it on (see enable_cpu_affinity() or CPU best practices for DGL [https://docs.dgl.ai/tutorials/cpu/cpu_best_practises.html])
  dgl_warning(
/workspace/pmp_vast/envs/pmp-author/lib/python3.10/site-packages/dgl/dataloading/dataloader.py:1076: DGLWarning: Dataloader CPU affinity opt is not enabled, consider switching it on (see enable_cpu_affinity() or CPU best practices for DGL [https://docs.dgl.ai/tutorials/cpu/cpu_best_practises.html])
  dgl_warning(
tfinance_tr30_seed2 epoch=062 loss=0.047609 val_AUPRC=0.868254 best=0.868254@62 patience=0/20 train=12.494s val=8.028s
/workspace/pmp_vast/envs/pmp-author/lib/python3.10/site-packages/dgl/dataloading/dataloader.py:1076: DGLWarning: Dataloader CPU affinity opt is not enabled, consider switching it on (see enable_cpu_affinity() or CPU best practices for DGL [https://docs.dgl.ai/tutorials/cpu/cpu_best_practises.html])
  dgl_warning(
/workspace/pmp_vast/envs/pmp-author/lib/python3.10/site-packages/dgl/dataloading/dataloader.py:1076: DGLWarning: Dataloader CPU affinity opt is not enabled, consider switching it on (see enable_cpu_affinity() or CPU best practices for DGL [https://docs.dgl.ai/tutorials/cpu/cpu_best_practises.html])
  dgl_warning(
/workspace/pmp_vast/envs/pmp-author/lib/python3.10/site-packages/dgl/dataloading/dataloader.py:1076: DGLWarning: Dataloader CPU affinity opt is not enabled, consider switching it on (see enable_cpu_affinity() or CPU best practices for DGL [https://docs.dgl.ai/tutorials/cpu/cpu_best_practises.html])
  dgl_warning(
tfinance_tr30_seed2 epoch=065 loss=0.046457 val_AUPRC=0.868945 best=0.868945@65 patience=0/20 train=12.511s val=8.300s
/workspace/pmp_vast/envs/pmp-author/lib/python3.10/site-packages/dgl/dataloading/dataloader.py:1076: DGLWarning: Dataloader CPU affinity opt is not enabled, consider switching it on (see enable_cpu_affinity() or CPU best practices for DGL [https://docs.dgl.ai/tutorials/cpu/cpu_best_practises.html])
  dgl_warning(
/workspace/pmp_vast/envs/pmp-author/lib/python3.10/site-packages/dgl/dataloading/dataloader.py:1076: DGLWarning: Dataloader CPU affinity opt is not enabled, consider switching it on (see enable_cpu_affinity() or CPU best practices for DGL [https://docs.dgl.ai/tutorials/cpu/cpu_best_practises.html])
  dgl_warning(
/workspace/pmp_vast/envs/pmp-author/lib/python3.10/site-packages/dgl/dataloading/dataloader.py:1076: DGLWarning: Dataloader CPU affinity opt is not enabled, consider switching it on (see enable_cpu_affinity() or CPU best practices for DGL [https://docs.dgl.ai/tutorials/cpu/cpu_best_practises.html])
  dgl_warning(
/workspace/pmp_vast/envs/pmp-author/lib/python3.10/site-packages/dgl/dataloading/dataloader.py:1076: DGLWarning: Dataloader CPU affinity opt is not enabled, consider switching it on (see enable_cpu_affinity() or CPU best practices for DGL [https://docs.dgl.ai/tutorials/cpu/cpu_best_practises.html])
  dgl_warning(
/workspace/pmp_vast/envs/pmp-author/lib/python3.10/site-packages/dgl/dataloading/dataloader.py:1076: DGLWarning: Dataloader CPU affinity opt is not enabled, consider switching it on (see enable_cpu_affinity() or CPU best practices for DGL [https://docs.dgl.ai/tutorials/cpu/cpu_best_practises.html])
  dgl_warning(
tfinance_tr30_seed2 epoch=070 loss=0.046904 val_AUPRC=0.869791 best=0.869791@70 patience=0/20 train=12.534s val=8.253s
/workspace/pmp_vast/envs/pmp-author/lib/python3.10/site-packages/dgl/dataloading/dataloader.py:1076: DGLWarning: Dataloader CPU affinity opt is not enabled, consider switching it on (see enable_cpu_affinity() or CPU best practices for DGL [https://docs.dgl.ai/tutorials/cpu/cpu_best_practises.html])
  dgl_warning(
/workspace/pmp_vast/envs/pmp-author/lib/python3.10/site-packages/dgl/dataloading/dataloader.py:1076: DGLWarning: Dataloader CPU affinity opt is not enabled, consider switching it on (see enable_cpu_affinity() or CPU best practices for DGL [https://docs.dgl.ai/tutorials/cpu/cpu_best_practises.html])
  dgl_warning(
/workspace/pmp_vast/envs/pmp-author/lib/python3.10/site-packages/dgl/dataloading/dataloader.py:1076: DGLWarning: Dataloader CPU affinity opt is not enabled, consider switching it on (see enable_cpu_affinity() or CPU best practices for DGL [https://docs.dgl.ai/tutorials/cpu/cpu_best_practises.html])
  dgl_warning(
/workspace/pmp_vast/envs/pmp-author/lib/python3.10/site-packages/dgl/dataloading/dataloader.py:1076: DGLWarning: Dataloader CPU affinity opt is not enabled, consider switching it on (see enable_cpu_affinity() or CPU best practices for DGL [https://docs.dgl.ai/tutorials/cpu/cpu_best_practises.html])
  dgl_warning(
/workspace/pmp_vast/envs/pmp-author/lib/python3.10/site-packages/dgl/dataloading/dataloader.py:1076: DGLWarning: Dataloader CPU affinity opt is not enabled, consider switching it on (see enable_cpu_affinity() or CPU best practices for DGL [https://docs.dgl.ai/tutorials/cpu/cpu_best_practises.html])
  dgl_warning(
/workspace/pmp_vast/envs/pmp-author/lib/python3.10/site-packages/dgl/dataloading/dataloader.py:1076: DGLWarning: Dataloader CPU affinity opt is not enabled, consider switching it on (see enable_cpu_affinity() or CPU best practices for DGL [https://docs.dgl.ai/tutorials/cpu/cpu_best_practises.html])
  dgl_warning(
tfinance_tr30_seed2 epoch=076 loss=0.045105 val_AUPRC=0.870014 best=0.870014@76 patience=0/20 train=11.881s val=7.848s
/workspace/pmp_vast/envs/pmp-author/lib/python3.10/site-packages/dgl/dataloading/dataloader.py:1076: DGLWarning: Dataloader CPU affinity opt is not enabled, consider switching it on (see enable_cpu_affinity() or CPU best practices for DGL [https://docs.dgl.ai/tutorials/cpu/cpu_best_practises.html])
  dgl_warning(
/workspace/pmp_vast/envs/pmp-author/lib/python3.10/site-packages/dgl/dataloading/dataloader.py:1076: DGLWarning: Dataloader CPU affinity opt is not enabled, consider switching it on (see enable_cpu_affinity() or CPU best practices for DGL [https://docs.dgl.ai/tutorials/cpu/cpu_best_practises.html])
  dgl_warning(
tfinance_tr30_seed2 epoch=078 loss=0.045612 val_AUPRC=0.870813 best=0.870813@78 patience=0/20 train=11.865s val=7.949s
/workspace/pmp_vast/envs/pmp-author/lib/python3.10/site-packages/dgl/dataloading/dataloader.py:1076: DGLWarning: Dataloader CPU affinity opt is not enabled, consider switching it on (see enable_cpu_affinity() or CPU best practices for DGL [https://docs.dgl.ai/tutorials/cpu/cpu_best_practises.html])
  dgl_warning(
/workspace/pmp_vast/envs/pmp-author/lib/python3.10/site-packages/dgl/dataloading/dataloader.py:1076: DGLWarning: Dataloader CPU affinity opt is not enabled, consider switching it on (see enable_cpu_affinity() or CPU best practices for DGL [https://docs.dgl.ai/tutorials/cpu/cpu_best_practises.html])
  dgl_warning(
tfinance_tr30_seed2 epoch=080 loss=0.045961 val_AUPRC=0.867975 best=0.870813@78 patience=2/20 train=11.846s val=8.015s
/workspace/pmp_vast/envs/pmp-author/lib/python3.10/site-packages/dgl/dataloading/dataloader.py:1076: DGLWarning: Dataloader CPU affinity opt is not enabled, consider switching it on (see enable_cpu_affinity() or CPU best practices for DGL [https://docs.dgl.ai/tutorials/cpu/cpu_best_practises.html])
  dgl_warning(
tfinance_tr30_seed2 epoch=081 loss=0.045389 val_AUPRC=0.870987 best=0.870987@81 patience=0/20 train=11.993s val=8.065s
/workspace/pmp_vast/envs/pmp-author/lib/python3.10/site-packages/dgl/dataloading/dataloader.py:1076: DGLWarning: Dataloader CPU affinity opt is not enabled, consider switching it on (see enable_cpu_affinity() or CPU best practices for DGL [https://docs.dgl.ai/tutorials/cpu/cpu_best_practises.html])
  dgl_warning(
/workspace/pmp_vast/envs/pmp-author/lib/python3.10/site-packages/dgl/dataloading/dataloader.py:1076: DGLWarning: Dataloader CPU affinity opt is not enabled, consider switching it on (see enable_cpu_affinity() or CPU best practices for DGL [https://docs.dgl.ai/tutorials/cpu/cpu_best_practises.html])
  dgl_warning(
/workspace/pmp_vast/envs/pmp-author/lib/python3.10/site-packages/dgl/dataloading/dataloader.py:1076: DGLWarning: Dataloader CPU affinity opt is not enabled, consider switching it on (see enable_cpu_affinity() or CPU best practices for DGL [https://docs.dgl.ai/tutorials/cpu/cpu_best_practises.html])
  dgl_warning(
/workspace/pmp_vast/envs/pmp-author/lib/python3.10/site-packages/dgl/dataloading/dataloader.py:1076: DGLWarning: Dataloader CPU affinity opt is not enabled, consider switching it on (see enable_cpu_affinity() or CPU best practices for DGL [https://docs.dgl.ai/tutorials/cpu/cpu_best_practises.html])
  dgl_warning(
/workspace/pmp_vast/envs/pmp-author/lib/python3.10/site-packages/dgl/dataloading/dataloader.py:1076: DGLWarning: Dataloader CPU affinity opt is not enabled, consider switching it on (see enable_cpu_affinity() or CPU best practices for DGL [https://docs.dgl.ai/tutorials/cpu/cpu_best_practises.html])
  dgl_warning(
/workspace/pmp_vast/envs/pmp-author/lib/python3.10/site-packages/dgl/dataloading/dataloader.py:1076: DGLWarning: Dataloader CPU affinity opt is not enabled, consider switching it on (see enable_cpu_affinity() or CPU best practices for DGL [https://docs.dgl.ai/tutorials/cpu/cpu_best_practises.html])
  dgl_warning(
/workspace/pmp_vast/envs/pmp-author/lib/python3.10/site-packages/dgl/dataloading/dataloader.py:1076: DGLWarning: Dataloader CPU affinity opt is not enabled, consider switching it on (see enable_cpu_affinity() or CPU best practices for DGL [https://docs.dgl.ai/tutorials/cpu/cpu_best_practises.html])
  dgl_warning(
/workspace/pmp_vast/envs/pmp-author/lib/python3.10/site-packages/dgl/dataloading/dataloader.py:1076: DGLWarning: Dataloader CPU affinity opt is not enabled, consider switching it on (see enable_cpu_affinity() or CPU best practices for DGL [https://docs.dgl.ai/tutorials/cpu/cpu_best_practises.html])
  dgl_warning(
tfinance_tr30_seed2 epoch=089 loss=0.044221 val_AUPRC=0.871408 best=0.871408@89 patience=0/20 train=12.483s val=8.500s
/workspace/pmp_vast/envs/pmp-author/lib/python3.10/site-packages/dgl/dataloading/dataloader.py:1076: DGLWarning: Dataloader CPU affinity opt is not enabled, consider switching it on (see enable_cpu_affinity() or CPU best practices for DGL [https://docs.dgl.ai/tutorials/cpu/cpu_best_practises.html])
  dgl_warning(
tfinance_tr30_seed2 epoch=090 loss=0.043887 val_AUPRC=0.874719 best=0.874719@90 patience=0/20 train=12.675s val=8.189s
/workspace/pmp_vast/envs/pmp-author/lib/python3.10/site-packages/dgl/dataloading/dataloader.py:1076: DGLWarning: Dataloader CPU affinity opt is not enabled, consider switching it on (see enable_cpu_affinity() or CPU best practices for DGL [https://docs.dgl.ai/tutorials/cpu/cpu_best_practises.html])
  dgl_warning(
/workspace/pmp_vast/envs/pmp-author/lib/python3.10/site-packages/dgl/dataloading/dataloader.py:1076: DGLWarning: Dataloader CPU affinity opt is not enabled, consider switching it on (see enable_cpu_affinity() or CPU best practices for DGL [https://docs.dgl.ai/tutorials/cpu/cpu_best_practises.html])
  dgl_warning(
/workspace/pmp_vast/envs/pmp-author/lib/python3.10/site-packages/dgl/dataloading/dataloader.py:1076: DGLWarning: Dataloader CPU affinity opt is not enabled, consider switching it on (see enable_cpu_affinity() or CPU best practices for DGL [https://docs.dgl.ai/tutorials/cpu/cpu_best_practises.html])
  dgl_warning(
/workspace/pmp_vast/envs/pmp-author/lib/python3.10/site-packages/dgl/dataloading/dataloader.py:1076: DGLWarning: Dataloader CPU affinity opt is not enabled, consider switching it on (see enable_cpu_affinity() or CPU best practices for DGL [https://docs.dgl.ai/tutorials/cpu/cpu_best_practises.html])
  dgl_warning(
/workspace/pmp_vast/envs/pmp-author/lib/python3.10/site-packages/dgl/dataloading/dataloader.py:1076: DGLWarning: Dataloader CPU affinity opt is not enabled, consider switching it on (see enable_cpu_affinity() or CPU best practices for DGL [https://docs.dgl.ai/tutorials/cpu/cpu_best_practises.html])
  dgl_warning(
/workspace/pmp_vast/envs/pmp-author/lib/python3.10/site-packages/dgl/dataloading/dataloader.py:1076: DGLWarning: Dataloader CPU affinity opt is not enabled, consider switching it on (see enable_cpu_affinity() or CPU best practices for DGL [https://docs.dgl.ai/tutorials/cpu/cpu_best_practises.html])
  dgl_warning(
/workspace/pmp_vast/envs/pmp-author/lib/python3.10/site-packages/dgl/dataloading/dataloader.py:1076: DGLWarning: Dataloader CPU affinity opt is not enabled, consider switching it on (see enable_cpu_affinity() or CPU best practices for DGL [https://docs.dgl.ai/tutorials/cpu/cpu_best_practises.html])
  dgl_warning(
/workspace/pmp_vast/envs/pmp-author/lib/python3.10/site-packages/dgl/dataloading/dataloader.py:1076: DGLWarning: Dataloader CPU affinity opt is not enabled, consider switching it on (see enable_cpu_affinity() or CPU best practices for DGL [https://docs.dgl.ai/tutorials/cpu/cpu_best_practises.html])
  dgl_warning(
tfinance_tr30_seed2 epoch=098 loss=0.046580 val_AUPRC=0.874781 best=0.874781@98 patience=0/20 train=12.182s val=8.034s
/workspace/pmp_vast/envs/pmp-author/lib/python3.10/site-packages/dgl/dataloading/dataloader.py:1076: DGLWarning: Dataloader CPU affinity opt is not enabled, consider switching it on (see enable_cpu_affinity() or CPU best practices for DGL [https://docs.dgl.ai/tutorials/cpu/cpu_best_practises.html])
  dgl_warning(
/workspace/pmp_vast/envs/pmp-author/lib/python3.10/site-packages/dgl/dataloading/dataloader.py:1076: DGLWarning: Dataloader CPU affinity opt is not enabled, consider switching it on (see enable_cpu_affinity() or CPU best practices for DGL [https://docs.dgl.ai/tutorials/cpu/cpu_best_practises.html])
  dgl_warning(
tfinance_tr30_seed2 epoch=100 loss=0.045511 val_AUPRC=0.875513 best=0.875513@100 patience=0/20 train=12.366s val=7.929s
/workspace/pmp_vast/envs/pmp-author/lib/python3.10/site-packages/dgl/dataloading/dataloader.py:1076: DGLWarning: Dataloader CPU affinity opt is not enabled, consider switching it on (see enable_cpu_affinity() or CPU best practices for DGL [https://docs.dgl.ai/tutorials/cpu/cpu_best_practises.html])
  dgl_warning(
tfinance_tr30_seed2 FROZEN | checkpoint epoch=100 | val_AUPRC=0.875513 | threshold=0.52
/workspace/pmp_vast/envs/pmp-author/lib/python3.10/site-packages/dgl/dataloading/dataloader.py:1076: DGLWarning: Dataloader CPU affinity opt is not enabled, consider switching it on (see enable_cpu_affinity() or CPU best practices for DGL [https://docs.dgl.ai/tutorials/cpu/cpu_best_practises.html])
  dgl_warning(
FINAL tfinance_tr30_seed2 PASS | AUPRC=0.903387 | AUROC=0.970428 | MacroF1=0.922276 | Recall=0.796399

===== FINAL RUN tfinance_tr30_seed42 =====
/workspace/pmp_vast/envs/pmp-author/lib/python3.10/site-packages/dgl/dataloading/dataloader.py:1076: DGLWarning: Dataloader CPU affinity opt is not enabled, consider switching it on (see enable_cpu_affinity() or CPU best practices for DGL [https://docs.dgl.ai/tutorials/cpu/cpu_best_practises.html])
  dgl_warning(
tfinance_tr30_seed42 epoch=001 loss=0.369556 val_AUPRC=0.782973 best=0.782973@1 patience=0/20 train=12.358s val=8.146s
/workspace/pmp_vast/envs/pmp-author/lib/python3.10/site-packages/dgl/dataloading/dataloader.py:1076: DGLWarning: Dataloader CPU affinity opt is not enabled, consider switching it on (see enable_cpu_affinity() or CPU best practices for DGL [https://docs.dgl.ai/tutorials/cpu/cpu_best_practises.html])
  dgl_warning(
tfinance_tr30_seed42 epoch=002 loss=0.174036 val_AUPRC=0.800476 best=0.800476@2 patience=0/20 train=12.264s val=7.774s
/workspace/pmp_vast/envs/pmp-author/lib/python3.10/site-packages/dgl/dataloading/dataloader.py:1076: DGLWarning: Dataloader CPU affinity opt is not enabled, consider switching it on (see enable_cpu_affinity() or CPU best practices for DGL [https://docs.dgl.ai/tutorials/cpu/cpu_best_practises.html])
  dgl_warning(
tfinance_tr30_seed42 epoch=003 loss=0.116676 val_AUPRC=0.808496 best=0.808496@3 patience=0/20 train=12.121s val=8.271s
/workspace/pmp_vast/envs/pmp-author/lib/python3.10/site-packages/dgl/dataloading/dataloader.py:1076: DGLWarning: Dataloader CPU affinity opt is not enabled, consider switching it on (see enable_cpu_affinity() or CPU best practices for DGL [https://docs.dgl.ai/tutorials/cpu/cpu_best_practises.html])
  dgl_warning(
/workspace/pmp_vast/envs/pmp-author/lib/python3.10/site-packages/dgl/dataloading/dataloader.py:1076: DGLWarning: Dataloader CPU affinity opt is not enabled, consider switching it on (see enable_cpu_affinity() or CPU best practices for DGL [https://docs.dgl.ai/tutorials/cpu/cpu_best_practises.html])
  dgl_warning(
tfinance_tr30_seed42 epoch=005 loss=0.097443 val_AUPRC=0.837836 best=0.837836@5 patience=0/20 train=12.520s val=7.927s
/workspace/pmp_vast/envs/pmp-author/lib/python3.10/site-packages/dgl/dataloading/dataloader.py:1076: DGLWarning: Dataloader CPU affinity opt is not enabled, consider switching it on (see enable_cpu_affinity() or CPU best practices for DGL [https://docs.dgl.ai/tutorials/cpu/cpu_best_practises.html])
  dgl_warning(
/workspace/pmp_vast/envs/pmp-author/lib/python3.10/site-packages/dgl/dataloading/dataloader.py:1076: DGLWarning: Dataloader CPU affinity opt is not enabled, consider switching it on (see enable_cpu_affinity() or CPU best practices for DGL [https://docs.dgl.ai/tutorials/cpu/cpu_best_practises.html])
  dgl_warning(
tfinance_tr30_seed42 epoch=007 loss=0.080719 val_AUPRC=0.841999 best=0.841999@7 patience=0/20 train=12.040s val=7.852s
/workspace/pmp_vast/envs/pmp-author/lib/python3.10/site-packages/dgl/dataloading/dataloader.py:1076: DGLWarning: Dataloader CPU affinity opt is not enabled, consider switching it on (see enable_cpu_affinity() or CPU best practices for DGL [https://docs.dgl.ai/tutorials/cpu/cpu_best_practises.html])
  dgl_warning(
/workspace/pmp_vast/envs/pmp-author/lib/python3.10/site-packages/dgl/dataloading/dataloader.py:1076: DGLWarning: Dataloader CPU affinity opt is not enabled, consider switching it on (see enable_cpu_affinity() or CPU best practices for DGL [https://docs.dgl.ai/tutorials/cpu/cpu_best_practises.html])
  dgl_warning(
tfinance_tr30_seed42 epoch=009 loss=0.072283 val_AUPRC=0.843588 best=0.843588@9 patience=0/20 train=12.332s val=7.829s
/workspace/pmp_vast/envs/pmp-author/lib/python3.10/site-packages/dgl/dataloading/dataloader.py:1076: DGLWarning: Dataloader CPU affinity opt is not enabled, consider switching it on (see enable_cpu_affinity() or CPU best practices for DGL [https://docs.dgl.ai/tutorials/cpu/cpu_best_practises.html])
  dgl_warning(
tfinance_tr30_seed42 epoch=010 loss=0.069970 val_AUPRC=0.843507 best=0.843588@9 patience=1/20 train=12.030s val=7.796s
/workspace/pmp_vast/envs/pmp-author/lib/python3.10/site-packages/dgl/dataloading/dataloader.py:1076: DGLWarning: Dataloader CPU affinity opt is not enabled, consider switching it on (see enable_cpu_affinity() or CPU best practices for DGL [https://docs.dgl.ai/tutorials/cpu/cpu_best_practises.html])
  dgl_warning(
tfinance_tr30_seed42 epoch=011 loss=0.067312 val_AUPRC=0.845514 best=0.845514@11 patience=0/20 train=12.044s val=8.044s
/workspace/pmp_vast/envs/pmp-author/lib/python3.10/site-packages/dgl/dataloading/dataloader.py:1076: DGLWarning: Dataloader CPU affinity opt is not enabled, consider switching it on (see enable_cpu_affinity() or CPU best practices for DGL [https://docs.dgl.ai/tutorials/cpu/cpu_best_practises.html])
  dgl_warning(
tfinance_tr30_seed42 epoch=012 loss=0.063526 val_AUPRC=0.847305 best=0.847305@12 patience=0/20 train=12.652s val=8.090s
/workspace/pmp_vast/envs/pmp-author/lib/python3.10/site-packages/dgl/dataloading/dataloader.py:1076: DGLWarning: Dataloader CPU affinity opt is not enabled, consider switching it on (see enable_cpu_affinity() or CPU best practices for DGL [https://docs.dgl.ai/tutorials/cpu/cpu_best_practises.html])
  dgl_warning(
/workspace/pmp_vast/envs/pmp-author/lib/python3.10/site-packages/dgl/dataloading/dataloader.py:1076: DGLWarning: Dataloader CPU affinity opt is not enabled, consider switching it on (see enable_cpu_affinity() or CPU best practices for DGL [https://docs.dgl.ai/tutorials/cpu/cpu_best_practises.html])
  dgl_warning(
/workspace/pmp_vast/envs/pmp-author/lib/python3.10/site-packages/dgl/dataloading/dataloader.py:1076: DGLWarning: Dataloader CPU affinity opt is not enabled, consider switching it on (see enable_cpu_affinity() or CPU best practices for DGL [https://docs.dgl.ai/tutorials/cpu/cpu_best_practises.html])
  dgl_warning(
tfinance_tr30_seed42 epoch=015 loss=0.062322 val_AUPRC=0.848047 best=0.848047@15 patience=0/20 train=12.747s val=8.002s
/workspace/pmp_vast/envs/pmp-author/lib/python3.10/site-packages/dgl/dataloading/dataloader.py:1076: DGLWarning: Dataloader CPU affinity opt is not enabled, consider switching it on (see enable_cpu_affinity() or CPU best practices for DGL [https://docs.dgl.ai/tutorials/cpu/cpu_best_practises.html])
  dgl_warning(
/workspace/pmp_vast/envs/pmp-author/lib/python3.10/site-packages/dgl/dataloading/dataloader.py:1076: DGLWarning: Dataloader CPU affinity opt is not enabled, consider switching it on (see enable_cpu_affinity() or CPU best practices for DGL [https://docs.dgl.ai/tutorials/cpu/cpu_best_practises.html])
  dgl_warning(
/workspace/pmp_vast/envs/pmp-author/lib/python3.10/site-packages/dgl/dataloading/dataloader.py:1076: DGLWarning: Dataloader CPU affinity opt is not enabled, consider switching it on (see enable_cpu_affinity() or CPU best practices for DGL [https://docs.dgl.ai/tutorials/cpu/cpu_best_practises.html])
  dgl_warning(
/workspace/pmp_vast/envs/pmp-author/lib/python3.10/site-packages/dgl/dataloading/dataloader.py:1076: DGLWarning: Dataloader CPU affinity opt is not enabled, consider switching it on (see enable_cpu_affinity() or CPU best practices for DGL [https://docs.dgl.ai/tutorials/cpu/cpu_best_practises.html])
  dgl_warning(
/workspace/pmp_vast/envs/pmp-author/lib/python3.10/site-packages/dgl/dataloading/dataloader.py:1076: DGLWarning: Dataloader CPU affinity opt is not enabled, consider switching it on (see enable_cpu_affinity() or CPU best practices for DGL [https://docs.dgl.ai/tutorials/cpu/cpu_best_practises.html])
  dgl_warning(
tfinance_tr30_seed42 epoch=020 loss=0.058987 val_AUPRC=0.841473 best=0.848047@15 patience=5/20 train=12.180s val=8.128s
/workspace/pmp_vast/envs/pmp-author/lib/python3.10/site-packages/dgl/dataloading/dataloader.py:1076: DGLWarning: Dataloader CPU affinity opt is not enabled, consider switching it on (see enable_cpu_affinity() or CPU best practices for DGL [https://docs.dgl.ai/tutorials/cpu/cpu_best_practises.html])
  dgl_warning(
/workspace/pmp_vast/envs/pmp-author/lib/python3.10/site-packages/dgl/dataloading/dataloader.py:1076: DGLWarning: Dataloader CPU affinity opt is not enabled, consider switching it on (see enable_cpu_affinity() or CPU best practices for DGL [https://docs.dgl.ai/tutorials/cpu/cpu_best_practises.html])
  dgl_warning(
tfinance_tr30_seed42 epoch=022 loss=0.055613 val_AUPRC=0.848902 best=0.848902@22 patience=0/20 train=12.500s val=8.511s
/workspace/pmp_vast/envs/pmp-author/lib/python3.10/site-packages/dgl/dataloading/dataloader.py:1076: DGLWarning: Dataloader CPU affinity opt is not enabled, consider switching it on (see enable_cpu_affinity() or CPU best practices for DGL [https://docs.dgl.ai/tutorials/cpu/cpu_best_practises.html])
  dgl_warning(
tfinance_tr30_seed42 epoch=023 loss=0.055297 val_AUPRC=0.851626 best=0.851626@23 patience=0/20 train=12.445s val=8.070s
/workspace/pmp_vast/envs/pmp-author/lib/python3.10/site-packages/dgl/dataloading/dataloader.py:1076: DGLWarning: Dataloader CPU affinity opt is not enabled, consider switching it on (see enable_cpu_affinity() or CPU best practices for DGL [https://docs.dgl.ai/tutorials/cpu/cpu_best_practises.html])
  dgl_warning(
tfinance_tr30_seed42 epoch=024 loss=0.054430 val_AUPRC=0.853272 best=0.853272@24 patience=0/20 train=12.552s val=8.098s
/workspace/pmp_vast/envs/pmp-author/lib/python3.10/site-packages/dgl/dataloading/dataloader.py:1076: DGLWarning: Dataloader CPU affinity opt is not enabled, consider switching it on (see enable_cpu_affinity() or CPU best practices for DGL [https://docs.dgl.ai/tutorials/cpu/cpu_best_practises.html])
  dgl_warning(
/workspace/pmp_vast/envs/pmp-author/lib/python3.10/site-packages/dgl/dataloading/dataloader.py:1076: DGLWarning: Dataloader CPU affinity opt is not enabled, consider switching it on (see enable_cpu_affinity() or CPU best practices for DGL [https://docs.dgl.ai/tutorials/cpu/cpu_best_practises.html])
  dgl_warning(
tfinance_tr30_seed42 epoch=026 loss=0.054255 val_AUPRC=0.859601 best=0.859601@26 patience=0/20 train=11.976s val=7.845s
/workspace/pmp_vast/envs/pmp-author/lib/python3.10/site-packages/dgl/dataloading/dataloader.py:1076: DGLWarning: Dataloader CPU affinity opt is not enabled, consider switching it on (see enable_cpu_affinity() or CPU best practices for DGL [https://docs.dgl.ai/tutorials/cpu/cpu_best_practises.html])
  dgl_warning(
tfinance_tr30_seed42 epoch=027 loss=0.052845 val_AUPRC=0.860223 best=0.860223@27 patience=0/20 train=11.802s val=8.031s
/workspace/pmp_vast/envs/pmp-author/lib/python3.10/site-packages/dgl/dataloading/dataloader.py:1076: DGLWarning: Dataloader CPU affinity opt is not enabled, consider switching it on (see enable_cpu_affinity() or CPU best practices for DGL [https://docs.dgl.ai/tutorials/cpu/cpu_best_practises.html])
  dgl_warning(
/workspace/pmp_vast/envs/pmp-author/lib/python3.10/site-packages/dgl/dataloading/dataloader.py:1076: DGLWarning: Dataloader CPU affinity opt is not enabled, consider switching it on (see enable_cpu_affinity() or CPU best practices for DGL [https://docs.dgl.ai/tutorials/cpu/cpu_best_practises.html])
  dgl_warning(
/workspace/pmp_vast/envs/pmp-author/lib/python3.10/site-packages/dgl/dataloading/dataloader.py:1076: DGLWarning: Dataloader CPU affinity opt is not enabled, consider switching it on (see enable_cpu_affinity() or CPU best practices for DGL [https://docs.dgl.ai/tutorials/cpu/cpu_best_practises.html])
  dgl_warning(
tfinance_tr30_seed42 epoch=030 loss=0.050417 val_AUPRC=0.856340 best=0.860223@27 patience=3/20 train=11.884s val=7.761s
/workspace/pmp_vast/envs/pmp-author/lib/python3.10/site-packages/dgl/dataloading/dataloader.py:1076: DGLWarning: Dataloader CPU affinity opt is not enabled, consider switching it on (see enable_cpu_affinity() or CPU best practices for DGL [https://docs.dgl.ai/tutorials/cpu/cpu_best_practises.html])
  dgl_warning(
/workspace/pmp_vast/envs/pmp-author/lib/python3.10/site-packages/dgl/dataloading/dataloader.py:1076: DGLWarning: Dataloader CPU affinity opt is not enabled, consider switching it on (see enable_cpu_affinity() or CPU best practices for DGL [https://docs.dgl.ai/tutorials/cpu/cpu_best_practises.html])
  dgl_warning(
/workspace/pmp_vast/envs/pmp-author/lib/python3.10/site-packages/dgl/dataloading/dataloader.py:1076: DGLWarning: Dataloader CPU affinity opt is not enabled, consider switching it on (see enable_cpu_affinity() or CPU best practices for DGL [https://docs.dgl.ai/tutorials/cpu/cpu_best_practises.html])
  dgl_warning(
tfinance_tr30_seed42 epoch=033 loss=0.055770 val_AUPRC=0.861080 best=0.861080@33 patience=0/20 train=12.182s val=8.031s
/workspace/pmp_vast/envs/pmp-author/lib/python3.10/site-packages/dgl/dataloading/dataloader.py:1076: DGLWarning: Dataloader CPU affinity opt is not enabled, consider switching it on (see enable_cpu_affinity() or CPU best practices for DGL [https://docs.dgl.ai/tutorials/cpu/cpu_best_practises.html])
  dgl_warning(
tfinance_tr30_seed42 epoch=034 loss=0.053516 val_AUPRC=0.862513 best=0.862513@34 patience=0/20 train=11.931s val=8.022s
/workspace/pmp_vast/envs/pmp-author/lib/python3.10/site-packages/dgl/dataloading/dataloader.py:1076: DGLWarning: Dataloader CPU affinity opt is not enabled, consider switching it on (see enable_cpu_affinity() or CPU best practices for DGL [https://docs.dgl.ai/tutorials/cpu/cpu_best_practises.html])
  dgl_warning(
tfinance_tr30_seed42 epoch=035 loss=0.054302 val_AUPRC=0.863433 best=0.863433@35 patience=0/20 train=11.970s val=7.762s
/workspace/pmp_vast/envs/pmp-author/lib/python3.10/site-packages/dgl/dataloading/dataloader.py:1076: DGLWarning: Dataloader CPU affinity opt is not enabled, consider switching it on (see enable_cpu_affinity() or CPU best practices for DGL [https://docs.dgl.ai/tutorials/cpu/cpu_best_practises.html])
  dgl_warning(
/workspace/pmp_vast/envs/pmp-author/lib/python3.10/site-packages/dgl/dataloading/dataloader.py:1076: DGLWarning: Dataloader CPU affinity opt is not enabled, consider switching it on (see enable_cpu_affinity() or CPU best practices for DGL [https://docs.dgl.ai/tutorials/cpu/cpu_best_practises.html])
  dgl_warning(
tfinance_tr30_seed42 epoch=037 loss=0.049618 val_AUPRC=0.863445 best=0.863445@37 patience=0/20 train=11.935s val=7.844s
/workspace/pmp_vast/envs/pmp-author/lib/python3.10/site-packages/dgl/dataloading/dataloader.py:1076: DGLWarning: Dataloader CPU affinity opt is not enabled, consider switching it on (see enable_cpu_affinity() or CPU best practices for DGL [https://docs.dgl.ai/tutorials/cpu/cpu_best_practises.html])
  dgl_warning(
/workspace/pmp_vast/envs/pmp-author/lib/python3.10/site-packages/dgl/dataloading/dataloader.py:1076: DGLWarning: Dataloader CPU affinity opt is not enabled, consider switching it on (see enable_cpu_affinity() or CPU best practices for DGL [https://docs.dgl.ai/tutorials/cpu/cpu_best_practises.html])
  dgl_warning(
/workspace/pmp_vast/envs/pmp-author/lib/python3.10/site-packages/dgl/dataloading/dataloader.py:1076: DGLWarning: Dataloader CPU affinity opt is not enabled, consider switching it on (see enable_cpu_affinity() or CPU best practices for DGL [https://docs.dgl.ai/tutorials/cpu/cpu_best_practises.html])
  dgl_warning(
tfinance_tr30_seed42 epoch=040 loss=0.051161 val_AUPRC=0.864646 best=0.864646@40 patience=0/20 train=11.933s val=7.853s
/workspace/pmp_vast/envs/pmp-author/lib/python3.10/site-packages/dgl/dataloading/dataloader.py:1076: DGLWarning: Dataloader CPU affinity opt is not enabled, consider switching it on (see enable_cpu_affinity() or CPU best practices for DGL [https://docs.dgl.ai/tutorials/cpu/cpu_best_practises.html])
  dgl_warning(
/workspace/pmp_vast/envs/pmp-author/lib/python3.10/site-packages/dgl/dataloading/dataloader.py:1076: DGLWarning: Dataloader CPU affinity opt is not enabled, consider switching it on (see enable_cpu_affinity() or CPU best practices for DGL [https://docs.dgl.ai/tutorials/cpu/cpu_best_practises.html])
  dgl_warning(
tfinance_tr30_seed42 epoch=042 loss=0.050089 val_AUPRC=0.865493 best=0.865493@42 patience=0/20 train=12.338s val=8.294s
/workspace/pmp_vast/envs/pmp-author/lib/python3.10/site-packages/dgl/dataloading/dataloader.py:1076: DGLWarning: Dataloader CPU affinity opt is not enabled, consider switching it on (see enable_cpu_affinity() or CPU best practices for DGL [https://docs.dgl.ai/tutorials/cpu/cpu_best_practises.html])
  dgl_warning(
/workspace/pmp_vast/envs/pmp-author/lib/python3.10/site-packages/dgl/dataloading/dataloader.py:1076: DGLWarning: Dataloader CPU affinity opt is not enabled, consider switching it on (see enable_cpu_affinity() or CPU best practices for DGL [https://docs.dgl.ai/tutorials/cpu/cpu_best_practises.html])
  dgl_warning(
tfinance_tr30_seed42 epoch=044 loss=0.050398 val_AUPRC=0.866609 best=0.866609@44 patience=0/20 train=12.358s val=8.453s
/workspace/pmp_vast/envs/pmp-author/lib/python3.10/site-packages/dgl/dataloading/dataloader.py:1076: DGLWarning: Dataloader CPU affinity opt is not enabled, consider switching it on (see enable_cpu_affinity() or CPU best practices for DGL [https://docs.dgl.ai/tutorials/cpu/cpu_best_practises.html])
  dgl_warning(
/workspace/pmp_vast/envs/pmp-author/lib/python3.10/site-packages/dgl/dataloading/dataloader.py:1076: DGLWarning: Dataloader CPU affinity opt is not enabled, consider switching it on (see enable_cpu_affinity() or CPU best practices for DGL [https://docs.dgl.ai/tutorials/cpu/cpu_best_practises.html])
  dgl_warning(
/workspace/pmp_vast/envs/pmp-author/lib/python3.10/site-packages/dgl/dataloading/dataloader.py:1076: DGLWarning: Dataloader CPU affinity opt is not enabled, consider switching it on (see enable_cpu_affinity() or CPU best practices for DGL [https://docs.dgl.ai/tutorials/cpu/cpu_best_practises.html])
  dgl_warning(
/workspace/pmp_vast/envs/pmp-author/lib/python3.10/site-packages/dgl/dataloading/dataloader.py:1076: DGLWarning: Dataloader CPU affinity opt is not enabled, consider switching it on (see enable_cpu_affinity() or CPU best practices for DGL [https://docs.dgl.ai/tutorials/cpu/cpu_best_practises.html])
  dgl_warning(
/workspace/pmp_vast/envs/pmp-author/lib/python3.10/site-packages/dgl/dataloading/dataloader.py:1076: DGLWarning: Dataloader CPU affinity opt is not enabled, consider switching it on (see enable_cpu_affinity() or CPU best practices for DGL [https://docs.dgl.ai/tutorials/cpu/cpu_best_practises.html])
  dgl_warning(
/workspace/pmp_vast/envs/pmp-author/lib/python3.10/site-packages/dgl/dataloading/dataloader.py:1076: DGLWarning: Dataloader CPU affinity opt is not enabled, consider switching it on (see enable_cpu_affinity() or CPU best practices for DGL [https://docs.dgl.ai/tutorials/cpu/cpu_best_practises.html])
  dgl_warning(
tfinance_tr30_seed42 epoch=050 loss=0.052808 val_AUPRC=0.865681 best=0.866609@44 patience=6/20 train=12.399s val=8.551s
/workspace/pmp_vast/envs/pmp-author/lib/python3.10/site-packages/dgl/dataloading/dataloader.py:1076: DGLWarning: Dataloader CPU affinity opt is not enabled, consider switching it on (see enable_cpu_affinity() or CPU best practices for DGL [https://docs.dgl.ai/tutorials/cpu/cpu_best_practises.html])
  dgl_warning(
/workspace/pmp_vast/envs/pmp-author/lib/python3.10/site-packages/dgl/dataloading/dataloader.py:1076: DGLWarning: Dataloader CPU affinity opt is not enabled, consider switching it on (see enable_cpu_affinity() or CPU best practices for DGL [https://docs.dgl.ai/tutorials/cpu/cpu_best_practises.html])
  dgl_warning(
tfinance_tr30_seed42 epoch=052 loss=0.046602 val_AUPRC=0.867633 best=0.867633@52 patience=0/20 train=12.073s val=7.882s
/workspace/pmp_vast/envs/pmp-author/lib/python3.10/site-packages/dgl/dataloading/dataloader.py:1076: DGLWarning: Dataloader CPU affinity opt is not enabled, consider switching it on (see enable_cpu_affinity() or CPU best practices for DGL [https://docs.dgl.ai/tutorials/cpu/cpu_best_practises.html])
  dgl_warning(
/workspace/pmp_vast/envs/pmp-author/lib/python3.10/site-packages/dgl/dataloading/dataloader.py:1076: DGLWarning: Dataloader CPU affinity opt is not enabled, consider switching it on (see enable_cpu_affinity() or CPU best practices for DGL [https://docs.dgl.ai/tutorials/cpu/cpu_best_practises.html])
  dgl_warning(
/workspace/pmp_vast/envs/pmp-author/lib/python3.10/site-packages/dgl/dataloading/dataloader.py:1076: DGLWarning: Dataloader CPU affinity opt is not enabled, consider switching it on (see enable_cpu_affinity() or CPU best practices for DGL [https://docs.dgl.ai/tutorials/cpu/cpu_best_practises.html])
  dgl_warning(
/workspace/pmp_vast/envs/pmp-author/lib/python3.10/site-packages/dgl/dataloading/dataloader.py:1076: DGLWarning: Dataloader CPU affinity opt is not enabled, consider switching it on (see enable_cpu_affinity() or CPU best practices for DGL [https://docs.dgl.ai/tutorials/cpu/cpu_best_practises.html])
  dgl_warning(
/workspace/pmp_vast/envs/pmp-author/lib/python3.10/site-packages/dgl/dataloading/dataloader.py:1076: DGLWarning: Dataloader CPU affinity opt is not enabled, consider switching it on (see enable_cpu_affinity() or CPU best practices for DGL [https://docs.dgl.ai/tutorials/cpu/cpu_best_practises.html])
  dgl_warning(
/workspace/pmp_vast/envs/pmp-author/lib/python3.10/site-packages/dgl/dataloading/dataloader.py:1076: DGLWarning: Dataloader CPU affinity opt is not enabled, consider switching it on (see enable_cpu_affinity() or CPU best practices for DGL [https://docs.dgl.ai/tutorials/cpu/cpu_best_practises.html])
  dgl_warning(
/workspace/pmp_vast/envs/pmp-author/lib/python3.10/site-packages/dgl/dataloading/dataloader.py:1076: DGLWarning: Dataloader CPU affinity opt is not enabled, consider switching it on (see enable_cpu_affinity() or CPU best practices for DGL [https://docs.dgl.ai/tutorials/cpu/cpu_best_practises.html])
  dgl_warning(
/workspace/pmp_vast/envs/pmp-author/lib/python3.10/site-packages/dgl/dataloading/dataloader.py:1076: DGLWarning: Dataloader CPU affinity opt is not enabled, consider switching it on (see enable_cpu_affinity() or CPU best practices for DGL [https://docs.dgl.ai/tutorials/cpu/cpu_best_practises.html])
  dgl_warning(
tfinance_tr30_seed42 epoch=060 loss=0.048218 val_AUPRC=0.854318 best=0.867633@52 patience=8/20 train=11.915s val=8.326s
/workspace/pmp_vast/envs/pmp-author/lib/python3.10/site-packages/dgl/dataloading/dataloader.py:1076: DGLWarning: Dataloader CPU affinity opt is not enabled, consider switching it on (see enable_cpu_affinity() or CPU best practices for DGL [https://docs.dgl.ai/tutorials/cpu/cpu_best_practises.html])
  dgl_warning(
/workspace/pmp_vast/envs/pmp-author/lib/python3.10/site-packages/dgl/dataloading/dataloader.py:1076: DGLWarning: Dataloader CPU affinity opt is not enabled, consider switching it on (see enable_cpu_affinity() or CPU best practices for DGL [https://docs.dgl.ai/tutorials/cpu/cpu_best_practises.html])
  dgl_warning(
/workspace/pmp_vast/envs/pmp-author/lib/python3.10/site-packages/dgl/dataloading/dataloader.py:1076: DGLWarning: Dataloader CPU affinity opt is not enabled, consider switching it on (see enable_cpu_affinity() or CPU best practices for DGL [https://docs.dgl.ai/tutorials/cpu/cpu_best_practises.html])
  dgl_warning(
/workspace/pmp_vast/envs/pmp-author/lib/python3.10/site-packages/dgl/dataloading/dataloader.py:1076: DGLWarning: Dataloader CPU affinity opt is not enabled, consider switching it on (see enable_cpu_affinity() or CPU best practices for DGL [https://docs.dgl.ai/tutorials/cpu/cpu_best_practises.html])
  dgl_warning(
/workspace/pmp_vast/envs/pmp-author/lib/python3.10/site-packages/dgl/dataloading/dataloader.py:1076: DGLWarning: Dataloader CPU affinity opt is not enabled, consider switching it on (see enable_cpu_affinity() or CPU best practices for DGL [https://docs.dgl.ai/tutorials/cpu/cpu_best_practises.html])
  dgl_warning(
/workspace/pmp_vast/envs/pmp-author/lib/python3.10/site-packages/dgl/dataloading/dataloader.py:1076: DGLWarning: Dataloader CPU affinity opt is not enabled, consider switching it on (see enable_cpu_affinity() or CPU best practices for DGL [https://docs.dgl.ai/tutorials/cpu/cpu_best_practises.html])
  dgl_warning(
/workspace/pmp_vast/envs/pmp-author/lib/python3.10/site-packages/dgl/dataloading/dataloader.py:1076: DGLWarning: Dataloader CPU affinity opt is not enabled, consider switching it on (see enable_cpu_affinity() or CPU best practices for DGL [https://docs.dgl.ai/tutorials/cpu/cpu_best_practises.html])
  dgl_warning(
/workspace/pmp_vast/envs/pmp-author/lib/python3.10/site-packages/dgl/dataloading/dataloader.py:1076: DGLWarning: Dataloader CPU affinity opt is not enabled, consider switching it on (see enable_cpu_affinity() or CPU best practices for DGL [https://docs.dgl.ai/tutorials/cpu/cpu_best_practises.html])
  dgl_warning(
/workspace/pmp_vast/envs/pmp-author/lib/python3.10/site-packages/dgl/dataloading/dataloader.py:1076: DGLWarning: Dataloader CPU affinity opt is not enabled, consider switching it on (see enable_cpu_affinity() or CPU best practices for DGL [https://docs.dgl.ai/tutorials/cpu/cpu_best_practises.html])
  dgl_warning(
tfinance_tr30_seed42 epoch=069 loss=0.046096 val_AUPRC=0.869986 best=0.869986@69 patience=0/20 train=11.802s val=8.056s
/workspace/pmp_vast/envs/pmp-author/lib/python3.10/site-packages/dgl/dataloading/dataloader.py:1076: DGLWarning: Dataloader CPU affinity opt is not enabled, consider switching it on (see enable_cpu_affinity() or CPU best practices for DGL [https://docs.dgl.ai/tutorials/cpu/cpu_best_practises.html])
  dgl_warning(
tfinance_tr30_seed42 epoch=070 loss=0.047659 val_AUPRC=0.865411 best=0.869986@69 patience=1/20 train=12.595s val=8.398s
/workspace/pmp_vast/envs/pmp-author/lib/python3.10/site-packages/dgl/dataloading/dataloader.py:1076: DGLWarning: Dataloader CPU affinity opt is not enabled, consider switching it on (see enable_cpu_affinity() or CPU best practices for DGL [https://docs.dgl.ai/tutorials/cpu/cpu_best_practises.html])
  dgl_warning(
/workspace/pmp_vast/envs/pmp-author/lib/python3.10/site-packages/dgl/dataloading/dataloader.py:1076: DGLWarning: Dataloader CPU affinity opt is not enabled, consider switching it on (see enable_cpu_affinity() or CPU best practices for DGL [https://docs.dgl.ai/tutorials/cpu/cpu_best_practises.html])
  dgl_warning(
/workspace/pmp_vast/envs/pmp-author/lib/python3.10/site-packages/dgl/dataloading/dataloader.py:1076: DGLWarning: Dataloader CPU affinity opt is not enabled, consider switching it on (see enable_cpu_affinity() or CPU best practices for DGL [https://docs.dgl.ai/tutorials/cpu/cpu_best_practises.html])
  dgl_warning(
/workspace/pmp_vast/envs/pmp-author/lib/python3.10/site-packages/dgl/dataloading/dataloader.py:1076: DGLWarning: Dataloader CPU affinity opt is not enabled, consider switching it on (see enable_cpu_affinity() or CPU best practices for DGL [https://docs.dgl.ai/tutorials/cpu/cpu_best_practises.html])
  dgl_warning(
tfinance_tr30_seed42 epoch=074 loss=0.045255 val_AUPRC=0.871933 best=0.871933@74 patience=0/20 train=12.738s val=8.369s
/workspace/pmp_vast/envs/pmp-author/lib/python3.10/site-packages/dgl/dataloading/dataloader.py:1076: DGLWarning: Dataloader CPU affinity opt is not enabled, consider switching it on (see enable_cpu_affinity() or CPU best practices for DGL [https://docs.dgl.ai/tutorials/cpu/cpu_best_practises.html])
  dgl_warning(
/workspace/pmp_vast/envs/pmp-author/lib/python3.10/site-packages/dgl/dataloading/dataloader.py:1076: DGLWarning: Dataloader CPU affinity opt is not enabled, consider switching it on (see enable_cpu_affinity() or CPU best practices for DGL [https://docs.dgl.ai/tutorials/cpu/cpu_best_practises.html])
  dgl_warning(
/workspace/pmp_vast/envs/pmp-author/lib/python3.10/site-packages/dgl/dataloading/dataloader.py:1076: DGLWarning: Dataloader CPU affinity opt is not enabled, consider switching it on (see enable_cpu_affinity() or CPU best practices for DGL [https://docs.dgl.ai/tutorials/cpu/cpu_best_practises.html])
  dgl_warning(
tfinance_tr30_seed42 epoch=077 loss=0.050411 val_AUPRC=0.874036 best=0.874036@77 patience=0/20 train=12.638s val=7.937s
/workspace/pmp_vast/envs/pmp-author/lib/python3.10/site-packages/dgl/dataloading/dataloader.py:1076: DGLWarning: Dataloader CPU affinity opt is not enabled, consider switching it on (see enable_cpu_affinity() or CPU best practices for DGL [https://docs.dgl.ai/tutorials/cpu/cpu_best_practises.html])
  dgl_warning(
/workspace/pmp_vast/envs/pmp-author/lib/python3.10/site-packages/dgl/dataloading/dataloader.py:1076: DGLWarning: Dataloader CPU affinity opt is not enabled, consider switching it on (see enable_cpu_affinity() or CPU best practices for DGL [https://docs.dgl.ai/tutorials/cpu/cpu_best_practises.html])
  dgl_warning(
/workspace/pmp_vast/envs/pmp-author/lib/python3.10/site-packages/dgl/dataloading/dataloader.py:1076: DGLWarning: Dataloader CPU affinity opt is not enabled, consider switching it on (see enable_cpu_affinity() or CPU best practices for DGL [https://docs.dgl.ai/tutorials/cpu/cpu_best_practises.html])
  dgl_warning(
tfinance_tr30_seed42 epoch=080 loss=0.046523 val_AUPRC=0.863186 best=0.874036@77 patience=3/20 train=12.197s val=8.602s
/workspace/pmp_vast/envs/pmp-author/lib/python3.10/site-packages/dgl/dataloading/dataloader.py:1076: DGLWarning: Dataloader CPU affinity opt is not enabled, consider switching it on (see enable_cpu_affinity() or CPU best practices for DGL [https://docs.dgl.ai/tutorials/cpu/cpu_best_practises.html])
  dgl_warning(
/workspace/pmp_vast/envs/pmp-author/lib/python3.10/site-packages/dgl/dataloading/dataloader.py:1076: DGLWarning: Dataloader CPU affinity opt is not enabled, consider switching it on (see enable_cpu_affinity() or CPU best practices for DGL [https://docs.dgl.ai/tutorials/cpu/cpu_best_practises.html])
  dgl_warning(
/workspace/pmp_vast/envs/pmp-author/lib/python3.10/site-packages/dgl/dataloading/dataloader.py:1076: DGLWarning: Dataloader CPU affinity opt is not enabled, consider switching it on (see enable_cpu_affinity() or CPU best practices for DGL [https://docs.dgl.ai/tutorials/cpu/cpu_best_practises.html])
  dgl_warning(
/workspace/pmp_vast/envs/pmp-author/lib/python3.10/site-packages/dgl/dataloading/dataloader.py:1076: DGLWarning: Dataloader CPU affinity opt is not enabled, consider switching it on (see enable_cpu_affinity() or CPU best practices for DGL [https://docs.dgl.ai/tutorials/cpu/cpu_best_practises.html])
  dgl_warning(
/workspace/pmp_vast/envs/pmp-author/lib/python3.10/site-packages/dgl/dataloading/dataloader.py:1076: DGLWarning: Dataloader CPU affinity opt is not enabled, consider switching it on (see enable_cpu_affinity() or CPU best practices for DGL [https://docs.dgl.ai/tutorials/cpu/cpu_best_practises.html])
  dgl_warning(
/workspace/pmp_vast/envs/pmp-author/lib/python3.10/site-packages/dgl/dataloading/dataloader.py:1076: DGLWarning: Dataloader CPU affinity opt is not enabled, consider switching it on (see enable_cpu_affinity() or CPU best practices for DGL [https://docs.dgl.ai/tutorials/cpu/cpu_best_practises.html])
  dgl_warning(
/workspace/pmp_vast/envs/pmp-author/lib/python3.10/site-packages/dgl/dataloading/dataloader.py:1076: DGLWarning: Dataloader CPU affinity opt is not enabled, consider switching it on (see enable_cpu_affinity() or CPU best practices for DGL [https://docs.dgl.ai/tutorials/cpu/cpu_best_practises.html])
  dgl_warning(
/workspace/pmp_vast/envs/pmp-author/lib/python3.10/site-packages/dgl/dataloading/dataloader.py:1076: DGLWarning: Dataloader CPU affinity opt is not enabled, consider switching it on (see enable_cpu_affinity() or CPU best practices for DGL [https://docs.dgl.ai/tutorials/cpu/cpu_best_practises.html])
  dgl_warning(
tfinance_tr30_seed42 epoch=088 loss=0.047867 val_AUPRC=0.874507 best=0.874507@88 patience=0/20 train=12.149s val=8.210s
/workspace/pmp_vast/envs/pmp-author/lib/python3.10/site-packages/dgl/dataloading/dataloader.py:1076: DGLWarning: Dataloader CPU affinity opt is not enabled, consider switching it on (see enable_cpu_affinity() or CPU best practices for DGL [https://docs.dgl.ai/tutorials/cpu/cpu_best_practises.html])
  dgl_warning(
/workspace/pmp_vast/envs/pmp-author/lib/python3.10/site-packages/dgl/dataloading/dataloader.py:1076: DGLWarning: Dataloader CPU affinity opt is not enabled, consider switching it on (see enable_cpu_affinity() or CPU best practices for DGL [https://docs.dgl.ai/tutorials/cpu/cpu_best_practises.html])
  dgl_warning(
tfinance_tr30_seed42 epoch=090 loss=0.045507 val_AUPRC=0.876669 best=0.876669@90 patience=0/20 train=12.128s val=8.074s
/workspace/pmp_vast/envs/pmp-author/lib/python3.10/site-packages/dgl/dataloading/dataloader.py:1076: DGLWarning: Dataloader CPU affinity opt is not enabled, consider switching it on (see enable_cpu_affinity() or CPU best practices for DGL [https://docs.dgl.ai/tutorials/cpu/cpu_best_practises.html])
  dgl_warning(
/workspace/pmp_vast/envs/pmp-author/lib/python3.10/site-packages/dgl/dataloading/dataloader.py:1076: DGLWarning: Dataloader CPU affinity opt is not enabled, consider switching it on (see enable_cpu_affinity() or CPU best practices for DGL [https://docs.dgl.ai/tutorials/cpu/cpu_best_practises.html])
  dgl_warning(
/workspace/pmp_vast/envs/pmp-author/lib/python3.10/site-packages/dgl/dataloading/dataloader.py:1076: DGLWarning: Dataloader CPU affinity opt is not enabled, consider switching it on (see enable_cpu_affinity() or CPU best practices for DGL [https://docs.dgl.ai/tutorials/cpu/cpu_best_practises.html])
  dgl_warning(
/workspace/pmp_vast/envs/pmp-author/lib/python3.10/site-packages/dgl/dataloading/dataloader.py:1076: DGLWarning: Dataloader CPU affinity opt is not enabled, consider switching it on (see enable_cpu_affinity() or CPU best practices for DGL [https://docs.dgl.ai/tutorials/cpu/cpu_best_practises.html])
  dgl_warning(
tfinance_tr30_seed42 epoch=094 loss=0.042540 val_AUPRC=0.878522 best=0.878522@94 patience=0/20 train=11.872s val=7.990s
/workspace/pmp_vast/envs/pmp-author/lib/python3.10/site-packages/dgl/dataloading/dataloader.py:1076: DGLWarning: Dataloader CPU affinity opt is not enabled, consider switching it on (see enable_cpu_affinity() or CPU best practices for DGL [https://docs.dgl.ai/tutorials/cpu/cpu_best_practises.html])
  dgl_warning(
/workspace/pmp_vast/envs/pmp-author/lib/python3.10/site-packages/dgl/dataloading/dataloader.py:1076: DGLWarning: Dataloader CPU affinity opt is not enabled, consider switching it on (see enable_cpu_affinity() or CPU best practices for DGL [https://docs.dgl.ai/tutorials/cpu/cpu_best_practises.html])
  dgl_warning(
/workspace/pmp_vast/envs/pmp-author/lib/python3.10/site-packages/dgl/dataloading/dataloader.py:1076: DGLWarning: Dataloader CPU affinity opt is not enabled, consider switching it on (see enable_cpu_affinity() or CPU best practices for DGL [https://docs.dgl.ai/tutorials/cpu/cpu_best_practises.html])
  dgl_warning(
tfinance_tr30_seed42 epoch=097 loss=0.047839 val_AUPRC=0.878853 best=0.878853@97 patience=0/20 train=11.836s val=7.964s
/workspace/pmp_vast/envs/pmp-author/lib/python3.10/site-packages/dgl/dataloading/dataloader.py:1076: DGLWarning: Dataloader CPU affinity opt is not enabled, consider switching it on (see enable_cpu_affinity() or CPU best practices for DGL [https://docs.dgl.ai/tutorials/cpu/cpu_best_practises.html])
  dgl_warning(
/workspace/pmp_vast/envs/pmp-author/lib/python3.10/site-packages/dgl/dataloading/dataloader.py:1076: DGLWarning: Dataloader CPU affinity opt is not enabled, consider switching it on (see enable_cpu_affinity() or CPU best practices for DGL [https://docs.dgl.ai/tutorials/cpu/cpu_best_practises.html])
  dgl_warning(
tfinance_tr30_seed42 epoch=099 loss=0.046571 val_AUPRC=0.879676 best=0.879676@99 patience=0/20 train=12.307s val=7.940s
/workspace/pmp_vast/envs/pmp-author/lib/python3.10/site-packages/dgl/dataloading/dataloader.py:1076: DGLWarning: Dataloader CPU affinity opt is not enabled, consider switching it on (see enable_cpu_affinity() or CPU best practices for DGL [https://docs.dgl.ai/tutorials/cpu/cpu_best_practises.html])
  dgl_warning(
tfinance_tr30_seed42 epoch=100 loss=0.043915 val_AUPRC=0.878470 best=0.879676@99 patience=1/20 train=11.933s val=7.943s
/workspace/pmp_vast/envs/pmp-author/lib/python3.10/site-packages/dgl/dataloading/dataloader.py:1076: DGLWarning: Dataloader CPU affinity opt is not enabled, consider switching it on (see enable_cpu_affinity() or CPU best practices for DGL [https://docs.dgl.ai/tutorials/cpu/cpu_best_practises.html])
  dgl_warning(
tfinance_tr30_seed42 FROZEN | checkpoint epoch=99 | val_AUPRC=0.879676 | threshold=0.40
/workspace/pmp_vast/envs/pmp-author/lib/python3.10/site-packages/dgl/dataloading/dataloader.py:1076: DGLWarning: Dataloader CPU affinity opt is not enabled, consider switching it on (see enable_cpu_affinity() or CPU best practices for DGL [https://docs.dgl.ai/tutorials/cpu/cpu_best_practises.html])
  dgl_warning(
FINAL tfinance_tr30_seed42 PASS | AUPRC=0.904609 | AUROC=0.976594 | MacroF1=0.920036 | Recall=0.833795

===== FINAL RUN tfinance_tr30_seed72 =====
/workspace/pmp_vast/envs/pmp-author/lib/python3.10/site-packages/dgl/dataloading/dataloader.py:1076: DGLWarning: Dataloader CPU affinity opt is not enabled, consider switching it on (see enable_cpu_affinity() or CPU best practices for DGL [https://docs.dgl.ai/tutorials/cpu/cpu_best_practises.html])
  dgl_warning(
tfinance_tr30_seed72 epoch=001 loss=0.278218 val_AUPRC=0.739286 best=0.739286@1 patience=0/20 train=12.265s val=8.019s
/workspace/pmp_vast/envs/pmp-author/lib/python3.10/site-packages/dgl/dataloading/dataloader.py:1076: DGLWarning: Dataloader CPU affinity opt is not enabled, consider switching it on (see enable_cpu_affinity() or CPU best practices for DGL [https://docs.dgl.ai/tutorials/cpu/cpu_best_practises.html])
  dgl_warning(
tfinance_tr30_seed72 epoch=002 loss=0.126310 val_AUPRC=0.800062 best=0.800062@2 patience=0/20 train=11.833s val=8.275s
/workspace/pmp_vast/envs/pmp-author/lib/python3.10/site-packages/dgl/dataloading/dataloader.py:1076: DGLWarning: Dataloader CPU affinity opt is not enabled, consider switching it on (see enable_cpu_affinity() or CPU best practices for DGL [https://docs.dgl.ai/tutorials/cpu/cpu_best_practises.html])
  dgl_warning(
tfinance_tr30_seed72 epoch=003 loss=0.100434 val_AUPRC=0.816004 best=0.816004@3 patience=0/20 train=12.111s val=8.203s
/workspace/pmp_vast/envs/pmp-author/lib/python3.10/site-packages/dgl/dataloading/dataloader.py:1076: DGLWarning: Dataloader CPU affinity opt is not enabled, consider switching it on (see enable_cpu_affinity() or CPU best practices for DGL [https://docs.dgl.ai/tutorials/cpu/cpu_best_practises.html])
  dgl_warning(
tfinance_tr30_seed72 epoch=004 loss=0.092183 val_AUPRC=0.825439 best=0.825439@4 patience=0/20 train=12.502s val=7.830s
/workspace/pmp_vast/envs/pmp-author/lib/python3.10/site-packages/dgl/dataloading/dataloader.py:1076: DGLWarning: Dataloader CPU affinity opt is not enabled, consider switching it on (see enable_cpu_affinity() or CPU best practices for DGL [https://docs.dgl.ai/tutorials/cpu/cpu_best_practises.html])
  dgl_warning(
/workspace/pmp_vast/envs/pmp-author/lib/python3.10/site-packages/dgl/dataloading/dataloader.py:1076: DGLWarning: Dataloader CPU affinity opt is not enabled, consider switching it on (see enable_cpu_affinity() or CPU best practices for DGL [https://docs.dgl.ai/tutorials/cpu/cpu_best_practises.html])
  dgl_warning(
/workspace/pmp_vast/envs/pmp-author/lib/python3.10/site-packages/dgl/dataloading/dataloader.py:1076: DGLWarning: Dataloader CPU affinity opt is not enabled, consider switching it on (see enable_cpu_affinity() or CPU best practices for DGL [https://docs.dgl.ai/tutorials/cpu/cpu_best_practises.html])
  dgl_warning(
tfinance_tr30_seed72 epoch=007 loss=0.078233 val_AUPRC=0.833974 best=0.833974@7 patience=0/20 train=12.216s val=8.163s
/workspace/pmp_vast/envs/pmp-author/lib/python3.10/site-packages/dgl/dataloading/dataloader.py:1076: DGLWarning: Dataloader CPU affinity opt is not enabled, consider switching it on (see enable_cpu_affinity() or CPU best practices for DGL [https://docs.dgl.ai/tutorials/cpu/cpu_best_practises.html])
  dgl_warning(
tfinance_tr30_seed72 epoch=008 loss=0.071152 val_AUPRC=0.840860 best=0.840860@8 patience=0/20 train=12.104s val=7.873s
/workspace/pmp_vast/envs/pmp-author/lib/python3.10/site-packages/dgl/dataloading/dataloader.py:1076: DGLWarning: Dataloader CPU affinity opt is not enabled, consider switching it on (see enable_cpu_affinity() or CPU best practices for DGL [https://docs.dgl.ai/tutorials/cpu/cpu_best_practises.html])
  dgl_warning(
tfinance_tr30_seed72 epoch=009 loss=0.065481 val_AUPRC=0.842061 best=0.842061@9 patience=0/20 train=12.310s val=8.296s
/workspace/pmp_vast/envs/pmp-author/lib/python3.10/site-packages/dgl/dataloading/dataloader.py:1076: DGLWarning: Dataloader CPU affinity opt is not enabled, consider switching it on (see enable_cpu_affinity() or CPU best practices for DGL [https://docs.dgl.ai/tutorials/cpu/cpu_best_practises.html])
  dgl_warning(
tfinance_tr30_seed72 epoch=010 loss=0.066469 val_AUPRC=0.688168 best=0.842061@9 patience=1/20 train=12.121s val=8.274s
/workspace/pmp_vast/envs/pmp-author/lib/python3.10/site-packages/dgl/dataloading/dataloader.py:1076: DGLWarning: Dataloader CPU affinity opt is not enabled, consider switching it on (see enable_cpu_affinity() or CPU best practices for DGL [https://docs.dgl.ai/tutorials/cpu/cpu_best_practises.html])
  dgl_warning(
/workspace/pmp_vast/envs/pmp-author/lib/python3.10/site-packages/dgl/dataloading/dataloader.py:1076: DGLWarning: Dataloader CPU affinity opt is not enabled, consider switching it on (see enable_cpu_affinity() or CPU best practices for DGL [https://docs.dgl.ai/tutorials/cpu/cpu_best_practises.html])
  dgl_warning(
/workspace/pmp_vast/envs/pmp-author/lib/python3.10/site-packages/dgl/dataloading/dataloader.py:1076: DGLWarning: Dataloader CPU affinity opt is not enabled, consider switching it on (see enable_cpu_affinity() or CPU best practices for DGL [https://docs.dgl.ai/tutorials/cpu/cpu_best_practises.html])
  dgl_warning(
/workspace/pmp_vast/envs/pmp-author/lib/python3.10/site-packages/dgl/dataloading/dataloader.py:1076: DGLWarning: Dataloader CPU affinity opt is not enabled, consider switching it on (see enable_cpu_affinity() or CPU best practices for DGL [https://docs.dgl.ai/tutorials/cpu/cpu_best_practises.html])
  dgl_warning(
/workspace/pmp_vast/envs/pmp-author/lib/python3.10/site-packages/dgl/dataloading/dataloader.py:1076: DGLWarning: Dataloader CPU affinity opt is not enabled, consider switching it on (see enable_cpu_affinity() or CPU best practices for DGL [https://docs.dgl.ai/tutorials/cpu/cpu_best_practises.html])
  dgl_warning(
tfinance_tr30_seed72 epoch=015 loss=0.065210 val_AUPRC=0.842624 best=0.842624@15 patience=0/20 train=12.074s val=7.834s
/workspace/pmp_vast/envs/pmp-author/lib/python3.10/site-packages/dgl/dataloading/dataloader.py:1076: DGLWarning: Dataloader CPU affinity opt is not enabled, consider switching it on (see enable_cpu_affinity() or CPU best practices for DGL [https://docs.dgl.ai/tutorials/cpu/cpu_best_practises.html])
  dgl_warning(
/workspace/pmp_vast/envs/pmp-author/lib/python3.10/site-packages/dgl/dataloading/dataloader.py:1076: DGLWarning: Dataloader CPU affinity opt is not enabled, consider switching it on (see enable_cpu_affinity() or CPU best practices for DGL [https://docs.dgl.ai/tutorials/cpu/cpu_best_practises.html])
  dgl_warning(
/workspace/pmp_vast/envs/pmp-author/lib/python3.10/site-packages/dgl/dataloading/dataloader.py:1076: DGLWarning: Dataloader CPU affinity opt is not enabled, consider switching it on (see enable_cpu_affinity() or CPU best practices for DGL [https://docs.dgl.ai/tutorials/cpu/cpu_best_practises.html])
  dgl_warning(
/workspace/pmp_vast/envs/pmp-author/lib/python3.10/site-packages/dgl/dataloading/dataloader.py:1076: DGLWarning: Dataloader CPU affinity opt is not enabled, consider switching it on (see enable_cpu_affinity() or CPU best practices for DGL [https://docs.dgl.ai/tutorials/cpu/cpu_best_practises.html])
  dgl_warning(
/workspace/pmp_vast/envs/pmp-author/lib/python3.10/site-packages/dgl/dataloading/dataloader.py:1076: DGLWarning: Dataloader CPU affinity opt is not enabled, consider switching it on (see enable_cpu_affinity() or CPU best practices for DGL [https://docs.dgl.ai/tutorials/cpu/cpu_best_practises.html])
  dgl_warning(
tfinance_tr30_seed72 epoch=020 loss=0.052673 val_AUPRC=0.789388 best=0.842624@15 patience=5/20 train=12.034s val=7.858s
/workspace/pmp_vast/envs/pmp-author/lib/python3.10/site-packages/dgl/dataloading/dataloader.py:1076: DGLWarning: Dataloader CPU affinity opt is not enabled, consider switching it on (see enable_cpu_affinity() or CPU best practices for DGL [https://docs.dgl.ai/tutorials/cpu/cpu_best_practises.html])
  dgl_warning(
tfinance_tr30_seed72 epoch=021 loss=0.057612 val_AUPRC=0.846364 best=0.846364@21 patience=0/20 train=11.824s val=7.875s
/workspace/pmp_vast/envs/pmp-author/lib/python3.10/site-packages/dgl/dataloading/dataloader.py:1076: DGLWarning: Dataloader CPU affinity opt is not enabled, consider switching it on (see enable_cpu_affinity() or CPU best practices for DGL [https://docs.dgl.ai/tutorials/cpu/cpu_best_practises.html])
  dgl_warning(
/workspace/pmp_vast/envs/pmp-author/lib/python3.10/site-packages/dgl/dataloading/dataloader.py:1076: DGLWarning: Dataloader CPU affinity opt is not enabled, consider switching it on (see enable_cpu_affinity() or CPU best practices for DGL [https://docs.dgl.ai/tutorials/cpu/cpu_best_practises.html])
  dgl_warning(
/workspace/pmp_vast/envs/pmp-author/lib/python3.10/site-packages/dgl/dataloading/dataloader.py:1076: DGLWarning: Dataloader CPU affinity opt is not enabled, consider switching it on (see enable_cpu_affinity() or CPU best practices for DGL [https://docs.dgl.ai/tutorials/cpu/cpu_best_practises.html])
  dgl_warning(
/workspace/pmp_vast/envs/pmp-author/lib/python3.10/site-packages/dgl/dataloading/dataloader.py:1076: DGLWarning: Dataloader CPU affinity opt is not enabled, consider switching it on (see enable_cpu_affinity() or CPU best practices for DGL [https://docs.dgl.ai/tutorials/cpu/cpu_best_practises.html])
  dgl_warning(
/workspace/pmp_vast/envs/pmp-author/lib/python3.10/site-packages/dgl/dataloading/dataloader.py:1076: DGLWarning: Dataloader CPU affinity opt is not enabled, consider switching it on (see enable_cpu_affinity() or CPU best practices for DGL [https://docs.dgl.ai/tutorials/cpu/cpu_best_practises.html])
  dgl_warning(
/workspace/pmp_vast/envs/pmp-author/lib/python3.10/site-packages/dgl/dataloading/dataloader.py:1076: DGLWarning: Dataloader CPU affinity opt is not enabled, consider switching it on (see enable_cpu_affinity() or CPU best practices for DGL [https://docs.dgl.ai/tutorials/cpu/cpu_best_practises.html])
  dgl_warning(
/workspace/pmp_vast/envs/pmp-author/lib/python3.10/site-packages/dgl/dataloading/dataloader.py:1076: DGLWarning: Dataloader CPU affinity opt is not enabled, consider switching it on (see enable_cpu_affinity() or CPU best practices for DGL [https://docs.dgl.ai/tutorials/cpu/cpu_best_practises.html])
  dgl_warning(
/workspace/pmp_vast/envs/pmp-author/lib/python3.10/site-packages/dgl/dataloading/dataloader.py:1076: DGLWarning: Dataloader CPU affinity opt is not enabled, consider switching it on (see enable_cpu_affinity() or CPU best practices for DGL [https://docs.dgl.ai/tutorials/cpu/cpu_best_practises.html])
  dgl_warning(
/workspace/pmp_vast/envs/pmp-author/lib/python3.10/site-packages/dgl/dataloading/dataloader.py:1076: DGLWarning: Dataloader CPU affinity opt is not enabled, consider switching it on (see enable_cpu_affinity() or CPU best practices for DGL [https://docs.dgl.ai/tutorials/cpu/cpu_best_practises.html])
  dgl_warning(
tfinance_tr30_seed72 epoch=030 loss=0.052928 val_AUPRC=0.452465 best=0.846364@21 patience=9/20 train=12.401s val=7.996s
/workspace/pmp_vast/envs/pmp-author/lib/python3.10/site-packages/dgl/dataloading/dataloader.py:1076: DGLWarning: Dataloader CPU affinity opt is not enabled, consider switching it on (see enable_cpu_affinity() or CPU best practices for DGL [https://docs.dgl.ai/tutorials/cpu/cpu_best_practises.html])
  dgl_warning(
/workspace/pmp_vast/envs/pmp-author/lib/python3.10/site-packages/dgl/dataloading/dataloader.py:1076: DGLWarning: Dataloader CPU affinity opt is not enabled, consider switching it on (see enable_cpu_affinity() or CPU best practices for DGL [https://docs.dgl.ai/tutorials/cpu/cpu_best_practises.html])
  dgl_warning(
/workspace/pmp_vast/envs/pmp-author/lib/python3.10/site-packages/dgl/dataloading/dataloader.py:1076: DGLWarning: Dataloader CPU affinity opt is not enabled, consider switching it on (see enable_cpu_affinity() or CPU best practices for DGL [https://docs.dgl.ai/tutorials/cpu/cpu_best_practises.html])
  dgl_warning(
/workspace/pmp_vast/envs/pmp-author/lib/python3.10/site-packages/dgl/dataloading/dataloader.py:1076: DGLWarning: Dataloader CPU affinity opt is not enabled, consider switching it on (see enable_cpu_affinity() or CPU best practices for DGL [https://docs.dgl.ai/tutorials/cpu/cpu_best_practises.html])
  dgl_warning(
tfinance_tr30_seed72 epoch=034 loss=0.050704 val_AUPRC=0.848328 best=0.848328@34 patience=0/20 train=12.491s val=8.242s
/workspace/pmp_vast/envs/pmp-author/lib/python3.10/site-packages/dgl/dataloading/dataloader.py:1076: DGLWarning: Dataloader CPU affinity opt is not enabled, consider switching it on (see enable_cpu_affinity() or CPU best practices for DGL [https://docs.dgl.ai/tutorials/cpu/cpu_best_practises.html])
  dgl_warning(
/workspace/pmp_vast/envs/pmp-author/lib/python3.10/site-packages/dgl/dataloading/dataloader.py:1076: DGLWarning: Dataloader CPU affinity opt is not enabled, consider switching it on (see enable_cpu_affinity() or CPU best practices for DGL [https://docs.dgl.ai/tutorials/cpu/cpu_best_practises.html])
  dgl_warning(
tfinance_tr30_seed72 epoch=036 loss=0.051513 val_AUPRC=0.849793 best=0.849793@36 patience=0/20 train=12.067s val=8.372s
/workspace/pmp_vast/envs/pmp-author/lib/python3.10/site-packages/dgl/dataloading/dataloader.py:1076: DGLWarning: Dataloader CPU affinity opt is not enabled, consider switching it on (see enable_cpu_affinity() or CPU best practices for DGL [https://docs.dgl.ai/tutorials/cpu/cpu_best_practises.html])
  dgl_warning(
/workspace/pmp_vast/envs/pmp-author/lib/python3.10/site-packages/dgl/dataloading/dataloader.py:1076: DGLWarning: Dataloader CPU affinity opt is not enabled, consider switching it on (see enable_cpu_affinity() or CPU best practices for DGL [https://docs.dgl.ai/tutorials/cpu/cpu_best_practises.html])
  dgl_warning(
/workspace/pmp_vast/envs/pmp-author/lib/python3.10/site-packages/dgl/dataloading/dataloader.py:1076: DGLWarning: Dataloader CPU affinity opt is not enabled, consider switching it on (see enable_cpu_affinity() or CPU best practices for DGL [https://docs.dgl.ai/tutorials/cpu/cpu_best_practises.html])
  dgl_warning(
/workspace/pmp_vast/envs/pmp-author/lib/python3.10/site-packages/dgl/dataloading/dataloader.py:1076: DGLWarning: Dataloader CPU affinity opt is not enabled, consider switching it on (see enable_cpu_affinity() or CPU best practices for DGL [https://docs.dgl.ai/tutorials/cpu/cpu_best_practises.html])
  dgl_warning(
tfinance_tr30_seed72 epoch=040 loss=0.048648 val_AUPRC=0.840653 best=0.849793@36 patience=4/20 train=12.512s val=8.064s
/workspace/pmp_vast/envs/pmp-author/lib/python3.10/site-packages/dgl/dataloading/dataloader.py:1076: DGLWarning: Dataloader CPU affinity opt is not enabled, consider switching it on (see enable_cpu_affinity() or CPU best practices for DGL [https://docs.dgl.ai/tutorials/cpu/cpu_best_practises.html])
  dgl_warning(
/workspace/pmp_vast/envs/pmp-author/lib/python3.10/site-packages/dgl/dataloading/dataloader.py:1076: DGLWarning: Dataloader CPU affinity opt is not enabled, consider switching it on (see enable_cpu_affinity() or CPU best practices for DGL [https://docs.dgl.ai/tutorials/cpu/cpu_best_practises.html])
  dgl_warning(
tfinance_tr30_seed72 epoch=042 loss=0.052774 val_AUPRC=0.850960 best=0.850960@42 patience=0/20 train=12.913s val=8.467s
/workspace/pmp_vast/envs/pmp-author/lib/python3.10/site-packages/dgl/dataloading/dataloader.py:1076: DGLWarning: Dataloader CPU affinity opt is not enabled, consider switching it on (see enable_cpu_affinity() or CPU best practices for DGL [https://docs.dgl.ai/tutorials/cpu/cpu_best_practises.html])
  dgl_warning(
/workspace/pmp_vast/envs/pmp-author/lib/python3.10/site-packages/dgl/dataloading/dataloader.py:1076: DGLWarning: Dataloader CPU affinity opt is not enabled, consider switching it on (see enable_cpu_affinity() or CPU best practices for DGL [https://docs.dgl.ai/tutorials/cpu/cpu_best_practises.html])
  dgl_warning(
tfinance_tr30_seed72 epoch=044 loss=0.049640 val_AUPRC=0.851551 best=0.851551@44 patience=0/20 train=12.103s val=7.827s
/workspace/pmp_vast/envs/pmp-author/lib/python3.10/site-packages/dgl/dataloading/dataloader.py:1076: DGLWarning: Dataloader CPU affinity opt is not enabled, consider switching it on (see enable_cpu_affinity() or CPU best practices for DGL [https://docs.dgl.ai/tutorials/cpu/cpu_best_practises.html])
  dgl_warning(
tfinance_tr30_seed72 epoch=045 loss=0.050158 val_AUPRC=0.855392 best=0.855392@45 patience=0/20 train=11.925s val=7.964s
/workspace/pmp_vast/envs/pmp-author/lib/python3.10/site-packages/dgl/dataloading/dataloader.py:1076: DGLWarning: Dataloader CPU affinity opt is not enabled, consider switching it on (see enable_cpu_affinity() or CPU best practices for DGL [https://docs.dgl.ai/tutorials/cpu/cpu_best_practises.html])
  dgl_warning(
/workspace/pmp_vast/envs/pmp-author/lib/python3.10/site-packages/dgl/dataloading/dataloader.py:1076: DGLWarning: Dataloader CPU affinity opt is not enabled, consider switching it on (see enable_cpu_affinity() or CPU best practices for DGL [https://docs.dgl.ai/tutorials/cpu/cpu_best_practises.html])
  dgl_warning(
/workspace/pmp_vast/envs/pmp-author/lib/python3.10/site-packages/dgl/dataloading/dataloader.py:1076: DGLWarning: Dataloader CPU affinity opt is not enabled, consider switching it on (see enable_cpu_affinity() or CPU best practices for DGL [https://docs.dgl.ai/tutorials/cpu/cpu_best_practises.html])
  dgl_warning(
/workspace/pmp_vast/envs/pmp-author/lib/python3.10/site-packages/dgl/dataloading/dataloader.py:1076: DGLWarning: Dataloader CPU affinity opt is not enabled, consider switching it on (see enable_cpu_affinity() or CPU best practices for DGL [https://docs.dgl.ai/tutorials/cpu/cpu_best_practises.html])
  dgl_warning(
/workspace/pmp_vast/envs/pmp-author/lib/python3.10/site-packages/dgl/dataloading/dataloader.py:1076: DGLWarning: Dataloader CPU affinity opt is not enabled, consider switching it on (see enable_cpu_affinity() or CPU best practices for DGL [https://docs.dgl.ai/tutorials/cpu/cpu_best_practises.html])
  dgl_warning(
tfinance_tr30_seed72 epoch=050 loss=0.047992 val_AUPRC=0.841409 best=0.855392@45 patience=5/20 train=12.022s val=7.979s
/workspace/pmp_vast/envs/pmp-author/lib/python3.10/site-packages/dgl/dataloading/dataloader.py:1076: DGLWarning: Dataloader CPU affinity opt is not enabled, consider switching it on (see enable_cpu_affinity() or CPU best practices for DGL [https://docs.dgl.ai/tutorials/cpu/cpu_best_practises.html])
  dgl_warning(
/workspace/pmp_vast/envs/pmp-author/lib/python3.10/site-packages/dgl/dataloading/dataloader.py:1076: DGLWarning: Dataloader CPU affinity opt is not enabled, consider switching it on (see enable_cpu_affinity() or CPU best practices for DGL [https://docs.dgl.ai/tutorials/cpu/cpu_best_practises.html])
  dgl_warning(
/workspace/pmp_vast/envs/pmp-author/lib/python3.10/site-packages/dgl/dataloading/dataloader.py:1076: DGLWarning: Dataloader CPU affinity opt is not enabled, consider switching it on (see enable_cpu_affinity() or CPU best practices for DGL [https://docs.dgl.ai/tutorials/cpu/cpu_best_practises.html])
  dgl_warning(
/workspace/pmp_vast/envs/pmp-author/lib/python3.10/site-packages/dgl/dataloading/dataloader.py:1076: DGLWarning: Dataloader CPU affinity opt is not enabled, consider switching it on (see enable_cpu_affinity() or CPU best practices for DGL [https://docs.dgl.ai/tutorials/cpu/cpu_best_practises.html])
  dgl_warning(
/workspace/pmp_vast/envs/pmp-author/lib/python3.10/site-packages/dgl/dataloading/dataloader.py:1076: DGLWarning: Dataloader CPU affinity opt is not enabled, consider switching it on (see enable_cpu_affinity() or CPU best practices for DGL [https://docs.dgl.ai/tutorials/cpu/cpu_best_practises.html])
  dgl_warning(
/workspace/pmp_vast/envs/pmp-author/lib/python3.10/site-packages/dgl/dataloading/dataloader.py:1076: DGLWarning: Dataloader CPU affinity opt is not enabled, consider switching it on (see enable_cpu_affinity() or CPU best practices for DGL [https://docs.dgl.ai/tutorials/cpu/cpu_best_practises.html])
  dgl_warning(
tfinance_tr30_seed72 epoch=056 loss=0.049556 val_AUPRC=0.862181 best=0.862181@56 patience=0/20 train=12.620s val=7.838s
/workspace/pmp_vast/envs/pmp-author/lib/python3.10/site-packages/dgl/dataloading/dataloader.py:1076: DGLWarning: Dataloader CPU affinity opt is not enabled, consider switching it on (see enable_cpu_affinity() or CPU best practices for DGL [https://docs.dgl.ai/tutorials/cpu/cpu_best_practises.html])
  dgl_warning(
/workspace/pmp_vast/envs/pmp-author/lib/python3.10/site-packages/dgl/dataloading/dataloader.py:1076: DGLWarning: Dataloader CPU affinity opt is not enabled, consider switching it on (see enable_cpu_affinity() or CPU best practices for DGL [https://docs.dgl.ai/tutorials/cpu/cpu_best_practises.html])
  dgl_warning(
/workspace/pmp_vast/envs/pmp-author/lib/python3.10/site-packages/dgl/dataloading/dataloader.py:1076: DGLWarning: Dataloader CPU affinity opt is not enabled, consider switching it on (see enable_cpu_affinity() or CPU best practices for DGL [https://docs.dgl.ai/tutorials/cpu/cpu_best_practises.html])
  dgl_warning(
/workspace/pmp_vast/envs/pmp-author/lib/python3.10/site-packages/dgl/dataloading/dataloader.py:1076: DGLWarning: Dataloader CPU affinity opt is not enabled, consider switching it on (see enable_cpu_affinity() or CPU best practices for DGL [https://docs.dgl.ai/tutorials/cpu/cpu_best_practises.html])
  dgl_warning(
tfinance_tr30_seed72 epoch=060 loss=0.047136 val_AUPRC=0.855347 best=0.862181@56 patience=4/20 train=12.605s val=8.285s
/workspace/pmp_vast/envs/pmp-author/lib/python3.10/site-packages/dgl/dataloading/dataloader.py:1076: DGLWarning: Dataloader CPU affinity opt is not enabled, consider switching it on (see enable_cpu_affinity() or CPU best practices for DGL [https://docs.dgl.ai/tutorials/cpu/cpu_best_practises.html])
  dgl_warning(
/workspace/pmp_vast/envs/pmp-author/lib/python3.10/site-packages/dgl/dataloading/dataloader.py:1076: DGLWarning: Dataloader CPU affinity opt is not enabled, consider switching it on (see enable_cpu_affinity() or CPU best practices for DGL [https://docs.dgl.ai/tutorials/cpu/cpu_best_practises.html])
  dgl_warning(
/workspace/pmp_vast/envs/pmp-author/lib/python3.10/site-packages/dgl/dataloading/dataloader.py:1076: DGLWarning: Dataloader CPU affinity opt is not enabled, consider switching it on (see enable_cpu_affinity() or CPU best practices for DGL [https://docs.dgl.ai/tutorials/cpu/cpu_best_practises.html])
  dgl_warning(
/workspace/pmp_vast/envs/pmp-author/lib/python3.10/site-packages/dgl/dataloading/dataloader.py:1076: DGLWarning: Dataloader CPU affinity opt is not enabled, consider switching it on (see enable_cpu_affinity() or CPU best practices for DGL [https://docs.dgl.ai/tutorials/cpu/cpu_best_practises.html])
  dgl_warning(
/workspace/pmp_vast/envs/pmp-author/lib/python3.10/site-packages/dgl/dataloading/dataloader.py:1076: DGLWarning: Dataloader CPU affinity opt is not enabled, consider switching it on (see enable_cpu_affinity() or CPU best practices for DGL [https://docs.dgl.ai/tutorials/cpu/cpu_best_practises.html])
  dgl_warning(
/workspace/pmp_vast/envs/pmp-author/lib/python3.10/site-packages/dgl/dataloading/dataloader.py:1076: DGLWarning: Dataloader CPU affinity opt is not enabled, consider switching it on (see enable_cpu_affinity() or CPU best practices for DGL [https://docs.dgl.ai/tutorials/cpu/cpu_best_practises.html])
  dgl_warning(
/workspace/pmp_vast/envs/pmp-author/lib/python3.10/site-packages/dgl/dataloading/dataloader.py:1076: DGLWarning: Dataloader CPU affinity opt is not enabled, consider switching it on (see enable_cpu_affinity() or CPU best practices for DGL [https://docs.dgl.ai/tutorials/cpu/cpu_best_practises.html])
  dgl_warning(
/workspace/pmp_vast/envs/pmp-author/lib/python3.10/site-packages/dgl/dataloading/dataloader.py:1076: DGLWarning: Dataloader CPU affinity opt is not enabled, consider switching it on (see enable_cpu_affinity() or CPU best practices for DGL [https://docs.dgl.ai/tutorials/cpu/cpu_best_practises.html])
  dgl_warning(
/workspace/pmp_vast/envs/pmp-author/lib/python3.10/site-packages/dgl/dataloading/dataloader.py:1076: DGLWarning: Dataloader CPU affinity opt is not enabled, consider switching it on (see enable_cpu_affinity() or CPU best practices for DGL [https://docs.dgl.ai/tutorials/cpu/cpu_best_practises.html])
  dgl_warning(
/workspace/pmp_vast/envs/pmp-author/lib/python3.10/site-packages/dgl/dataloading/dataloader.py:1076: DGLWarning: Dataloader CPU affinity opt is not enabled, consider switching it on (see enable_cpu_affinity() or CPU best practices for DGL [https://docs.dgl.ai/tutorials/cpu/cpu_best_practises.html])
  dgl_warning(
tfinance_tr30_seed72 epoch=070 loss=0.043776 val_AUPRC=0.855571 best=0.862181@56 patience=14/20 train=12.344s val=8.191s
/workspace/pmp_vast/envs/pmp-author/lib/python3.10/site-packages/dgl/dataloading/dataloader.py:1076: DGLWarning: Dataloader CPU affinity opt is not enabled, consider switching it on (see enable_cpu_affinity() or CPU best practices for DGL [https://docs.dgl.ai/tutorials/cpu/cpu_best_practises.html])
  dgl_warning(
/workspace/pmp_vast/envs/pmp-author/lib/python3.10/site-packages/dgl/dataloading/dataloader.py:1076: DGLWarning: Dataloader CPU affinity opt is not enabled, consider switching it on (see enable_cpu_affinity() or CPU best practices for DGL [https://docs.dgl.ai/tutorials/cpu/cpu_best_practises.html])
  dgl_warning(
/workspace/pmp_vast/envs/pmp-author/lib/python3.10/site-packages/dgl/dataloading/dataloader.py:1076: DGLWarning: Dataloader CPU affinity opt is not enabled, consider switching it on (see enable_cpu_affinity() or CPU best practices for DGL [https://docs.dgl.ai/tutorials/cpu/cpu_best_practises.html])
  dgl_warning(
/workspace/pmp_vast/envs/pmp-author/lib/python3.10/site-packages/dgl/dataloading/dataloader.py:1076: DGLWarning: Dataloader CPU affinity opt is not enabled, consider switching it on (see enable_cpu_affinity() or CPU best practices for DGL [https://docs.dgl.ai/tutorials/cpu/cpu_best_practises.html])
  dgl_warning(
tfinance_tr30_seed72 epoch=074 loss=0.045471 val_AUPRC=0.865789 best=0.865789@74 patience=0/20 train=12.379s val=8.075s
/workspace/pmp_vast/envs/pmp-author/lib/python3.10/site-packages/dgl/dataloading/dataloader.py:1076: DGLWarning: Dataloader CPU affinity opt is not enabled, consider switching it on (see enable_cpu_affinity() or CPU best practices for DGL [https://docs.dgl.ai/tutorials/cpu/cpu_best_practises.html])
  dgl_warning(
/workspace/pmp_vast/envs/pmp-author/lib/python3.10/site-packages/dgl/dataloading/dataloader.py:1076: DGLWarning: Dataloader CPU affinity opt is not enabled, consider switching it on (see enable_cpu_affinity() or CPU best practices for DGL [https://docs.dgl.ai/tutorials/cpu/cpu_best_practises.html])
  dgl_warning(
/workspace/pmp_vast/envs/pmp-author/lib/python3.10/site-packages/dgl/dataloading/dataloader.py:1076: DGLWarning: Dataloader CPU affinity opt is not enabled, consider switching it on (see enable_cpu_affinity() or CPU best practices for DGL [https://docs.dgl.ai/tutorials/cpu/cpu_best_practises.html])
  dgl_warning(
/workspace/pmp_vast/envs/pmp-author/lib/python3.10/site-packages/dgl/dataloading/dataloader.py:1076: DGLWarning: Dataloader CPU affinity opt is not enabled, consider switching it on (see enable_cpu_affinity() or CPU best practices for DGL [https://docs.dgl.ai/tutorials/cpu/cpu_best_practises.html])
  dgl_warning(
/workspace/pmp_vast/envs/pmp-author/lib/python3.10/site-packages/dgl/dataloading/dataloader.py:1076: DGLWarning: Dataloader CPU affinity opt is not enabled, consider switching it on (see enable_cpu_affinity() or CPU best practices for DGL [https://docs.dgl.ai/tutorials/cpu/cpu_best_practises.html])
  dgl_warning(
/workspace/pmp_vast/envs/pmp-author/lib/python3.10/site-packages/dgl/dataloading/dataloader.py:1076: DGLWarning: Dataloader CPU affinity opt is not enabled, consider switching it on (see enable_cpu_affinity() or CPU best practices for DGL [https://docs.dgl.ai/tutorials/cpu/cpu_best_practises.html])
  dgl_warning(
tfinance_tr30_seed72 epoch=080 loss=0.044138 val_AUPRC=0.855317 best=0.865789@74 patience=6/20 train=12.264s val=7.911s
/workspace/pmp_vast/envs/pmp-author/lib/python3.10/site-packages/dgl/dataloading/dataloader.py:1076: DGLWarning: Dataloader CPU affinity opt is not enabled, consider switching it on (see enable_cpu_affinity() or CPU best practices for DGL [https://docs.dgl.ai/tutorials/cpu/cpu_best_practises.html])
  dgl_warning(
/workspace/pmp_vast/envs/pmp-author/lib/python3.10/site-packages/dgl/dataloading/dataloader.py:1076: DGLWarning: Dataloader CPU affinity opt is not enabled, consider switching it on (see enable_cpu_affinity() or CPU best practices for DGL [https://docs.dgl.ai/tutorials/cpu/cpu_best_practises.html])
  dgl_warning(
/workspace/pmp_vast/envs/pmp-author/lib/python3.10/site-packages/dgl/dataloading/dataloader.py:1076: DGLWarning: Dataloader CPU affinity opt is not enabled, consider switching it on (see enable_cpu_affinity() or CPU best practices for DGL [https://docs.dgl.ai/tutorials/cpu/cpu_best_practises.html])
  dgl_warning(
/workspace/pmp_vast/envs/pmp-author/lib/python3.10/site-packages/dgl/dataloading/dataloader.py:1076: DGLWarning: Dataloader CPU affinity opt is not enabled, consider switching it on (see enable_cpu_affinity() or CPU best practices for DGL [https://docs.dgl.ai/tutorials/cpu/cpu_best_practises.html])
  dgl_warning(
/workspace/pmp_vast/envs/pmp-author/lib/python3.10/site-packages/dgl/dataloading/dataloader.py:1076: DGLWarning: Dataloader CPU affinity opt is not enabled, consider switching it on (see enable_cpu_affinity() or CPU best practices for DGL [https://docs.dgl.ai/tutorials/cpu/cpu_best_practises.html])
  dgl_warning(
/workspace/pmp_vast/envs/pmp-author/lib/python3.10/site-packages/dgl/dataloading/dataloader.py:1076: DGLWarning: Dataloader CPU affinity opt is not enabled, consider switching it on (see enable_cpu_affinity() or CPU best practices for DGL [https://docs.dgl.ai/tutorials/cpu/cpu_best_practises.html])
  dgl_warning(
/workspace/pmp_vast/envs/pmp-author/lib/python3.10/site-packages/dgl/dataloading/dataloader.py:1076: DGLWarning: Dataloader CPU affinity opt is not enabled, consider switching it on (see enable_cpu_affinity() or CPU best practices for DGL [https://docs.dgl.ai/tutorials/cpu/cpu_best_practises.html])
  dgl_warning(
/workspace/pmp_vast/envs/pmp-author/lib/python3.10/site-packages/dgl/dataloading/dataloader.py:1076: DGLWarning: Dataloader CPU affinity opt is not enabled, consider switching it on (see enable_cpu_affinity() or CPU best practices for DGL [https://docs.dgl.ai/tutorials/cpu/cpu_best_practises.html])
  dgl_warning(
/workspace/pmp_vast/envs/pmp-author/lib/python3.10/site-packages/dgl/dataloading/dataloader.py:1076: DGLWarning: Dataloader CPU affinity opt is not enabled, consider switching it on (see enable_cpu_affinity() or CPU best practices for DGL [https://docs.dgl.ai/tutorials/cpu/cpu_best_practises.html])
  dgl_warning(
tfinance_tr30_seed72 epoch=089 loss=0.046345 val_AUPRC=0.868059 best=0.868059@89 patience=0/20 train=12.874s val=8.364s
/workspace/pmp_vast/envs/pmp-author/lib/python3.10/site-packages/dgl/dataloading/dataloader.py:1076: DGLWarning: Dataloader CPU affinity opt is not enabled, consider switching it on (see enable_cpu_affinity() or CPU best practices for DGL [https://docs.dgl.ai/tutorials/cpu/cpu_best_practises.html])
  dgl_warning(
tfinance_tr30_seed72 epoch=090 loss=0.045124 val_AUPRC=0.857908 best=0.868059@89 patience=1/20 train=12.716s val=8.276s
/workspace/pmp_vast/envs/pmp-author/lib/python3.10/site-packages/dgl/dataloading/dataloader.py:1076: DGLWarning: Dataloader CPU affinity opt is not enabled, consider switching it on (see enable_cpu_affinity() or CPU best practices for DGL [https://docs.dgl.ai/tutorials/cpu/cpu_best_practises.html])
  dgl_warning(
/workspace/pmp_vast/envs/pmp-author/lib/python3.10/site-packages/dgl/dataloading/dataloader.py:1076: DGLWarning: Dataloader CPU affinity opt is not enabled, consider switching it on (see enable_cpu_affinity() or CPU best practices for DGL [https://docs.dgl.ai/tutorials/cpu/cpu_best_practises.html])
  dgl_warning(
/workspace/pmp_vast/envs/pmp-author/lib/python3.10/site-packages/dgl/dataloading/dataloader.py:1076: DGLWarning: Dataloader CPU affinity opt is not enabled, consider switching it on (see enable_cpu_affinity() or CPU best practices for DGL [https://docs.dgl.ai/tutorials/cpu/cpu_best_practises.html])
  dgl_warning(
/workspace/pmp_vast/envs/pmp-author/lib/python3.10/site-packages/dgl/dataloading/dataloader.py:1076: DGLWarning: Dataloader CPU affinity opt is not enabled, consider switching it on (see enable_cpu_affinity() or CPU best practices for DGL [https://docs.dgl.ai/tutorials/cpu/cpu_best_practises.html])
  dgl_warning(
/workspace/pmp_vast/envs/pmp-author/lib/python3.10/site-packages/dgl/dataloading/dataloader.py:1076: DGLWarning: Dataloader CPU affinity opt is not enabled, consider switching it on (see enable_cpu_affinity() or CPU best practices for DGL [https://docs.dgl.ai/tutorials/cpu/cpu_best_practises.html])
  dgl_warning(
/workspace/pmp_vast/envs/pmp-author/lib/python3.10/site-packages/dgl/dataloading/dataloader.py:1076: DGLWarning: Dataloader CPU affinity opt is not enabled, consider switching it on (see enable_cpu_affinity() or CPU best practices for DGL [https://docs.dgl.ai/tutorials/cpu/cpu_best_practises.html])
  dgl_warning(
/workspace/pmp_vast/envs/pmp-author/lib/python3.10/site-packages/dgl/dataloading/dataloader.py:1076: DGLWarning: Dataloader CPU affinity opt is not enabled, consider switching it on (see enable_cpu_affinity() or CPU best practices for DGL [https://docs.dgl.ai/tutorials/cpu/cpu_best_practises.html])
  dgl_warning(
/workspace/pmp_vast/envs/pmp-author/lib/python3.10/site-packages/dgl/dataloading/dataloader.py:1076: DGLWarning: Dataloader CPU affinity opt is not enabled, consider switching it on (see enable_cpu_affinity() or CPU best practices for DGL [https://docs.dgl.ai/tutorials/cpu/cpu_best_practises.html])
  dgl_warning(
/workspace/pmp_vast/envs/pmp-author/lib/python3.10/site-packages/dgl/dataloading/dataloader.py:1076: DGLWarning: Dataloader CPU affinity opt is not enabled, consider switching it on (see enable_cpu_affinity() or CPU best practices for DGL [https://docs.dgl.ai/tutorials/cpu/cpu_best_practises.html])
  dgl_warning(
/workspace/pmp_vast/envs/pmp-author/lib/python3.10/site-packages/dgl/dataloading/dataloader.py:1076: DGLWarning: Dataloader CPU affinity opt is not enabled, consider switching it on (see enable_cpu_affinity() or CPU best practices for DGL [https://docs.dgl.ai/tutorials/cpu/cpu_best_practises.html])
  dgl_warning(
tfinance_tr30_seed72 epoch=100 loss=0.046825 val_AUPRC=0.855979 best=0.868059@89 patience=11/20 train=12.765s val=8.548s
/workspace/pmp_vast/envs/pmp-author/lib/python3.10/site-packages/dgl/dataloading/dataloader.py:1076: DGLWarning: Dataloader CPU affinity opt is not enabled, consider switching it on (see enable_cpu_affinity() or CPU best practices for DGL [https://docs.dgl.ai/tutorials/cpu/cpu_best_practises.html])
  dgl_warning(
tfinance_tr30_seed72 FROZEN | checkpoint epoch=89 | val_AUPRC=0.868059 | threshold=0.49
/workspace/pmp_vast/envs/pmp-author/lib/python3.10/site-packages/dgl/dataloading/dataloader.py:1076: DGLWarning: Dataloader CPU affinity opt is not enabled, consider switching it on (see enable_cpu_affinity() or CPU best practices for DGL [https://docs.dgl.ai/tutorials/cpu/cpu_best_practises.html])
  dgl_warning(
FINAL tfinance_tr30_seed72 PASS | AUPRC=0.902089 | AUROC=0.969656 | MacroF1=0.922684 | Recall=0.826870

===== FINAL RUN tfinance_tr20_seed2 =====
/workspace/pmp_vast/envs/pmp-author/lib/python3.10/site-packages/dgl/dataloading/dataloader.py:1076: DGLWarning: Dataloader CPU affinity opt is not enabled, consider switching it on (see enable_cpu_affinity() or CPU best practices for DGL [https://docs.dgl.ai/tutorials/cpu/cpu_best_practises.html])
  dgl_warning(
tfinance_tr20_seed2 epoch=001 loss=0.580932 val_AUPRC=0.109728 best=0.109728@1 patience=0/20 train=8.993s val=7.977s
/workspace/pmp_vast/envs/pmp-author/lib/python3.10/site-packages/dgl/dataloading/dataloader.py:1076: DGLWarning: Dataloader CPU affinity opt is not enabled, consider switching it on (see enable_cpu_affinity() or CPU best practices for DGL [https://docs.dgl.ai/tutorials/cpu/cpu_best_practises.html])
  dgl_warning(
tfinance_tr20_seed2 epoch=002 loss=0.250155 val_AUPRC=0.483790 best=0.483790@2 patience=0/20 train=8.452s val=8.254s
/workspace/pmp_vast/envs/pmp-author/lib/python3.10/site-packages/dgl/dataloading/dataloader.py:1076: DGLWarning: Dataloader CPU affinity opt is not enabled, consider switching it on (see enable_cpu_affinity() or CPU best practices for DGL [https://docs.dgl.ai/tutorials/cpu/cpu_best_practises.html])
  dgl_warning(
/workspace/pmp_vast/envs/pmp-author/lib/python3.10/site-packages/dgl/dataloading/dataloader.py:1076: DGLWarning: Dataloader CPU affinity opt is not enabled, consider switching it on (see enable_cpu_affinity() or CPU best practices for DGL [https://docs.dgl.ai/tutorials/cpu/cpu_best_practises.html])
  dgl_warning(
tfinance_tr20_seed2 epoch=004 loss=0.121714 val_AUPRC=0.703852 best=0.703852@4 patience=0/20 train=8.084s val=7.942s
/workspace/pmp_vast/envs/pmp-author/lib/python3.10/site-packages/dgl/dataloading/dataloader.py:1076: DGLWarning: Dataloader CPU affinity opt is not enabled, consider switching it on (see enable_cpu_affinity() or CPU best practices for DGL [https://docs.dgl.ai/tutorials/cpu/cpu_best_practises.html])
  dgl_warning(
tfinance_tr20_seed2 epoch=005 loss=0.094740 val_AUPRC=0.801145 best=0.801145@5 patience=0/20 train=8.556s val=8.193s
/workspace/pmp_vast/envs/pmp-author/lib/python3.10/site-packages/dgl/dataloading/dataloader.py:1076: DGLWarning: Dataloader CPU affinity opt is not enabled, consider switching it on (see enable_cpu_affinity() or CPU best practices for DGL [https://docs.dgl.ai/tutorials/cpu/cpu_best_practises.html])
  dgl_warning(
/workspace/pmp_vast/envs/pmp-author/lib/python3.10/site-packages/dgl/dataloading/dataloader.py:1076: DGLWarning: Dataloader CPU affinity opt is not enabled, consider switching it on (see enable_cpu_affinity() or CPU best practices for DGL [https://docs.dgl.ai/tutorials/cpu/cpu_best_practises.html])
  dgl_warning(
tfinance_tr20_seed2 epoch=007 loss=0.093152 val_AUPRC=0.817031 best=0.817031@7 patience=0/20 train=8.130s val=8.077s
/workspace/pmp_vast/envs/pmp-author/lib/python3.10/site-packages/dgl/dataloading/dataloader.py:1076: DGLWarning: Dataloader CPU affinity opt is not enabled, consider switching it on (see enable_cpu_affinity() or CPU best practices for DGL [https://docs.dgl.ai/tutorials/cpu/cpu_best_practises.html])
  dgl_warning(
/workspace/pmp_vast/envs/pmp-author/lib/python3.10/site-packages/dgl/dataloading/dataloader.py:1076: DGLWarning: Dataloader CPU affinity opt is not enabled, consider switching it on (see enable_cpu_affinity() or CPU best practices for DGL [https://docs.dgl.ai/tutorials/cpu/cpu_best_practises.html])
  dgl_warning(
tfinance_tr20_seed2 epoch=009 loss=0.080783 val_AUPRC=0.818955 best=0.818955@9 patience=0/20 train=8.745s val=7.923s
/workspace/pmp_vast/envs/pmp-author/lib/python3.10/site-packages/dgl/dataloading/dataloader.py:1076: DGLWarning: Dataloader CPU affinity opt is not enabled, consider switching it on (see enable_cpu_affinity() or CPU best practices for DGL [https://docs.dgl.ai/tutorials/cpu/cpu_best_practises.html])
  dgl_warning(
tfinance_tr20_seed2 epoch=010 loss=0.071185 val_AUPRC=0.824760 best=0.824760@10 patience=0/20 train=8.120s val=8.048s
/workspace/pmp_vast/envs/pmp-author/lib/python3.10/site-packages/dgl/dataloading/dataloader.py:1076: DGLWarning: Dataloader CPU affinity opt is not enabled, consider switching it on (see enable_cpu_affinity() or CPU best practices for DGL [https://docs.dgl.ai/tutorials/cpu/cpu_best_practises.html])
  dgl_warning(
tfinance_tr20_seed2 epoch=011 loss=0.069286 val_AUPRC=0.830608 best=0.830608@11 patience=0/20 train=8.053s val=8.021s
/workspace/pmp_vast/envs/pmp-author/lib/python3.10/site-packages/dgl/dataloading/dataloader.py:1076: DGLWarning: Dataloader CPU affinity opt is not enabled, consider switching it on (see enable_cpu_affinity() or CPU best practices for DGL [https://docs.dgl.ai/tutorials/cpu/cpu_best_practises.html])
  dgl_warning(
/workspace/pmp_vast/envs/pmp-author/lib/python3.10/site-packages/dgl/dataloading/dataloader.py:1076: DGLWarning: Dataloader CPU affinity opt is not enabled, consider switching it on (see enable_cpu_affinity() or CPU best practices for DGL [https://docs.dgl.ai/tutorials/cpu/cpu_best_practises.html])
  dgl_warning(
tfinance_tr20_seed2 epoch=013 loss=0.064703 val_AUPRC=0.832234 best=0.832234@13 patience=0/20 train=8.139s val=8.211s
/workspace/pmp_vast/envs/pmp-author/lib/python3.10/site-packages/dgl/dataloading/dataloader.py:1076: DGLWarning: Dataloader CPU affinity opt is not enabled, consider switching it on (see enable_cpu_affinity() or CPU best practices for DGL [https://docs.dgl.ai/tutorials/cpu/cpu_best_practises.html])
  dgl_warning(
tfinance_tr20_seed2 epoch=014 loss=0.065216 val_AUPRC=0.832740 best=0.832740@14 patience=0/20 train=8.193s val=7.876s
/workspace/pmp_vast/envs/pmp-author/lib/python3.10/site-packages/dgl/dataloading/dataloader.py:1076: DGLWarning: Dataloader CPU affinity opt is not enabled, consider switching it on (see enable_cpu_affinity() or CPU best practices for DGL [https://docs.dgl.ai/tutorials/cpu/cpu_best_practises.html])
  dgl_warning(
tfinance_tr20_seed2 epoch=015 loss=0.063013 val_AUPRC=0.836601 best=0.836601@15 patience=0/20 train=8.149s val=7.858s
/workspace/pmp_vast/envs/pmp-author/lib/python3.10/site-packages/dgl/dataloading/dataloader.py:1076: DGLWarning: Dataloader CPU affinity opt is not enabled, consider switching it on (see enable_cpu_affinity() or CPU best practices for DGL [https://docs.dgl.ai/tutorials/cpu/cpu_best_practises.html])
  dgl_warning(
/workspace/pmp_vast/envs/pmp-author/lib/python3.10/site-packages/dgl/dataloading/dataloader.py:1076: DGLWarning: Dataloader CPU affinity opt is not enabled, consider switching it on (see enable_cpu_affinity() or CPU best practices for DGL [https://docs.dgl.ai/tutorials/cpu/cpu_best_practises.html])
  dgl_warning(
/workspace/pmp_vast/envs/pmp-author/lib/python3.10/site-packages/dgl/dataloading/dataloader.py:1076: DGLWarning: Dataloader CPU affinity opt is not enabled, consider switching it on (see enable_cpu_affinity() or CPU best practices for DGL [https://docs.dgl.ai/tutorials/cpu/cpu_best_practises.html])
  dgl_warning(
/workspace/pmp_vast/envs/pmp-author/lib/python3.10/site-packages/dgl/dataloading/dataloader.py:1076: DGLWarning: Dataloader CPU affinity opt is not enabled, consider switching it on (see enable_cpu_affinity() or CPU best practices for DGL [https://docs.dgl.ai/tutorials/cpu/cpu_best_practises.html])
  dgl_warning(
tfinance_tr20_seed2 epoch=019 loss=0.059048 val_AUPRC=0.839186 best=0.839186@19 patience=0/20 train=8.370s val=8.128s
/workspace/pmp_vast/envs/pmp-author/lib/python3.10/site-packages/dgl/dataloading/dataloader.py:1076: DGLWarning: Dataloader CPU affinity opt is not enabled, consider switching it on (see enable_cpu_affinity() or CPU best practices for DGL [https://docs.dgl.ai/tutorials/cpu/cpu_best_practises.html])
  dgl_warning(
tfinance_tr20_seed2 epoch=020 loss=0.058665 val_AUPRC=0.842197 best=0.842197@20 patience=0/20 train=8.582s val=8.305s
/workspace/pmp_vast/envs/pmp-author/lib/python3.10/site-packages/dgl/dataloading/dataloader.py:1076: DGLWarning: Dataloader CPU affinity opt is not enabled, consider switching it on (see enable_cpu_affinity() or CPU best practices for DGL [https://docs.dgl.ai/tutorials/cpu/cpu_best_practises.html])
  dgl_warning(
/workspace/pmp_vast/envs/pmp-author/lib/python3.10/site-packages/dgl/dataloading/dataloader.py:1076: DGLWarning: Dataloader CPU affinity opt is not enabled, consider switching it on (see enable_cpu_affinity() or CPU best practices for DGL [https://docs.dgl.ai/tutorials/cpu/cpu_best_practises.html])
  dgl_warning(
/workspace/pmp_vast/envs/pmp-author/lib/python3.10/site-packages/dgl/dataloading/dataloader.py:1076: DGLWarning: Dataloader CPU affinity opt is not enabled, consider switching it on (see enable_cpu_affinity() or CPU best practices for DGL [https://docs.dgl.ai/tutorials/cpu/cpu_best_practises.html])
  dgl_warning(
/workspace/pmp_vast/envs/pmp-author/lib/python3.10/site-packages/dgl/dataloading/dataloader.py:1076: DGLWarning: Dataloader CPU affinity opt is not enabled, consider switching it on (see enable_cpu_affinity() or CPU best practices for DGL [https://docs.dgl.ai/tutorials/cpu/cpu_best_practises.html])
  dgl_warning(
tfinance_tr20_seed2 epoch=024 loss=0.059813 val_AUPRC=0.842491 best=0.842491@24 patience=0/20 train=8.538s val=7.928s
/workspace/pmp_vast/envs/pmp-author/lib/python3.10/site-packages/dgl/dataloading/dataloader.py:1076: DGLWarning: Dataloader CPU affinity opt is not enabled, consider switching it on (see enable_cpu_affinity() or CPU best practices for DGL [https://docs.dgl.ai/tutorials/cpu/cpu_best_practises.html])
  dgl_warning(
/workspace/pmp_vast/envs/pmp-author/lib/python3.10/site-packages/dgl/dataloading/dataloader.py:1076: DGLWarning: Dataloader CPU affinity opt is not enabled, consider switching it on (see enable_cpu_affinity() or CPU best practices for DGL [https://docs.dgl.ai/tutorials/cpu/cpu_best_practises.html])
  dgl_warning(
tfinance_tr20_seed2 epoch=026 loss=0.054886 val_AUPRC=0.847117 best=0.847117@26 patience=0/20 train=8.281s val=8.363s
/workspace/pmp_vast/envs/pmp-author/lib/python3.10/site-packages/dgl/dataloading/dataloader.py:1076: DGLWarning: Dataloader CPU affinity opt is not enabled, consider switching it on (see enable_cpu_affinity() or CPU best practices for DGL [https://docs.dgl.ai/tutorials/cpu/cpu_best_practises.html])
  dgl_warning(
/workspace/pmp_vast/envs/pmp-author/lib/python3.10/site-packages/dgl/dataloading/dataloader.py:1076: DGLWarning: Dataloader CPU affinity opt is not enabled, consider switching it on (see enable_cpu_affinity() or CPU best practices for DGL [https://docs.dgl.ai/tutorials/cpu/cpu_best_practises.html])
  dgl_warning(
/workspace/pmp_vast/envs/pmp-author/lib/python3.10/site-packages/dgl/dataloading/dataloader.py:1076: DGLWarning: Dataloader CPU affinity opt is not enabled, consider switching it on (see enable_cpu_affinity() or CPU best practices for DGL [https://docs.dgl.ai/tutorials/cpu/cpu_best_practises.html])
  dgl_warning(
/workspace/pmp_vast/envs/pmp-author/lib/python3.10/site-packages/dgl/dataloading/dataloader.py:1076: DGLWarning: Dataloader CPU affinity opt is not enabled, consider switching it on (see enable_cpu_affinity() or CPU best practices for DGL [https://docs.dgl.ai/tutorials/cpu/cpu_best_practises.html])
  dgl_warning(
tfinance_tr20_seed2 epoch=030 loss=0.058378 val_AUPRC=0.845945 best=0.847117@26 patience=4/20 train=8.853s val=8.324s
/workspace/pmp_vast/envs/pmp-author/lib/python3.10/site-packages/dgl/dataloading/dataloader.py:1076: DGLWarning: Dataloader CPU affinity opt is not enabled, consider switching it on (see enable_cpu_affinity() or CPU best practices for DGL [https://docs.dgl.ai/tutorials/cpu/cpu_best_practises.html])
  dgl_warning(
/workspace/pmp_vast/envs/pmp-author/lib/python3.10/site-packages/dgl/dataloading/dataloader.py:1076: DGLWarning: Dataloader CPU affinity opt is not enabled, consider switching it on (see enable_cpu_affinity() or CPU best practices for DGL [https://docs.dgl.ai/tutorials/cpu/cpu_best_practises.html])
  dgl_warning(
tfinance_tr20_seed2 epoch=032 loss=0.052972 val_AUPRC=0.848467 best=0.848467@32 patience=0/20 train=8.440s val=8.216s
/workspace/pmp_vast/envs/pmp-author/lib/python3.10/site-packages/dgl/dataloading/dataloader.py:1076: DGLWarning: Dataloader CPU affinity opt is not enabled, consider switching it on (see enable_cpu_affinity() or CPU best practices for DGL [https://docs.dgl.ai/tutorials/cpu/cpu_best_practises.html])
  dgl_warning(
/workspace/pmp_vast/envs/pmp-author/lib/python3.10/site-packages/dgl/dataloading/dataloader.py:1076: DGLWarning: Dataloader CPU affinity opt is not enabled, consider switching it on (see enable_cpu_affinity() or CPU best practices for DGL [https://docs.dgl.ai/tutorials/cpu/cpu_best_practises.html])
  dgl_warning(
tfinance_tr20_seed2 epoch=034 loss=0.051741 val_AUPRC=0.849655 best=0.849655@34 patience=0/20 train=8.556s val=8.126s
/workspace/pmp_vast/envs/pmp-author/lib/python3.10/site-packages/dgl/dataloading/dataloader.py:1076: DGLWarning: Dataloader CPU affinity opt is not enabled, consider switching it on (see enable_cpu_affinity() or CPU best practices for DGL [https://docs.dgl.ai/tutorials/cpu/cpu_best_practises.html])
  dgl_warning(
/workspace/pmp_vast/envs/pmp-author/lib/python3.10/site-packages/dgl/dataloading/dataloader.py:1076: DGLWarning: Dataloader CPU affinity opt is not enabled, consider switching it on (see enable_cpu_affinity() or CPU best practices for DGL [https://docs.dgl.ai/tutorials/cpu/cpu_best_practises.html])
  dgl_warning(
tfinance_tr20_seed2 epoch=036 loss=0.055940 val_AUPRC=0.850898 best=0.850898@36 patience=0/20 train=8.901s val=8.501s
/workspace/pmp_vast/envs/pmp-author/lib/python3.10/site-packages/dgl/dataloading/dataloader.py:1076: DGLWarning: Dataloader CPU affinity opt is not enabled, consider switching it on (see enable_cpu_affinity() or CPU best practices for DGL [https://docs.dgl.ai/tutorials/cpu/cpu_best_practises.html])
  dgl_warning(
/workspace/pmp_vast/envs/pmp-author/lib/python3.10/site-packages/dgl/dataloading/dataloader.py:1076: DGLWarning: Dataloader CPU affinity opt is not enabled, consider switching it on (see enable_cpu_affinity() or CPU best practices for DGL [https://docs.dgl.ai/tutorials/cpu/cpu_best_practises.html])
  dgl_warning(
/workspace/pmp_vast/envs/pmp-author/lib/python3.10/site-packages/dgl/dataloading/dataloader.py:1076: DGLWarning: Dataloader CPU affinity opt is not enabled, consider switching it on (see enable_cpu_affinity() or CPU best practices for DGL [https://docs.dgl.ai/tutorials/cpu/cpu_best_practises.html])
  dgl_warning(
/workspace/pmp_vast/envs/pmp-author/lib/python3.10/site-packages/dgl/dataloading/dataloader.py:1076: DGLWarning: Dataloader CPU affinity opt is not enabled, consider switching it on (see enable_cpu_affinity() or CPU best practices for DGL [https://docs.dgl.ai/tutorials/cpu/cpu_best_practises.html])
  dgl_warning(
tfinance_tr20_seed2 epoch=040 loss=0.050788 val_AUPRC=0.854833 best=0.854833@40 patience=0/20 train=8.562s val=8.209s
/workspace/pmp_vast/envs/pmp-author/lib/python3.10/site-packages/dgl/dataloading/dataloader.py:1076: DGLWarning: Dataloader CPU affinity opt is not enabled, consider switching it on (see enable_cpu_affinity() or CPU best practices for DGL [https://docs.dgl.ai/tutorials/cpu/cpu_best_practises.html])
  dgl_warning(
/workspace/pmp_vast/envs/pmp-author/lib/python3.10/site-packages/dgl/dataloading/dataloader.py:1076: DGLWarning: Dataloader CPU affinity opt is not enabled, consider switching it on (see enable_cpu_affinity() or CPU best practices for DGL [https://docs.dgl.ai/tutorials/cpu/cpu_best_practises.html])
  dgl_warning(
/workspace/pmp_vast/envs/pmp-author/lib/python3.10/site-packages/dgl/dataloading/dataloader.py:1076: DGLWarning: Dataloader CPU affinity opt is not enabled, consider switching it on (see enable_cpu_affinity() or CPU best practices for DGL [https://docs.dgl.ai/tutorials/cpu/cpu_best_practises.html])
  dgl_warning(
/workspace/pmp_vast/envs/pmp-author/lib/python3.10/site-packages/dgl/dataloading/dataloader.py:1076: DGLWarning: Dataloader CPU affinity opt is not enabled, consider switching it on (see enable_cpu_affinity() or CPU best practices for DGL [https://docs.dgl.ai/tutorials/cpu/cpu_best_practises.html])
  dgl_warning(
/workspace/pmp_vast/envs/pmp-author/lib/python3.10/site-packages/dgl/dataloading/dataloader.py:1076: DGLWarning: Dataloader CPU affinity opt is not enabled, consider switching it on (see enable_cpu_affinity() or CPU best practices for DGL [https://docs.dgl.ai/tutorials/cpu/cpu_best_practises.html])
  dgl_warning(
/workspace/pmp_vast/envs/pmp-author/lib/python3.10/site-packages/dgl/dataloading/dataloader.py:1076: DGLWarning: Dataloader CPU affinity opt is not enabled, consider switching it on (see enable_cpu_affinity() or CPU best practices for DGL [https://docs.dgl.ai/tutorials/cpu/cpu_best_practises.html])
  dgl_warning(
/workspace/pmp_vast/envs/pmp-author/lib/python3.10/site-packages/dgl/dataloading/dataloader.py:1076: DGLWarning: Dataloader CPU affinity opt is not enabled, consider switching it on (see enable_cpu_affinity() or CPU best practices for DGL [https://docs.dgl.ai/tutorials/cpu/cpu_best_practises.html])
  dgl_warning(
tfinance_tr20_seed2 epoch=047 loss=0.049395 val_AUPRC=0.855047 best=0.855047@47 patience=0/20 train=8.466s val=8.159s
/workspace/pmp_vast/envs/pmp-author/lib/python3.10/site-packages/dgl/dataloading/dataloader.py:1076: DGLWarning: Dataloader CPU affinity opt is not enabled, consider switching it on (see enable_cpu_affinity() or CPU best practices for DGL [https://docs.dgl.ai/tutorials/cpu/cpu_best_practises.html])
  dgl_warning(
tfinance_tr20_seed2 epoch=048 loss=0.049232 val_AUPRC=0.855141 best=0.855141@48 patience=0/20 train=8.450s val=8.162s
/workspace/pmp_vast/envs/pmp-author/lib/python3.10/site-packages/dgl/dataloading/dataloader.py:1076: DGLWarning: Dataloader CPU affinity opt is not enabled, consider switching it on (see enable_cpu_affinity() or CPU best practices for DGL [https://docs.dgl.ai/tutorials/cpu/cpu_best_practises.html])
  dgl_warning(
tfinance_tr20_seed2 epoch=049 loss=0.049328 val_AUPRC=0.855702 best=0.855702@49 patience=0/20 train=8.445s val=8.165s
/workspace/pmp_vast/envs/pmp-author/lib/python3.10/site-packages/dgl/dataloading/dataloader.py:1076: DGLWarning: Dataloader CPU affinity opt is not enabled, consider switching it on (see enable_cpu_affinity() or CPU best practices for DGL [https://docs.dgl.ai/tutorials/cpu/cpu_best_practises.html])
  dgl_warning(
tfinance_tr20_seed2 epoch=050 loss=0.048083 val_AUPRC=0.840383 best=0.855702@49 patience=1/20 train=8.140s val=8.519s
/workspace/pmp_vast/envs/pmp-author/lib/python3.10/site-packages/dgl/dataloading/dataloader.py:1076: DGLWarning: Dataloader CPU affinity opt is not enabled, consider switching it on (see enable_cpu_affinity() or CPU best practices for DGL [https://docs.dgl.ai/tutorials/cpu/cpu_best_practises.html])
  dgl_warning(
/workspace/pmp_vast/envs/pmp-author/lib/python3.10/site-packages/dgl/dataloading/dataloader.py:1076: DGLWarning: Dataloader CPU affinity opt is not enabled, consider switching it on (see enable_cpu_affinity() or CPU best practices for DGL [https://docs.dgl.ai/tutorials/cpu/cpu_best_practises.html])
  dgl_warning(
/workspace/pmp_vast/envs/pmp-author/lib/python3.10/site-packages/dgl/dataloading/dataloader.py:1076: DGLWarning: Dataloader CPU affinity opt is not enabled, consider switching it on (see enable_cpu_affinity() or CPU best practices for DGL [https://docs.dgl.ai/tutorials/cpu/cpu_best_practises.html])
  dgl_warning(
/workspace/pmp_vast/envs/pmp-author/lib/python3.10/site-packages/dgl/dataloading/dataloader.py:1076: DGLWarning: Dataloader CPU affinity opt is not enabled, consider switching it on (see enable_cpu_affinity() or CPU best practices for DGL [https://docs.dgl.ai/tutorials/cpu/cpu_best_practises.html])
  dgl_warning(
/workspace/pmp_vast/envs/pmp-author/lib/python3.10/site-packages/dgl/dataloading/dataloader.py:1076: DGLWarning: Dataloader CPU affinity opt is not enabled, consider switching it on (see enable_cpu_affinity() or CPU best practices for DGL [https://docs.dgl.ai/tutorials/cpu/cpu_best_practises.html])
  dgl_warning(
/workspace/pmp_vast/envs/pmp-author/lib/python3.10/site-packages/dgl/dataloading/dataloader.py:1076: DGLWarning: Dataloader CPU affinity opt is not enabled, consider switching it on (see enable_cpu_affinity() or CPU best practices for DGL [https://docs.dgl.ai/tutorials/cpu/cpu_best_practises.html])
  dgl_warning(
/workspace/pmp_vast/envs/pmp-author/lib/python3.10/site-packages/dgl/dataloading/dataloader.py:1076: DGLWarning: Dataloader CPU affinity opt is not enabled, consider switching it on (see enable_cpu_affinity() or CPU best practices for DGL [https://docs.dgl.ai/tutorials/cpu/cpu_best_practises.html])
  dgl_warning(
/workspace/pmp_vast/envs/pmp-author/lib/python3.10/site-packages/dgl/dataloading/dataloader.py:1076: DGLWarning: Dataloader CPU affinity opt is not enabled, consider switching it on (see enable_cpu_affinity() or CPU best practices for DGL [https://docs.dgl.ai/tutorials/cpu/cpu_best_practises.html])
  dgl_warning(
/workspace/pmp_vast/envs/pmp-author/lib/python3.10/site-packages/dgl/dataloading/dataloader.py:1076: DGLWarning: Dataloader CPU affinity opt is not enabled, consider switching it on (see enable_cpu_affinity() or CPU best practices for DGL [https://docs.dgl.ai/tutorials/cpu/cpu_best_practises.html])
  dgl_warning(
/workspace/pmp_vast/envs/pmp-author/lib/python3.10/site-packages/dgl/dataloading/dataloader.py:1076: DGLWarning: Dataloader CPU affinity opt is not enabled, consider switching it on (see enable_cpu_affinity() or CPU best practices for DGL [https://docs.dgl.ai/tutorials/cpu/cpu_best_practises.html])
  dgl_warning(
tfinance_tr20_seed2 epoch=060 loss=0.048165 val_AUPRC=0.854630 best=0.855702@49 patience=11/20 train=8.953s val=8.461s
/workspace/pmp_vast/envs/pmp-author/lib/python3.10/site-packages/dgl/dataloading/dataloader.py:1076: DGLWarning: Dataloader CPU affinity opt is not enabled, consider switching it on (see enable_cpu_affinity() or CPU best practices for DGL [https://docs.dgl.ai/tutorials/cpu/cpu_best_practises.html])
  dgl_warning(
tfinance_tr20_seed2 epoch=061 loss=0.048877 val_AUPRC=0.857058 best=0.857058@61 patience=0/20 train=8.811s val=8.116s
/workspace/pmp_vast/envs/pmp-author/lib/python3.10/site-packages/dgl/dataloading/dataloader.py:1076: DGLWarning: Dataloader CPU affinity opt is not enabled, consider switching it on (see enable_cpu_affinity() or CPU best practices for DGL [https://docs.dgl.ai/tutorials/cpu/cpu_best_practises.html])
  dgl_warning(
tfinance_tr20_seed2 epoch=062 loss=0.045719 val_AUPRC=0.859830 best=0.859830@62 patience=0/20 train=8.521s val=8.718s
/workspace/pmp_vast/envs/pmp-author/lib/python3.10/site-packages/dgl/dataloading/dataloader.py:1076: DGLWarning: Dataloader CPU affinity opt is not enabled, consider switching it on (see enable_cpu_affinity() or CPU best practices for DGL [https://docs.dgl.ai/tutorials/cpu/cpu_best_practises.html])
  dgl_warning(
tfinance_tr20_seed2 epoch=063 loss=0.046362 val_AUPRC=0.860578 best=0.860578@63 patience=0/20 train=8.618s val=8.506s
/workspace/pmp_vast/envs/pmp-author/lib/python3.10/site-packages/dgl/dataloading/dataloader.py:1076: DGLWarning: Dataloader CPU affinity opt is not enabled, consider switching it on (see enable_cpu_affinity() or CPU best practices for DGL [https://docs.dgl.ai/tutorials/cpu/cpu_best_practises.html])
  dgl_warning(
/workspace/pmp_vast/envs/pmp-author/lib/python3.10/site-packages/dgl/dataloading/dataloader.py:1076: DGLWarning: Dataloader CPU affinity opt is not enabled, consider switching it on (see enable_cpu_affinity() or CPU best practices for DGL [https://docs.dgl.ai/tutorials/cpu/cpu_best_practises.html])
  dgl_warning(
/workspace/pmp_vast/envs/pmp-author/lib/python3.10/site-packages/dgl/dataloading/dataloader.py:1076: DGLWarning: Dataloader CPU affinity opt is not enabled, consider switching it on (see enable_cpu_affinity() or CPU best practices for DGL [https://docs.dgl.ai/tutorials/cpu/cpu_best_practises.html])
  dgl_warning(
/workspace/pmp_vast/envs/pmp-author/lib/python3.10/site-packages/dgl/dataloading/dataloader.py:1076: DGLWarning: Dataloader CPU affinity opt is not enabled, consider switching it on (see enable_cpu_affinity() or CPU best practices for DGL [https://docs.dgl.ai/tutorials/cpu/cpu_best_practises.html])
  dgl_warning(
tfinance_tr20_seed2 epoch=067 loss=0.045058 val_AUPRC=0.862263 best=0.862263@67 patience=0/20 train=9.005s val=8.311s
/workspace/pmp_vast/envs/pmp-author/lib/python3.10/site-packages/dgl/dataloading/dataloader.py:1076: DGLWarning: Dataloader CPU affinity opt is not enabled, consider switching it on (see enable_cpu_affinity() or CPU best practices for DGL [https://docs.dgl.ai/tutorials/cpu/cpu_best_practises.html])
  dgl_warning(
tfinance_tr20_seed2 epoch=068 loss=0.044107 val_AUPRC=0.862369 best=0.862369@68 patience=0/20 train=8.615s val=8.186s
/workspace/pmp_vast/envs/pmp-author/lib/python3.10/site-packages/dgl/dataloading/dataloader.py:1076: DGLWarning: Dataloader CPU affinity opt is not enabled, consider switching it on (see enable_cpu_affinity() or CPU best practices for DGL [https://docs.dgl.ai/tutorials/cpu/cpu_best_practises.html])
  dgl_warning(
/workspace/pmp_vast/envs/pmp-author/lib/python3.10/site-packages/dgl/dataloading/dataloader.py:1076: DGLWarning: Dataloader CPU affinity opt is not enabled, consider switching it on (see enable_cpu_affinity() or CPU best practices for DGL [https://docs.dgl.ai/tutorials/cpu/cpu_best_practises.html])
  dgl_warning(
tfinance_tr20_seed2 epoch=070 loss=0.045036 val_AUPRC=0.860911 best=0.862369@68 patience=2/20 train=8.481s val=8.603s
/workspace/pmp_vast/envs/pmp-author/lib/python3.10/site-packages/dgl/dataloading/dataloader.py:1076: DGLWarning: Dataloader CPU affinity opt is not enabled, consider switching it on (see enable_cpu_affinity() or CPU best practices for DGL [https://docs.dgl.ai/tutorials/cpu/cpu_best_practises.html])
  dgl_warning(
/workspace/pmp_vast/envs/pmp-author/lib/python3.10/site-packages/dgl/dataloading/dataloader.py:1076: DGLWarning: Dataloader CPU affinity opt is not enabled, consider switching it on (see enable_cpu_affinity() or CPU best practices for DGL [https://docs.dgl.ai/tutorials/cpu/cpu_best_practises.html])
  dgl_warning(
/workspace/pmp_vast/envs/pmp-author/lib/python3.10/site-packages/dgl/dataloading/dataloader.py:1076: DGLWarning: Dataloader CPU affinity opt is not enabled, consider switching it on (see enable_cpu_affinity() or CPU best practices for DGL [https://docs.dgl.ai/tutorials/cpu/cpu_best_practises.html])
  dgl_warning(
/workspace/pmp_vast/envs/pmp-author/lib/python3.10/site-packages/dgl/dataloading/dataloader.py:1076: DGLWarning: Dataloader CPU affinity opt is not enabled, consider switching it on (see enable_cpu_affinity() or CPU best practices for DGL [https://docs.dgl.ai/tutorials/cpu/cpu_best_practises.html])
  dgl_warning(
/workspace/pmp_vast/envs/pmp-author/lib/python3.10/site-packages/dgl/dataloading/dataloader.py:1076: DGLWarning: Dataloader CPU affinity opt is not enabled, consider switching it on (see enable_cpu_affinity() or CPU best practices for DGL [https://docs.dgl.ai/tutorials/cpu/cpu_best_practises.html])
  dgl_warning(
/workspace/pmp_vast/envs/pmp-author/lib/python3.10/site-packages/dgl/dataloading/dataloader.py:1076: DGLWarning: Dataloader CPU affinity opt is not enabled, consider switching it on (see enable_cpu_affinity() or CPU best practices for DGL [https://docs.dgl.ai/tutorials/cpu/cpu_best_practises.html])
  dgl_warning(
/workspace/pmp_vast/envs/pmp-author/lib/python3.10/site-packages/dgl/dataloading/dataloader.py:1076: DGLWarning: Dataloader CPU affinity opt is not enabled, consider switching it on (see enable_cpu_affinity() or CPU best practices for DGL [https://docs.dgl.ai/tutorials/cpu/cpu_best_practises.html])
  dgl_warning(
/workspace/pmp_vast/envs/pmp-author/lib/python3.10/site-packages/dgl/dataloading/dataloader.py:1076: DGLWarning: Dataloader CPU affinity opt is not enabled, consider switching it on (see enable_cpu_affinity() or CPU best practices for DGL [https://docs.dgl.ai/tutorials/cpu/cpu_best_practises.html])
  dgl_warning(
/workspace/pmp_vast/envs/pmp-author/lib/python3.10/site-packages/dgl/dataloading/dataloader.py:1076: DGLWarning: Dataloader CPU affinity opt is not enabled, consider switching it on (see enable_cpu_affinity() or CPU best practices for DGL [https://docs.dgl.ai/tutorials/cpu/cpu_best_practises.html])
  dgl_warning(
/workspace/pmp_vast/envs/pmp-author/lib/python3.10/site-packages/dgl/dataloading/dataloader.py:1076: DGLWarning: Dataloader CPU affinity opt is not enabled, consider switching it on (see enable_cpu_affinity() or CPU best practices for DGL [https://docs.dgl.ai/tutorials/cpu/cpu_best_practises.html])
  dgl_warning(
tfinance_tr20_seed2 epoch=080 loss=0.046803 val_AUPRC=0.862308 best=0.862369@68 patience=12/20 train=8.136s val=7.820s
/workspace/pmp_vast/envs/pmp-author/lib/python3.10/site-packages/dgl/dataloading/dataloader.py:1076: DGLWarning: Dataloader CPU affinity opt is not enabled, consider switching it on (see enable_cpu_affinity() or CPU best practices for DGL [https://docs.dgl.ai/tutorials/cpu/cpu_best_practises.html])
  dgl_warning(
/workspace/pmp_vast/envs/pmp-author/lib/python3.10/site-packages/dgl/dataloading/dataloader.py:1076: DGLWarning: Dataloader CPU affinity opt is not enabled, consider switching it on (see enable_cpu_affinity() or CPU best practices for DGL [https://docs.dgl.ai/tutorials/cpu/cpu_best_practises.html])
  dgl_warning(
/workspace/pmp_vast/envs/pmp-author/lib/python3.10/site-packages/dgl/dataloading/dataloader.py:1076: DGLWarning: Dataloader CPU affinity opt is not enabled, consider switching it on (see enable_cpu_affinity() or CPU best practices for DGL [https://docs.dgl.ai/tutorials/cpu/cpu_best_practises.html])
  dgl_warning(
/workspace/pmp_vast/envs/pmp-author/lib/python3.10/site-packages/dgl/dataloading/dataloader.py:1076: DGLWarning: Dataloader CPU affinity opt is not enabled, consider switching it on (see enable_cpu_affinity() or CPU best practices for DGL [https://docs.dgl.ai/tutorials/cpu/cpu_best_practises.html])
  dgl_warning(
tfinance_tr20_seed2 epoch=084 loss=0.044129 val_AUPRC=0.863267 best=0.863267@84 patience=0/20 train=8.151s val=8.101s
/workspace/pmp_vast/envs/pmp-author/lib/python3.10/site-packages/dgl/dataloading/dataloader.py:1076: DGLWarning: Dataloader CPU affinity opt is not enabled, consider switching it on (see enable_cpu_affinity() or CPU best practices for DGL [https://docs.dgl.ai/tutorials/cpu/cpu_best_practises.html])
  dgl_warning(
/workspace/pmp_vast/envs/pmp-author/lib/python3.10/site-packages/dgl/dataloading/dataloader.py:1076: DGLWarning: Dataloader CPU affinity opt is not enabled, consider switching it on (see enable_cpu_affinity() or CPU best practices for DGL [https://docs.dgl.ai/tutorials/cpu/cpu_best_practises.html])
  dgl_warning(
/workspace/pmp_vast/envs/pmp-author/lib/python3.10/site-packages/dgl/dataloading/dataloader.py:1076: DGLWarning: Dataloader CPU affinity opt is not enabled, consider switching it on (see enable_cpu_affinity() or CPU best practices for DGL [https://docs.dgl.ai/tutorials/cpu/cpu_best_practises.html])
  dgl_warning(
/workspace/pmp_vast/envs/pmp-author/lib/python3.10/site-packages/dgl/dataloading/dataloader.py:1076: DGLWarning: Dataloader CPU affinity opt is not enabled, consider switching it on (see enable_cpu_affinity() or CPU best practices for DGL [https://docs.dgl.ai/tutorials/cpu/cpu_best_practises.html])
  dgl_warning(
/workspace/pmp_vast/envs/pmp-author/lib/python3.10/site-packages/dgl/dataloading/dataloader.py:1076: DGLWarning: Dataloader CPU affinity opt is not enabled, consider switching it on (see enable_cpu_affinity() or CPU best practices for DGL [https://docs.dgl.ai/tutorials/cpu/cpu_best_practises.html])
  dgl_warning(
/workspace/pmp_vast/envs/pmp-author/lib/python3.10/site-packages/dgl/dataloading/dataloader.py:1076: DGLWarning: Dataloader CPU affinity opt is not enabled, consider switching it on (see enable_cpu_affinity() or CPU best practices for DGL [https://docs.dgl.ai/tutorials/cpu/cpu_best_practises.html])
  dgl_warning(
tfinance_tr20_seed2 epoch=090 loss=0.045801 val_AUPRC=0.864959 best=0.864959@90 patience=0/20 train=8.195s val=8.196s
/workspace/pmp_vast/envs/pmp-author/lib/python3.10/site-packages/dgl/dataloading/dataloader.py:1076: DGLWarning: Dataloader CPU affinity opt is not enabled, consider switching it on (see enable_cpu_affinity() or CPU best practices for DGL [https://docs.dgl.ai/tutorials/cpu/cpu_best_practises.html])
  dgl_warning(
/workspace/pmp_vast/envs/pmp-author/lib/python3.10/site-packages/dgl/dataloading/dataloader.py:1076: DGLWarning: Dataloader CPU affinity opt is not enabled, consider switching it on (see enable_cpu_affinity() or CPU best practices for DGL [https://docs.dgl.ai/tutorials/cpu/cpu_best_practises.html])
  dgl_warning(
/workspace/pmp_vast/envs/pmp-author/lib/python3.10/site-packages/dgl/dataloading/dataloader.py:1076: DGLWarning: Dataloader CPU affinity opt is not enabled, consider switching it on (see enable_cpu_affinity() or CPU best practices for DGL [https://docs.dgl.ai/tutorials/cpu/cpu_best_practises.html])
  dgl_warning(
/workspace/pmp_vast/envs/pmp-author/lib/python3.10/site-packages/dgl/dataloading/dataloader.py:1076: DGLWarning: Dataloader CPU affinity opt is not enabled, consider switching it on (see enable_cpu_affinity() or CPU best practices for DGL [https://docs.dgl.ai/tutorials/cpu/cpu_best_practises.html])
  dgl_warning(
/workspace/pmp_vast/envs/pmp-author/lib/python3.10/site-packages/dgl/dataloading/dataloader.py:1076: DGLWarning: Dataloader CPU affinity opt is not enabled, consider switching it on (see enable_cpu_affinity() or CPU best practices for DGL [https://docs.dgl.ai/tutorials/cpu/cpu_best_practises.html])
  dgl_warning(
/workspace/pmp_vast/envs/pmp-author/lib/python3.10/site-packages/dgl/dataloading/dataloader.py:1076: DGLWarning: Dataloader CPU affinity opt is not enabled, consider switching it on (see enable_cpu_affinity() or CPU best practices for DGL [https://docs.dgl.ai/tutorials/cpu/cpu_best_practises.html])
  dgl_warning(
/workspace/pmp_vast/envs/pmp-author/lib/python3.10/site-packages/dgl/dataloading/dataloader.py:1076: DGLWarning: Dataloader CPU affinity opt is not enabled, consider switching it on (see enable_cpu_affinity() or CPU best practices for DGL [https://docs.dgl.ai/tutorials/cpu/cpu_best_practises.html])
  dgl_warning(
/workspace/pmp_vast/envs/pmp-author/lib/python3.10/site-packages/dgl/dataloading/dataloader.py:1076: DGLWarning: Dataloader CPU affinity opt is not enabled, consider switching it on (see enable_cpu_affinity() or CPU best practices for DGL [https://docs.dgl.ai/tutorials/cpu/cpu_best_practises.html])
  dgl_warning(
/workspace/pmp_vast/envs/pmp-author/lib/python3.10/site-packages/dgl/dataloading/dataloader.py:1076: DGLWarning: Dataloader CPU affinity opt is not enabled, consider switching it on (see enable_cpu_affinity() or CPU best practices for DGL [https://docs.dgl.ai/tutorials/cpu/cpu_best_practises.html])
  dgl_warning(
tfinance_tr20_seed2 epoch=099 loss=0.043061 val_AUPRC=0.865179 best=0.865179@99 patience=0/20 train=8.664s val=8.043s
/workspace/pmp_vast/envs/pmp-author/lib/python3.10/site-packages/dgl/dataloading/dataloader.py:1076: DGLWarning: Dataloader CPU affinity opt is not enabled, consider switching it on (see enable_cpu_affinity() or CPU best practices for DGL [https://docs.dgl.ai/tutorials/cpu/cpu_best_practises.html])
  dgl_warning(
tfinance_tr20_seed2 epoch=100 loss=0.042281 val_AUPRC=0.860237 best=0.865179@99 patience=1/20 train=8.395s val=8.204s
/workspace/pmp_vast/envs/pmp-author/lib/python3.10/site-packages/dgl/dataloading/dataloader.py:1076: DGLWarning: Dataloader CPU affinity opt is not enabled, consider switching it on (see enable_cpu_affinity() or CPU best practices for DGL [https://docs.dgl.ai/tutorials/cpu/cpu_best_practises.html])
  dgl_warning(
tfinance_tr20_seed2 FROZEN | checkpoint epoch=99 | val_AUPRC=0.865179 | threshold=0.49
/workspace/pmp_vast/envs/pmp-author/lib/python3.10/site-packages/dgl/dataloading/dataloader.py:1076: DGLWarning: Dataloader CPU affinity opt is not enabled, consider switching it on (see enable_cpu_affinity() or CPU best practices for DGL [https://docs.dgl.ai/tutorials/cpu/cpu_best_practises.html])
  dgl_warning(
FINAL tfinance_tr20_seed2 PASS | AUPRC=0.887948 | AUROC=0.971590 | MacroF1=0.912405 | Recall=0.765928

===== FINAL RUN tfinance_tr20_seed42 =====
/workspace/pmp_vast/envs/pmp-author/lib/python3.10/site-packages/dgl/dataloading/dataloader.py:1076: DGLWarning: Dataloader CPU affinity opt is not enabled, consider switching it on (see enable_cpu_affinity() or CPU best practices for DGL [https://docs.dgl.ai/tutorials/cpu/cpu_best_practises.html])
  dgl_warning(
tfinance_tr20_seed42 epoch=001 loss=0.489461 val_AUPRC=0.767314 best=0.767314@1 patience=0/20 train=9.652s val=8.493s
/workspace/pmp_vast/envs/pmp-author/lib/python3.10/site-packages/dgl/dataloading/dataloader.py:1076: DGLWarning: Dataloader CPU affinity opt is not enabled, consider switching it on (see enable_cpu_affinity() or CPU best practices for DGL [https://docs.dgl.ai/tutorials/cpu/cpu_best_practises.html])
  dgl_warning(
tfinance_tr20_seed42 epoch=002 loss=0.237476 val_AUPRC=0.802075 best=0.802075@2 patience=0/20 train=8.937s val=8.720s
/workspace/pmp_vast/envs/pmp-author/lib/python3.10/site-packages/dgl/dataloading/dataloader.py:1076: DGLWarning: Dataloader CPU affinity opt is not enabled, consider switching it on (see enable_cpu_affinity() or CPU best practices for DGL [https://docs.dgl.ai/tutorials/cpu/cpu_best_practises.html])
  dgl_warning(
tfinance_tr20_seed42 epoch=003 loss=0.146981 val_AUPRC=0.806813 best=0.806813@3 patience=0/20 train=8.515s val=8.375s
/workspace/pmp_vast/envs/pmp-author/lib/python3.10/site-packages/dgl/dataloading/dataloader.py:1076: DGLWarning: Dataloader CPU affinity opt is not enabled, consider switching it on (see enable_cpu_affinity() or CPU best practices for DGL [https://docs.dgl.ai/tutorials/cpu/cpu_best_practises.html])
  dgl_warning(
tfinance_tr20_seed42 epoch=004 loss=0.123350 val_AUPRC=0.811695 best=0.811695@4 patience=0/20 train=8.289s val=8.073s
/workspace/pmp_vast/envs/pmp-author/lib/python3.10/site-packages/dgl/dataloading/dataloader.py:1076: DGLWarning: Dataloader CPU affinity opt is not enabled, consider switching it on (see enable_cpu_affinity() or CPU best practices for DGL [https://docs.dgl.ai/tutorials/cpu/cpu_best_practises.html])
  dgl_warning(
tfinance_tr20_seed42 epoch=005 loss=0.108839 val_AUPRC=0.816223 best=0.816223@5 patience=0/20 train=8.653s val=8.127s
/workspace/pmp_vast/envs/pmp-author/lib/python3.10/site-packages/dgl/dataloading/dataloader.py:1076: DGLWarning: Dataloader CPU affinity opt is not enabled, consider switching it on (see enable_cpu_affinity() or CPU best practices for DGL [https://docs.dgl.ai/tutorials/cpu/cpu_best_practises.html])
  dgl_warning(
tfinance_tr20_seed42 epoch=006 loss=0.100883 val_AUPRC=0.829733 best=0.829733@6 patience=0/20 train=8.283s val=7.949s
/workspace/pmp_vast/envs/pmp-author/lib/python3.10/site-packages/dgl/dataloading/dataloader.py:1076: DGLWarning: Dataloader CPU affinity opt is not enabled, consider switching it on (see enable_cpu_affinity() or CPU best practices for DGL [https://docs.dgl.ai/tutorials/cpu/cpu_best_practises.html])
  dgl_warning(
tfinance_tr20_seed42 epoch=007 loss=0.089020 val_AUPRC=0.835050 best=0.835050@7 patience=0/20 train=8.316s val=8.227s
/workspace/pmp_vast/envs/pmp-author/lib/python3.10/site-packages/dgl/dataloading/dataloader.py:1076: DGLWarning: Dataloader CPU affinity opt is not enabled, consider switching it on (see enable_cpu_affinity() or CPU best practices for DGL [https://docs.dgl.ai/tutorials/cpu/cpu_best_practises.html])
  dgl_warning(
/workspace/pmp_vast/envs/pmp-author/lib/python3.10/site-packages/dgl/dataloading/dataloader.py:1076: DGLWarning: Dataloader CPU affinity opt is not enabled, consider switching it on (see enable_cpu_affinity() or CPU best practices for DGL [https://docs.dgl.ai/tutorials/cpu/cpu_best_practises.html])
  dgl_warning(
tfinance_tr20_seed42 epoch=009 loss=0.079716 val_AUPRC=0.840240 best=0.840240@9 patience=0/20 train=8.236s val=8.362s
/workspace/pmp_vast/envs/pmp-author/lib/python3.10/site-packages/dgl/dataloading/dataloader.py:1076: DGLWarning: Dataloader CPU affinity opt is not enabled, consider switching it on (see enable_cpu_affinity() or CPU best practices for DGL [https://docs.dgl.ai/tutorials/cpu/cpu_best_practises.html])
  dgl_warning(
tfinance_tr20_seed42 epoch=010 loss=0.082341 val_AUPRC=0.835937 best=0.840240@9 patience=1/20 train=8.404s val=7.815s
/workspace/pmp_vast/envs/pmp-author/lib/python3.10/site-packages/dgl/dataloading/dataloader.py:1076: DGLWarning: Dataloader CPU affinity opt is not enabled, consider switching it on (see enable_cpu_affinity() or CPU best practices for DGL [https://docs.dgl.ai/tutorials/cpu/cpu_best_practises.html])
  dgl_warning(
tfinance_tr20_seed42 epoch=011 loss=0.077129 val_AUPRC=0.841280 best=0.841280@11 patience=0/20 train=8.070s val=7.914s
/workspace/pmp_vast/envs/pmp-author/lib/python3.10/site-packages/dgl/dataloading/dataloader.py:1076: DGLWarning: Dataloader CPU affinity opt is not enabled, consider switching it on (see enable_cpu_affinity() or CPU best practices for DGL [https://docs.dgl.ai/tutorials/cpu/cpu_best_practises.html])
  dgl_warning(
/workspace/pmp_vast/envs/pmp-author/lib/python3.10/site-packages/dgl/dataloading/dataloader.py:1076: DGLWarning: Dataloader CPU affinity opt is not enabled, consider switching it on (see enable_cpu_affinity() or CPU best practices for DGL [https://docs.dgl.ai/tutorials/cpu/cpu_best_practises.html])
  dgl_warning(
/workspace/pmp_vast/envs/pmp-author/lib/python3.10/site-packages/dgl/dataloading/dataloader.py:1076: DGLWarning: Dataloader CPU affinity opt is not enabled, consider switching it on (see enable_cpu_affinity() or CPU best practices for DGL [https://docs.dgl.ai/tutorials/cpu/cpu_best_practises.html])
  dgl_warning(
tfinance_tr20_seed42 epoch=014 loss=0.065896 val_AUPRC=0.843771 best=0.843771@14 patience=0/20 train=8.431s val=7.852s
/workspace/pmp_vast/envs/pmp-author/lib/python3.10/site-packages/dgl/dataloading/dataloader.py:1076: DGLWarning: Dataloader CPU affinity opt is not enabled, consider switching it on (see enable_cpu_affinity() or CPU best practices for DGL [https://docs.dgl.ai/tutorials/cpu/cpu_best_practises.html])
  dgl_warning(
tfinance_tr20_seed42 epoch=015 loss=0.065542 val_AUPRC=0.845785 best=0.845785@15 patience=0/20 train=8.391s val=8.010s
/workspace/pmp_vast/envs/pmp-author/lib/python3.10/site-packages/dgl/dataloading/dataloader.py:1076: DGLWarning: Dataloader CPU affinity opt is not enabled, consider switching it on (see enable_cpu_affinity() or CPU best practices for DGL [https://docs.dgl.ai/tutorials/cpu/cpu_best_practises.html])
  dgl_warning(
tfinance_tr20_seed42 epoch=016 loss=0.061914 val_AUPRC=0.849074 best=0.849074@16 patience=0/20 train=8.385s val=7.810s
/workspace/pmp_vast/envs/pmp-author/lib/python3.10/site-packages/dgl/dataloading/dataloader.py:1076: DGLWarning: Dataloader CPU affinity opt is not enabled, consider switching it on (see enable_cpu_affinity() or CPU best practices for DGL [https://docs.dgl.ai/tutorials/cpu/cpu_best_practises.html])
  dgl_warning(
/workspace/pmp_vast/envs/pmp-author/lib/python3.10/site-packages/dgl/dataloading/dataloader.py:1076: DGLWarning: Dataloader CPU affinity opt is not enabled, consider switching it on (see enable_cpu_affinity() or CPU best practices for DGL [https://docs.dgl.ai/tutorials/cpu/cpu_best_practises.html])
  dgl_warning(
/workspace/pmp_vast/envs/pmp-author/lib/python3.10/site-packages/dgl/dataloading/dataloader.py:1076: DGLWarning: Dataloader CPU affinity opt is not enabled, consider switching it on (see enable_cpu_affinity() or CPU best practices for DGL [https://docs.dgl.ai/tutorials/cpu/cpu_best_practises.html])
  dgl_warning(
/workspace/pmp_vast/envs/pmp-author/lib/python3.10/site-packages/dgl/dataloading/dataloader.py:1076: DGLWarning: Dataloader CPU affinity opt is not enabled, consider switching it on (see enable_cpu_affinity() or CPU best practices for DGL [https://docs.dgl.ai/tutorials/cpu/cpu_best_practises.html])
  dgl_warning(
tfinance_tr20_seed42 epoch=020 loss=0.057901 val_AUPRC=0.848216 best=0.849074@16 patience=4/20 train=7.984s val=8.222s
/workspace/pmp_vast/envs/pmp-author/lib/python3.10/site-packages/dgl/dataloading/dataloader.py:1076: DGLWarning: Dataloader CPU affinity opt is not enabled, consider switching it on (see enable_cpu_affinity() or CPU best practices for DGL [https://docs.dgl.ai/tutorials/cpu/cpu_best_practises.html])
  dgl_warning(
/workspace/pmp_vast/envs/pmp-author/lib/python3.10/site-packages/dgl/dataloading/dataloader.py:1076: DGLWarning: Dataloader CPU affinity opt is not enabled, consider switching it on (see enable_cpu_affinity() or CPU best practices for DGL [https://docs.dgl.ai/tutorials/cpu/cpu_best_practises.html])
  dgl_warning(
/workspace/pmp_vast/envs/pmp-author/lib/python3.10/site-packages/dgl/dataloading/dataloader.py:1076: DGLWarning: Dataloader CPU affinity opt is not enabled, consider switching it on (see enable_cpu_affinity() or CPU best practices for DGL [https://docs.dgl.ai/tutorials/cpu/cpu_best_practises.html])
  dgl_warning(
tfinance_tr20_seed42 epoch=023 loss=0.059706 val_AUPRC=0.850189 best=0.850189@23 patience=0/20 train=8.036s val=7.798s
/workspace/pmp_vast/envs/pmp-author/lib/python3.10/site-packages/dgl/dataloading/dataloader.py:1076: DGLWarning: Dataloader CPU affinity opt is not enabled, consider switching it on (see enable_cpu_affinity() or CPU best practices for DGL [https://docs.dgl.ai/tutorials/cpu/cpu_best_practises.html])
  dgl_warning(
/workspace/pmp_vast/envs/pmp-author/lib/python3.10/site-packages/dgl/dataloading/dataloader.py:1076: DGLWarning: Dataloader CPU affinity opt is not enabled, consider switching it on (see enable_cpu_affinity() or CPU best practices for DGL [https://docs.dgl.ai/tutorials/cpu/cpu_best_practises.html])
  dgl_warning(
/workspace/pmp_vast/envs/pmp-author/lib/python3.10/site-packages/dgl/dataloading/dataloader.py:1076: DGLWarning: Dataloader CPU affinity opt is not enabled, consider switching it on (see enable_cpu_affinity() or CPU best practices for DGL [https://docs.dgl.ai/tutorials/cpu/cpu_best_practises.html])
  dgl_warning(
/workspace/pmp_vast/envs/pmp-author/lib/python3.10/site-packages/dgl/dataloading/dataloader.py:1076: DGLWarning: Dataloader CPU affinity opt is not enabled, consider switching it on (see enable_cpu_affinity() or CPU best practices for DGL [https://docs.dgl.ai/tutorials/cpu/cpu_best_practises.html])
  dgl_warning(
/workspace/pmp_vast/envs/pmp-author/lib/python3.10/site-packages/dgl/dataloading/dataloader.py:1076: DGLWarning: Dataloader CPU affinity opt is not enabled, consider switching it on (see enable_cpu_affinity() or CPU best practices for DGL [https://docs.dgl.ai/tutorials/cpu/cpu_best_practises.html])
  dgl_warning(
/workspace/pmp_vast/envs/pmp-author/lib/python3.10/site-packages/dgl/dataloading/dataloader.py:1076: DGLWarning: Dataloader CPU affinity opt is not enabled, consider switching it on (see enable_cpu_affinity() or CPU best practices for DGL [https://docs.dgl.ai/tutorials/cpu/cpu_best_practises.html])
  dgl_warning(
tfinance_tr20_seed42 epoch=029 loss=0.062017 val_AUPRC=0.850759 best=0.850759@29 patience=0/20 train=8.642s val=8.266s
/workspace/pmp_vast/envs/pmp-author/lib/python3.10/site-packages/dgl/dataloading/dataloader.py:1076: DGLWarning: Dataloader CPU affinity opt is not enabled, consider switching it on (see enable_cpu_affinity() or CPU best practices for DGL [https://docs.dgl.ai/tutorials/cpu/cpu_best_practises.html])
  dgl_warning(
tfinance_tr20_seed42 epoch=030 loss=0.049491 val_AUPRC=0.805772 best=0.850759@29 patience=1/20 train=8.709s val=8.526s
/workspace/pmp_vast/envs/pmp-author/lib/python3.10/site-packages/dgl/dataloading/dataloader.py:1076: DGLWarning: Dataloader CPU affinity opt is not enabled, consider switching it on (see enable_cpu_affinity() or CPU best practices for DGL [https://docs.dgl.ai/tutorials/cpu/cpu_best_practises.html])
  dgl_warning(
/workspace/pmp_vast/envs/pmp-author/lib/python3.10/site-packages/dgl/dataloading/dataloader.py:1076: DGLWarning: Dataloader CPU affinity opt is not enabled, consider switching it on (see enable_cpu_affinity() or CPU best practices for DGL [https://docs.dgl.ai/tutorials/cpu/cpu_best_practises.html])
  dgl_warning(
/workspace/pmp_vast/envs/pmp-author/lib/python3.10/site-packages/dgl/dataloading/dataloader.py:1076: DGLWarning: Dataloader CPU affinity opt is not enabled, consider switching it on (see enable_cpu_affinity() or CPU best practices for DGL [https://docs.dgl.ai/tutorials/cpu/cpu_best_practises.html])
  dgl_warning(
/workspace/pmp_vast/envs/pmp-author/lib/python3.10/site-packages/dgl/dataloading/dataloader.py:1076: DGLWarning: Dataloader CPU affinity opt is not enabled, consider switching it on (see enable_cpu_affinity() or CPU best practices for DGL [https://docs.dgl.ai/tutorials/cpu/cpu_best_practises.html])
  dgl_warning(
/workspace/pmp_vast/envs/pmp-author/lib/python3.10/site-packages/dgl/dataloading/dataloader.py:1076: DGLWarning: Dataloader CPU affinity opt is not enabled, consider switching it on (see enable_cpu_affinity() or CPU best practices for DGL [https://docs.dgl.ai/tutorials/cpu/cpu_best_practises.html])
  dgl_warning(
/workspace/pmp_vast/envs/pmp-author/lib/python3.10/site-packages/dgl/dataloading/dataloader.py:1076: DGLWarning: Dataloader CPU affinity opt is not enabled, consider switching it on (see enable_cpu_affinity() or CPU best practices for DGL [https://docs.dgl.ai/tutorials/cpu/cpu_best_practises.html])
  dgl_warning(
/workspace/pmp_vast/envs/pmp-author/lib/python3.10/site-packages/dgl/dataloading/dataloader.py:1076: DGLWarning: Dataloader CPU affinity opt is not enabled, consider switching it on (see enable_cpu_affinity() or CPU best practices for DGL [https://docs.dgl.ai/tutorials/cpu/cpu_best_practises.html])
  dgl_warning(
/workspace/pmp_vast/envs/pmp-author/lib/python3.10/site-packages/dgl/dataloading/dataloader.py:1076: DGLWarning: Dataloader CPU affinity opt is not enabled, consider switching it on (see enable_cpu_affinity() or CPU best practices for DGL [https://docs.dgl.ai/tutorials/cpu/cpu_best_practises.html])
  dgl_warning(
/workspace/pmp_vast/envs/pmp-author/lib/python3.10/site-packages/dgl/dataloading/dataloader.py:1076: DGLWarning: Dataloader CPU affinity opt is not enabled, consider switching it on (see enable_cpu_affinity() or CPU best practices for DGL [https://docs.dgl.ai/tutorials/cpu/cpu_best_practises.html])
  dgl_warning(
/workspace/pmp_vast/envs/pmp-author/lib/python3.10/site-packages/dgl/dataloading/dataloader.py:1076: DGLWarning: Dataloader CPU affinity opt is not enabled, consider switching it on (see enable_cpu_affinity() or CPU best practices for DGL [https://docs.dgl.ai/tutorials/cpu/cpu_best_practises.html])
  dgl_warning(
tfinance_tr20_seed42 epoch=040 loss=0.059919 val_AUPRC=0.841793 best=0.850759@29 patience=11/20 train=8.334s val=8.822s
/workspace/pmp_vast/envs/pmp-author/lib/python3.10/site-packages/dgl/dataloading/dataloader.py:1076: DGLWarning: Dataloader CPU affinity opt is not enabled, consider switching it on (see enable_cpu_affinity() or CPU best practices for DGL [https://docs.dgl.ai/tutorials/cpu/cpu_best_practises.html])
  dgl_warning(
/workspace/pmp_vast/envs/pmp-author/lib/python3.10/site-packages/dgl/dataloading/dataloader.py:1076: DGLWarning: Dataloader CPU affinity opt is not enabled, consider switching it on (see enable_cpu_affinity() or CPU best practices for DGL [https://docs.dgl.ai/tutorials/cpu/cpu_best_practises.html])
  dgl_warning(
tfinance_tr20_seed42 epoch=042 loss=0.050323 val_AUPRC=0.851488 best=0.851488@42 patience=0/20 train=8.264s val=8.411s
/workspace/pmp_vast/envs/pmp-author/lib/python3.10/site-packages/dgl/dataloading/dataloader.py:1076: DGLWarning: Dataloader CPU affinity opt is not enabled, consider switching it on (see enable_cpu_affinity() or CPU best practices for DGL [https://docs.dgl.ai/tutorials/cpu/cpu_best_practises.html])
  dgl_warning(
/workspace/pmp_vast/envs/pmp-author/lib/python3.10/site-packages/dgl/dataloading/dataloader.py:1076: DGLWarning: Dataloader CPU affinity opt is not enabled, consider switching it on (see enable_cpu_affinity() or CPU best practices for DGL [https://docs.dgl.ai/tutorials/cpu/cpu_best_practises.html])
  dgl_warning(
/workspace/pmp_vast/envs/pmp-author/lib/python3.10/site-packages/dgl/dataloading/dataloader.py:1076: DGLWarning: Dataloader CPU affinity opt is not enabled, consider switching it on (see enable_cpu_affinity() or CPU best practices for DGL [https://docs.dgl.ai/tutorials/cpu/cpu_best_practises.html])
  dgl_warning(
/workspace/pmp_vast/envs/pmp-author/lib/python3.10/site-packages/dgl/dataloading/dataloader.py:1076: DGLWarning: Dataloader CPU affinity opt is not enabled, consider switching it on (see enable_cpu_affinity() or CPU best practices for DGL [https://docs.dgl.ai/tutorials/cpu/cpu_best_practises.html])
  dgl_warning(
/workspace/pmp_vast/envs/pmp-author/lib/python3.10/site-packages/dgl/dataloading/dataloader.py:1076: DGLWarning: Dataloader CPU affinity opt is not enabled, consider switching it on (see enable_cpu_affinity() or CPU best practices for DGL [https://docs.dgl.ai/tutorials/cpu/cpu_best_practises.html])
  dgl_warning(
/workspace/pmp_vast/envs/pmp-author/lib/python3.10/site-packages/dgl/dataloading/dataloader.py:1076: DGLWarning: Dataloader CPU affinity opt is not enabled, consider switching it on (see enable_cpu_affinity() or CPU best practices for DGL [https://docs.dgl.ai/tutorials/cpu/cpu_best_practises.html])
  dgl_warning(
/workspace/pmp_vast/envs/pmp-author/lib/python3.10/site-packages/dgl/dataloading/dataloader.py:1076: DGLWarning: Dataloader CPU affinity opt is not enabled, consider switching it on (see enable_cpu_affinity() or CPU best practices for DGL [https://docs.dgl.ai/tutorials/cpu/cpu_best_practises.html])
  dgl_warning(
tfinance_tr20_seed42 epoch=049 loss=0.048931 val_AUPRC=0.854110 best=0.854110@49 patience=0/20 train=8.399s val=8.020s
/workspace/pmp_vast/envs/pmp-author/lib/python3.10/site-packages/dgl/dataloading/dataloader.py:1076: DGLWarning: Dataloader CPU affinity opt is not enabled, consider switching it on (see enable_cpu_affinity() or CPU best practices for DGL [https://docs.dgl.ai/tutorials/cpu/cpu_best_practises.html])
  dgl_warning(
tfinance_tr20_seed42 epoch=050 loss=0.050059 val_AUPRC=0.806217 best=0.854110@49 patience=1/20 train=8.244s val=7.937s
/workspace/pmp_vast/envs/pmp-author/lib/python3.10/site-packages/dgl/dataloading/dataloader.py:1076: DGLWarning: Dataloader CPU affinity opt is not enabled, consider switching it on (see enable_cpu_affinity() or CPU best practices for DGL [https://docs.dgl.ai/tutorials/cpu/cpu_best_practises.html])
  dgl_warning(
/workspace/pmp_vast/envs/pmp-author/lib/python3.10/site-packages/dgl/dataloading/dataloader.py:1076: DGLWarning: Dataloader CPU affinity opt is not enabled, consider switching it on (see enable_cpu_affinity() or CPU best practices for DGL [https://docs.dgl.ai/tutorials/cpu/cpu_best_practises.html])
  dgl_warning(
/workspace/pmp_vast/envs/pmp-author/lib/python3.10/site-packages/dgl/dataloading/dataloader.py:1076: DGLWarning: Dataloader CPU affinity opt is not enabled, consider switching it on (see enable_cpu_affinity() or CPU best practices for DGL [https://docs.dgl.ai/tutorials/cpu/cpu_best_practises.html])
  dgl_warning(
tfinance_tr20_seed42 epoch=053 loss=0.047625 val_AUPRC=0.857328 best=0.857328@53 patience=0/20 train=8.383s val=8.258s
/workspace/pmp_vast/envs/pmp-author/lib/python3.10/site-packages/dgl/dataloading/dataloader.py:1076: DGLWarning: Dataloader CPU affinity opt is not enabled, consider switching it on (see enable_cpu_affinity() or CPU best practices for DGL [https://docs.dgl.ai/tutorials/cpu/cpu_best_practises.html])
  dgl_warning(
/workspace/pmp_vast/envs/pmp-author/lib/python3.10/site-packages/dgl/dataloading/dataloader.py:1076: DGLWarning: Dataloader CPU affinity opt is not enabled, consider switching it on (see enable_cpu_affinity() or CPU best practices for DGL [https://docs.dgl.ai/tutorials/cpu/cpu_best_practises.html])
  dgl_warning(
/workspace/pmp_vast/envs/pmp-author/lib/python3.10/site-packages/dgl/dataloading/dataloader.py:1076: DGLWarning: Dataloader CPU affinity opt is not enabled, consider switching it on (see enable_cpu_affinity() or CPU best practices for DGL [https://docs.dgl.ai/tutorials/cpu/cpu_best_practises.html])
  dgl_warning(
/workspace/pmp_vast/envs/pmp-author/lib/python3.10/site-packages/dgl/dataloading/dataloader.py:1076: DGLWarning: Dataloader CPU affinity opt is not enabled, consider switching it on (see enable_cpu_affinity() or CPU best practices for DGL [https://docs.dgl.ai/tutorials/cpu/cpu_best_practises.html])
  dgl_warning(
/workspace/pmp_vast/envs/pmp-author/lib/python3.10/site-packages/dgl/dataloading/dataloader.py:1076: DGLWarning: Dataloader CPU affinity opt is not enabled, consider switching it on (see enable_cpu_affinity() or CPU best practices for DGL [https://docs.dgl.ai/tutorials/cpu/cpu_best_practises.html])
  dgl_warning(
/workspace/pmp_vast/envs/pmp-author/lib/python3.10/site-packages/dgl/dataloading/dataloader.py:1076: DGLWarning: Dataloader CPU affinity opt is not enabled, consider switching it on (see enable_cpu_affinity() or CPU best practices for DGL [https://docs.dgl.ai/tutorials/cpu/cpu_best_practises.html])
  dgl_warning(
/workspace/pmp_vast/envs/pmp-author/lib/python3.10/site-packages/dgl/dataloading/dataloader.py:1076: DGLWarning: Dataloader CPU affinity opt is not enabled, consider switching it on (see enable_cpu_affinity() or CPU best practices for DGL [https://docs.dgl.ai/tutorials/cpu/cpu_best_practises.html])
  dgl_warning(
tfinance_tr20_seed42 epoch=060 loss=0.052532 val_AUPRC=0.824489 best=0.857328@53 patience=7/20 train=8.412s val=8.216s
/workspace/pmp_vast/envs/pmp-author/lib/python3.10/site-packages/dgl/dataloading/dataloader.py:1076: DGLWarning: Dataloader CPU affinity opt is not enabled, consider switching it on (see enable_cpu_affinity() or CPU best practices for DGL [https://docs.dgl.ai/tutorials/cpu/cpu_best_practises.html])
  dgl_warning(
/workspace/pmp_vast/envs/pmp-author/lib/python3.10/site-packages/dgl/dataloading/dataloader.py:1076: DGLWarning: Dataloader CPU affinity opt is not enabled, consider switching it on (see enable_cpu_affinity() or CPU best practices for DGL [https://docs.dgl.ai/tutorials/cpu/cpu_best_practises.html])
  dgl_warning(
/workspace/pmp_vast/envs/pmp-author/lib/python3.10/site-packages/dgl/dataloading/dataloader.py:1076: DGLWarning: Dataloader CPU affinity opt is not enabled, consider switching it on (see enable_cpu_affinity() or CPU best practices for DGL [https://docs.dgl.ai/tutorials/cpu/cpu_best_practises.html])
  dgl_warning(
/workspace/pmp_vast/envs/pmp-author/lib/python3.10/site-packages/dgl/dataloading/dataloader.py:1076: DGLWarning: Dataloader CPU affinity opt is not enabled, consider switching it on (see enable_cpu_affinity() or CPU best practices for DGL [https://docs.dgl.ai/tutorials/cpu/cpu_best_practises.html])
  dgl_warning(
/workspace/pmp_vast/envs/pmp-author/lib/python3.10/site-packages/dgl/dataloading/dataloader.py:1076: DGLWarning: Dataloader CPU affinity opt is not enabled, consider switching it on (see enable_cpu_affinity() or CPU best practices for DGL [https://docs.dgl.ai/tutorials/cpu/cpu_best_practises.html])
  dgl_warning(
/workspace/pmp_vast/envs/pmp-author/lib/python3.10/site-packages/dgl/dataloading/dataloader.py:1076: DGLWarning: Dataloader CPU affinity opt is not enabled, consider switching it on (see enable_cpu_affinity() or CPU best practices for DGL [https://docs.dgl.ai/tutorials/cpu/cpu_best_practises.html])
  dgl_warning(
/workspace/pmp_vast/envs/pmp-author/lib/python3.10/site-packages/dgl/dataloading/dataloader.py:1076: DGLWarning: Dataloader CPU affinity opt is not enabled, consider switching it on (see enable_cpu_affinity() or CPU best practices for DGL [https://docs.dgl.ai/tutorials/cpu/cpu_best_practises.html])
  dgl_warning(
/workspace/pmp_vast/envs/pmp-author/lib/python3.10/site-packages/dgl/dataloading/dataloader.py:1076: DGLWarning: Dataloader CPU affinity opt is not enabled, consider switching it on (see enable_cpu_affinity() or CPU best practices for DGL [https://docs.dgl.ai/tutorials/cpu/cpu_best_practises.html])
  dgl_warning(
/workspace/pmp_vast/envs/pmp-author/lib/python3.10/site-packages/dgl/dataloading/dataloader.py:1076: DGLWarning: Dataloader CPU affinity opt is not enabled, consider switching it on (see enable_cpu_affinity() or CPU best practices for DGL [https://docs.dgl.ai/tutorials/cpu/cpu_best_practises.html])
  dgl_warning(
/workspace/pmp_vast/envs/pmp-author/lib/python3.10/site-packages/dgl/dataloading/dataloader.py:1076: DGLWarning: Dataloader CPU affinity opt is not enabled, consider switching it on (see enable_cpu_affinity() or CPU best practices for DGL [https://docs.dgl.ai/tutorials/cpu/cpu_best_practises.html])
  dgl_warning(
tfinance_tr20_seed42 epoch=070 loss=0.043409 val_AUPRC=0.821408 best=0.857328@53 patience=17/20 train=8.420s val=8.279s
/workspace/pmp_vast/envs/pmp-author/lib/python3.10/site-packages/dgl/dataloading/dataloader.py:1076: DGLWarning: Dataloader CPU affinity opt is not enabled, consider switching it on (see enable_cpu_affinity() or CPU best practices for DGL [https://docs.dgl.ai/tutorials/cpu/cpu_best_practises.html])
  dgl_warning(
/workspace/pmp_vast/envs/pmp-author/lib/python3.10/site-packages/dgl/dataloading/dataloader.py:1076: DGLWarning: Dataloader CPU affinity opt is not enabled, consider switching it on (see enable_cpu_affinity() or CPU best practices for DGL [https://docs.dgl.ai/tutorials/cpu/cpu_best_practises.html])
  dgl_warning(
/workspace/pmp_vast/envs/pmp-author/lib/python3.10/site-packages/dgl/dataloading/dataloader.py:1076: DGLWarning: Dataloader CPU affinity opt is not enabled, consider switching it on (see enable_cpu_affinity() or CPU best practices for DGL [https://docs.dgl.ai/tutorials/cpu/cpu_best_practises.html])
  dgl_warning(
tfinance_tr20_seed42 epoch=073 loss=0.045022 val_AUPRC=0.843267 best=0.857328@53 patience=20/20 train=8.663s val=8.190s
EARLY_STOP tfinance_tr20_seed42 epoch=73 best_epoch=53
/workspace/pmp_vast/envs/pmp-author/lib/python3.10/site-packages/dgl/dataloading/dataloader.py:1076: DGLWarning: Dataloader CPU affinity opt is not enabled, consider switching it on (see enable_cpu_affinity() or CPU best practices for DGL [https://docs.dgl.ai/tutorials/cpu/cpu_best_practises.html])
  dgl_warning(
tfinance_tr20_seed42 FROZEN | checkpoint epoch=53 | val_AUPRC=0.857328 | threshold=0.47
/workspace/pmp_vast/envs/pmp-author/lib/python3.10/site-packages/dgl/dataloading/dataloader.py:1076: DGLWarning: Dataloader CPU affinity opt is not enabled, consider switching it on (see enable_cpu_affinity() or CPU best practices for DGL [https://docs.dgl.ai/tutorials/cpu/cpu_best_practises.html])
  dgl_warning(
FINAL tfinance_tr20_seed42 PASS | AUPRC=0.880529 | AUROC=0.967072 | MacroF1=0.914982 | Recall=0.810249

===== FINAL RUN tfinance_tr20_seed72 =====
/workspace/pmp_vast/envs/pmp-author/lib/python3.10/site-packages/dgl/dataloading/dataloader.py:1076: DGLWarning: Dataloader CPU affinity opt is not enabled, consider switching it on (see enable_cpu_affinity() or CPU best practices for DGL [https://docs.dgl.ai/tutorials/cpu/cpu_best_practises.html])
  dgl_warning(
tfinance_tr20_seed72 epoch=001 loss=0.308636 val_AUPRC=0.705346 best=0.705346@1 patience=0/20 train=8.149s val=8.077s
/workspace/pmp_vast/envs/pmp-author/lib/python3.10/site-packages/dgl/dataloading/dataloader.py:1076: DGLWarning: Dataloader CPU affinity opt is not enabled, consider switching it on (see enable_cpu_affinity() or CPU best practices for DGL [https://docs.dgl.ai/tutorials/cpu/cpu_best_practises.html])
  dgl_warning(
tfinance_tr20_seed72 epoch=002 loss=0.189621 val_AUPRC=0.789819 best=0.789819@2 patience=0/20 train=8.536s val=7.995s
/workspace/pmp_vast/envs/pmp-author/lib/python3.10/site-packages/dgl/dataloading/dataloader.py:1076: DGLWarning: Dataloader CPU affinity opt is not enabled, consider switching it on (see enable_cpu_affinity() or CPU best practices for DGL [https://docs.dgl.ai/tutorials/cpu/cpu_best_practises.html])
  dgl_warning(
tfinance_tr20_seed72 epoch=003 loss=0.128033 val_AUPRC=0.802387 best=0.802387@3 patience=0/20 train=8.497s val=8.334s
/workspace/pmp_vast/envs/pmp-author/lib/python3.10/site-packages/dgl/dataloading/dataloader.py:1076: DGLWarning: Dataloader CPU affinity opt is not enabled, consider switching it on (see enable_cpu_affinity() or CPU best practices for DGL [https://docs.dgl.ai/tutorials/cpu/cpu_best_practises.html])
  dgl_warning(
tfinance_tr20_seed72 epoch=004 loss=0.104783 val_AUPRC=0.820814 best=0.820814@4 patience=0/20 train=8.715s val=8.090s
/workspace/pmp_vast/envs/pmp-author/lib/python3.10/site-packages/dgl/dataloading/dataloader.py:1076: DGLWarning: Dataloader CPU affinity opt is not enabled, consider switching it on (see enable_cpu_affinity() or CPU best practices for DGL [https://docs.dgl.ai/tutorials/cpu/cpu_best_practises.html])
  dgl_warning(
/workspace/pmp_vast/envs/pmp-author/lib/python3.10/site-packages/dgl/dataloading/dataloader.py:1076: DGLWarning: Dataloader CPU affinity opt is not enabled, consider switching it on (see enable_cpu_affinity() or CPU best practices for DGL [https://docs.dgl.ai/tutorials/cpu/cpu_best_practises.html])
  dgl_warning(
/workspace/pmp_vast/envs/pmp-author/lib/python3.10/site-packages/dgl/dataloading/dataloader.py:1076: DGLWarning: Dataloader CPU affinity opt is not enabled, consider switching it on (see enable_cpu_affinity() or CPU best practices for DGL [https://docs.dgl.ai/tutorials/cpu/cpu_best_practises.html])
  dgl_warning(
tfinance_tr20_seed72 epoch=007 loss=0.080363 val_AUPRC=0.835998 best=0.835998@7 patience=0/20 train=8.192s val=7.986s
/workspace/pmp_vast/envs/pmp-author/lib/python3.10/site-packages/dgl/dataloading/dataloader.py:1076: DGLWarning: Dataloader CPU affinity opt is not enabled, consider switching it on (see enable_cpu_affinity() or CPU best practices for DGL [https://docs.dgl.ai/tutorials/cpu/cpu_best_practises.html])
  dgl_warning(
/workspace/pmp_vast/envs/pmp-author/lib/python3.10/site-packages/dgl/dataloading/dataloader.py:1076: DGLWarning: Dataloader CPU affinity opt is not enabled, consider switching it on (see enable_cpu_affinity() or CPU best practices for DGL [https://docs.dgl.ai/tutorials/cpu/cpu_best_practises.html])
  dgl_warning(
/workspace/pmp_vast/envs/pmp-author/lib/python3.10/site-packages/dgl/dataloading/dataloader.py:1076: DGLWarning: Dataloader CPU affinity opt is not enabled, consider switching it on (see enable_cpu_affinity() or CPU best practices for DGL [https://docs.dgl.ai/tutorials/cpu/cpu_best_practises.html])
  dgl_warning(
tfinance_tr20_seed72 epoch=010 loss=0.074540 val_AUPRC=0.711944 best=0.835998@7 patience=3/20 train=8.226s val=8.198s
/workspace/pmp_vast/envs/pmp-author/lib/python3.10/site-packages/dgl/dataloading/dataloader.py:1076: DGLWarning: Dataloader CPU affinity opt is not enabled, consider switching it on (see enable_cpu_affinity() or CPU best practices for DGL [https://docs.dgl.ai/tutorials/cpu/cpu_best_practises.html])
  dgl_warning(
/workspace/pmp_vast/envs/pmp-author/lib/python3.10/site-packages/dgl/dataloading/dataloader.py:1076: DGLWarning: Dataloader CPU affinity opt is not enabled, consider switching it on (see enable_cpu_affinity() or CPU best practices for DGL [https://docs.dgl.ai/tutorials/cpu/cpu_best_practises.html])
  dgl_warning(
/workspace/pmp_vast/envs/pmp-author/lib/python3.10/site-packages/dgl/dataloading/dataloader.py:1076: DGLWarning: Dataloader CPU affinity opt is not enabled, consider switching it on (see enable_cpu_affinity() or CPU best practices for DGL [https://docs.dgl.ai/tutorials/cpu/cpu_best_practises.html])
  dgl_warning(
tfinance_tr20_seed72 epoch=013 loss=0.068119 val_AUPRC=0.838353 best=0.838353@13 patience=0/20 train=8.474s val=7.823s
/workspace/pmp_vast/envs/pmp-author/lib/python3.10/site-packages/dgl/dataloading/dataloader.py:1076: DGLWarning: Dataloader CPU affinity opt is not enabled, consider switching it on (see enable_cpu_affinity() or CPU best practices for DGL [https://docs.dgl.ai/tutorials/cpu/cpu_best_practises.html])
  dgl_warning(
/workspace/pmp_vast/envs/pmp-author/lib/python3.10/site-packages/dgl/dataloading/dataloader.py:1076: DGLWarning: Dataloader CPU affinity opt is not enabled, consider switching it on (see enable_cpu_affinity() or CPU best practices for DGL [https://docs.dgl.ai/tutorials/cpu/cpu_best_practises.html])
  dgl_warning(
/workspace/pmp_vast/envs/pmp-author/lib/python3.10/site-packages/dgl/dataloading/dataloader.py:1076: DGLWarning: Dataloader CPU affinity opt is not enabled, consider switching it on (see enable_cpu_affinity() or CPU best practices for DGL [https://docs.dgl.ai/tutorials/cpu/cpu_best_practises.html])
  dgl_warning(
/workspace/pmp_vast/envs/pmp-author/lib/python3.10/site-packages/dgl/dataloading/dataloader.py:1076: DGLWarning: Dataloader CPU affinity opt is not enabled, consider switching it on (see enable_cpu_affinity() or CPU best practices for DGL [https://docs.dgl.ai/tutorials/cpu/cpu_best_practises.html])
  dgl_warning(
/workspace/pmp_vast/envs/pmp-author/lib/python3.10/site-packages/dgl/dataloading/dataloader.py:1076: DGLWarning: Dataloader CPU affinity opt is not enabled, consider switching it on (see enable_cpu_affinity() or CPU best practices for DGL [https://docs.dgl.ai/tutorials/cpu/cpu_best_practises.html])
  dgl_warning(
/workspace/pmp_vast/envs/pmp-author/lib/python3.10/site-packages/dgl/dataloading/dataloader.py:1076: DGLWarning: Dataloader CPU affinity opt is not enabled, consider switching it on (see enable_cpu_affinity() or CPU best practices for DGL [https://docs.dgl.ai/tutorials/cpu/cpu_best_practises.html])
  dgl_warning(
/workspace/pmp_vast/envs/pmp-author/lib/python3.10/site-packages/dgl/dataloading/dataloader.py:1076: DGLWarning: Dataloader CPU affinity opt is not enabled, consider switching it on (see enable_cpu_affinity() or CPU best practices for DGL [https://docs.dgl.ai/tutorials/cpu/cpu_best_practises.html])
  dgl_warning(
tfinance_tr20_seed72 epoch=020 loss=0.060159 val_AUPRC=0.720439 best=0.838353@13 patience=7/20 train=8.103s val=7.837s
/workspace/pmp_vast/envs/pmp-author/lib/python3.10/site-packages/dgl/dataloading/dataloader.py:1076: DGLWarning: Dataloader CPU affinity opt is not enabled, consider switching it on (see enable_cpu_affinity() or CPU best practices for DGL [https://docs.dgl.ai/tutorials/cpu/cpu_best_practises.html])
  dgl_warning(
/workspace/pmp_vast/envs/pmp-author/lib/python3.10/site-packages/dgl/dataloading/dataloader.py:1076: DGLWarning: Dataloader CPU affinity opt is not enabled, consider switching it on (see enable_cpu_affinity() or CPU best practices for DGL [https://docs.dgl.ai/tutorials/cpu/cpu_best_practises.html])
  dgl_warning(
/workspace/pmp_vast/envs/pmp-author/lib/python3.10/site-packages/dgl/dataloading/dataloader.py:1076: DGLWarning: Dataloader CPU affinity opt is not enabled, consider switching it on (see enable_cpu_affinity() or CPU best practices for DGL [https://docs.dgl.ai/tutorials/cpu/cpu_best_practises.html])
  dgl_warning(
/workspace/pmp_vast/envs/pmp-author/lib/python3.10/site-packages/dgl/dataloading/dataloader.py:1076: DGLWarning: Dataloader CPU affinity opt is not enabled, consider switching it on (see enable_cpu_affinity() or CPU best practices for DGL [https://docs.dgl.ai/tutorials/cpu/cpu_best_practises.html])
  dgl_warning(
/workspace/pmp_vast/envs/pmp-author/lib/python3.10/site-packages/dgl/dataloading/dataloader.py:1076: DGLWarning: Dataloader CPU affinity opt is not enabled, consider switching it on (see enable_cpu_affinity() or CPU best practices for DGL [https://docs.dgl.ai/tutorials/cpu/cpu_best_practises.html])
  dgl_warning(
/workspace/pmp_vast/envs/pmp-author/lib/python3.10/site-packages/dgl/dataloading/dataloader.py:1076: DGLWarning: Dataloader CPU affinity opt is not enabled, consider switching it on (see enable_cpu_affinity() or CPU best practices for DGL [https://docs.dgl.ai/tutorials/cpu/cpu_best_practises.html])
  dgl_warning(
/workspace/pmp_vast/envs/pmp-author/lib/python3.10/site-packages/dgl/dataloading/dataloader.py:1076: DGLWarning: Dataloader CPU affinity opt is not enabled, consider switching it on (see enable_cpu_affinity() or CPU best practices for DGL [https://docs.dgl.ai/tutorials/cpu/cpu_best_practises.html])
  dgl_warning(
/workspace/pmp_vast/envs/pmp-author/lib/python3.10/site-packages/dgl/dataloading/dataloader.py:1076: DGLWarning: Dataloader CPU affinity opt is not enabled, consider switching it on (see enable_cpu_affinity() or CPU best practices for DGL [https://docs.dgl.ai/tutorials/cpu/cpu_best_practises.html])
  dgl_warning(
/workspace/pmp_vast/envs/pmp-author/lib/python3.10/site-packages/dgl/dataloading/dataloader.py:1076: DGLWarning: Dataloader CPU affinity opt is not enabled, consider switching it on (see enable_cpu_affinity() or CPU best practices for DGL [https://docs.dgl.ai/tutorials/cpu/cpu_best_practises.html])
  dgl_warning(
/workspace/pmp_vast/envs/pmp-author/lib/python3.10/site-packages/dgl/dataloading/dataloader.py:1076: DGLWarning: Dataloader CPU affinity opt is not enabled, consider switching it on (see enable_cpu_affinity() or CPU best practices for DGL [https://docs.dgl.ai/tutorials/cpu/cpu_best_practises.html])
  dgl_warning(
tfinance_tr20_seed72 epoch=030 loss=0.054053 val_AUPRC=0.837761 best=0.838353@13 patience=17/20 train=8.509s val=7.965s
/workspace/pmp_vast/envs/pmp-author/lib/python3.10/site-packages/dgl/dataloading/dataloader.py:1076: DGLWarning: Dataloader CPU affinity opt is not enabled, consider switching it on (see enable_cpu_affinity() or CPU best practices for DGL [https://docs.dgl.ai/tutorials/cpu/cpu_best_practises.html])
  dgl_warning(
/workspace/pmp_vast/envs/pmp-author/lib/python3.10/site-packages/dgl/dataloading/dataloader.py:1076: DGLWarning: Dataloader CPU affinity opt is not enabled, consider switching it on (see enable_cpu_affinity() or CPU best practices for DGL [https://docs.dgl.ai/tutorials/cpu/cpu_best_practises.html])
  dgl_warning(
/workspace/pmp_vast/envs/pmp-author/lib/python3.10/site-packages/dgl/dataloading/dataloader.py:1076: DGLWarning: Dataloader CPU affinity opt is not enabled, consider switching it on (see enable_cpu_affinity() or CPU best practices for DGL [https://docs.dgl.ai/tutorials/cpu/cpu_best_practises.html])
  dgl_warning(
tfinance_tr20_seed72 epoch=033 loss=0.050853 val_AUPRC=0.540301 best=0.838353@13 patience=20/20 train=8.615s val=8.174s
EARLY_STOP tfinance_tr20_seed72 epoch=33 best_epoch=13
/workspace/pmp_vast/envs/pmp-author/lib/python3.10/site-packages/dgl/dataloading/dataloader.py:1076: DGLWarning: Dataloader CPU affinity opt is not enabled, consider switching it on (see enable_cpu_affinity() or CPU best practices for DGL [https://docs.dgl.ai/tutorials/cpu/cpu_best_practises.html])
  dgl_warning(
tfinance_tr20_seed72 FROZEN | checkpoint epoch=13 | val_AUPRC=0.838353 | threshold=0.40
/workspace/pmp_vast/envs/pmp-author/lib/python3.10/site-packages/dgl/dataloading/dataloader.py:1076: DGLWarning: Dataloader CPU affinity opt is not enabled, consider switching it on (see enable_cpu_affinity() or CPU best practices for DGL [https://docs.dgl.ai/tutorials/cpu/cpu_best_practises.html])
  dgl_warning(
FINAL tfinance_tr20_seed72 PASS | AUPRC=0.875314 | AUROC=0.959466 | MacroF1=0.912193 | Recall=0.785319

===== FINAL RUN tfinance_tr10_seed2 =====
/workspace/pmp_vast/envs/pmp-author/lib/python3.10/site-packages/dgl/dataloading/dataloader.py:1076: DGLWarning: Dataloader CPU affinity opt is not enabled, consider switching it on (see enable_cpu_affinity() or CPU best practices for DGL [https://docs.dgl.ai/tutorials/cpu/cpu_best_practises.html])
  dgl_warning(
tfinance_tr10_seed2 epoch=001 loss=0.661713 val_AUPRC=0.059793 best=0.059793@1 patience=0/20 train=4.650s val=8.004s
/workspace/pmp_vast/envs/pmp-author/lib/python3.10/site-packages/dgl/dataloading/dataloader.py:1076: DGLWarning: Dataloader CPU affinity opt is not enabled, consider switching it on (see enable_cpu_affinity() or CPU best practices for DGL [https://docs.dgl.ai/tutorials/cpu/cpu_best_practises.html])
  dgl_warning(
tfinance_tr10_seed2 epoch=002 loss=0.381068 val_AUPRC=0.104101 best=0.104101@2 patience=0/20 train=4.489s val=8.513s
/workspace/pmp_vast/envs/pmp-author/lib/python3.10/site-packages/dgl/dataloading/dataloader.py:1076: DGLWarning: Dataloader CPU affinity opt is not enabled, consider switching it on (see enable_cpu_affinity() or CPU best practices for DGL [https://docs.dgl.ai/tutorials/cpu/cpu_best_practises.html])
  dgl_warning(
tfinance_tr10_seed2 epoch=003 loss=0.270017 val_AUPRC=0.190236 best=0.190236@3 patience=0/20 train=4.744s val=8.336s
/workspace/pmp_vast/envs/pmp-author/lib/python3.10/site-packages/dgl/dataloading/dataloader.py:1076: DGLWarning: Dataloader CPU affinity opt is not enabled, consider switching it on (see enable_cpu_affinity() or CPU best practices for DGL [https://docs.dgl.ai/tutorials/cpu/cpu_best_practises.html])
  dgl_warning(
tfinance_tr10_seed2 epoch=004 loss=0.202530 val_AUPRC=0.535221 best=0.535221@4 patience=0/20 train=4.592s val=8.368s
/workspace/pmp_vast/envs/pmp-author/lib/python3.10/site-packages/dgl/dataloading/dataloader.py:1076: DGLWarning: Dataloader CPU affinity opt is not enabled, consider switching it on (see enable_cpu_affinity() or CPU best practices for DGL [https://docs.dgl.ai/tutorials/cpu/cpu_best_practises.html])
  dgl_warning(
tfinance_tr10_seed2 epoch=005 loss=0.185713 val_AUPRC=0.590333 best=0.590333@5 patience=0/20 train=4.523s val=8.349s
/workspace/pmp_vast/envs/pmp-author/lib/python3.10/site-packages/dgl/dataloading/dataloader.py:1076: DGLWarning: Dataloader CPU affinity opt is not enabled, consider switching it on (see enable_cpu_affinity() or CPU best practices for DGL [https://docs.dgl.ai/tutorials/cpu/cpu_best_practises.html])
  dgl_warning(
tfinance_tr10_seed2 epoch=006 loss=0.154096 val_AUPRC=0.668672 best=0.668672@6 patience=0/20 train=4.713s val=8.384s
/workspace/pmp_vast/envs/pmp-author/lib/python3.10/site-packages/dgl/dataloading/dataloader.py:1076: DGLWarning: Dataloader CPU affinity opt is not enabled, consider switching it on (see enable_cpu_affinity() or CPU best practices for DGL [https://docs.dgl.ai/tutorials/cpu/cpu_best_practises.html])
  dgl_warning(
tfinance_tr10_seed2 epoch=007 loss=0.140201 val_AUPRC=0.711366 best=0.711366@7 patience=0/20 train=4.506s val=8.111s
/workspace/pmp_vast/envs/pmp-author/lib/python3.10/site-packages/dgl/dataloading/dataloader.py:1076: DGLWarning: Dataloader CPU affinity opt is not enabled, consider switching it on (see enable_cpu_affinity() or CPU best practices for DGL [https://docs.dgl.ai/tutorials/cpu/cpu_best_practises.html])
  dgl_warning(
tfinance_tr10_seed2 epoch=008 loss=0.110925 val_AUPRC=0.760310 best=0.760310@8 patience=0/20 train=4.504s val=8.102s
/workspace/pmp_vast/envs/pmp-author/lib/python3.10/site-packages/dgl/dataloading/dataloader.py:1076: DGLWarning: Dataloader CPU affinity opt is not enabled, consider switching it on (see enable_cpu_affinity() or CPU best practices for DGL [https://docs.dgl.ai/tutorials/cpu/cpu_best_practises.html])
  dgl_warning(
tfinance_tr10_seed2 epoch=009 loss=0.103765 val_AUPRC=0.778570 best=0.778570@9 patience=0/20 train=4.671s val=8.262s
/workspace/pmp_vast/envs/pmp-author/lib/python3.10/site-packages/dgl/dataloading/dataloader.py:1076: DGLWarning: Dataloader CPU affinity opt is not enabled, consider switching it on (see enable_cpu_affinity() or CPU best practices for DGL [https://docs.dgl.ai/tutorials/cpu/cpu_best_practises.html])
  dgl_warning(
tfinance_tr10_seed2 epoch=010 loss=0.110905 val_AUPRC=0.796833 best=0.796833@10 patience=0/20 train=4.582s val=8.103s
/workspace/pmp_vast/envs/pmp-author/lib/python3.10/site-packages/dgl/dataloading/dataloader.py:1076: DGLWarning: Dataloader CPU affinity opt is not enabled, consider switching it on (see enable_cpu_affinity() or CPU best practices for DGL [https://docs.dgl.ai/tutorials/cpu/cpu_best_practises.html])
  dgl_warning(
tfinance_tr10_seed2 epoch=011 loss=0.092314 val_AUPRC=0.801356 best=0.801356@11 patience=0/20 train=4.575s val=8.032s
/workspace/pmp_vast/envs/pmp-author/lib/python3.10/site-packages/dgl/dataloading/dataloader.py:1076: DGLWarning: Dataloader CPU affinity opt is not enabled, consider switching it on (see enable_cpu_affinity() or CPU best practices for DGL [https://docs.dgl.ai/tutorials/cpu/cpu_best_practises.html])
  dgl_warning(
/workspace/pmp_vast/envs/pmp-author/lib/python3.10/site-packages/dgl/dataloading/dataloader.py:1076: DGLWarning: Dataloader CPU affinity opt is not enabled, consider switching it on (see enable_cpu_affinity() or CPU best practices for DGL [https://docs.dgl.ai/tutorials/cpu/cpu_best_practises.html])
  dgl_warning(
tfinance_tr10_seed2 epoch=013 loss=0.088679 val_AUPRC=0.811368 best=0.811368@13 patience=0/20 train=4.362s val=8.183s
/workspace/pmp_vast/envs/pmp-author/lib/python3.10/site-packages/dgl/dataloading/dataloader.py:1076: DGLWarning: Dataloader CPU affinity opt is not enabled, consider switching it on (see enable_cpu_affinity() or CPU best practices for DGL [https://docs.dgl.ai/tutorials/cpu/cpu_best_practises.html])
  dgl_warning(
/workspace/pmp_vast/envs/pmp-author/lib/python3.10/site-packages/dgl/dataloading/dataloader.py:1076: DGLWarning: Dataloader CPU affinity opt is not enabled, consider switching it on (see enable_cpu_affinity() or CPU best practices for DGL [https://docs.dgl.ai/tutorials/cpu/cpu_best_practises.html])
  dgl_warning(
tfinance_tr10_seed2 epoch=015 loss=0.077368 val_AUPRC=0.818981 best=0.818981@15 patience=0/20 train=4.366s val=8.053s
/workspace/pmp_vast/envs/pmp-author/lib/python3.10/site-packages/dgl/dataloading/dataloader.py:1076: DGLWarning: Dataloader CPU affinity opt is not enabled, consider switching it on (see enable_cpu_affinity() or CPU best practices for DGL [https://docs.dgl.ai/tutorials/cpu/cpu_best_practises.html])
  dgl_warning(
/workspace/pmp_vast/envs/pmp-author/lib/python3.10/site-packages/dgl/dataloading/dataloader.py:1076: DGLWarning: Dataloader CPU affinity opt is not enabled, consider switching it on (see enable_cpu_affinity() or CPU best practices for DGL [https://docs.dgl.ai/tutorials/cpu/cpu_best_practises.html])
  dgl_warning(
tfinance_tr10_seed2 epoch=017 loss=0.074477 val_AUPRC=0.821047 best=0.821047@17 patience=0/20 train=4.678s val=8.000s
/workspace/pmp_vast/envs/pmp-author/lib/python3.10/site-packages/dgl/dataloading/dataloader.py:1076: DGLWarning: Dataloader CPU affinity opt is not enabled, consider switching it on (see enable_cpu_affinity() or CPU best practices for DGL [https://docs.dgl.ai/tutorials/cpu/cpu_best_practises.html])
  dgl_warning(
tfinance_tr10_seed2 epoch=018 loss=0.069814 val_AUPRC=0.822578 best=0.822578@18 patience=0/20 train=4.557s val=8.117s
/workspace/pmp_vast/envs/pmp-author/lib/python3.10/site-packages/dgl/dataloading/dataloader.py:1076: DGLWarning: Dataloader CPU affinity opt is not enabled, consider switching it on (see enable_cpu_affinity() or CPU best practices for DGL [https://docs.dgl.ai/tutorials/cpu/cpu_best_practises.html])
  dgl_warning(
tfinance_tr10_seed2 epoch=019 loss=0.069121 val_AUPRC=0.824418 best=0.824418@19 patience=0/20 train=4.503s val=8.030s
/workspace/pmp_vast/envs/pmp-author/lib/python3.10/site-packages/dgl/dataloading/dataloader.py:1076: DGLWarning: Dataloader CPU affinity opt is not enabled, consider switching it on (see enable_cpu_affinity() or CPU best practices for DGL [https://docs.dgl.ai/tutorials/cpu/cpu_best_practises.html])
  dgl_warning(
tfinance_tr10_seed2 epoch=020 loss=0.069000 val_AUPRC=0.825316 best=0.825316@20 patience=0/20 train=4.610s val=8.031s
/workspace/pmp_vast/envs/pmp-author/lib/python3.10/site-packages/dgl/dataloading/dataloader.py:1076: DGLWarning: Dataloader CPU affinity opt is not enabled, consider switching it on (see enable_cpu_affinity() or CPU best practices for DGL [https://docs.dgl.ai/tutorials/cpu/cpu_best_practises.html])
  dgl_warning(
/workspace/pmp_vast/envs/pmp-author/lib/python3.10/site-packages/dgl/dataloading/dataloader.py:1076: DGLWarning: Dataloader CPU affinity opt is not enabled, consider switching it on (see enable_cpu_affinity() or CPU best practices for DGL [https://docs.dgl.ai/tutorials/cpu/cpu_best_practises.html])
  dgl_warning(
tfinance_tr10_seed2 epoch=022 loss=0.065231 val_AUPRC=0.826778 best=0.826778@22 patience=0/20 train=4.649s val=8.243s
/workspace/pmp_vast/envs/pmp-author/lib/python3.10/site-packages/dgl/dataloading/dataloader.py:1076: DGLWarning: Dataloader CPU affinity opt is not enabled, consider switching it on (see enable_cpu_affinity() or CPU best practices for DGL [https://docs.dgl.ai/tutorials/cpu/cpu_best_practises.html])
  dgl_warning(
/workspace/pmp_vast/envs/pmp-author/lib/python3.10/site-packages/dgl/dataloading/dataloader.py:1076: DGLWarning: Dataloader CPU affinity opt is not enabled, consider switching it on (see enable_cpu_affinity() or CPU best practices for DGL [https://docs.dgl.ai/tutorials/cpu/cpu_best_practises.html])
  dgl_warning(
tfinance_tr10_seed2 epoch=024 loss=0.060837 val_AUPRC=0.829704 best=0.829704@24 patience=0/20 train=4.587s val=7.848s
/workspace/pmp_vast/envs/pmp-author/lib/python3.10/site-packages/dgl/dataloading/dataloader.py:1076: DGLWarning: Dataloader CPU affinity opt is not enabled, consider switching it on (see enable_cpu_affinity() or CPU best practices for DGL [https://docs.dgl.ai/tutorials/cpu/cpu_best_practises.html])
  dgl_warning(
/workspace/pmp_vast/envs/pmp-author/lib/python3.10/site-packages/dgl/dataloading/dataloader.py:1076: DGLWarning: Dataloader CPU affinity opt is not enabled, consider switching it on (see enable_cpu_affinity() or CPU best practices for DGL [https://docs.dgl.ai/tutorials/cpu/cpu_best_practises.html])
  dgl_warning(
/workspace/pmp_vast/envs/pmp-author/lib/python3.10/site-packages/dgl/dataloading/dataloader.py:1076: DGLWarning: Dataloader CPU affinity opt is not enabled, consider switching it on (see enable_cpu_affinity() or CPU best practices for DGL [https://docs.dgl.ai/tutorials/cpu/cpu_best_practises.html])
  dgl_warning(
tfinance_tr10_seed2 epoch=027 loss=0.067877 val_AUPRC=0.831506 best=0.831506@27 patience=0/20 train=4.415s val=8.191s
/workspace/pmp_vast/envs/pmp-author/lib/python3.10/site-packages/dgl/dataloading/dataloader.py:1076: DGLWarning: Dataloader CPU affinity opt is not enabled, consider switching it on (see enable_cpu_affinity() or CPU best practices for DGL [https://docs.dgl.ai/tutorials/cpu/cpu_best_practises.html])
  dgl_warning(
/workspace/pmp_vast/envs/pmp-author/lib/python3.10/site-packages/dgl/dataloading/dataloader.py:1076: DGLWarning: Dataloader CPU affinity opt is not enabled, consider switching it on (see enable_cpu_affinity() or CPU best practices for DGL [https://docs.dgl.ai/tutorials/cpu/cpu_best_practises.html])
  dgl_warning(
tfinance_tr10_seed2 epoch=029 loss=0.062917 val_AUPRC=0.832305 best=0.832305@29 patience=0/20 train=4.473s val=7.745s
/workspace/pmp_vast/envs/pmp-author/lib/python3.10/site-packages/dgl/dataloading/dataloader.py:1076: DGLWarning: Dataloader CPU affinity opt is not enabled, consider switching it on (see enable_cpu_affinity() or CPU best practices for DGL [https://docs.dgl.ai/tutorials/cpu/cpu_best_practises.html])
  dgl_warning(
tfinance_tr10_seed2 epoch=030 loss=0.057729 val_AUPRC=0.830430 best=0.832305@29 patience=1/20 train=4.386s val=8.177s
/workspace/pmp_vast/envs/pmp-author/lib/python3.10/site-packages/dgl/dataloading/dataloader.py:1076: DGLWarning: Dataloader CPU affinity opt is not enabled, consider switching it on (see enable_cpu_affinity() or CPU best practices for DGL [https://docs.dgl.ai/tutorials/cpu/cpu_best_practises.html])
  dgl_warning(
tfinance_tr10_seed2 epoch=031 loss=0.063104 val_AUPRC=0.832843 best=0.832843@31 patience=0/20 train=4.372s val=7.785s
/workspace/pmp_vast/envs/pmp-author/lib/python3.10/site-packages/dgl/dataloading/dataloader.py:1076: DGLWarning: Dataloader CPU affinity opt is not enabled, consider switching it on (see enable_cpu_affinity() or CPU best practices for DGL [https://docs.dgl.ai/tutorials/cpu/cpu_best_practises.html])
  dgl_warning(
/workspace/pmp_vast/envs/pmp-author/lib/python3.10/site-packages/dgl/dataloading/dataloader.py:1076: DGLWarning: Dataloader CPU affinity opt is not enabled, consider switching it on (see enable_cpu_affinity() or CPU best practices for DGL [https://docs.dgl.ai/tutorials/cpu/cpu_best_practises.html])
  dgl_warning(
tfinance_tr10_seed2 epoch=033 loss=0.054649 val_AUPRC=0.838258 best=0.838258@33 patience=0/20 train=4.552s val=8.182s
/workspace/pmp_vast/envs/pmp-author/lib/python3.10/site-packages/dgl/dataloading/dataloader.py:1076: DGLWarning: Dataloader CPU affinity opt is not enabled, consider switching it on (see enable_cpu_affinity() or CPU best practices for DGL [https://docs.dgl.ai/tutorials/cpu/cpu_best_practises.html])
  dgl_warning(
/workspace/pmp_vast/envs/pmp-author/lib/python3.10/site-packages/dgl/dataloading/dataloader.py:1076: DGLWarning: Dataloader CPU affinity opt is not enabled, consider switching it on (see enable_cpu_affinity() or CPU best practices for DGL [https://docs.dgl.ai/tutorials/cpu/cpu_best_practises.html])
  dgl_warning(
/workspace/pmp_vast/envs/pmp-author/lib/python3.10/site-packages/dgl/dataloading/dataloader.py:1076: DGLWarning: Dataloader CPU affinity opt is not enabled, consider switching it on (see enable_cpu_affinity() or CPU best practices for DGL [https://docs.dgl.ai/tutorials/cpu/cpu_best_practises.html])
  dgl_warning(
tfinance_tr10_seed2 epoch=036 loss=0.057126 val_AUPRC=0.839052 best=0.839052@36 patience=0/20 train=4.874s val=8.626s
/workspace/pmp_vast/envs/pmp-author/lib/python3.10/site-packages/dgl/dataloading/dataloader.py:1076: DGLWarning: Dataloader CPU affinity opt is not enabled, consider switching it on (see enable_cpu_affinity() or CPU best practices for DGL [https://docs.dgl.ai/tutorials/cpu/cpu_best_practises.html])
  dgl_warning(
/workspace/pmp_vast/envs/pmp-author/lib/python3.10/site-packages/dgl/dataloading/dataloader.py:1076: DGLWarning: Dataloader CPU affinity opt is not enabled, consider switching it on (see enable_cpu_affinity() or CPU best practices for DGL [https://docs.dgl.ai/tutorials/cpu/cpu_best_practises.html])
  dgl_warning(
tfinance_tr10_seed2 epoch=038 loss=0.053817 val_AUPRC=0.840458 best=0.840458@38 patience=0/20 train=4.670s val=8.302s
/workspace/pmp_vast/envs/pmp-author/lib/python3.10/site-packages/dgl/dataloading/dataloader.py:1076: DGLWarning: Dataloader CPU affinity opt is not enabled, consider switching it on (see enable_cpu_affinity() or CPU best practices for DGL [https://docs.dgl.ai/tutorials/cpu/cpu_best_practises.html])
  dgl_warning(
/workspace/pmp_vast/envs/pmp-author/lib/python3.10/site-packages/dgl/dataloading/dataloader.py:1076: DGLWarning: Dataloader CPU affinity opt is not enabled, consider switching it on (see enable_cpu_affinity() or CPU best practices for DGL [https://docs.dgl.ai/tutorials/cpu/cpu_best_practises.html])
  dgl_warning(
tfinance_tr10_seed2 epoch=040 loss=0.053007 val_AUPRC=0.836521 best=0.840458@38 patience=2/20 train=4.466s val=8.078s
/workspace/pmp_vast/envs/pmp-author/lib/python3.10/site-packages/dgl/dataloading/dataloader.py:1076: DGLWarning: Dataloader CPU affinity opt is not enabled, consider switching it on (see enable_cpu_affinity() or CPU best practices for DGL [https://docs.dgl.ai/tutorials/cpu/cpu_best_practises.html])
  dgl_warning(
/workspace/pmp_vast/envs/pmp-author/lib/python3.10/site-packages/dgl/dataloading/dataloader.py:1076: DGLWarning: Dataloader CPU affinity opt is not enabled, consider switching it on (see enable_cpu_affinity() or CPU best practices for DGL [https://docs.dgl.ai/tutorials/cpu/cpu_best_practises.html])
  dgl_warning(
tfinance_tr10_seed2 epoch=042 loss=0.064392 val_AUPRC=0.841532 best=0.841532@42 patience=0/20 train=4.681s val=8.302s
/workspace/pmp_vast/envs/pmp-author/lib/python3.10/site-packages/dgl/dataloading/dataloader.py:1076: DGLWarning: Dataloader CPU affinity opt is not enabled, consider switching it on (see enable_cpu_affinity() or CPU best practices for DGL [https://docs.dgl.ai/tutorials/cpu/cpu_best_practises.html])
  dgl_warning(
/workspace/pmp_vast/envs/pmp-author/lib/python3.10/site-packages/dgl/dataloading/dataloader.py:1076: DGLWarning: Dataloader CPU affinity opt is not enabled, consider switching it on (see enable_cpu_affinity() or CPU best practices for DGL [https://docs.dgl.ai/tutorials/cpu/cpu_best_practises.html])
  dgl_warning(
/workspace/pmp_vast/envs/pmp-author/lib/python3.10/site-packages/dgl/dataloading/dataloader.py:1076: DGLWarning: Dataloader CPU affinity opt is not enabled, consider switching it on (see enable_cpu_affinity() or CPU best practices for DGL [https://docs.dgl.ai/tutorials/cpu/cpu_best_practises.html])
  dgl_warning(
/workspace/pmp_vast/envs/pmp-author/lib/python3.10/site-packages/dgl/dataloading/dataloader.py:1076: DGLWarning: Dataloader CPU affinity opt is not enabled, consider switching it on (see enable_cpu_affinity() or CPU best practices for DGL [https://docs.dgl.ai/tutorials/cpu/cpu_best_practises.html])
  dgl_warning(
tfinance_tr10_seed2 epoch=046 loss=0.054108 val_AUPRC=0.842893 best=0.842893@46 patience=0/20 train=4.563s val=8.544s
/workspace/pmp_vast/envs/pmp-author/lib/python3.10/site-packages/dgl/dataloading/dataloader.py:1076: DGLWarning: Dataloader CPU affinity opt is not enabled, consider switching it on (see enable_cpu_affinity() or CPU best practices for DGL [https://docs.dgl.ai/tutorials/cpu/cpu_best_practises.html])
  dgl_warning(
/workspace/pmp_vast/envs/pmp-author/lib/python3.10/site-packages/dgl/dataloading/dataloader.py:1076: DGLWarning: Dataloader CPU affinity opt is not enabled, consider switching it on (see enable_cpu_affinity() or CPU best practices for DGL [https://docs.dgl.ai/tutorials/cpu/cpu_best_practises.html])
  dgl_warning(
tfinance_tr10_seed2 epoch=048 loss=0.050386 val_AUPRC=0.843826 best=0.843826@48 patience=0/20 train=4.424s val=8.347s
/workspace/pmp_vast/envs/pmp-author/lib/python3.10/site-packages/dgl/dataloading/dataloader.py:1076: DGLWarning: Dataloader CPU affinity opt is not enabled, consider switching it on (see enable_cpu_affinity() or CPU best practices for DGL [https://docs.dgl.ai/tutorials/cpu/cpu_best_practises.html])
  dgl_warning(
/workspace/pmp_vast/envs/pmp-author/lib/python3.10/site-packages/dgl/dataloading/dataloader.py:1076: DGLWarning: Dataloader CPU affinity opt is not enabled, consider switching it on (see enable_cpu_affinity() or CPU best practices for DGL [https://docs.dgl.ai/tutorials/cpu/cpu_best_practises.html])
  dgl_warning(
tfinance_tr10_seed2 epoch=050 loss=0.054482 val_AUPRC=0.841353 best=0.843826@48 patience=2/20 train=4.522s val=8.968s
/workspace/pmp_vast/envs/pmp-author/lib/python3.10/site-packages/dgl/dataloading/dataloader.py:1076: DGLWarning: Dataloader CPU affinity opt is not enabled, consider switching it on (see enable_cpu_affinity() or CPU best practices for DGL [https://docs.dgl.ai/tutorials/cpu/cpu_best_practises.html])
  dgl_warning(
tfinance_tr10_seed2 epoch=051 loss=0.050625 val_AUPRC=0.845181 best=0.845181@51 patience=0/20 train=4.667s val=8.385s
/workspace/pmp_vast/envs/pmp-author/lib/python3.10/site-packages/dgl/dataloading/dataloader.py:1076: DGLWarning: Dataloader CPU affinity opt is not enabled, consider switching it on (see enable_cpu_affinity() or CPU best practices for DGL [https://docs.dgl.ai/tutorials/cpu/cpu_best_practises.html])
  dgl_warning(
tfinance_tr10_seed2 epoch=052 loss=0.055808 val_AUPRC=0.845704 best=0.845704@52 patience=0/20 train=4.535s val=8.319s
/workspace/pmp_vast/envs/pmp-author/lib/python3.10/site-packages/dgl/dataloading/dataloader.py:1076: DGLWarning: Dataloader CPU affinity opt is not enabled, consider switching it on (see enable_cpu_affinity() or CPU best practices for DGL [https://docs.dgl.ai/tutorials/cpu/cpu_best_practises.html])
  dgl_warning(
/workspace/pmp_vast/envs/pmp-author/lib/python3.10/site-packages/dgl/dataloading/dataloader.py:1076: DGLWarning: Dataloader CPU affinity opt is not enabled, consider switching it on (see enable_cpu_affinity() or CPU best practices for DGL [https://docs.dgl.ai/tutorials/cpu/cpu_best_practises.html])
  dgl_warning(
/workspace/pmp_vast/envs/pmp-author/lib/python3.10/site-packages/dgl/dataloading/dataloader.py:1076: DGLWarning: Dataloader CPU affinity opt is not enabled, consider switching it on (see enable_cpu_affinity() or CPU best practices for DGL [https://docs.dgl.ai/tutorials/cpu/cpu_best_practises.html])
  dgl_warning(
/workspace/pmp_vast/envs/pmp-author/lib/python3.10/site-packages/dgl/dataloading/dataloader.py:1076: DGLWarning: Dataloader CPU affinity opt is not enabled, consider switching it on (see enable_cpu_affinity() or CPU best practices for DGL [https://docs.dgl.ai/tutorials/cpu/cpu_best_practises.html])
  dgl_warning(
/workspace/pmp_vast/envs/pmp-author/lib/python3.10/site-packages/dgl/dataloading/dataloader.py:1076: DGLWarning: Dataloader CPU affinity opt is not enabled, consider switching it on (see enable_cpu_affinity() or CPU best practices for DGL [https://docs.dgl.ai/tutorials/cpu/cpu_best_practises.html])
  dgl_warning(
/workspace/pmp_vast/envs/pmp-author/lib/python3.10/site-packages/dgl/dataloading/dataloader.py:1076: DGLWarning: Dataloader CPU affinity opt is not enabled, consider switching it on (see enable_cpu_affinity() or CPU best practices for DGL [https://docs.dgl.ai/tutorials/cpu/cpu_best_practises.html])
  dgl_warning(
/workspace/pmp_vast/envs/pmp-author/lib/python3.10/site-packages/dgl/dataloading/dataloader.py:1076: DGLWarning: Dataloader CPU affinity opt is not enabled, consider switching it on (see enable_cpu_affinity() or CPU best practices for DGL [https://docs.dgl.ai/tutorials/cpu/cpu_best_practises.html])
  dgl_warning(
/workspace/pmp_vast/envs/pmp-author/lib/python3.10/site-packages/dgl/dataloading/dataloader.py:1076: DGLWarning: Dataloader CPU affinity opt is not enabled, consider switching it on (see enable_cpu_affinity() or CPU best practices for DGL [https://docs.dgl.ai/tutorials/cpu/cpu_best_practises.html])
  dgl_warning(
tfinance_tr10_seed2 epoch=060 loss=0.052145 val_AUPRC=0.843815 best=0.845704@52 patience=8/20 train=4.420s val=8.140s
/workspace/pmp_vast/envs/pmp-author/lib/python3.10/site-packages/dgl/dataloading/dataloader.py:1076: DGLWarning: Dataloader CPU affinity opt is not enabled, consider switching it on (see enable_cpu_affinity() or CPU best practices for DGL [https://docs.dgl.ai/tutorials/cpu/cpu_best_practises.html])
  dgl_warning(
tfinance_tr10_seed2 epoch=061 loss=0.050227 val_AUPRC=0.848448 best=0.848448@61 patience=0/20 train=4.416s val=7.831s
/workspace/pmp_vast/envs/pmp-author/lib/python3.10/site-packages/dgl/dataloading/dataloader.py:1076: DGLWarning: Dataloader CPU affinity opt is not enabled, consider switching it on (see enable_cpu_affinity() or CPU best practices for DGL [https://docs.dgl.ai/tutorials/cpu/cpu_best_practises.html])
  dgl_warning(
/workspace/pmp_vast/envs/pmp-author/lib/python3.10/site-packages/dgl/dataloading/dataloader.py:1076: DGLWarning: Dataloader CPU affinity opt is not enabled, consider switching it on (see enable_cpu_affinity() or CPU best practices for DGL [https://docs.dgl.ai/tutorials/cpu/cpu_best_practises.html])
  dgl_warning(
tfinance_tr10_seed2 epoch=063 loss=0.050460 val_AUPRC=0.849411 best=0.849411@63 patience=0/20 train=4.550s val=7.846s
/workspace/pmp_vast/envs/pmp-author/lib/python3.10/site-packages/dgl/dataloading/dataloader.py:1076: DGLWarning: Dataloader CPU affinity opt is not enabled, consider switching it on (see enable_cpu_affinity() or CPU best practices for DGL [https://docs.dgl.ai/tutorials/cpu/cpu_best_practises.html])
  dgl_warning(
/workspace/pmp_vast/envs/pmp-author/lib/python3.10/site-packages/dgl/dataloading/dataloader.py:1076: DGLWarning: Dataloader CPU affinity opt is not enabled, consider switching it on (see enable_cpu_affinity() or CPU best practices for DGL [https://docs.dgl.ai/tutorials/cpu/cpu_best_practises.html])
  dgl_warning(
tfinance_tr10_seed2 epoch=065 loss=0.049999 val_AUPRC=0.849954 best=0.849954@65 patience=0/20 train=4.676s val=8.085s
/workspace/pmp_vast/envs/pmp-author/lib/python3.10/site-packages/dgl/dataloading/dataloader.py:1076: DGLWarning: Dataloader CPU affinity opt is not enabled, consider switching it on (see enable_cpu_affinity() or CPU best practices for DGL [https://docs.dgl.ai/tutorials/cpu/cpu_best_practises.html])
  dgl_warning(
/workspace/pmp_vast/envs/pmp-author/lib/python3.10/site-packages/dgl/dataloading/dataloader.py:1076: DGLWarning: Dataloader CPU affinity opt is not enabled, consider switching it on (see enable_cpu_affinity() or CPU best practices for DGL [https://docs.dgl.ai/tutorials/cpu/cpu_best_practises.html])
  dgl_warning(
/workspace/pmp_vast/envs/pmp-author/lib/python3.10/site-packages/dgl/dataloading/dataloader.py:1076: DGLWarning: Dataloader CPU affinity opt is not enabled, consider switching it on (see enable_cpu_affinity() or CPU best practices for DGL [https://docs.dgl.ai/tutorials/cpu/cpu_best_practises.html])
  dgl_warning(
tfinance_tr10_seed2 epoch=068 loss=0.046810 val_AUPRC=0.850123 best=0.850123@68 patience=0/20 train=4.428s val=8.027s
/workspace/pmp_vast/envs/pmp-author/lib/python3.10/site-packages/dgl/dataloading/dataloader.py:1076: DGLWarning: Dataloader CPU affinity opt is not enabled, consider switching it on (see enable_cpu_affinity() or CPU best practices for DGL [https://docs.dgl.ai/tutorials/cpu/cpu_best_practises.html])
  dgl_warning(
/workspace/pmp_vast/envs/pmp-author/lib/python3.10/site-packages/dgl/dataloading/dataloader.py:1076: DGLWarning: Dataloader CPU affinity opt is not enabled, consider switching it on (see enable_cpu_affinity() or CPU best practices for DGL [https://docs.dgl.ai/tutorials/cpu/cpu_best_practises.html])
  dgl_warning(
tfinance_tr10_seed2 epoch=070 loss=0.050511 val_AUPRC=0.849869 best=0.850123@68 patience=2/20 train=4.418s val=7.865s
/workspace/pmp_vast/envs/pmp-author/lib/python3.10/site-packages/dgl/dataloading/dataloader.py:1076: DGLWarning: Dataloader CPU affinity opt is not enabled, consider switching it on (see enable_cpu_affinity() or CPU best practices for DGL [https://docs.dgl.ai/tutorials/cpu/cpu_best_practises.html])
  dgl_warning(
/workspace/pmp_vast/envs/pmp-author/lib/python3.10/site-packages/dgl/dataloading/dataloader.py:1076: DGLWarning: Dataloader CPU affinity opt is not enabled, consider switching it on (see enable_cpu_affinity() or CPU best practices for DGL [https://docs.dgl.ai/tutorials/cpu/cpu_best_practises.html])
  dgl_warning(
/workspace/pmp_vast/envs/pmp-author/lib/python3.10/site-packages/dgl/dataloading/dataloader.py:1076: DGLWarning: Dataloader CPU affinity opt is not enabled, consider switching it on (see enable_cpu_affinity() or CPU best practices for DGL [https://docs.dgl.ai/tutorials/cpu/cpu_best_practises.html])
  dgl_warning(
/workspace/pmp_vast/envs/pmp-author/lib/python3.10/site-packages/dgl/dataloading/dataloader.py:1076: DGLWarning: Dataloader CPU affinity opt is not enabled, consider switching it on (see enable_cpu_affinity() or CPU best practices for DGL [https://docs.dgl.ai/tutorials/cpu/cpu_best_practises.html])
  dgl_warning(
/workspace/pmp_vast/envs/pmp-author/lib/python3.10/site-packages/dgl/dataloading/dataloader.py:1076: DGLWarning: Dataloader CPU affinity opt is not enabled, consider switching it on (see enable_cpu_affinity() or CPU best practices for DGL [https://docs.dgl.ai/tutorials/cpu/cpu_best_practises.html])
  dgl_warning(
/workspace/pmp_vast/envs/pmp-author/lib/python3.10/site-packages/dgl/dataloading/dataloader.py:1076: DGLWarning: Dataloader CPU affinity opt is not enabled, consider switching it on (see enable_cpu_affinity() or CPU best practices for DGL [https://docs.dgl.ai/tutorials/cpu/cpu_best_practises.html])
  dgl_warning(
/workspace/pmp_vast/envs/pmp-author/lib/python3.10/site-packages/dgl/dataloading/dataloader.py:1076: DGLWarning: Dataloader CPU affinity opt is not enabled, consider switching it on (see enable_cpu_affinity() or CPU best practices for DGL [https://docs.dgl.ai/tutorials/cpu/cpu_best_practises.html])
  dgl_warning(
/workspace/pmp_vast/envs/pmp-author/lib/python3.10/site-packages/dgl/dataloading/dataloader.py:1076: DGLWarning: Dataloader CPU affinity opt is not enabled, consider switching it on (see enable_cpu_affinity() or CPU best practices for DGL [https://docs.dgl.ai/tutorials/cpu/cpu_best_practises.html])
  dgl_warning(
tfinance_tr10_seed2 epoch=078 loss=0.049129 val_AUPRC=0.851894 best=0.851894@78 patience=0/20 train=4.697s val=7.824s
/workspace/pmp_vast/envs/pmp-author/lib/python3.10/site-packages/dgl/dataloading/dataloader.py:1076: DGLWarning: Dataloader CPU affinity opt is not enabled, consider switching it on (see enable_cpu_affinity() or CPU best practices for DGL [https://docs.dgl.ai/tutorials/cpu/cpu_best_practises.html])
  dgl_warning(
/workspace/pmp_vast/envs/pmp-author/lib/python3.10/site-packages/dgl/dataloading/dataloader.py:1076: DGLWarning: Dataloader CPU affinity opt is not enabled, consider switching it on (see enable_cpu_affinity() or CPU best practices for DGL [https://docs.dgl.ai/tutorials/cpu/cpu_best_practises.html])
  dgl_warning(
tfinance_tr10_seed2 epoch=080 loss=0.048584 val_AUPRC=0.850415 best=0.851894@78 patience=2/20 train=4.546s val=7.838s
/workspace/pmp_vast/envs/pmp-author/lib/python3.10/site-packages/dgl/dataloading/dataloader.py:1076: DGLWarning: Dataloader CPU affinity opt is not enabled, consider switching it on (see enable_cpu_affinity() or CPU best practices for DGL [https://docs.dgl.ai/tutorials/cpu/cpu_best_practises.html])
  dgl_warning(
/workspace/pmp_vast/envs/pmp-author/lib/python3.10/site-packages/dgl/dataloading/dataloader.py:1076: DGLWarning: Dataloader CPU affinity opt is not enabled, consider switching it on (see enable_cpu_affinity() or CPU best practices for DGL [https://docs.dgl.ai/tutorials/cpu/cpu_best_practises.html])
  dgl_warning(
/workspace/pmp_vast/envs/pmp-author/lib/python3.10/site-packages/dgl/dataloading/dataloader.py:1076: DGLWarning: Dataloader CPU affinity opt is not enabled, consider switching it on (see enable_cpu_affinity() or CPU best practices for DGL [https://docs.dgl.ai/tutorials/cpu/cpu_best_practises.html])
  dgl_warning(
/workspace/pmp_vast/envs/pmp-author/lib/python3.10/site-packages/dgl/dataloading/dataloader.py:1076: DGLWarning: Dataloader CPU affinity opt is not enabled, consider switching it on (see enable_cpu_affinity() or CPU best practices for DGL [https://docs.dgl.ai/tutorials/cpu/cpu_best_practises.html])
  dgl_warning(
/workspace/pmp_vast/envs/pmp-author/lib/python3.10/site-packages/dgl/dataloading/dataloader.py:1076: DGLWarning: Dataloader CPU affinity opt is not enabled, consider switching it on (see enable_cpu_affinity() or CPU best practices for DGL [https://docs.dgl.ai/tutorials/cpu/cpu_best_practises.html])
  dgl_warning(
tfinance_tr10_seed2 epoch=085 loss=0.047177 val_AUPRC=0.852067 best=0.852067@85 patience=0/20 train=4.566s val=8.455s
/workspace/pmp_vast/envs/pmp-author/lib/python3.10/site-packages/dgl/dataloading/dataloader.py:1076: DGLWarning: Dataloader CPU affinity opt is not enabled, consider switching it on (see enable_cpu_affinity() or CPU best practices for DGL [https://docs.dgl.ai/tutorials/cpu/cpu_best_practises.html])
  dgl_warning(
/workspace/pmp_vast/envs/pmp-author/lib/python3.10/site-packages/dgl/dataloading/dataloader.py:1076: DGLWarning: Dataloader CPU affinity opt is not enabled, consider switching it on (see enable_cpu_affinity() or CPU best practices for DGL [https://docs.dgl.ai/tutorials/cpu/cpu_best_practises.html])
  dgl_warning(
tfinance_tr10_seed2 epoch=087 loss=0.046196 val_AUPRC=0.852719 best=0.852719@87 patience=0/20 train=4.691s val=8.156s
/workspace/pmp_vast/envs/pmp-author/lib/python3.10/site-packages/dgl/dataloading/dataloader.py:1076: DGLWarning: Dataloader CPU affinity opt is not enabled, consider switching it on (see enable_cpu_affinity() or CPU best practices for DGL [https://docs.dgl.ai/tutorials/cpu/cpu_best_practises.html])
  dgl_warning(
/workspace/pmp_vast/envs/pmp-author/lib/python3.10/site-packages/dgl/dataloading/dataloader.py:1076: DGLWarning: Dataloader CPU affinity opt is not enabled, consider switching it on (see enable_cpu_affinity() or CPU best practices for DGL [https://docs.dgl.ai/tutorials/cpu/cpu_best_practises.html])
  dgl_warning(
/workspace/pmp_vast/envs/pmp-author/lib/python3.10/site-packages/dgl/dataloading/dataloader.py:1076: DGLWarning: Dataloader CPU affinity opt is not enabled, consider switching it on (see enable_cpu_affinity() or CPU best practices for DGL [https://docs.dgl.ai/tutorials/cpu/cpu_best_practises.html])
  dgl_warning(
tfinance_tr10_seed2 epoch=090 loss=0.049294 val_AUPRC=0.853018 best=0.853018@90 patience=0/20 train=4.790s val=8.429s
/workspace/pmp_vast/envs/pmp-author/lib/python3.10/site-packages/dgl/dataloading/dataloader.py:1076: DGLWarning: Dataloader CPU affinity opt is not enabled, consider switching it on (see enable_cpu_affinity() or CPU best practices for DGL [https://docs.dgl.ai/tutorials/cpu/cpu_best_practises.html])
  dgl_warning(
tfinance_tr10_seed2 epoch=091 loss=0.045304 val_AUPRC=0.854832 best=0.854832@91 patience=0/20 train=4.652s val=8.285s
/workspace/pmp_vast/envs/pmp-author/lib/python3.10/site-packages/dgl/dataloading/dataloader.py:1076: DGLWarning: Dataloader CPU affinity opt is not enabled, consider switching it on (see enable_cpu_affinity() or CPU best practices for DGL [https://docs.dgl.ai/tutorials/cpu/cpu_best_practises.html])
  dgl_warning(
tfinance_tr10_seed2 epoch=092 loss=0.044224 val_AUPRC=0.855874 best=0.855874@92 patience=0/20 train=4.601s val=8.137s
/workspace/pmp_vast/envs/pmp-author/lib/python3.10/site-packages/dgl/dataloading/dataloader.py:1076: DGLWarning: Dataloader CPU affinity opt is not enabled, consider switching it on (see enable_cpu_affinity() or CPU best practices for DGL [https://docs.dgl.ai/tutorials/cpu/cpu_best_practises.html])
  dgl_warning(
/workspace/pmp_vast/envs/pmp-author/lib/python3.10/site-packages/dgl/dataloading/dataloader.py:1076: DGLWarning: Dataloader CPU affinity opt is not enabled, consider switching it on (see enable_cpu_affinity() or CPU best practices for DGL [https://docs.dgl.ai/tutorials/cpu/cpu_best_practises.html])
  dgl_warning(
/workspace/pmp_vast/envs/pmp-author/lib/python3.10/site-packages/dgl/dataloading/dataloader.py:1076: DGLWarning: Dataloader CPU affinity opt is not enabled, consider switching it on (see enable_cpu_affinity() or CPU best practices for DGL [https://docs.dgl.ai/tutorials/cpu/cpu_best_practises.html])
  dgl_warning(
/workspace/pmp_vast/envs/pmp-author/lib/python3.10/site-packages/dgl/dataloading/dataloader.py:1076: DGLWarning: Dataloader CPU affinity opt is not enabled, consider switching it on (see enable_cpu_affinity() or CPU best practices for DGL [https://docs.dgl.ai/tutorials/cpu/cpu_best_practises.html])
  dgl_warning(
/workspace/pmp_vast/envs/pmp-author/lib/python3.10/site-packages/dgl/dataloading/dataloader.py:1076: DGLWarning: Dataloader CPU affinity opt is not enabled, consider switching it on (see enable_cpu_affinity() or CPU best practices for DGL [https://docs.dgl.ai/tutorials/cpu/cpu_best_practises.html])
  dgl_warning(
/workspace/pmp_vast/envs/pmp-author/lib/python3.10/site-packages/dgl/dataloading/dataloader.py:1076: DGLWarning: Dataloader CPU affinity opt is not enabled, consider switching it on (see enable_cpu_affinity() or CPU best practices for DGL [https://docs.dgl.ai/tutorials/cpu/cpu_best_practises.html])
  dgl_warning(
/workspace/pmp_vast/envs/pmp-author/lib/python3.10/site-packages/dgl/dataloading/dataloader.py:1076: DGLWarning: Dataloader CPU affinity opt is not enabled, consider switching it on (see enable_cpu_affinity() or CPU best practices for DGL [https://docs.dgl.ai/tutorials/cpu/cpu_best_practises.html])
  dgl_warning(
/workspace/pmp_vast/envs/pmp-author/lib/python3.10/site-packages/dgl/dataloading/dataloader.py:1076: DGLWarning: Dataloader CPU affinity opt is not enabled, consider switching it on (see enable_cpu_affinity() or CPU best practices for DGL [https://docs.dgl.ai/tutorials/cpu/cpu_best_practises.html])
  dgl_warning(
tfinance_tr10_seed2 epoch=100 loss=0.045404 val_AUPRC=0.850033 best=0.855874@92 patience=8/20 train=4.425s val=8.105s
/workspace/pmp_vast/envs/pmp-author/lib/python3.10/site-packages/dgl/dataloading/dataloader.py:1076: DGLWarning: Dataloader CPU affinity opt is not enabled, consider switching it on (see enable_cpu_affinity() or CPU best practices for DGL [https://docs.dgl.ai/tutorials/cpu/cpu_best_practises.html])
  dgl_warning(
tfinance_tr10_seed2 FROZEN | checkpoint epoch=92 | val_AUPRC=0.855874 | threshold=0.41
/workspace/pmp_vast/envs/pmp-author/lib/python3.10/site-packages/dgl/dataloading/dataloader.py:1076: DGLWarning: Dataloader CPU affinity opt is not enabled, consider switching it on (see enable_cpu_affinity() or CPU best practices for DGL [https://docs.dgl.ai/tutorials/cpu/cpu_best_practises.html])
  dgl_warning(
FINAL tfinance_tr10_seed2 PASS | AUPRC=0.870179 | AUROC=0.962815 | MacroF1=0.907670 | Recall=0.788089

===== FINAL RUN tfinance_tr10_seed42 =====
/workspace/pmp_vast/envs/pmp-author/lib/python3.10/site-packages/dgl/dataloading/dataloader.py:1076: DGLWarning: Dataloader CPU affinity opt is not enabled, consider switching it on (see enable_cpu_affinity() or CPU best practices for DGL [https://docs.dgl.ai/tutorials/cpu/cpu_best_practises.html])
  dgl_warning(
tfinance_tr10_seed42 epoch=001 loss=0.662786 val_AUPRC=0.069146 best=0.069146@1 patience=0/20 train=4.379s val=8.532s
/workspace/pmp_vast/envs/pmp-author/lib/python3.10/site-packages/dgl/dataloading/dataloader.py:1076: DGLWarning: Dataloader CPU affinity opt is not enabled, consider switching it on (see enable_cpu_affinity() or CPU best practices for DGL [https://docs.dgl.ai/tutorials/cpu/cpu_best_practises.html])
  dgl_warning(
tfinance_tr10_seed42 epoch=002 loss=0.395727 val_AUPRC=0.675503 best=0.675503@2 patience=0/20 train=4.465s val=8.243s
/workspace/pmp_vast/envs/pmp-author/lib/python3.10/site-packages/dgl/dataloading/dataloader.py:1076: DGLWarning: Dataloader CPU affinity opt is not enabled, consider switching it on (see enable_cpu_affinity() or CPU best practices for DGL [https://docs.dgl.ai/tutorials/cpu/cpu_best_practises.html])
  dgl_warning(
tfinance_tr10_seed42 epoch=003 loss=0.270782 val_AUPRC=0.758501 best=0.758501@3 patience=0/20 train=4.918s val=8.229s
/workspace/pmp_vast/envs/pmp-author/lib/python3.10/site-packages/dgl/dataloading/dataloader.py:1076: DGLWarning: Dataloader CPU affinity opt is not enabled, consider switching it on (see enable_cpu_affinity() or CPU best practices for DGL [https://docs.dgl.ai/tutorials/cpu/cpu_best_practises.html])
  dgl_warning(
tfinance_tr10_seed42 epoch=004 loss=0.199307 val_AUPRC=0.784014 best=0.784014@4 patience=0/20 train=4.815s val=7.901s
/workspace/pmp_vast/envs/pmp-author/lib/python3.10/site-packages/dgl/dataloading/dataloader.py:1076: DGLWarning: Dataloader CPU affinity opt is not enabled, consider switching it on (see enable_cpu_affinity() or CPU best practices for DGL [https://docs.dgl.ai/tutorials/cpu/cpu_best_practises.html])
  dgl_warning(
/workspace/pmp_vast/envs/pmp-author/lib/python3.10/site-packages/dgl/dataloading/dataloader.py:1076: DGLWarning: Dataloader CPU affinity opt is not enabled, consider switching it on (see enable_cpu_affinity() or CPU best practices for DGL [https://docs.dgl.ai/tutorials/cpu/cpu_best_practises.html])
  dgl_warning(
tfinance_tr10_seed42 epoch=006 loss=0.139484 val_AUPRC=0.787966 best=0.787966@6 patience=0/20 train=4.381s val=7.812s
/workspace/pmp_vast/envs/pmp-author/lib/python3.10/site-packages/dgl/dataloading/dataloader.py:1076: DGLWarning: Dataloader CPU affinity opt is not enabled, consider switching it on (see enable_cpu_affinity() or CPU best practices for DGL [https://docs.dgl.ai/tutorials/cpu/cpu_best_practises.html])
  dgl_warning(
/workspace/pmp_vast/envs/pmp-author/lib/python3.10/site-packages/dgl/dataloading/dataloader.py:1076: DGLWarning: Dataloader CPU affinity opt is not enabled, consider switching it on (see enable_cpu_affinity() or CPU best practices for DGL [https://docs.dgl.ai/tutorials/cpu/cpu_best_practises.html])
  dgl_warning(
tfinance_tr10_seed42 epoch=008 loss=0.124121 val_AUPRC=0.802815 best=0.802815@8 patience=0/20 train=4.372s val=7.987s
/workspace/pmp_vast/envs/pmp-author/lib/python3.10/site-packages/dgl/dataloading/dataloader.py:1076: DGLWarning: Dataloader CPU affinity opt is not enabled, consider switching it on (see enable_cpu_affinity() or CPU best practices for DGL [https://docs.dgl.ai/tutorials/cpu/cpu_best_practises.html])
  dgl_warning(
/workspace/pmp_vast/envs/pmp-author/lib/python3.10/site-packages/dgl/dataloading/dataloader.py:1076: DGLWarning: Dataloader CPU affinity opt is not enabled, consider switching it on (see enable_cpu_affinity() or CPU best practices for DGL [https://docs.dgl.ai/tutorials/cpu/cpu_best_practises.html])
  dgl_warning(
tfinance_tr10_seed42 epoch=010 loss=0.111633 val_AUPRC=0.812257 best=0.812257@10 patience=0/20 train=4.513s val=8.268s
/workspace/pmp_vast/envs/pmp-author/lib/python3.10/site-packages/dgl/dataloading/dataloader.py:1076: DGLWarning: Dataloader CPU affinity opt is not enabled, consider switching it on (see enable_cpu_affinity() or CPU best practices for DGL [https://docs.dgl.ai/tutorials/cpu/cpu_best_practises.html])
  dgl_warning(
/workspace/pmp_vast/envs/pmp-author/lib/python3.10/site-packages/dgl/dataloading/dataloader.py:1076: DGLWarning: Dataloader CPU affinity opt is not enabled, consider switching it on (see enable_cpu_affinity() or CPU best practices for DGL [https://docs.dgl.ai/tutorials/cpu/cpu_best_practises.html])
  dgl_warning(
/workspace/pmp_vast/envs/pmp-author/lib/python3.10/site-packages/dgl/dataloading/dataloader.py:1076: DGLWarning: Dataloader CPU affinity opt is not enabled, consider switching it on (see enable_cpu_affinity() or CPU best practices for DGL [https://docs.dgl.ai/tutorials/cpu/cpu_best_practises.html])
  dgl_warning(
/workspace/pmp_vast/envs/pmp-author/lib/python3.10/site-packages/dgl/dataloading/dataloader.py:1076: DGLWarning: Dataloader CPU affinity opt is not enabled, consider switching it on (see enable_cpu_affinity() or CPU best practices for DGL [https://docs.dgl.ai/tutorials/cpu/cpu_best_practises.html])
  dgl_warning(
tfinance_tr10_seed42 epoch=014 loss=0.087632 val_AUPRC=0.815864 best=0.815864@14 patience=0/20 train=4.499s val=7.789s
/workspace/pmp_vast/envs/pmp-author/lib/python3.10/site-packages/dgl/dataloading/dataloader.py:1076: DGLWarning: Dataloader CPU affinity opt is not enabled, consider switching it on (see enable_cpu_affinity() or CPU best practices for DGL [https://docs.dgl.ai/tutorials/cpu/cpu_best_practises.html])
  dgl_warning(
tfinance_tr10_seed42 epoch=015 loss=0.093893 val_AUPRC=0.821495 best=0.821495@15 patience=0/20 train=4.486s val=7.756s
/workspace/pmp_vast/envs/pmp-author/lib/python3.10/site-packages/dgl/dataloading/dataloader.py:1076: DGLWarning: Dataloader CPU affinity opt is not enabled, consider switching it on (see enable_cpu_affinity() or CPU best practices for DGL [https://docs.dgl.ai/tutorials/cpu/cpu_best_practises.html])
  dgl_warning(
/workspace/pmp_vast/envs/pmp-author/lib/python3.10/site-packages/dgl/dataloading/dataloader.py:1076: DGLWarning: Dataloader CPU affinity opt is not enabled, consider switching it on (see enable_cpu_affinity() or CPU best practices for DGL [https://docs.dgl.ai/tutorials/cpu/cpu_best_practises.html])
  dgl_warning(
tfinance_tr10_seed42 epoch=017 loss=0.083636 val_AUPRC=0.823151 best=0.823151@17 patience=0/20 train=4.539s val=8.061s
/workspace/pmp_vast/envs/pmp-author/lib/python3.10/site-packages/dgl/dataloading/dataloader.py:1076: DGLWarning: Dataloader CPU affinity opt is not enabled, consider switching it on (see enable_cpu_affinity() or CPU best practices for DGL [https://docs.dgl.ai/tutorials/cpu/cpu_best_practises.html])
  dgl_warning(
/workspace/pmp_vast/envs/pmp-author/lib/python3.10/site-packages/dgl/dataloading/dataloader.py:1076: DGLWarning: Dataloader CPU affinity opt is not enabled, consider switching it on (see enable_cpu_affinity() or CPU best practices for DGL [https://docs.dgl.ai/tutorials/cpu/cpu_best_practises.html])
  dgl_warning(
tfinance_tr10_seed42 epoch=019 loss=0.078496 val_AUPRC=0.827069 best=0.827069@19 patience=0/20 train=4.503s val=7.872s
/workspace/pmp_vast/envs/pmp-author/lib/python3.10/site-packages/dgl/dataloading/dataloader.py:1076: DGLWarning: Dataloader CPU affinity opt is not enabled, consider switching it on (see enable_cpu_affinity() or CPU best practices for DGL [https://docs.dgl.ai/tutorials/cpu/cpu_best_practises.html])
  dgl_warning(
tfinance_tr10_seed42 epoch=020 loss=0.079569 val_AUPRC=0.820111 best=0.827069@19 patience=1/20 train=4.422s val=7.858s
/workspace/pmp_vast/envs/pmp-author/lib/python3.10/site-packages/dgl/dataloading/dataloader.py:1076: DGLWarning: Dataloader CPU affinity opt is not enabled, consider switching it on (see enable_cpu_affinity() or CPU best practices for DGL [https://docs.dgl.ai/tutorials/cpu/cpu_best_practises.html])
  dgl_warning(
/workspace/pmp_vast/envs/pmp-author/lib/python3.10/site-packages/dgl/dataloading/dataloader.py:1076: DGLWarning: Dataloader CPU affinity opt is not enabled, consider switching it on (see enable_cpu_affinity() or CPU best practices for DGL [https://docs.dgl.ai/tutorials/cpu/cpu_best_practises.html])
  dgl_warning(
tfinance_tr10_seed42 epoch=022 loss=0.071336 val_AUPRC=0.830169 best=0.830169@22 patience=0/20 train=4.616s val=7.897s
/workspace/pmp_vast/envs/pmp-author/lib/python3.10/site-packages/dgl/dataloading/dataloader.py:1076: DGLWarning: Dataloader CPU affinity opt is not enabled, consider switching it on (see enable_cpu_affinity() or CPU best practices for DGL [https://docs.dgl.ai/tutorials/cpu/cpu_best_practises.html])
  dgl_warning(
tfinance_tr10_seed42 epoch=023 loss=0.069790 val_AUPRC=0.831496 best=0.831496@23 patience=0/20 train=4.443s val=7.935s
/workspace/pmp_vast/envs/pmp-author/lib/python3.10/site-packages/dgl/dataloading/dataloader.py:1076: DGLWarning: Dataloader CPU affinity opt is not enabled, consider switching it on (see enable_cpu_affinity() or CPU best practices for DGL [https://docs.dgl.ai/tutorials/cpu/cpu_best_practises.html])
  dgl_warning(
/workspace/pmp_vast/envs/pmp-author/lib/python3.10/site-packages/dgl/dataloading/dataloader.py:1076: DGLWarning: Dataloader CPU affinity opt is not enabled, consider switching it on (see enable_cpu_affinity() or CPU best practices for DGL [https://docs.dgl.ai/tutorials/cpu/cpu_best_practises.html])
  dgl_warning(
/workspace/pmp_vast/envs/pmp-author/lib/python3.10/site-packages/dgl/dataloading/dataloader.py:1076: DGLWarning: Dataloader CPU affinity opt is not enabled, consider switching it on (see enable_cpu_affinity() or CPU best practices for DGL [https://docs.dgl.ai/tutorials/cpu/cpu_best_practises.html])
  dgl_warning(
tfinance_tr10_seed42 epoch=026 loss=0.071094 val_AUPRC=0.834106 best=0.834106@26 patience=0/20 train=4.389s val=7.857s
/workspace/pmp_vast/envs/pmp-author/lib/python3.10/site-packages/dgl/dataloading/dataloader.py:1076: DGLWarning: Dataloader CPU affinity opt is not enabled, consider switching it on (see enable_cpu_affinity() or CPU best practices for DGL [https://docs.dgl.ai/tutorials/cpu/cpu_best_practises.html])
  dgl_warning(
/workspace/pmp_vast/envs/pmp-author/lib/python3.10/site-packages/dgl/dataloading/dataloader.py:1076: DGLWarning: Dataloader CPU affinity opt is not enabled, consider switching it on (see enable_cpu_affinity() or CPU best practices for DGL [https://docs.dgl.ai/tutorials/cpu/cpu_best_practises.html])
  dgl_warning(
tfinance_tr10_seed42 epoch=028 loss=0.057701 val_AUPRC=0.835568 best=0.835568@28 patience=0/20 train=4.399s val=8.217s
/workspace/pmp_vast/envs/pmp-author/lib/python3.10/site-packages/dgl/dataloading/dataloader.py:1076: DGLWarning: Dataloader CPU affinity opt is not enabled, consider switching it on (see enable_cpu_affinity() or CPU best practices for DGL [https://docs.dgl.ai/tutorials/cpu/cpu_best_practises.html])
  dgl_warning(
tfinance_tr10_seed42 epoch=029 loss=0.063423 val_AUPRC=0.840109 best=0.840109@29 patience=0/20 train=4.629s val=8.095s
/workspace/pmp_vast/envs/pmp-author/lib/python3.10/site-packages/dgl/dataloading/dataloader.py:1076: DGLWarning: Dataloader CPU affinity opt is not enabled, consider switching it on (see enable_cpu_affinity() or CPU best practices for DGL [https://docs.dgl.ai/tutorials/cpu/cpu_best_practises.html])
  dgl_warning(
tfinance_tr10_seed42 epoch=030 loss=0.059806 val_AUPRC=0.829822 best=0.840109@29 patience=1/20 train=4.764s val=7.875s
/workspace/pmp_vast/envs/pmp-author/lib/python3.10/site-packages/dgl/dataloading/dataloader.py:1076: DGLWarning: Dataloader CPU affinity opt is not enabled, consider switching it on (see enable_cpu_affinity() or CPU best practices for DGL [https://docs.dgl.ai/tutorials/cpu/cpu_best_practises.html])
  dgl_warning(
/workspace/pmp_vast/envs/pmp-author/lib/python3.10/site-packages/dgl/dataloading/dataloader.py:1076: DGLWarning: Dataloader CPU affinity opt is not enabled, consider switching it on (see enable_cpu_affinity() or CPU best practices for DGL [https://docs.dgl.ai/tutorials/cpu/cpu_best_practises.html])
  dgl_warning(
/workspace/pmp_vast/envs/pmp-author/lib/python3.10/site-packages/dgl/dataloading/dataloader.py:1076: DGLWarning: Dataloader CPU affinity opt is not enabled, consider switching it on (see enable_cpu_affinity() or CPU best practices for DGL [https://docs.dgl.ai/tutorials/cpu/cpu_best_practises.html])
  dgl_warning(
/workspace/pmp_vast/envs/pmp-author/lib/python3.10/site-packages/dgl/dataloading/dataloader.py:1076: DGLWarning: Dataloader CPU affinity opt is not enabled, consider switching it on (see enable_cpu_affinity() or CPU best practices for DGL [https://docs.dgl.ai/tutorials/cpu/cpu_best_practises.html])
  dgl_warning(
/workspace/pmp_vast/envs/pmp-author/lib/python3.10/site-packages/dgl/dataloading/dataloader.py:1076: DGLWarning: Dataloader CPU affinity opt is not enabled, consider switching it on (see enable_cpu_affinity() or CPU best practices for DGL [https://docs.dgl.ai/tutorials/cpu/cpu_best_practises.html])
  dgl_warning(
/workspace/pmp_vast/envs/pmp-author/lib/python3.10/site-packages/dgl/dataloading/dataloader.py:1076: DGLWarning: Dataloader CPU affinity opt is not enabled, consider switching it on (see enable_cpu_affinity() or CPU best practices for DGL [https://docs.dgl.ai/tutorials/cpu/cpu_best_practises.html])
  dgl_warning(
/workspace/pmp_vast/envs/pmp-author/lib/python3.10/site-packages/dgl/dataloading/dataloader.py:1076: DGLWarning: Dataloader CPU affinity opt is not enabled, consider switching it on (see enable_cpu_affinity() or CPU best practices for DGL [https://docs.dgl.ai/tutorials/cpu/cpu_best_practises.html])
  dgl_warning(
/workspace/pmp_vast/envs/pmp-author/lib/python3.10/site-packages/dgl/dataloading/dataloader.py:1076: DGLWarning: Dataloader CPU affinity opt is not enabled, consider switching it on (see enable_cpu_affinity() or CPU best practices for DGL [https://docs.dgl.ai/tutorials/cpu/cpu_best_practises.html])
  dgl_warning(
/workspace/pmp_vast/envs/pmp-author/lib/python3.10/site-packages/dgl/dataloading/dataloader.py:1076: DGLWarning: Dataloader CPU affinity opt is not enabled, consider switching it on (see enable_cpu_affinity() or CPU best practices for DGL [https://docs.dgl.ai/tutorials/cpu/cpu_best_practises.html])
  dgl_warning(
/workspace/pmp_vast/envs/pmp-author/lib/python3.10/site-packages/dgl/dataloading/dataloader.py:1076: DGLWarning: Dataloader CPU affinity opt is not enabled, consider switching it on (see enable_cpu_affinity() or CPU best practices for DGL [https://docs.dgl.ai/tutorials/cpu/cpu_best_practises.html])
  dgl_warning(
tfinance_tr10_seed42 epoch=040 loss=0.051598 val_AUPRC=0.840376 best=0.840376@40 patience=0/20 train=4.709s val=8.215s
/workspace/pmp_vast/envs/pmp-author/lib/python3.10/site-packages/dgl/dataloading/dataloader.py:1076: DGLWarning: Dataloader CPU affinity opt is not enabled, consider switching it on (see enable_cpu_affinity() or CPU best practices for DGL [https://docs.dgl.ai/tutorials/cpu/cpu_best_practises.html])
  dgl_warning(
tfinance_tr10_seed42 epoch=041 loss=0.052631 val_AUPRC=0.841252 best=0.841252@41 patience=0/20 train=4.469s val=7.942s
/workspace/pmp_vast/envs/pmp-author/lib/python3.10/site-packages/dgl/dataloading/dataloader.py:1076: DGLWarning: Dataloader CPU affinity opt is not enabled, consider switching it on (see enable_cpu_affinity() or CPU best practices for DGL [https://docs.dgl.ai/tutorials/cpu/cpu_best_practises.html])
  dgl_warning(
tfinance_tr10_seed42 epoch=042 loss=0.064356 val_AUPRC=0.843273 best=0.843273@42 patience=0/20 train=4.511s val=8.005s
/workspace/pmp_vast/envs/pmp-author/lib/python3.10/site-packages/dgl/dataloading/dataloader.py:1076: DGLWarning: Dataloader CPU affinity opt is not enabled, consider switching it on (see enable_cpu_affinity() or CPU best practices for DGL [https://docs.dgl.ai/tutorials/cpu/cpu_best_practises.html])
  dgl_warning(
/workspace/pmp_vast/envs/pmp-author/lib/python3.10/site-packages/dgl/dataloading/dataloader.py:1076: DGLWarning: Dataloader CPU affinity opt is not enabled, consider switching it on (see enable_cpu_affinity() or CPU best practices for DGL [https://docs.dgl.ai/tutorials/cpu/cpu_best_practises.html])
  dgl_warning(
/workspace/pmp_vast/envs/pmp-author/lib/python3.10/site-packages/dgl/dataloading/dataloader.py:1076: DGLWarning: Dataloader CPU affinity opt is not enabled, consider switching it on (see enable_cpu_affinity() or CPU best practices for DGL [https://docs.dgl.ai/tutorials/cpu/cpu_best_practises.html])
  dgl_warning(
tfinance_tr10_seed42 epoch=045 loss=0.054353 val_AUPRC=0.844221 best=0.844221@45 patience=0/20 train=4.619s val=9.141s
/workspace/pmp_vast/envs/pmp-author/lib/python3.10/site-packages/dgl/dataloading/dataloader.py:1076: DGLWarning: Dataloader CPU affinity opt is not enabled, consider switching it on (see enable_cpu_affinity() or CPU best practices for DGL [https://docs.dgl.ai/tutorials/cpu/cpu_best_practises.html])
  dgl_warning(
/workspace/pmp_vast/envs/pmp-author/lib/python3.10/site-packages/dgl/dataloading/dataloader.py:1076: DGLWarning: Dataloader CPU affinity opt is not enabled, consider switching it on (see enable_cpu_affinity() or CPU best practices for DGL [https://docs.dgl.ai/tutorials/cpu/cpu_best_practises.html])
  dgl_warning(
/workspace/pmp_vast/envs/pmp-author/lib/python3.10/site-packages/dgl/dataloading/dataloader.py:1076: DGLWarning: Dataloader CPU affinity opt is not enabled, consider switching it on (see enable_cpu_affinity() or CPU best practices for DGL [https://docs.dgl.ai/tutorials/cpu/cpu_best_practises.html])
  dgl_warning(
tfinance_tr10_seed42 epoch=048 loss=0.050266 val_AUPRC=0.844897 best=0.844897@48 patience=0/20 train=4.482s val=8.201s
/workspace/pmp_vast/envs/pmp-author/lib/python3.10/site-packages/dgl/dataloading/dataloader.py:1076: DGLWarning: Dataloader CPU affinity opt is not enabled, consider switching it on (see enable_cpu_affinity() or CPU best practices for DGL [https://docs.dgl.ai/tutorials/cpu/cpu_best_practises.html])
  dgl_warning(
tfinance_tr10_seed42 epoch=049 loss=0.049697 val_AUPRC=0.846569 best=0.846569@49 patience=0/20 train=4.806s val=8.153s
/workspace/pmp_vast/envs/pmp-author/lib/python3.10/site-packages/dgl/dataloading/dataloader.py:1076: DGLWarning: Dataloader CPU affinity opt is not enabled, consider switching it on (see enable_cpu_affinity() or CPU best practices for DGL [https://docs.dgl.ai/tutorials/cpu/cpu_best_practises.html])
  dgl_warning(
tfinance_tr10_seed42 epoch=050 loss=0.051705 val_AUPRC=0.846724 best=0.846724@50 patience=0/20 train=4.517s val=7.969s
/workspace/pmp_vast/envs/pmp-author/lib/python3.10/site-packages/dgl/dataloading/dataloader.py:1076: DGLWarning: Dataloader CPU affinity opt is not enabled, consider switching it on (see enable_cpu_affinity() or CPU best practices for DGL [https://docs.dgl.ai/tutorials/cpu/cpu_best_practises.html])
  dgl_warning(
/workspace/pmp_vast/envs/pmp-author/lib/python3.10/site-packages/dgl/dataloading/dataloader.py:1076: DGLWarning: Dataloader CPU affinity opt is not enabled, consider switching it on (see enable_cpu_affinity() or CPU best practices for DGL [https://docs.dgl.ai/tutorials/cpu/cpu_best_practises.html])
  dgl_warning(
/workspace/pmp_vast/envs/pmp-author/lib/python3.10/site-packages/dgl/dataloading/dataloader.py:1076: DGLWarning: Dataloader CPU affinity opt is not enabled, consider switching it on (see enable_cpu_affinity() or CPU best practices for DGL [https://docs.dgl.ai/tutorials/cpu/cpu_best_practises.html])
  dgl_warning(
/workspace/pmp_vast/envs/pmp-author/lib/python3.10/site-packages/dgl/dataloading/dataloader.py:1076: DGLWarning: Dataloader CPU affinity opt is not enabled, consider switching it on (see enable_cpu_affinity() or CPU best practices for DGL [https://docs.dgl.ai/tutorials/cpu/cpu_best_practises.html])
  dgl_warning(
tfinance_tr10_seed42 epoch=054 loss=0.053741 val_AUPRC=0.848437 best=0.848437@54 patience=0/20 train=4.442s val=7.819s
/workspace/pmp_vast/envs/pmp-author/lib/python3.10/site-packages/dgl/dataloading/dataloader.py:1076: DGLWarning: Dataloader CPU affinity opt is not enabled, consider switching it on (see enable_cpu_affinity() or CPU best practices for DGL [https://docs.dgl.ai/tutorials/cpu/cpu_best_practises.html])
  dgl_warning(
/workspace/pmp_vast/envs/pmp-author/lib/python3.10/site-packages/dgl/dataloading/dataloader.py:1076: DGLWarning: Dataloader CPU affinity opt is not enabled, consider switching it on (see enable_cpu_affinity() or CPU best practices for DGL [https://docs.dgl.ai/tutorials/cpu/cpu_best_practises.html])
  dgl_warning(
/workspace/pmp_vast/envs/pmp-author/lib/python3.10/site-packages/dgl/dataloading/dataloader.py:1076: DGLWarning: Dataloader CPU affinity opt is not enabled, consider switching it on (see enable_cpu_affinity() or CPU best practices for DGL [https://docs.dgl.ai/tutorials/cpu/cpu_best_practises.html])
  dgl_warning(
/workspace/pmp_vast/envs/pmp-author/lib/python3.10/site-packages/dgl/dataloading/dataloader.py:1076: DGLWarning: Dataloader CPU affinity opt is not enabled, consider switching it on (see enable_cpu_affinity() or CPU best practices for DGL [https://docs.dgl.ai/tutorials/cpu/cpu_best_practises.html])
  dgl_warning(
/workspace/pmp_vast/envs/pmp-author/lib/python3.10/site-packages/dgl/dataloading/dataloader.py:1076: DGLWarning: Dataloader CPU affinity opt is not enabled, consider switching it on (see enable_cpu_affinity() or CPU best practices for DGL [https://docs.dgl.ai/tutorials/cpu/cpu_best_practises.html])
  dgl_warning(
/workspace/pmp_vast/envs/pmp-author/lib/python3.10/site-packages/dgl/dataloading/dataloader.py:1076: DGLWarning: Dataloader CPU affinity opt is not enabled, consider switching it on (see enable_cpu_affinity() or CPU best practices for DGL [https://docs.dgl.ai/tutorials/cpu/cpu_best_practises.html])
  dgl_warning(
tfinance_tr10_seed42 epoch=060 loss=0.052105 val_AUPRC=0.847666 best=0.848437@54 patience=6/20 train=4.602s val=8.148s
/workspace/pmp_vast/envs/pmp-author/lib/python3.10/site-packages/dgl/dataloading/dataloader.py:1076: DGLWarning: Dataloader CPU affinity opt is not enabled, consider switching it on (see enable_cpu_affinity() or CPU best practices for DGL [https://docs.dgl.ai/tutorials/cpu/cpu_best_practises.html])
  dgl_warning(
tfinance_tr10_seed42 epoch=061 loss=0.048689 val_AUPRC=0.848831 best=0.848831@61 patience=0/20 train=4.466s val=7.887s
/workspace/pmp_vast/envs/pmp-author/lib/python3.10/site-packages/dgl/dataloading/dataloader.py:1076: DGLWarning: Dataloader CPU affinity opt is not enabled, consider switching it on (see enable_cpu_affinity() or CPU best practices for DGL [https://docs.dgl.ai/tutorials/cpu/cpu_best_practises.html])
  dgl_warning(
/workspace/pmp_vast/envs/pmp-author/lib/python3.10/site-packages/dgl/dataloading/dataloader.py:1076: DGLWarning: Dataloader CPU affinity opt is not enabled, consider switching it on (see enable_cpu_affinity() or CPU best practices for DGL [https://docs.dgl.ai/tutorials/cpu/cpu_best_practises.html])
  dgl_warning(
/workspace/pmp_vast/envs/pmp-author/lib/python3.10/site-packages/dgl/dataloading/dataloader.py:1076: DGLWarning: Dataloader CPU affinity opt is not enabled, consider switching it on (see enable_cpu_affinity() or CPU best practices for DGL [https://docs.dgl.ai/tutorials/cpu/cpu_best_practises.html])
  dgl_warning(
/workspace/pmp_vast/envs/pmp-author/lib/python3.10/site-packages/dgl/dataloading/dataloader.py:1076: DGLWarning: Dataloader CPU affinity opt is not enabled, consider switching it on (see enable_cpu_affinity() or CPU best practices for DGL [https://docs.dgl.ai/tutorials/cpu/cpu_best_practises.html])
  dgl_warning(
/workspace/pmp_vast/envs/pmp-author/lib/python3.10/site-packages/dgl/dataloading/dataloader.py:1076: DGLWarning: Dataloader CPU affinity opt is not enabled, consider switching it on (see enable_cpu_affinity() or CPU best practices for DGL [https://docs.dgl.ai/tutorials/cpu/cpu_best_practises.html])
  dgl_warning(
tfinance_tr10_seed42 epoch=066 loss=0.052534 val_AUPRC=0.848855 best=0.848855@66 patience=0/20 train=4.409s val=7.911s
/workspace/pmp_vast/envs/pmp-author/lib/python3.10/site-packages/dgl/dataloading/dataloader.py:1076: DGLWarning: Dataloader CPU affinity opt is not enabled, consider switching it on (see enable_cpu_affinity() or CPU best practices for DGL [https://docs.dgl.ai/tutorials/cpu/cpu_best_practises.html])
  dgl_warning(
/workspace/pmp_vast/envs/pmp-author/lib/python3.10/site-packages/dgl/dataloading/dataloader.py:1076: DGLWarning: Dataloader CPU affinity opt is not enabled, consider switching it on (see enable_cpu_affinity() or CPU best practices for DGL [https://docs.dgl.ai/tutorials/cpu/cpu_best_practises.html])
  dgl_warning(
/workspace/pmp_vast/envs/pmp-author/lib/python3.10/site-packages/dgl/dataloading/dataloader.py:1076: DGLWarning: Dataloader CPU affinity opt is not enabled, consider switching it on (see enable_cpu_affinity() or CPU best practices for DGL [https://docs.dgl.ai/tutorials/cpu/cpu_best_practises.html])
  dgl_warning(
/workspace/pmp_vast/envs/pmp-author/lib/python3.10/site-packages/dgl/dataloading/dataloader.py:1076: DGLWarning: Dataloader CPU affinity opt is not enabled, consider switching it on (see enable_cpu_affinity() or CPU best practices for DGL [https://docs.dgl.ai/tutorials/cpu/cpu_best_practises.html])
  dgl_warning(
tfinance_tr10_seed42 epoch=070 loss=0.054502 val_AUPRC=0.847594 best=0.848855@66 patience=4/20 train=4.491s val=7.897s
/workspace/pmp_vast/envs/pmp-author/lib/python3.10/site-packages/dgl/dataloading/dataloader.py:1076: DGLWarning: Dataloader CPU affinity opt is not enabled, consider switching it on (see enable_cpu_affinity() or CPU best practices for DGL [https://docs.dgl.ai/tutorials/cpu/cpu_best_practises.html])
  dgl_warning(
/workspace/pmp_vast/envs/pmp-author/lib/python3.10/site-packages/dgl/dataloading/dataloader.py:1076: DGLWarning: Dataloader CPU affinity opt is not enabled, consider switching it on (see enable_cpu_affinity() or CPU best practices for DGL [https://docs.dgl.ai/tutorials/cpu/cpu_best_practises.html])
  dgl_warning(
/workspace/pmp_vast/envs/pmp-author/lib/python3.10/site-packages/dgl/dataloading/dataloader.py:1076: DGLWarning: Dataloader CPU affinity opt is not enabled, consider switching it on (see enable_cpu_affinity() or CPU best practices for DGL [https://docs.dgl.ai/tutorials/cpu/cpu_best_practises.html])
  dgl_warning(
/workspace/pmp_vast/envs/pmp-author/lib/python3.10/site-packages/dgl/dataloading/dataloader.py:1076: DGLWarning: Dataloader CPU affinity opt is not enabled, consider switching it on (see enable_cpu_affinity() or CPU best practices for DGL [https://docs.dgl.ai/tutorials/cpu/cpu_best_practises.html])
  dgl_warning(
/workspace/pmp_vast/envs/pmp-author/lib/python3.10/site-packages/dgl/dataloading/dataloader.py:1076: DGLWarning: Dataloader CPU affinity opt is not enabled, consider switching it on (see enable_cpu_affinity() or CPU best practices for DGL [https://docs.dgl.ai/tutorials/cpu/cpu_best_practises.html])
  dgl_warning(
/workspace/pmp_vast/envs/pmp-author/lib/python3.10/site-packages/dgl/dataloading/dataloader.py:1076: DGLWarning: Dataloader CPU affinity opt is not enabled, consider switching it on (see enable_cpu_affinity() or CPU best practices for DGL [https://docs.dgl.ai/tutorials/cpu/cpu_best_practises.html])
  dgl_warning(
/workspace/pmp_vast/envs/pmp-author/lib/python3.10/site-packages/dgl/dataloading/dataloader.py:1076: DGLWarning: Dataloader CPU affinity opt is not enabled, consider switching it on (see enable_cpu_affinity() or CPU best practices for DGL [https://docs.dgl.ai/tutorials/cpu/cpu_best_practises.html])
  dgl_warning(
/workspace/pmp_vast/envs/pmp-author/lib/python3.10/site-packages/dgl/dataloading/dataloader.py:1076: DGLWarning: Dataloader CPU affinity opt is not enabled, consider switching it on (see enable_cpu_affinity() or CPU best practices for DGL [https://docs.dgl.ai/tutorials/cpu/cpu_best_practises.html])
  dgl_warning(
/workspace/pmp_vast/envs/pmp-author/lib/python3.10/site-packages/dgl/dataloading/dataloader.py:1076: DGLWarning: Dataloader CPU affinity opt is not enabled, consider switching it on (see enable_cpu_affinity() or CPU best practices for DGL [https://docs.dgl.ai/tutorials/cpu/cpu_best_practises.html])
  dgl_warning(
/workspace/pmp_vast/envs/pmp-author/lib/python3.10/site-packages/dgl/dataloading/dataloader.py:1076: DGLWarning: Dataloader CPU affinity opt is not enabled, consider switching it on (see enable_cpu_affinity() or CPU best practices for DGL [https://docs.dgl.ai/tutorials/cpu/cpu_best_practises.html])
  dgl_warning(
tfinance_tr10_seed42 epoch=080 loss=0.050442 val_AUPRC=0.848771 best=0.848855@66 patience=14/20 train=4.460s val=8.236s
/workspace/pmp_vast/envs/pmp-author/lib/python3.10/site-packages/dgl/dataloading/dataloader.py:1076: DGLWarning: Dataloader CPU affinity opt is not enabled, consider switching it on (see enable_cpu_affinity() or CPU best practices for DGL [https://docs.dgl.ai/tutorials/cpu/cpu_best_practises.html])
  dgl_warning(
/workspace/pmp_vast/envs/pmp-author/lib/python3.10/site-packages/dgl/dataloading/dataloader.py:1076: DGLWarning: Dataloader CPU affinity opt is not enabled, consider switching it on (see enable_cpu_affinity() or CPU best practices for DGL [https://docs.dgl.ai/tutorials/cpu/cpu_best_practises.html])
  dgl_warning(
/workspace/pmp_vast/envs/pmp-author/lib/python3.10/site-packages/dgl/dataloading/dataloader.py:1076: DGLWarning: Dataloader CPU affinity opt is not enabled, consider switching it on (see enable_cpu_affinity() or CPU best practices for DGL [https://docs.dgl.ai/tutorials/cpu/cpu_best_practises.html])
  dgl_warning(
tfinance_tr10_seed42 epoch=083 loss=0.047006 val_AUPRC=0.849989 best=0.849989@83 patience=0/20 train=4.700s val=8.056s
/workspace/pmp_vast/envs/pmp-author/lib/python3.10/site-packages/dgl/dataloading/dataloader.py:1076: DGLWarning: Dataloader CPU affinity opt is not enabled, consider switching it on (see enable_cpu_affinity() or CPU best practices for DGL [https://docs.dgl.ai/tutorials/cpu/cpu_best_practises.html])
  dgl_warning(
/workspace/pmp_vast/envs/pmp-author/lib/python3.10/site-packages/dgl/dataloading/dataloader.py:1076: DGLWarning: Dataloader CPU affinity opt is not enabled, consider switching it on (see enable_cpu_affinity() or CPU best practices for DGL [https://docs.dgl.ai/tutorials/cpu/cpu_best_practises.html])
  dgl_warning(
/workspace/pmp_vast/envs/pmp-author/lib/python3.10/site-packages/dgl/dataloading/dataloader.py:1076: DGLWarning: Dataloader CPU affinity opt is not enabled, consider switching it on (see enable_cpu_affinity() or CPU best practices for DGL [https://docs.dgl.ai/tutorials/cpu/cpu_best_practises.html])
  dgl_warning(
/workspace/pmp_vast/envs/pmp-author/lib/python3.10/site-packages/dgl/dataloading/dataloader.py:1076: DGLWarning: Dataloader CPU affinity opt is not enabled, consider switching it on (see enable_cpu_affinity() or CPU best practices for DGL [https://docs.dgl.ai/tutorials/cpu/cpu_best_practises.html])
  dgl_warning(
/workspace/pmp_vast/envs/pmp-author/lib/python3.10/site-packages/dgl/dataloading/dataloader.py:1076: DGLWarning: Dataloader CPU affinity opt is not enabled, consider switching it on (see enable_cpu_affinity() or CPU best practices for DGL [https://docs.dgl.ai/tutorials/cpu/cpu_best_practises.html])
  dgl_warning(
/workspace/pmp_vast/envs/pmp-author/lib/python3.10/site-packages/dgl/dataloading/dataloader.py:1076: DGLWarning: Dataloader CPU affinity opt is not enabled, consider switching it on (see enable_cpu_affinity() or CPU best practices for DGL [https://docs.dgl.ai/tutorials/cpu/cpu_best_practises.html])
  dgl_warning(
/workspace/pmp_vast/envs/pmp-author/lib/python3.10/site-packages/dgl/dataloading/dataloader.py:1076: DGLWarning: Dataloader CPU affinity opt is not enabled, consider switching it on (see enable_cpu_affinity() or CPU best practices for DGL [https://docs.dgl.ai/tutorials/cpu/cpu_best_practises.html])
  dgl_warning(
tfinance_tr10_seed42 epoch=090 loss=0.044094 val_AUPRC=0.849324 best=0.849989@83 patience=7/20 train=4.473s val=8.095s
/workspace/pmp_vast/envs/pmp-author/lib/python3.10/site-packages/dgl/dataloading/dataloader.py:1076: DGLWarning: Dataloader CPU affinity opt is not enabled, consider switching it on (see enable_cpu_affinity() or CPU best practices for DGL [https://docs.dgl.ai/tutorials/cpu/cpu_best_practises.html])
  dgl_warning(
/workspace/pmp_vast/envs/pmp-author/lib/python3.10/site-packages/dgl/dataloading/dataloader.py:1076: DGLWarning: Dataloader CPU affinity opt is not enabled, consider switching it on (see enable_cpu_affinity() or CPU best practices for DGL [https://docs.dgl.ai/tutorials/cpu/cpu_best_practises.html])
  dgl_warning(
tfinance_tr10_seed42 epoch=092 loss=0.045374 val_AUPRC=0.850396 best=0.850396@92 patience=0/20 train=4.617s val=8.164s
/workspace/pmp_vast/envs/pmp-author/lib/python3.10/site-packages/dgl/dataloading/dataloader.py:1076: DGLWarning: Dataloader CPU affinity opt is not enabled, consider switching it on (see enable_cpu_affinity() or CPU best practices for DGL [https://docs.dgl.ai/tutorials/cpu/cpu_best_practises.html])
  dgl_warning(
tfinance_tr10_seed42 epoch=093 loss=0.043940 val_AUPRC=0.852184 best=0.852184@93 patience=0/20 train=4.725s val=8.005s
/workspace/pmp_vast/envs/pmp-author/lib/python3.10/site-packages/dgl/dataloading/dataloader.py:1076: DGLWarning: Dataloader CPU affinity opt is not enabled, consider switching it on (see enable_cpu_affinity() or CPU best practices for DGL [https://docs.dgl.ai/tutorials/cpu/cpu_best_practises.html])
  dgl_warning(
/workspace/pmp_vast/envs/pmp-author/lib/python3.10/site-packages/dgl/dataloading/dataloader.py:1076: DGLWarning: Dataloader CPU affinity opt is not enabled, consider switching it on (see enable_cpu_affinity() or CPU best practices for DGL [https://docs.dgl.ai/tutorials/cpu/cpu_best_practises.html])
  dgl_warning(
/workspace/pmp_vast/envs/pmp-author/lib/python3.10/site-packages/dgl/dataloading/dataloader.py:1076: DGLWarning: Dataloader CPU affinity opt is not enabled, consider switching it on (see enable_cpu_affinity() or CPU best practices for DGL [https://docs.dgl.ai/tutorials/cpu/cpu_best_practises.html])
  dgl_warning(
/workspace/pmp_vast/envs/pmp-author/lib/python3.10/site-packages/dgl/dataloading/dataloader.py:1076: DGLWarning: Dataloader CPU affinity opt is not enabled, consider switching it on (see enable_cpu_affinity() or CPU best practices for DGL [https://docs.dgl.ai/tutorials/cpu/cpu_best_practises.html])
  dgl_warning(
/workspace/pmp_vast/envs/pmp-author/lib/python3.10/site-packages/dgl/dataloading/dataloader.py:1076: DGLWarning: Dataloader CPU affinity opt is not enabled, consider switching it on (see enable_cpu_affinity() or CPU best practices for DGL [https://docs.dgl.ai/tutorials/cpu/cpu_best_practises.html])
  dgl_warning(
tfinance_tr10_seed42 epoch=098 loss=0.051046 val_AUPRC=0.852594 best=0.852594@98 patience=0/20 train=4.625s val=7.949s
/workspace/pmp_vast/envs/pmp-author/lib/python3.10/site-packages/dgl/dataloading/dataloader.py:1076: DGLWarning: Dataloader CPU affinity opt is not enabled, consider switching it on (see enable_cpu_affinity() or CPU best practices for DGL [https://docs.dgl.ai/tutorials/cpu/cpu_best_practises.html])
  dgl_warning(
/workspace/pmp_vast/envs/pmp-author/lib/python3.10/site-packages/dgl/dataloading/dataloader.py:1076: DGLWarning: Dataloader CPU affinity opt is not enabled, consider switching it on (see enable_cpu_affinity() or CPU best practices for DGL [https://docs.dgl.ai/tutorials/cpu/cpu_best_practises.html])
  dgl_warning(
tfinance_tr10_seed42 epoch=100 loss=0.045295 val_AUPRC=0.849643 best=0.852594@98 patience=2/20 train=4.822s val=8.299s
/workspace/pmp_vast/envs/pmp-author/lib/python3.10/site-packages/dgl/dataloading/dataloader.py:1076: DGLWarning: Dataloader CPU affinity opt is not enabled, consider switching it on (see enable_cpu_affinity() or CPU best practices for DGL [https://docs.dgl.ai/tutorials/cpu/cpu_best_practises.html])
  dgl_warning(
tfinance_tr10_seed42 FROZEN | checkpoint epoch=98 | val_AUPRC=0.852594 | threshold=0.58
/workspace/pmp_vast/envs/pmp-author/lib/python3.10/site-packages/dgl/dataloading/dataloader.py:1076: DGLWarning: Dataloader CPU affinity opt is not enabled, consider switching it on (see enable_cpu_affinity() or CPU best practices for DGL [https://docs.dgl.ai/tutorials/cpu/cpu_best_practises.html])
  dgl_warning(
FINAL tfinance_tr10_seed42 PASS | AUPRC=0.869747 | AUROC=0.960976 | MacroF1=0.916453 | Recall=0.774238

===== FINAL RUN tfinance_tr10_seed72 =====
/workspace/pmp_vast/envs/pmp-author/lib/python3.10/site-packages/dgl/dataloading/dataloader.py:1076: DGLWarning: Dataloader CPU affinity opt is not enabled, consider switching it on (see enable_cpu_affinity() or CPU best practices for DGL [https://docs.dgl.ai/tutorials/cpu/cpu_best_practises.html])
  dgl_warning(
tfinance_tr10_seed72 epoch=001 loss=0.422880 val_AUPRC=0.466091 best=0.466091@1 patience=0/20 train=4.478s val=7.819s
/workspace/pmp_vast/envs/pmp-author/lib/python3.10/site-packages/dgl/dataloading/dataloader.py:1076: DGLWarning: Dataloader CPU affinity opt is not enabled, consider switching it on (see enable_cpu_affinity() or CPU best practices for DGL [https://docs.dgl.ai/tutorials/cpu/cpu_best_practises.html])
  dgl_warning(
tfinance_tr10_seed72 epoch=002 loss=0.249139 val_AUPRC=0.715901 best=0.715901@2 patience=0/20 train=4.380s val=8.199s
/workspace/pmp_vast/envs/pmp-author/lib/python3.10/site-packages/dgl/dataloading/dataloader.py:1076: DGLWarning: Dataloader CPU affinity opt is not enabled, consider switching it on (see enable_cpu_affinity() or CPU best practices for DGL [https://docs.dgl.ai/tutorials/cpu/cpu_best_practises.html])
  dgl_warning(
tfinance_tr10_seed72 epoch=003 loss=0.194825 val_AUPRC=0.726065 best=0.726065@3 patience=0/20 train=4.580s val=8.171s
/workspace/pmp_vast/envs/pmp-author/lib/python3.10/site-packages/dgl/dataloading/dataloader.py:1076: DGLWarning: Dataloader CPU affinity opt is not enabled, consider switching it on (see enable_cpu_affinity() or CPU best practices for DGL [https://docs.dgl.ai/tutorials/cpu/cpu_best_practises.html])
  dgl_warning(
tfinance_tr10_seed72 epoch=004 loss=0.148865 val_AUPRC=0.770812 best=0.770812@4 patience=0/20 train=4.585s val=7.800s
/workspace/pmp_vast/envs/pmp-author/lib/python3.10/site-packages/dgl/dataloading/dataloader.py:1076: DGLWarning: Dataloader CPU affinity opt is not enabled, consider switching it on (see enable_cpu_affinity() or CPU best practices for DGL [https://docs.dgl.ai/tutorials/cpu/cpu_best_practises.html])
  dgl_warning(
/workspace/pmp_vast/envs/pmp-author/lib/python3.10/site-packages/dgl/dataloading/dataloader.py:1076: DGLWarning: Dataloader CPU affinity opt is not enabled, consider switching it on (see enable_cpu_affinity() or CPU best practices for DGL [https://docs.dgl.ai/tutorials/cpu/cpu_best_practises.html])
  dgl_warning(
/workspace/pmp_vast/envs/pmp-author/lib/python3.10/site-packages/dgl/dataloading/dataloader.py:1076: DGLWarning: Dataloader CPU affinity opt is not enabled, consider switching it on (see enable_cpu_affinity() or CPU best practices for DGL [https://docs.dgl.ai/tutorials/cpu/cpu_best_practises.html])
  dgl_warning(
tfinance_tr10_seed72 epoch=007 loss=0.105142 val_AUPRC=0.779746 best=0.779746@7 patience=0/20 train=4.452s val=8.201s
/workspace/pmp_vast/envs/pmp-author/lib/python3.10/site-packages/dgl/dataloading/dataloader.py:1076: DGLWarning: Dataloader CPU affinity opt is not enabled, consider switching it on (see enable_cpu_affinity() or CPU best practices for DGL [https://docs.dgl.ai/tutorials/cpu/cpu_best_practises.html])
  dgl_warning(
/workspace/pmp_vast/envs/pmp-author/lib/python3.10/site-packages/dgl/dataloading/dataloader.py:1076: DGLWarning: Dataloader CPU affinity opt is not enabled, consider switching it on (see enable_cpu_affinity() or CPU best practices for DGL [https://docs.dgl.ai/tutorials/cpu/cpu_best_practises.html])
  dgl_warning(
tfinance_tr10_seed72 epoch=009 loss=0.089388 val_AUPRC=0.792795 best=0.792795@9 patience=0/20 train=4.476s val=7.958s
/workspace/pmp_vast/envs/pmp-author/lib/python3.10/site-packages/dgl/dataloading/dataloader.py:1076: DGLWarning: Dataloader CPU affinity opt is not enabled, consider switching it on (see enable_cpu_affinity() or CPU best practices for DGL [https://docs.dgl.ai/tutorials/cpu/cpu_best_practises.html])
  dgl_warning(
tfinance_tr10_seed72 epoch=010 loss=0.124273 val_AUPRC=0.763320 best=0.792795@9 patience=1/20 train=4.362s val=7.855s
/workspace/pmp_vast/envs/pmp-author/lib/python3.10/site-packages/dgl/dataloading/dataloader.py:1076: DGLWarning: Dataloader CPU affinity opt is not enabled, consider switching it on (see enable_cpu_affinity() or CPU best practices for DGL [https://docs.dgl.ai/tutorials/cpu/cpu_best_practises.html])
  dgl_warning(
/workspace/pmp_vast/envs/pmp-author/lib/python3.10/site-packages/dgl/dataloading/dataloader.py:1076: DGLWarning: Dataloader CPU affinity opt is not enabled, consider switching it on (see enable_cpu_affinity() or CPU best practices for DGL [https://docs.dgl.ai/tutorials/cpu/cpu_best_practises.html])
  dgl_warning(
/workspace/pmp_vast/envs/pmp-author/lib/python3.10/site-packages/dgl/dataloading/dataloader.py:1076: DGLWarning: Dataloader CPU affinity opt is not enabled, consider switching it on (see enable_cpu_affinity() or CPU best practices for DGL [https://docs.dgl.ai/tutorials/cpu/cpu_best_practises.html])
  dgl_warning(
/workspace/pmp_vast/envs/pmp-author/lib/python3.10/site-packages/dgl/dataloading/dataloader.py:1076: DGLWarning: Dataloader CPU affinity opt is not enabled, consider switching it on (see enable_cpu_affinity() or CPU best practices for DGL [https://docs.dgl.ai/tutorials/cpu/cpu_best_practises.html])
  dgl_warning(
/workspace/pmp_vast/envs/pmp-author/lib/python3.10/site-packages/dgl/dataloading/dataloader.py:1076: DGLWarning: Dataloader CPU affinity opt is not enabled, consider switching it on (see enable_cpu_affinity() or CPU best practices for DGL [https://docs.dgl.ai/tutorials/cpu/cpu_best_practises.html])
  dgl_warning(
/workspace/pmp_vast/envs/pmp-author/lib/python3.10/site-packages/dgl/dataloading/dataloader.py:1076: DGLWarning: Dataloader CPU affinity opt is not enabled, consider switching it on (see enable_cpu_affinity() or CPU best practices for DGL [https://docs.dgl.ai/tutorials/cpu/cpu_best_practises.html])
  dgl_warning(
/workspace/pmp_vast/envs/pmp-author/lib/python3.10/site-packages/dgl/dataloading/dataloader.py:1076: DGLWarning: Dataloader CPU affinity opt is not enabled, consider switching it on (see enable_cpu_affinity() or CPU best practices for DGL [https://docs.dgl.ai/tutorials/cpu/cpu_best_practises.html])
  dgl_warning(
/workspace/pmp_vast/envs/pmp-author/lib/python3.10/site-packages/dgl/dataloading/dataloader.py:1076: DGLWarning: Dataloader CPU affinity opt is not enabled, consider switching it on (see enable_cpu_affinity() or CPU best practices for DGL [https://docs.dgl.ai/tutorials/cpu/cpu_best_practises.html])
  dgl_warning(
/workspace/pmp_vast/envs/pmp-author/lib/python3.10/site-packages/dgl/dataloading/dataloader.py:1076: DGLWarning: Dataloader CPU affinity opt is not enabled, consider switching it on (see enable_cpu_affinity() or CPU best practices for DGL [https://docs.dgl.ai/tutorials/cpu/cpu_best_practises.html])
  dgl_warning(
/workspace/pmp_vast/envs/pmp-author/lib/python3.10/site-packages/dgl/dataloading/dataloader.py:1076: DGLWarning: Dataloader CPU affinity opt is not enabled, consider switching it on (see enable_cpu_affinity() or CPU best practices for DGL [https://docs.dgl.ai/tutorials/cpu/cpu_best_practises.html])
  dgl_warning(
tfinance_tr10_seed72 epoch=020 loss=0.066409 val_AUPRC=0.641952 best=0.792795@9 patience=11/20 train=4.500s val=7.744s
/workspace/pmp_vast/envs/pmp-author/lib/python3.10/site-packages/dgl/dataloading/dataloader.py:1076: DGLWarning: Dataloader CPU affinity opt is not enabled, consider switching it on (see enable_cpu_affinity() or CPU best practices for DGL [https://docs.dgl.ai/tutorials/cpu/cpu_best_practises.html])
  dgl_warning(
/workspace/pmp_vast/envs/pmp-author/lib/python3.10/site-packages/dgl/dataloading/dataloader.py:1076: DGLWarning: Dataloader CPU affinity opt is not enabled, consider switching it on (see enable_cpu_affinity() or CPU best practices for DGL [https://docs.dgl.ai/tutorials/cpu/cpu_best_practises.html])
  dgl_warning(
/workspace/pmp_vast/envs/pmp-author/lib/python3.10/site-packages/dgl/dataloading/dataloader.py:1076: DGLWarning: Dataloader CPU affinity opt is not enabled, consider switching it on (see enable_cpu_affinity() or CPU best practices for DGL [https://docs.dgl.ai/tutorials/cpu/cpu_best_practises.html])
  dgl_warning(
/workspace/pmp_vast/envs/pmp-author/lib/python3.10/site-packages/dgl/dataloading/dataloader.py:1076: DGLWarning: Dataloader CPU affinity opt is not enabled, consider switching it on (see enable_cpu_affinity() or CPU best practices for DGL [https://docs.dgl.ai/tutorials/cpu/cpu_best_practises.html])
  dgl_warning(
/workspace/pmp_vast/envs/pmp-author/lib/python3.10/site-packages/dgl/dataloading/dataloader.py:1076: DGLWarning: Dataloader CPU affinity opt is not enabled, consider switching it on (see enable_cpu_affinity() or CPU best practices for DGL [https://docs.dgl.ai/tutorials/cpu/cpu_best_practises.html])
  dgl_warning(
/workspace/pmp_vast/envs/pmp-author/lib/python3.10/site-packages/dgl/dataloading/dataloader.py:1076: DGLWarning: Dataloader CPU affinity opt is not enabled, consider switching it on (see enable_cpu_affinity() or CPU best practices for DGL [https://docs.dgl.ai/tutorials/cpu/cpu_best_practises.html])
  dgl_warning(
/workspace/pmp_vast/envs/pmp-author/lib/python3.10/site-packages/dgl/dataloading/dataloader.py:1076: DGLWarning: Dataloader CPU affinity opt is not enabled, consider switching it on (see enable_cpu_affinity() or CPU best practices for DGL [https://docs.dgl.ai/tutorials/cpu/cpu_best_practises.html])
  dgl_warning(
/workspace/pmp_vast/envs/pmp-author/lib/python3.10/site-packages/dgl/dataloading/dataloader.py:1076: DGLWarning: Dataloader CPU affinity opt is not enabled, consider switching it on (see enable_cpu_affinity() or CPU best practices for DGL [https://docs.dgl.ai/tutorials/cpu/cpu_best_practises.html])
  dgl_warning(
/workspace/pmp_vast/envs/pmp-author/lib/python3.10/site-packages/dgl/dataloading/dataloader.py:1076: DGLWarning: Dataloader CPU affinity opt is not enabled, consider switching it on (see enable_cpu_affinity() or CPU best practices for DGL [https://docs.dgl.ai/tutorials/cpu/cpu_best_practises.html])
  dgl_warning(
tfinance_tr10_seed72 epoch=029 loss=0.055849 val_AUPRC=0.508353 best=0.792795@9 patience=20/20 train=4.564s val=8.530s
EARLY_STOP tfinance_tr10_seed72 epoch=29 best_epoch=9
/workspace/pmp_vast/envs/pmp-author/lib/python3.10/site-packages/dgl/dataloading/dataloader.py:1076: DGLWarning: Dataloader CPU affinity opt is not enabled, consider switching it on (see enable_cpu_affinity() or CPU best practices for DGL [https://docs.dgl.ai/tutorials/cpu/cpu_best_practises.html])
  dgl_warning(
tfinance_tr10_seed72 FROZEN | checkpoint epoch=9 | val_AUPRC=0.792795 | threshold=0.21
/workspace/pmp_vast/envs/pmp-author/lib/python3.10/site-packages/dgl/dataloading/dataloader.py:1076: DGLWarning: Dataloader CPU affinity opt is not enabled, consider switching it on (see enable_cpu_affinity() or CPU best practices for DGL [https://docs.dgl.ai/tutorials/cpu/cpu_best_practises.html])
  dgl_warning(
FINAL tfinance_tr10_seed72 PASS | AUPRC=0.825780 | AUROC=0.926291 | MacroF1=0.893133 | Recall=0.763158

===== PMP T-FINANCE FINAL RESULTS — MEAN ± SD =====
TR40 | AUPRC=0.901318±0.009557 | AUROC=0.970750±0.001519 | MacroF1=0.920339±0.004172 | Prec=0.869892±0.030432 | Recall=0.827793±0.022518 | FraudF1=0.847816±0.007890 | GMean=0.907029±0.011588
TR30 | AUPRC=0.903362±0.001260 | AUROC=0.972226±0.003802 | MacroF1=0.921665±0.001425 | Prec=0.884871±0.026906 | Recall=0.819021±0.019895 | FraudF1=0.850253±0.002617 | GMean=0.902605±0.010353
TR20 | AUPRC=0.881264±0.006349 | AUROC=0.966043±0.006127 | MacroF1=0.913193±0.001553 | Prec=0.887420±0.022324 | Recall=0.787165±0.022218 | FraudF1=0.833901±0.003127 | GMean=0.885011±0.011952
TR10 | AUPRC=0.855235±0.025510 | AUROC=0.950028±0.020577 | MacroF1=0.905752±0.011778 | Prec=0.870363±0.043997 | Recall=0.775162±0.012491 | FraudF1=0.819694±0.022388 | GMean=0.877940±0.007375

===== FINAL GATE =====
PMP_TFINANCE_FINAL=PASS
PMP_TFINANCE_FINAL_RUNS=12/12
TEST_ISOLATION=PASS
PMP_AUTHOR_REPO_CLEAN=PASS
TFINANCE_CANONICAL_LABELS=1804/37553
FINAL_RUNS_CSV= /workspace/pmp_vast/unified/tfinance/final/PMP_TFINANCE_FINAL_12_RUNS.csv
RATIO_SUMMARY_CSV= /workspace/pmp_vast/unified/tfinance/final/PMP_TFINANCE_FINAL_RATIO_SUMMARY.csv
FINAL_SUMMARY_JSON= /workspace/pmp_vast/unified/tfinance/final/PMP_TFINANCE_FINAL_SUMMARY.json
PMP_TFINANCE_DATASET_COMPLETE=PASS
