===== PMP × FDCOMPCN — EXACT 1-EPOCH SMOKE =====
IDENTITY_GATE=PASS
GPU = NVIDIA RTX A6000
Semantic relations: ['invest_bc2bc', 'provide_bc2bc', 'sale_bc2bc']
Semantic stored edges: 20693
PMP_FDCOMPCN_RELATION_ADAPTER=PASS
FROZEN_SPLIT_GATE=PASS
TRAIN_LABELS_EXPOSED_ONLY=PASS
VAL_LABELS_HIDDEN_FROM_PMP=PASS
TEST_LABELS_HIDDEN_FROM_PMP=PASS
Smoke architecture: {'hid_dim': 64, 'dropout': 0.0, 'n_layer': 1, 'relation_agg': 'cat', 'full_neighbors': True, 'lr': 0.01, 'weight_decay': 0.0}

===== PMP x FDCOMPCN CONTROLLED PIPELINE =====
GPU = NVIDIA RTX A6000
PMP_FDCOMPCN_1EPOCH_SMOKE=PASS (existing evidence reused)
SEMANTIC_RELATIONS=invest_bc2bc,provide_bc2bc,sale_bc2bc
HOMO_AS_FOURTH_RELATION=NO
HID_DIM=64
MAX_EPOCHS=100
PATIENCE=20
TUNING_TRIALS=12
FINAL_RUNS=12
AUTHOR_TRACKED_SOURCE_CLEAN=PASS

===== FDCOMPCN TR40 TUNING — 12 TRIALS =====
Frozen author hidden/dropout: 64 / 0.0
Test evaluation during tuning: FORBIDDEN
Traceback (most recent call last):
  File "/workspace/pmp_vast/scripts/07_pmp_fdcompcn_all.py", line 746, in <module>
    T,model,opt,loss_func,scheduler,rows,best,best_epoch,wall,peak = train_one(
  File "/workspace/pmp_vast/scripts/07_pmp_fdcompcn_all.py", line 633, in train_one
    args = make_args(seed)
  File "/workspace/pmp_vast/scripts/07_pmp_fdcompcn_all.py", line 628, in make_args
    data_dir=str(raw_root), best_model_path=str(ROOT/"checkpoints"),
NameError: name 'raw_root' is not defined
===== PMP × FDCOMPCN — EXACT 1-EPOCH SMOKE =====
IDENTITY_GATE=PASS
GPU = NVIDIA RTX A6000
Semantic relations: ['invest_bc2bc', 'provide_bc2bc', 'sale_bc2bc']
Semantic stored edges: 20693
PMP_FDCOMPCN_RELATION_ADAPTER=PASS
FROZEN_SPLIT_GATE=PASS
TRAIN_LABELS_EXPOSED_ONLY=PASS
VAL_LABELS_HIDDEN_FROM_PMP=PASS
TEST_LABELS_HIDDEN_FROM_PMP=PASS
Smoke architecture: {'hid_dim': 64, 'dropout': 0.0, 'n_layer': 1, 'relation_agg': 'cat', 'full_neighbors': True, 'lr': 0.01, 'weight_decay': 0.0}

===== PMP x FDCOMPCN CONTROLLED PIPELINE =====
GPU = NVIDIA RTX A6000
PMP_FDCOMPCN_1EPOCH_SMOKE=PASS (existing evidence reused)
SEMANTIC_RELATIONS=invest_bc2bc,provide_bc2bc,sale_bc2bc
HOMO_AS_FOURTH_RELATION=NO
HID_DIM=64
MAX_EPOCHS=100
PATIENCE=20
TUNING_TRIALS=12
FINAL_RUNS=12
AUTHOR_TRACKED_SOURCE_CLEAN=PASS

===== FDCOMPCN TR40 TUNING — 12 TRIALS =====
Frozen author hidden/dropout: 64 / 0.0
Test evaluation during tuning: FORBIDDEN
/workspace/pmp_vast/envs/pmp-author/lib/python3.10/site-packages/dgl/dataloading/dataloader.py:1076: DGLWarning: Dataloader CPU affinity opt is not enabled, consider switching it on (see enable_cpu_affinity() or CPU best practices for DGL [https://docs.dgl.ai/tutorials/cpu/cpu_best_practises.html])
  dgl_warning(
trial=01 epoch=001 loss=0.451294 val_AUPRC=0.121069 best=0.121069(1) patience=0/20 train=4.723s val=2.883s
/workspace/pmp_vast/envs/pmp-author/lib/python3.10/site-packages/dgl/dataloading/dataloader.py:1076: DGLWarning: Dataloader CPU affinity opt is not enabled, consider switching it on (see enable_cpu_affinity() or CPU best practices for DGL [https://docs.dgl.ai/tutorials/cpu/cpu_best_practises.html])
  dgl_warning(
trial=01 epoch=002 loss=0.305834 val_AUPRC=0.132300 best=0.132300(2) patience=0/20 train=0.653s val=0.547s
/workspace/pmp_vast/envs/pmp-author/lib/python3.10/site-packages/dgl/dataloading/dataloader.py:1076: DGLWarning: Dataloader CPU affinity opt is not enabled, consider switching it on (see enable_cpu_affinity() or CPU best practices for DGL [https://docs.dgl.ai/tutorials/cpu/cpu_best_practises.html])
  dgl_warning(
/workspace/pmp_vast/envs/pmp-author/lib/python3.10/site-packages/dgl/dataloading/dataloader.py:1076: DGLWarning: Dataloader CPU affinity opt is not enabled, consider switching it on (see enable_cpu_affinity() or CPU best practices for DGL [https://docs.dgl.ai/tutorials/cpu/cpu_best_practises.html])
  dgl_warning(
/workspace/pmp_vast/envs/pmp-author/lib/python3.10/site-packages/dgl/dataloading/dataloader.py:1076: DGLWarning: Dataloader CPU affinity opt is not enabled, consider switching it on (see enable_cpu_affinity() or CPU best practices for DGL [https://docs.dgl.ai/tutorials/cpu/cpu_best_practises.html])
  dgl_warning(
/workspace/pmp_vast/envs/pmp-author/lib/python3.10/site-packages/dgl/dataloading/dataloader.py:1076: DGLWarning: Dataloader CPU affinity opt is not enabled, consider switching it on (see enable_cpu_affinity() or CPU best practices for DGL [https://docs.dgl.ai/tutorials/cpu/cpu_best_practises.html])
  dgl_warning(
/workspace/pmp_vast/envs/pmp-author/lib/python3.10/site-packages/dgl/dataloading/dataloader.py:1076: DGLWarning: Dataloader CPU affinity opt is not enabled, consider switching it on (see enable_cpu_affinity() or CPU best practices for DGL [https://docs.dgl.ai/tutorials/cpu/cpu_best_practises.html])
  dgl_warning(
/workspace/pmp_vast/envs/pmp-author/lib/python3.10/site-packages/dgl/dataloading/dataloader.py:1076: DGLWarning: Dataloader CPU affinity opt is not enabled, consider switching it on (see enable_cpu_affinity() or CPU best practices for DGL [https://docs.dgl.ai/tutorials/cpu/cpu_best_practises.html])
  dgl_warning(
/workspace/pmp_vast/envs/pmp-author/lib/python3.10/site-packages/dgl/dataloading/dataloader.py:1076: DGLWarning: Dataloader CPU affinity opt is not enabled, consider switching it on (see enable_cpu_affinity() or CPU best practices for DGL [https://docs.dgl.ai/tutorials/cpu/cpu_best_practises.html])
  dgl_warning(
/workspace/pmp_vast/envs/pmp-author/lib/python3.10/site-packages/dgl/dataloading/dataloader.py:1076: DGLWarning: Dataloader CPU affinity opt is not enabled, consider switching it on (see enable_cpu_affinity() or CPU best practices for DGL [https://docs.dgl.ai/tutorials/cpu/cpu_best_practises.html])
  dgl_warning(
trial=01 epoch=010 loss=0.005861 val_AUPRC=0.110955 best=0.132300(2) patience=8/20 train=0.610s val=0.523s
/workspace/pmp_vast/envs/pmp-author/lib/python3.10/site-packages/dgl/dataloading/dataloader.py:1076: DGLWarning: Dataloader CPU affinity opt is not enabled, consider switching it on (see enable_cpu_affinity() or CPU best practices for DGL [https://docs.dgl.ai/tutorials/cpu/cpu_best_practises.html])
  dgl_warning(
/workspace/pmp_vast/envs/pmp-author/lib/python3.10/site-packages/dgl/dataloading/dataloader.py:1076: DGLWarning: Dataloader CPU affinity opt is not enabled, consider switching it on (see enable_cpu_affinity() or CPU best practices for DGL [https://docs.dgl.ai/tutorials/cpu/cpu_best_practises.html])
  dgl_warning(
/workspace/pmp_vast/envs/pmp-author/lib/python3.10/site-packages/dgl/dataloading/dataloader.py:1076: DGLWarning: Dataloader CPU affinity opt is not enabled, consider switching it on (see enable_cpu_affinity() or CPU best practices for DGL [https://docs.dgl.ai/tutorials/cpu/cpu_best_practises.html])
  dgl_warning(
/workspace/pmp_vast/envs/pmp-author/lib/python3.10/site-packages/dgl/dataloading/dataloader.py:1076: DGLWarning: Dataloader CPU affinity opt is not enabled, consider switching it on (see enable_cpu_affinity() or CPU best practices for DGL [https://docs.dgl.ai/tutorials/cpu/cpu_best_practises.html])
  dgl_warning(
/workspace/pmp_vast/envs/pmp-author/lib/python3.10/site-packages/dgl/dataloading/dataloader.py:1076: DGLWarning: Dataloader CPU affinity opt is not enabled, consider switching it on (see enable_cpu_affinity() or CPU best practices for DGL [https://docs.dgl.ai/tutorials/cpu/cpu_best_practises.html])
  dgl_warning(
/workspace/pmp_vast/envs/pmp-author/lib/python3.10/site-packages/dgl/dataloading/dataloader.py:1076: DGLWarning: Dataloader CPU affinity opt is not enabled, consider switching it on (see enable_cpu_affinity() or CPU best practices for DGL [https://docs.dgl.ai/tutorials/cpu/cpu_best_practises.html])
  dgl_warning(
/workspace/pmp_vast/envs/pmp-author/lib/python3.10/site-packages/dgl/dataloading/dataloader.py:1076: DGLWarning: Dataloader CPU affinity opt is not enabled, consider switching it on (see enable_cpu_affinity() or CPU best practices for DGL [https://docs.dgl.ai/tutorials/cpu/cpu_best_practises.html])
  dgl_warning(
/workspace/pmp_vast/envs/pmp-author/lib/python3.10/site-packages/dgl/dataloading/dataloader.py:1076: DGLWarning: Dataloader CPU affinity opt is not enabled, consider switching it on (see enable_cpu_affinity() or CPU best practices for DGL [https://docs.dgl.ai/tutorials/cpu/cpu_best_practises.html])
  dgl_warning(
/workspace/pmp_vast/envs/pmp-author/lib/python3.10/site-packages/dgl/dataloading/dataloader.py:1076: DGLWarning: Dataloader CPU affinity opt is not enabled, consider switching it on (see enable_cpu_affinity() or CPU best practices for DGL [https://docs.dgl.ai/tutorials/cpu/cpu_best_practises.html])
  dgl_warning(
/workspace/pmp_vast/envs/pmp-author/lib/python3.10/site-packages/dgl/dataloading/dataloader.py:1076: DGLWarning: Dataloader CPU affinity opt is not enabled, consider switching it on (see enable_cpu_affinity() or CPU best practices for DGL [https://docs.dgl.ai/tutorials/cpu/cpu_best_practises.html])
  dgl_warning(
trial=01 epoch=020 loss=0.000107 val_AUPRC=0.110335 best=0.132300(2) patience=18/20 train=2.174s val=0.424s
/workspace/pmp_vast/envs/pmp-author/lib/python3.10/site-packages/dgl/dataloading/dataloader.py:1076: DGLWarning: Dataloader CPU affinity opt is not enabled, consider switching it on (see enable_cpu_affinity() or CPU best practices for DGL [https://docs.dgl.ai/tutorials/cpu/cpu_best_practises.html])
  dgl_warning(
/workspace/pmp_vast/envs/pmp-author/lib/python3.10/site-packages/dgl/dataloading/dataloader.py:1076: DGLWarning: Dataloader CPU affinity opt is not enabled, consider switching it on (see enable_cpu_affinity() or CPU best practices for DGL [https://docs.dgl.ai/tutorials/cpu/cpu_best_practises.html])
  dgl_warning(
trial=01 epoch=022 loss=0.000065 val_AUPRC=0.110263 best=0.132300(2) patience=20/20 train=0.798s val=3.267s
TRIAL 01 DONE | lr=0.01 wd=0.0 | epoch=2 | val AUPRC=0.132300
/workspace/pmp_vast/envs/pmp-author/lib/python3.10/site-packages/dgl/dataloading/dataloader.py:1076: DGLWarning: Dataloader CPU affinity opt is not enabled, consider switching it on (see enable_cpu_affinity() or CPU best practices for DGL [https://docs.dgl.ai/tutorials/cpu/cpu_best_practises.html])
  dgl_warning(
trial=02 epoch=001 loss=0.451580 val_AUPRC=0.121912 best=0.121912(1) patience=0/20 train=0.538s val=0.439s
/workspace/pmp_vast/envs/pmp-author/lib/python3.10/site-packages/dgl/dataloading/dataloader.py:1076: DGLWarning: Dataloader CPU affinity opt is not enabled, consider switching it on (see enable_cpu_affinity() or CPU best practices for DGL [https://docs.dgl.ai/tutorials/cpu/cpu_best_practises.html])
  dgl_warning(
trial=02 epoch=002 loss=0.313593 val_AUPRC=0.128452 best=0.128452(2) patience=0/20 train=0.559s val=0.517s
/workspace/pmp_vast/envs/pmp-author/lib/python3.10/site-packages/dgl/dataloading/dataloader.py:1076: DGLWarning: Dataloader CPU affinity opt is not enabled, consider switching it on (see enable_cpu_affinity() or CPU best practices for DGL [https://docs.dgl.ai/tutorials/cpu/cpu_best_practises.html])
  dgl_warning(
/workspace/pmp_vast/envs/pmp-author/lib/python3.10/site-packages/dgl/dataloading/dataloader.py:1076: DGLWarning: Dataloader CPU affinity opt is not enabled, consider switching it on (see enable_cpu_affinity() or CPU best practices for DGL [https://docs.dgl.ai/tutorials/cpu/cpu_best_practises.html])
  dgl_warning(
/workspace/pmp_vast/envs/pmp-author/lib/python3.10/site-packages/dgl/dataloading/dataloader.py:1076: DGLWarning: Dataloader CPU affinity opt is not enabled, consider switching it on (see enable_cpu_affinity() or CPU best practices for DGL [https://docs.dgl.ai/tutorials/cpu/cpu_best_practises.html])
  dgl_warning(
/workspace/pmp_vast/envs/pmp-author/lib/python3.10/site-packages/dgl/dataloading/dataloader.py:1076: DGLWarning: Dataloader CPU affinity opt is not enabled, consider switching it on (see enable_cpu_affinity() or CPU best practices for DGL [https://docs.dgl.ai/tutorials/cpu/cpu_best_practises.html])
  dgl_warning(
/workspace/pmp_vast/envs/pmp-author/lib/python3.10/site-packages/dgl/dataloading/dataloader.py:1076: DGLWarning: Dataloader CPU affinity opt is not enabled, consider switching it on (see enable_cpu_affinity() or CPU best practices for DGL [https://docs.dgl.ai/tutorials/cpu/cpu_best_practises.html])
  dgl_warning(
/workspace/pmp_vast/envs/pmp-author/lib/python3.10/site-packages/dgl/dataloading/dataloader.py:1076: DGLWarning: Dataloader CPU affinity opt is not enabled, consider switching it on (see enable_cpu_affinity() or CPU best practices for DGL [https://docs.dgl.ai/tutorials/cpu/cpu_best_practises.html])
  dgl_warning(
/workspace/pmp_vast/envs/pmp-author/lib/python3.10/site-packages/dgl/dataloading/dataloader.py:1076: DGLWarning: Dataloader CPU affinity opt is not enabled, consider switching it on (see enable_cpu_affinity() or CPU best practices for DGL [https://docs.dgl.ai/tutorials/cpu/cpu_best_practises.html])
  dgl_warning(
/workspace/pmp_vast/envs/pmp-author/lib/python3.10/site-packages/dgl/dataloading/dataloader.py:1076: DGLWarning: Dataloader CPU affinity opt is not enabled, consider switching it on (see enable_cpu_affinity() or CPU best practices for DGL [https://docs.dgl.ai/tutorials/cpu/cpu_best_practises.html])
  dgl_warning(
trial=02 epoch=010 loss=0.008863 val_AUPRC=0.110920 best=0.128452(2) patience=8/20 train=0.512s val=0.384s
/workspace/pmp_vast/envs/pmp-author/lib/python3.10/site-packages/dgl/dataloading/dataloader.py:1076: DGLWarning: Dataloader CPU affinity opt is not enabled, consider switching it on (see enable_cpu_affinity() or CPU best practices for DGL [https://docs.dgl.ai/tutorials/cpu/cpu_best_practises.html])
  dgl_warning(
/workspace/pmp_vast/envs/pmp-author/lib/python3.10/site-packages/dgl/dataloading/dataloader.py:1076: DGLWarning: Dataloader CPU affinity opt is not enabled, consider switching it on (see enable_cpu_affinity() or CPU best practices for DGL [https://docs.dgl.ai/tutorials/cpu/cpu_best_practises.html])
  dgl_warning(
/workspace/pmp_vast/envs/pmp-author/lib/python3.10/site-packages/dgl/dataloading/dataloader.py:1076: DGLWarning: Dataloader CPU affinity opt is not enabled, consider switching it on (see enable_cpu_affinity() or CPU best practices for DGL [https://docs.dgl.ai/tutorials/cpu/cpu_best_practises.html])
  dgl_warning(
/workspace/pmp_vast/envs/pmp-author/lib/python3.10/site-packages/dgl/dataloading/dataloader.py:1076: DGLWarning: Dataloader CPU affinity opt is not enabled, consider switching it on (see enable_cpu_affinity() or CPU best practices for DGL [https://docs.dgl.ai/tutorials/cpu/cpu_best_practises.html])
  dgl_warning(
/workspace/pmp_vast/envs/pmp-author/lib/python3.10/site-packages/dgl/dataloading/dataloader.py:1076: DGLWarning: Dataloader CPU affinity opt is not enabled, consider switching it on (see enable_cpu_affinity() or CPU best practices for DGL [https://docs.dgl.ai/tutorials/cpu/cpu_best_practises.html])
  dgl_warning(
/workspace/pmp_vast/envs/pmp-author/lib/python3.10/site-packages/dgl/dataloading/dataloader.py:1076: DGLWarning: Dataloader CPU affinity opt is not enabled, consider switching it on (see enable_cpu_affinity() or CPU best practices for DGL [https://docs.dgl.ai/tutorials/cpu/cpu_best_practises.html])
  dgl_warning(
/workspace/pmp_vast/envs/pmp-author/lib/python3.10/site-packages/dgl/dataloading/dataloader.py:1076: DGLWarning: Dataloader CPU affinity opt is not enabled, consider switching it on (see enable_cpu_affinity() or CPU best practices for DGL [https://docs.dgl.ai/tutorials/cpu/cpu_best_practises.html])
  dgl_warning(
/workspace/pmp_vast/envs/pmp-author/lib/python3.10/site-packages/dgl/dataloading/dataloader.py:1076: DGLWarning: Dataloader CPU affinity opt is not enabled, consider switching it on (see enable_cpu_affinity() or CPU best practices for DGL [https://docs.dgl.ai/tutorials/cpu/cpu_best_practises.html])
  dgl_warning(
/workspace/pmp_vast/envs/pmp-author/lib/python3.10/site-packages/dgl/dataloading/dataloader.py:1076: DGLWarning: Dataloader CPU affinity opt is not enabled, consider switching it on (see enable_cpu_affinity() or CPU best practices for DGL [https://docs.dgl.ai/tutorials/cpu/cpu_best_practises.html])
  dgl_warning(
/workspace/pmp_vast/envs/pmp-author/lib/python3.10/site-packages/dgl/dataloading/dataloader.py:1076: DGLWarning: Dataloader CPU affinity opt is not enabled, consider switching it on (see enable_cpu_affinity() or CPU best practices for DGL [https://docs.dgl.ai/tutorials/cpu/cpu_best_practises.html])
  dgl_warning(
trial=02 epoch=020 loss=0.000142 val_AUPRC=0.105465 best=0.128452(2) patience=18/20 train=0.536s val=0.937s
/workspace/pmp_vast/envs/pmp-author/lib/python3.10/site-packages/dgl/dataloading/dataloader.py:1076: DGLWarning: Dataloader CPU affinity opt is not enabled, consider switching it on (see enable_cpu_affinity() or CPU best practices for DGL [https://docs.dgl.ai/tutorials/cpu/cpu_best_practises.html])
  dgl_warning(
/workspace/pmp_vast/envs/pmp-author/lib/python3.10/site-packages/dgl/dataloading/dataloader.py:1076: DGLWarning: Dataloader CPU affinity opt is not enabled, consider switching it on (see enable_cpu_affinity() or CPU best practices for DGL [https://docs.dgl.ai/tutorials/cpu/cpu_best_practises.html])
  dgl_warning(
trial=02 epoch=022 loss=0.000174 val_AUPRC=0.106431 best=0.128452(2) patience=20/20 train=0.515s val=3.449s
TRIAL 02 DONE | lr=0.01 wd=1e-05 | epoch=2 | val AUPRC=0.128452
/workspace/pmp_vast/envs/pmp-author/lib/python3.10/site-packages/dgl/dataloading/dataloader.py:1076: DGLWarning: Dataloader CPU affinity opt is not enabled, consider switching it on (see enable_cpu_affinity() or CPU best practices for DGL [https://docs.dgl.ai/tutorials/cpu/cpu_best_practises.html])
  dgl_warning(
trial=03 epoch=001 loss=0.449436 val_AUPRC=0.119083 best=0.119083(1) patience=0/20 train=0.554s val=0.417s
/workspace/pmp_vast/envs/pmp-author/lib/python3.10/site-packages/dgl/dataloading/dataloader.py:1076: DGLWarning: Dataloader CPU affinity opt is not enabled, consider switching it on (see enable_cpu_affinity() or CPU best practices for DGL [https://docs.dgl.ai/tutorials/cpu/cpu_best_practises.html])
  dgl_warning(
trial=03 epoch=002 loss=0.317190 val_AUPRC=0.127666 best=0.127666(2) patience=0/20 train=0.561s val=0.431s
/workspace/pmp_vast/envs/pmp-author/lib/python3.10/site-packages/dgl/dataloading/dataloader.py:1076: DGLWarning: Dataloader CPU affinity opt is not enabled, consider switching it on (see enable_cpu_affinity() or CPU best practices for DGL [https://docs.dgl.ai/tutorials/cpu/cpu_best_practises.html])
  dgl_warning(
/workspace/pmp_vast/envs/pmp-author/lib/python3.10/site-packages/dgl/dataloading/dataloader.py:1076: DGLWarning: Dataloader CPU affinity opt is not enabled, consider switching it on (see enable_cpu_affinity() or CPU best practices for DGL [https://docs.dgl.ai/tutorials/cpu/cpu_best_practises.html])
  dgl_warning(
/workspace/pmp_vast/envs/pmp-author/lib/python3.10/site-packages/dgl/dataloading/dataloader.py:1076: DGLWarning: Dataloader CPU affinity opt is not enabled, consider switching it on (see enable_cpu_affinity() or CPU best practices for DGL [https://docs.dgl.ai/tutorials/cpu/cpu_best_practises.html])
  dgl_warning(
/workspace/pmp_vast/envs/pmp-author/lib/python3.10/site-packages/dgl/dataloading/dataloader.py:1076: DGLWarning: Dataloader CPU affinity opt is not enabled, consider switching it on (see enable_cpu_affinity() or CPU best practices for DGL [https://docs.dgl.ai/tutorials/cpu/cpu_best_practises.html])
  dgl_warning(
/workspace/pmp_vast/envs/pmp-author/lib/python3.10/site-packages/dgl/dataloading/dataloader.py:1076: DGLWarning: Dataloader CPU affinity opt is not enabled, consider switching it on (see enable_cpu_affinity() or CPU best practices for DGL [https://docs.dgl.ai/tutorials/cpu/cpu_best_practises.html])
  dgl_warning(
/workspace/pmp_vast/envs/pmp-author/lib/python3.10/site-packages/dgl/dataloading/dataloader.py:1076: DGLWarning: Dataloader CPU affinity opt is not enabled, consider switching it on (see enable_cpu_affinity() or CPU best practices for DGL [https://docs.dgl.ai/tutorials/cpu/cpu_best_practises.html])
  dgl_warning(
/workspace/pmp_vast/envs/pmp-author/lib/python3.10/site-packages/dgl/dataloading/dataloader.py:1076: DGLWarning: Dataloader CPU affinity opt is not enabled, consider switching it on (see enable_cpu_affinity() or CPU best practices for DGL [https://docs.dgl.ai/tutorials/cpu/cpu_best_practises.html])
  dgl_warning(
trial=03 epoch=009 loss=0.019058 val_AUPRC=0.130744 best=0.130744(9) patience=0/20 train=0.556s val=0.452s
/workspace/pmp_vast/envs/pmp-author/lib/python3.10/site-packages/dgl/dataloading/dataloader.py:1076: DGLWarning: Dataloader CPU affinity opt is not enabled, consider switching it on (see enable_cpu_affinity() or CPU best practices for DGL [https://docs.dgl.ai/tutorials/cpu/cpu_best_practises.html])
  dgl_warning(
trial=03 epoch=010 loss=0.017551 val_AUPRC=0.120073 best=0.130744(9) patience=1/20 train=0.591s val=0.390s
/workspace/pmp_vast/envs/pmp-author/lib/python3.10/site-packages/dgl/dataloading/dataloader.py:1076: DGLWarning: Dataloader CPU affinity opt is not enabled, consider switching it on (see enable_cpu_affinity() or CPU best practices for DGL [https://docs.dgl.ai/tutorials/cpu/cpu_best_practises.html])
  dgl_warning(
/workspace/pmp_vast/envs/pmp-author/lib/python3.10/site-packages/dgl/dataloading/dataloader.py:1076: DGLWarning: Dataloader CPU affinity opt is not enabled, consider switching it on (see enable_cpu_affinity() or CPU best practices for DGL [https://docs.dgl.ai/tutorials/cpu/cpu_best_practises.html])
  dgl_warning(
/workspace/pmp_vast/envs/pmp-author/lib/python3.10/site-packages/dgl/dataloading/dataloader.py:1076: DGLWarning: Dataloader CPU affinity opt is not enabled, consider switching it on (see enable_cpu_affinity() or CPU best practices for DGL [https://docs.dgl.ai/tutorials/cpu/cpu_best_practises.html])
  dgl_warning(
trial=03 epoch=013 loss=0.008846 val_AUPRC=0.131997 best=0.131997(13) patience=0/20 train=0.524s val=0.415s
/workspace/pmp_vast/envs/pmp-author/lib/python3.10/site-packages/dgl/dataloading/dataloader.py:1076: DGLWarning: Dataloader CPU affinity opt is not enabled, consider switching it on (see enable_cpu_affinity() or CPU best practices for DGL [https://docs.dgl.ai/tutorials/cpu/cpu_best_practises.html])
  dgl_warning(
trial=03 epoch=014 loss=0.009741 val_AUPRC=0.134835 best=0.134835(14) patience=0/20 train=0.529s val=0.461s
/workspace/pmp_vast/envs/pmp-author/lib/python3.10/site-packages/dgl/dataloading/dataloader.py:1076: DGLWarning: Dataloader CPU affinity opt is not enabled, consider switching it on (see enable_cpu_affinity() or CPU best practices for DGL [https://docs.dgl.ai/tutorials/cpu/cpu_best_practises.html])
  dgl_warning(
/workspace/pmp_vast/envs/pmp-author/lib/python3.10/site-packages/dgl/dataloading/dataloader.py:1076: DGLWarning: Dataloader CPU affinity opt is not enabled, consider switching it on (see enable_cpu_affinity() or CPU best practices for DGL [https://docs.dgl.ai/tutorials/cpu/cpu_best_practises.html])
  dgl_warning(
/workspace/pmp_vast/envs/pmp-author/lib/python3.10/site-packages/dgl/dataloading/dataloader.py:1076: DGLWarning: Dataloader CPU affinity opt is not enabled, consider switching it on (see enable_cpu_affinity() or CPU best practices for DGL [https://docs.dgl.ai/tutorials/cpu/cpu_best_practises.html])
  dgl_warning(
/workspace/pmp_vast/envs/pmp-author/lib/python3.10/site-packages/dgl/dataloading/dataloader.py:1076: DGLWarning: Dataloader CPU affinity opt is not enabled, consider switching it on (see enable_cpu_affinity() or CPU best practices for DGL [https://docs.dgl.ai/tutorials/cpu/cpu_best_practises.html])
  dgl_warning(
/workspace/pmp_vast/envs/pmp-author/lib/python3.10/site-packages/dgl/dataloading/dataloader.py:1076: DGLWarning: Dataloader CPU affinity opt is not enabled, consider switching it on (see enable_cpu_affinity() or CPU best practices for DGL [https://docs.dgl.ai/tutorials/cpu/cpu_best_practises.html])
  dgl_warning(
/workspace/pmp_vast/envs/pmp-author/lib/python3.10/site-packages/dgl/dataloading/dataloader.py:1076: DGLWarning: Dataloader CPU affinity opt is not enabled, consider switching it on (see enable_cpu_affinity() or CPU best practices for DGL [https://docs.dgl.ai/tutorials/cpu/cpu_best_practises.html])
  dgl_warning(
trial=03 epoch=020 loss=0.000552 val_AUPRC=0.127642 best=0.134835(14) patience=6/20 train=0.571s val=1.278s
/workspace/pmp_vast/envs/pmp-author/lib/python3.10/site-packages/dgl/dataloading/dataloader.py:1076: DGLWarning: Dataloader CPU affinity opt is not enabled, consider switching it on (see enable_cpu_affinity() or CPU best practices for DGL [https://docs.dgl.ai/tutorials/cpu/cpu_best_practises.html])
  dgl_warning(
/workspace/pmp_vast/envs/pmp-author/lib/python3.10/site-packages/dgl/dataloading/dataloader.py:1076: DGLWarning: Dataloader CPU affinity opt is not enabled, consider switching it on (see enable_cpu_affinity() or CPU best practices for DGL [https://docs.dgl.ai/tutorials/cpu/cpu_best_practises.html])
  dgl_warning(
/workspace/pmp_vast/envs/pmp-author/lib/python3.10/site-packages/dgl/dataloading/dataloader.py:1076: DGLWarning: Dataloader CPU affinity opt is not enabled, consider switching it on (see enable_cpu_affinity() or CPU best practices for DGL [https://docs.dgl.ai/tutorials/cpu/cpu_best_practises.html])
  dgl_warning(
/workspace/pmp_vast/envs/pmp-author/lib/python3.10/site-packages/dgl/dataloading/dataloader.py:1076: DGLWarning: Dataloader CPU affinity opt is not enabled, consider switching it on (see enable_cpu_affinity() or CPU best practices for DGL [https://docs.dgl.ai/tutorials/cpu/cpu_best_practises.html])
  dgl_warning(
/workspace/pmp_vast/envs/pmp-author/lib/python3.10/site-packages/dgl/dataloading/dataloader.py:1076: DGLWarning: Dataloader CPU affinity opt is not enabled, consider switching it on (see enable_cpu_affinity() or CPU best practices for DGL [https://docs.dgl.ai/tutorials/cpu/cpu_best_practises.html])
  dgl_warning(
/workspace/pmp_vast/envs/pmp-author/lib/python3.10/site-packages/dgl/dataloading/dataloader.py:1076: DGLWarning: Dataloader CPU affinity opt is not enabled, consider switching it on (see enable_cpu_affinity() or CPU best practices for DGL [https://docs.dgl.ai/tutorials/cpu/cpu_best_practises.html])
  dgl_warning(
/workspace/pmp_vast/envs/pmp-author/lib/python3.10/site-packages/dgl/dataloading/dataloader.py:1076: DGLWarning: Dataloader CPU affinity opt is not enabled, consider switching it on (see enable_cpu_affinity() or CPU best practices for DGL [https://docs.dgl.ai/tutorials/cpu/cpu_best_practises.html])
  dgl_warning(
/workspace/pmp_vast/envs/pmp-author/lib/python3.10/site-packages/dgl/dataloading/dataloader.py:1076: DGLWarning: Dataloader CPU affinity opt is not enabled, consider switching it on (see enable_cpu_affinity() or CPU best practices for DGL [https://docs.dgl.ai/tutorials/cpu/cpu_best_practises.html])
  dgl_warning(
/workspace/pmp_vast/envs/pmp-author/lib/python3.10/site-packages/dgl/dataloading/dataloader.py:1076: DGLWarning: Dataloader CPU affinity opt is not enabled, consider switching it on (see enable_cpu_affinity() or CPU best practices for DGL [https://docs.dgl.ai/tutorials/cpu/cpu_best_practises.html])
  dgl_warning(
/workspace/pmp_vast/envs/pmp-author/lib/python3.10/site-packages/dgl/dataloading/dataloader.py:1076: DGLWarning: Dataloader CPU affinity opt is not enabled, consider switching it on (see enable_cpu_affinity() or CPU best practices for DGL [https://docs.dgl.ai/tutorials/cpu/cpu_best_practises.html])
  dgl_warning(
trial=03 epoch=030 loss=0.001060 val_AUPRC=0.127361 best=0.134835(14) patience=16/20 train=0.645s val=0.454s
/workspace/pmp_vast/envs/pmp-author/lib/python3.10/site-packages/dgl/dataloading/dataloader.py:1076: DGLWarning: Dataloader CPU affinity opt is not enabled, consider switching it on (see enable_cpu_affinity() or CPU best practices for DGL [https://docs.dgl.ai/tutorials/cpu/cpu_best_practises.html])
  dgl_warning(
/workspace/pmp_vast/envs/pmp-author/lib/python3.10/site-packages/dgl/dataloading/dataloader.py:1076: DGLWarning: Dataloader CPU affinity opt is not enabled, consider switching it on (see enable_cpu_affinity() or CPU best practices for DGL [https://docs.dgl.ai/tutorials/cpu/cpu_best_practises.html])
  dgl_warning(
/workspace/pmp_vast/envs/pmp-author/lib/python3.10/site-packages/dgl/dataloading/dataloader.py:1076: DGLWarning: Dataloader CPU affinity opt is not enabled, consider switching it on (see enable_cpu_affinity() or CPU best practices for DGL [https://docs.dgl.ai/tutorials/cpu/cpu_best_practises.html])
  dgl_warning(
/workspace/pmp_vast/envs/pmp-author/lib/python3.10/site-packages/dgl/dataloading/dataloader.py:1076: DGLWarning: Dataloader CPU affinity opt is not enabled, consider switching it on (see enable_cpu_affinity() or CPU best practices for DGL [https://docs.dgl.ai/tutorials/cpu/cpu_best_practises.html])
  dgl_warning(
trial=03 epoch=034 loss=0.000748 val_AUPRC=0.127939 best=0.134835(14) patience=20/20 train=0.671s val=0.486s
TRIAL 03 DONE | lr=0.01 wd=0.0001 | epoch=14 | val AUPRC=0.134835
/workspace/pmp_vast/envs/pmp-author/lib/python3.10/site-packages/dgl/dataloading/dataloader.py:1076: DGLWarning: Dataloader CPU affinity opt is not enabled, consider switching it on (see enable_cpu_affinity() or CPU best practices for DGL [https://docs.dgl.ai/tutorials/cpu/cpu_best_practises.html])
  dgl_warning(
trial=04 epoch=001 loss=0.458380 val_AUPRC=0.120474 best=0.120474(1) patience=0/20 train=0.525s val=0.493s
/workspace/pmp_vast/envs/pmp-author/lib/python3.10/site-packages/dgl/dataloading/dataloader.py:1076: DGLWarning: Dataloader CPU affinity opt is not enabled, consider switching it on (see enable_cpu_affinity() or CPU best practices for DGL [https://docs.dgl.ai/tutorials/cpu/cpu_best_practises.html])
  dgl_warning(
trial=04 epoch=002 loss=0.310185 val_AUPRC=0.130939 best=0.130939(2) patience=0/20 train=0.494s val=0.432s
/workspace/pmp_vast/envs/pmp-author/lib/python3.10/site-packages/dgl/dataloading/dataloader.py:1076: DGLWarning: Dataloader CPU affinity opt is not enabled, consider switching it on (see enable_cpu_affinity() or CPU best practices for DGL [https://docs.dgl.ai/tutorials/cpu/cpu_best_practises.html])
  dgl_warning(
/workspace/pmp_vast/envs/pmp-author/lib/python3.10/site-packages/dgl/dataloading/dataloader.py:1076: DGLWarning: Dataloader CPU affinity opt is not enabled, consider switching it on (see enable_cpu_affinity() or CPU best practices for DGL [https://docs.dgl.ai/tutorials/cpu/cpu_best_practises.html])
  dgl_warning(
/workspace/pmp_vast/envs/pmp-author/lib/python3.10/site-packages/dgl/dataloading/dataloader.py:1076: DGLWarning: Dataloader CPU affinity opt is not enabled, consider switching it on (see enable_cpu_affinity() or CPU best practices for DGL [https://docs.dgl.ai/tutorials/cpu/cpu_best_practises.html])
  dgl_warning(
/workspace/pmp_vast/envs/pmp-author/lib/python3.10/site-packages/dgl/dataloading/dataloader.py:1076: DGLWarning: Dataloader CPU affinity opt is not enabled, consider switching it on (see enable_cpu_affinity() or CPU best practices for DGL [https://docs.dgl.ai/tutorials/cpu/cpu_best_practises.html])
  dgl_warning(
/workspace/pmp_vast/envs/pmp-author/lib/python3.10/site-packages/dgl/dataloading/dataloader.py:1076: DGLWarning: Dataloader CPU affinity opt is not enabled, consider switching it on (see enable_cpu_affinity() or CPU best practices for DGL [https://docs.dgl.ai/tutorials/cpu/cpu_best_practises.html])
  dgl_warning(
/workspace/pmp_vast/envs/pmp-author/lib/python3.10/site-packages/dgl/dataloading/dataloader.py:1076: DGLWarning: Dataloader CPU affinity opt is not enabled, consider switching it on (see enable_cpu_affinity() or CPU best practices for DGL [https://docs.dgl.ai/tutorials/cpu/cpu_best_practises.html])
  dgl_warning(
/workspace/pmp_vast/envs/pmp-author/lib/python3.10/site-packages/dgl/dataloading/dataloader.py:1076: DGLWarning: Dataloader CPU affinity opt is not enabled, consider switching it on (see enable_cpu_affinity() or CPU best practices for DGL [https://docs.dgl.ai/tutorials/cpu/cpu_best_practises.html])
  dgl_warning(
/workspace/pmp_vast/envs/pmp-author/lib/python3.10/site-packages/dgl/dataloading/dataloader.py:1076: DGLWarning: Dataloader CPU affinity opt is not enabled, consider switching it on (see enable_cpu_affinity() or CPU best practices for DGL [https://docs.dgl.ai/tutorials/cpu/cpu_best_practises.html])
  dgl_warning(
trial=04 epoch=010 loss=0.033364 val_AUPRC=0.114365 best=0.130939(2) patience=8/20 train=1.768s val=0.898s
/workspace/pmp_vast/envs/pmp-author/lib/python3.10/site-packages/dgl/dataloading/dataloader.py:1076: DGLWarning: Dataloader CPU affinity opt is not enabled, consider switching it on (see enable_cpu_affinity() or CPU best practices for DGL [https://docs.dgl.ai/tutorials/cpu/cpu_best_practises.html])
  dgl_warning(
/workspace/pmp_vast/envs/pmp-author/lib/python3.10/site-packages/dgl/dataloading/dataloader.py:1076: DGLWarning: Dataloader CPU affinity opt is not enabled, consider switching it on (see enable_cpu_affinity() or CPU best practices for DGL [https://docs.dgl.ai/tutorials/cpu/cpu_best_practises.html])
  dgl_warning(
/workspace/pmp_vast/envs/pmp-author/lib/python3.10/site-packages/dgl/dataloading/dataloader.py:1076: DGLWarning: Dataloader CPU affinity opt is not enabled, consider switching it on (see enable_cpu_affinity() or CPU best practices for DGL [https://docs.dgl.ai/tutorials/cpu/cpu_best_practises.html])
  dgl_warning(
/workspace/pmp_vast/envs/pmp-author/lib/python3.10/site-packages/dgl/dataloading/dataloader.py:1076: DGLWarning: Dataloader CPU affinity opt is not enabled, consider switching it on (see enable_cpu_affinity() or CPU best practices for DGL [https://docs.dgl.ai/tutorials/cpu/cpu_best_practises.html])
  dgl_warning(
/workspace/pmp_vast/envs/pmp-author/lib/python3.10/site-packages/dgl/dataloading/dataloader.py:1076: DGLWarning: Dataloader CPU affinity opt is not enabled, consider switching it on (see enable_cpu_affinity() or CPU best practices for DGL [https://docs.dgl.ai/tutorials/cpu/cpu_best_practises.html])
  dgl_warning(
/workspace/pmp_vast/envs/pmp-author/lib/python3.10/site-packages/dgl/dataloading/dataloader.py:1076: DGLWarning: Dataloader CPU affinity opt is not enabled, consider switching it on (see enable_cpu_affinity() or CPU best practices for DGL [https://docs.dgl.ai/tutorials/cpu/cpu_best_practises.html])
  dgl_warning(
/workspace/pmp_vast/envs/pmp-author/lib/python3.10/site-packages/dgl/dataloading/dataloader.py:1076: DGLWarning: Dataloader CPU affinity opt is not enabled, consider switching it on (see enable_cpu_affinity() or CPU best practices for DGL [https://docs.dgl.ai/tutorials/cpu/cpu_best_practises.html])
  dgl_warning(
/workspace/pmp_vast/envs/pmp-author/lib/python3.10/site-packages/dgl/dataloading/dataloader.py:1076: DGLWarning: Dataloader CPU affinity opt is not enabled, consider switching it on (see enable_cpu_affinity() or CPU best practices for DGL [https://docs.dgl.ai/tutorials/cpu/cpu_best_practises.html])
  dgl_warning(
/workspace/pmp_vast/envs/pmp-author/lib/python3.10/site-packages/dgl/dataloading/dataloader.py:1076: DGLWarning: Dataloader CPU affinity opt is not enabled, consider switching it on (see enable_cpu_affinity() or CPU best practices for DGL [https://docs.dgl.ai/tutorials/cpu/cpu_best_practises.html])
  dgl_warning(
/workspace/pmp_vast/envs/pmp-author/lib/python3.10/site-packages/dgl/dataloading/dataloader.py:1076: DGLWarning: Dataloader CPU affinity opt is not enabled, consider switching it on (see enable_cpu_affinity() or CPU best practices for DGL [https://docs.dgl.ai/tutorials/cpu/cpu_best_practises.html])
  dgl_warning(
trial=04 epoch=020 loss=0.016261 val_AUPRC=0.108364 best=0.130939(2) patience=18/20 train=0.534s val=0.446s
/workspace/pmp_vast/envs/pmp-author/lib/python3.10/site-packages/dgl/dataloading/dataloader.py:1076: DGLWarning: Dataloader CPU affinity opt is not enabled, consider switching it on (see enable_cpu_affinity() or CPU best practices for DGL [https://docs.dgl.ai/tutorials/cpu/cpu_best_practises.html])
  dgl_warning(
/workspace/pmp_vast/envs/pmp-author/lib/python3.10/site-packages/dgl/dataloading/dataloader.py:1076: DGLWarning: Dataloader CPU affinity opt is not enabled, consider switching it on (see enable_cpu_affinity() or CPU best practices for DGL [https://docs.dgl.ai/tutorials/cpu/cpu_best_practises.html])
  dgl_warning(
trial=04 epoch=022 loss=0.012076 val_AUPRC=0.106504 best=0.130939(2) patience=20/20 train=0.550s val=0.489s
TRIAL 04 DONE | lr=0.01 wd=0.001 | epoch=2 | val AUPRC=0.130939
/workspace/pmp_vast/envs/pmp-author/lib/python3.10/site-packages/dgl/dataloading/dataloader.py:1076: DGLWarning: Dataloader CPU affinity opt is not enabled, consider switching it on (see enable_cpu_affinity() or CPU best practices for DGL [https://docs.dgl.ai/tutorials/cpu/cpu_best_practises.html])
  dgl_warning(
trial=05 epoch=001 loss=0.679122 val_AUPRC=0.115441 best=0.115441(1) patience=0/20 train=0.587s val=0.427s
/workspace/pmp_vast/envs/pmp-author/lib/python3.10/site-packages/dgl/dataloading/dataloader.py:1076: DGLWarning: Dataloader CPU affinity opt is not enabled, consider switching it on (see enable_cpu_affinity() or CPU best practices for DGL [https://docs.dgl.ai/tutorials/cpu/cpu_best_practises.html])
  dgl_warning(
/workspace/pmp_vast/envs/pmp-author/lib/python3.10/site-packages/dgl/dataloading/dataloader.py:1076: DGLWarning: Dataloader CPU affinity opt is not enabled, consider switching it on (see enable_cpu_affinity() or CPU best practices for DGL [https://docs.dgl.ai/tutorials/cpu/cpu_best_practises.html])
  dgl_warning(
trial=05 epoch=003 loss=0.340356 val_AUPRC=0.115820 best=0.115820(3) patience=0/20 train=0.536s val=0.381s
/workspace/pmp_vast/envs/pmp-author/lib/python3.10/site-packages/dgl/dataloading/dataloader.py:1076: DGLWarning: Dataloader CPU affinity opt is not enabled, consider switching it on (see enable_cpu_affinity() or CPU best practices for DGL [https://docs.dgl.ai/tutorials/cpu/cpu_best_practises.html])
  dgl_warning(
trial=05 epoch=004 loss=0.345028 val_AUPRC=0.116657 best=0.116657(4) patience=0/20 train=0.532s val=0.456s
/workspace/pmp_vast/envs/pmp-author/lib/python3.10/site-packages/dgl/dataloading/dataloader.py:1076: DGLWarning: Dataloader CPU affinity opt is not enabled, consider switching it on (see enable_cpu_affinity() or CPU best practices for DGL [https://docs.dgl.ai/tutorials/cpu/cpu_best_practises.html])
  dgl_warning(
trial=05 epoch=005 loss=0.345135 val_AUPRC=0.117086 best=0.117086(5) patience=0/20 train=0.633s val=0.420s
/workspace/pmp_vast/envs/pmp-author/lib/python3.10/site-packages/dgl/dataloading/dataloader.py:1076: DGLWarning: Dataloader CPU affinity opt is not enabled, consider switching it on (see enable_cpu_affinity() or CPU best practices for DGL [https://docs.dgl.ai/tutorials/cpu/cpu_best_practises.html])
  dgl_warning(
trial=05 epoch=006 loss=0.324112 val_AUPRC=0.117566 best=0.117566(6) patience=0/20 train=0.566s val=0.463s
/workspace/pmp_vast/envs/pmp-author/lib/python3.10/site-packages/dgl/dataloading/dataloader.py:1076: DGLWarning: Dataloader CPU affinity opt is not enabled, consider switching it on (see enable_cpu_affinity() or CPU best practices for DGL [https://docs.dgl.ai/tutorials/cpu/cpu_best_practises.html])
  dgl_warning(
trial=05 epoch=007 loss=0.310511 val_AUPRC=0.118740 best=0.118740(7) patience=0/20 train=0.585s val=0.466s
/workspace/pmp_vast/envs/pmp-author/lib/python3.10/site-packages/dgl/dataloading/dataloader.py:1076: DGLWarning: Dataloader CPU affinity opt is not enabled, consider switching it on (see enable_cpu_affinity() or CPU best practices for DGL [https://docs.dgl.ai/tutorials/cpu/cpu_best_practises.html])
  dgl_warning(
trial=05 epoch=008 loss=0.311871 val_AUPRC=0.119719 best=0.119719(8) patience=0/20 train=0.551s val=0.426s
/workspace/pmp_vast/envs/pmp-author/lib/python3.10/site-packages/dgl/dataloading/dataloader.py:1076: DGLWarning: Dataloader CPU affinity opt is not enabled, consider switching it on (see enable_cpu_affinity() or CPU best practices for DGL [https://docs.dgl.ai/tutorials/cpu/cpu_best_practises.html])
  dgl_warning(
trial=05 epoch=009 loss=0.294743 val_AUPRC=0.123168 best=0.123168(9) patience=0/20 train=0.570s val=0.418s
/workspace/pmp_vast/envs/pmp-author/lib/python3.10/site-packages/dgl/dataloading/dataloader.py:1076: DGLWarning: Dataloader CPU affinity opt is not enabled, consider switching it on (see enable_cpu_affinity() or CPU best practices for DGL [https://docs.dgl.ai/tutorials/cpu/cpu_best_practises.html])
  dgl_warning(
trial=05 epoch=010 loss=0.277313 val_AUPRC=0.126903 best=0.126903(10) patience=0/20 train=0.545s val=0.464s
/workspace/pmp_vast/envs/pmp-author/lib/python3.10/site-packages/dgl/dataloading/dataloader.py:1076: DGLWarning: Dataloader CPU affinity opt is not enabled, consider switching it on (see enable_cpu_affinity() or CPU best practices for DGL [https://docs.dgl.ai/tutorials/cpu/cpu_best_practises.html])
  dgl_warning(
trial=05 epoch=011 loss=0.264449 val_AUPRC=0.131721 best=0.131721(11) patience=0/20 train=1.943s val=0.916s
/workspace/pmp_vast/envs/pmp-author/lib/python3.10/site-packages/dgl/dataloading/dataloader.py:1076: DGLWarning: Dataloader CPU affinity opt is not enabled, consider switching it on (see enable_cpu_affinity() or CPU best practices for DGL [https://docs.dgl.ai/tutorials/cpu/cpu_best_practises.html])
  dgl_warning(
trial=05 epoch=012 loss=0.258372 val_AUPRC=0.134240 best=0.134240(12) patience=0/20 train=0.710s val=0.497s
/workspace/pmp_vast/envs/pmp-author/lib/python3.10/site-packages/dgl/dataloading/dataloader.py:1076: DGLWarning: Dataloader CPU affinity opt is not enabled, consider switching it on (see enable_cpu_affinity() or CPU best practices for DGL [https://docs.dgl.ai/tutorials/cpu/cpu_best_practises.html])
  dgl_warning(
trial=05 epoch=013 loss=0.249799 val_AUPRC=0.139043 best=0.139043(13) patience=0/20 train=0.610s val=0.424s
/workspace/pmp_vast/envs/pmp-author/lib/python3.10/site-packages/dgl/dataloading/dataloader.py:1076: DGLWarning: Dataloader CPU affinity opt is not enabled, consider switching it on (see enable_cpu_affinity() or CPU best practices for DGL [https://docs.dgl.ai/tutorials/cpu/cpu_best_practises.html])
  dgl_warning(
trial=05 epoch=014 loss=0.218174 val_AUPRC=0.146005 best=0.146005(14) patience=0/20 train=0.563s val=0.486s
/workspace/pmp_vast/envs/pmp-author/lib/python3.10/site-packages/dgl/dataloading/dataloader.py:1076: DGLWarning: Dataloader CPU affinity opt is not enabled, consider switching it on (see enable_cpu_affinity() or CPU best practices for DGL [https://docs.dgl.ai/tutorials/cpu/cpu_best_practises.html])
  dgl_warning(
/workspace/pmp_vast/envs/pmp-author/lib/python3.10/site-packages/dgl/dataloading/dataloader.py:1076: DGLWarning: Dataloader CPU affinity opt is not enabled, consider switching it on (see enable_cpu_affinity() or CPU best practices for DGL [https://docs.dgl.ai/tutorials/cpu/cpu_best_practises.html])
  dgl_warning(
/workspace/pmp_vast/envs/pmp-author/lib/python3.10/site-packages/dgl/dataloading/dataloader.py:1076: DGLWarning: Dataloader CPU affinity opt is not enabled, consider switching it on (see enable_cpu_affinity() or CPU best practices for DGL [https://docs.dgl.ai/tutorials/cpu/cpu_best_practises.html])
  dgl_warning(
/workspace/pmp_vast/envs/pmp-author/lib/python3.10/site-packages/dgl/dataloading/dataloader.py:1076: DGLWarning: Dataloader CPU affinity opt is not enabled, consider switching it on (see enable_cpu_affinity() or CPU best practices for DGL [https://docs.dgl.ai/tutorials/cpu/cpu_best_practises.html])
  dgl_warning(
/workspace/pmp_vast/envs/pmp-author/lib/python3.10/site-packages/dgl/dataloading/dataloader.py:1076: DGLWarning: Dataloader CPU affinity opt is not enabled, consider switching it on (see enable_cpu_affinity() or CPU best practices for DGL [https://docs.dgl.ai/tutorials/cpu/cpu_best_practises.html])
  dgl_warning(
/workspace/pmp_vast/envs/pmp-author/lib/python3.10/site-packages/dgl/dataloading/dataloader.py:1076: DGLWarning: Dataloader CPU affinity opt is not enabled, consider switching it on (see enable_cpu_affinity() or CPU best practices for DGL [https://docs.dgl.ai/tutorials/cpu/cpu_best_practises.html])
  dgl_warning(
trial=05 epoch=020 loss=0.053453 val_AUPRC=0.121568 best=0.146005(14) patience=6/20 train=0.524s val=0.428s
/workspace/pmp_vast/envs/pmp-author/lib/python3.10/site-packages/dgl/dataloading/dataloader.py:1076: DGLWarning: Dataloader CPU affinity opt is not enabled, consider switching it on (see enable_cpu_affinity() or CPU best practices for DGL [https://docs.dgl.ai/tutorials/cpu/cpu_best_practises.html])
  dgl_warning(
/workspace/pmp_vast/envs/pmp-author/lib/python3.10/site-packages/dgl/dataloading/dataloader.py:1076: DGLWarning: Dataloader CPU affinity opt is not enabled, consider switching it on (see enable_cpu_affinity() or CPU best practices for DGL [https://docs.dgl.ai/tutorials/cpu/cpu_best_practises.html])
  dgl_warning(
/workspace/pmp_vast/envs/pmp-author/lib/python3.10/site-packages/dgl/dataloading/dataloader.py:1076: DGLWarning: Dataloader CPU affinity opt is not enabled, consider switching it on (see enable_cpu_affinity() or CPU best practices for DGL [https://docs.dgl.ai/tutorials/cpu/cpu_best_practises.html])
  dgl_warning(
/workspace/pmp_vast/envs/pmp-author/lib/python3.10/site-packages/dgl/dataloading/dataloader.py:1076: DGLWarning: Dataloader CPU affinity opt is not enabled, consider switching it on (see enable_cpu_affinity() or CPU best practices for DGL [https://docs.dgl.ai/tutorials/cpu/cpu_best_practises.html])
  dgl_warning(
/workspace/pmp_vast/envs/pmp-author/lib/python3.10/site-packages/dgl/dataloading/dataloader.py:1076: DGLWarning: Dataloader CPU affinity opt is not enabled, consider switching it on (see enable_cpu_affinity() or CPU best practices for DGL [https://docs.dgl.ai/tutorials/cpu/cpu_best_practises.html])
  dgl_warning(
/workspace/pmp_vast/envs/pmp-author/lib/python3.10/site-packages/dgl/dataloading/dataloader.py:1076: DGLWarning: Dataloader CPU affinity opt is not enabled, consider switching it on (see enable_cpu_affinity() or CPU best practices for DGL [https://docs.dgl.ai/tutorials/cpu/cpu_best_practises.html])
  dgl_warning(
/workspace/pmp_vast/envs/pmp-author/lib/python3.10/site-packages/dgl/dataloading/dataloader.py:1076: DGLWarning: Dataloader CPU affinity opt is not enabled, consider switching it on (see enable_cpu_affinity() or CPU best practices for DGL [https://docs.dgl.ai/tutorials/cpu/cpu_best_practises.html])
  dgl_warning(
/workspace/pmp_vast/envs/pmp-author/lib/python3.10/site-packages/dgl/dataloading/dataloader.py:1076: DGLWarning: Dataloader CPU affinity opt is not enabled, consider switching it on (see enable_cpu_affinity() or CPU best practices for DGL [https://docs.dgl.ai/tutorials/cpu/cpu_best_practises.html])
  dgl_warning(
/workspace/pmp_vast/envs/pmp-author/lib/python3.10/site-packages/dgl/dataloading/dataloader.py:1076: DGLWarning: Dataloader CPU affinity opt is not enabled, consider switching it on (see enable_cpu_affinity() or CPU best practices for DGL [https://docs.dgl.ai/tutorials/cpu/cpu_best_practises.html])
  dgl_warning(
/workspace/pmp_vast/envs/pmp-author/lib/python3.10/site-packages/dgl/dataloading/dataloader.py:1076: DGLWarning: Dataloader CPU affinity opt is not enabled, consider switching it on (see enable_cpu_affinity() or CPU best practices for DGL [https://docs.dgl.ai/tutorials/cpu/cpu_best_practises.html])
  dgl_warning(
trial=05 epoch=030 loss=0.037335 val_AUPRC=0.123264 best=0.146005(14) patience=16/20 train=0.504s val=0.379s
/workspace/pmp_vast/envs/pmp-author/lib/python3.10/site-packages/dgl/dataloading/dataloader.py:1076: DGLWarning: Dataloader CPU affinity opt is not enabled, consider switching it on (see enable_cpu_affinity() or CPU best practices for DGL [https://docs.dgl.ai/tutorials/cpu/cpu_best_practises.html])
  dgl_warning(
/workspace/pmp_vast/envs/pmp-author/lib/python3.10/site-packages/dgl/dataloading/dataloader.py:1076: DGLWarning: Dataloader CPU affinity opt is not enabled, consider switching it on (see enable_cpu_affinity() or CPU best practices for DGL [https://docs.dgl.ai/tutorials/cpu/cpu_best_practises.html])
  dgl_warning(
/workspace/pmp_vast/envs/pmp-author/lib/python3.10/site-packages/dgl/dataloading/dataloader.py:1076: DGLWarning: Dataloader CPU affinity opt is not enabled, consider switching it on (see enable_cpu_affinity() or CPU best practices for DGL [https://docs.dgl.ai/tutorials/cpu/cpu_best_practises.html])
  dgl_warning(
/workspace/pmp_vast/envs/pmp-author/lib/python3.10/site-packages/dgl/dataloading/dataloader.py:1076: DGLWarning: Dataloader CPU affinity opt is not enabled, consider switching it on (see enable_cpu_affinity() or CPU best practices for DGL [https://docs.dgl.ai/tutorials/cpu/cpu_best_practises.html])
  dgl_warning(
trial=05 epoch=034 loss=0.027498 val_AUPRC=0.125069 best=0.146005(14) patience=20/20 train=0.538s val=0.424s
TRIAL 05 DONE | lr=0.001 wd=0.0 | epoch=14 | val AUPRC=0.146005
/workspace/pmp_vast/envs/pmp-author/lib/python3.10/site-packages/dgl/dataloading/dataloader.py:1076: DGLWarning: Dataloader CPU affinity opt is not enabled, consider switching it on (see enable_cpu_affinity() or CPU best practices for DGL [https://docs.dgl.ai/tutorials/cpu/cpu_best_practises.html])
  dgl_warning(
trial=06 epoch=001 loss=0.681056 val_AUPRC=0.115464 best=0.115464(1) patience=0/20 train=0.790s val=1.878s
/workspace/pmp_vast/envs/pmp-author/lib/python3.10/site-packages/dgl/dataloading/dataloader.py:1076: DGLWarning: Dataloader CPU affinity opt is not enabled, consider switching it on (see enable_cpu_affinity() or CPU best practices for DGL [https://docs.dgl.ai/tutorials/cpu/cpu_best_practises.html])
  dgl_warning(
/workspace/pmp_vast/envs/pmp-author/lib/python3.10/site-packages/dgl/dataloading/dataloader.py:1076: DGLWarning: Dataloader CPU affinity opt is not enabled, consider switching it on (see enable_cpu_affinity() or CPU best practices for DGL [https://docs.dgl.ai/tutorials/cpu/cpu_best_practises.html])
  dgl_warning(
trial=06 epoch=003 loss=0.336877 val_AUPRC=0.115768 best=0.115768(3) patience=0/20 train=0.563s val=0.509s
/workspace/pmp_vast/envs/pmp-author/lib/python3.10/site-packages/dgl/dataloading/dataloader.py:1076: DGLWarning: Dataloader CPU affinity opt is not enabled, consider switching it on (see enable_cpu_affinity() or CPU best practices for DGL [https://docs.dgl.ai/tutorials/cpu/cpu_best_practises.html])
  dgl_warning(
trial=06 epoch=004 loss=0.307749 val_AUPRC=0.116688 best=0.116688(4) patience=0/20 train=0.543s val=0.436s
/workspace/pmp_vast/envs/pmp-author/lib/python3.10/site-packages/dgl/dataloading/dataloader.py:1076: DGLWarning: Dataloader CPU affinity opt is not enabled, consider switching it on (see enable_cpu_affinity() or CPU best practices for DGL [https://docs.dgl.ai/tutorials/cpu/cpu_best_practises.html])
  dgl_warning(
trial=06 epoch=005 loss=0.351292 val_AUPRC=0.117192 best=0.117192(5) patience=0/20 train=0.530s val=0.459s
/workspace/pmp_vast/envs/pmp-author/lib/python3.10/site-packages/dgl/dataloading/dataloader.py:1076: DGLWarning: Dataloader CPU affinity opt is not enabled, consider switching it on (see enable_cpu_affinity() or CPU best practices for DGL [https://docs.dgl.ai/tutorials/cpu/cpu_best_practises.html])
  dgl_warning(
trial=06 epoch=006 loss=0.340363 val_AUPRC=0.118022 best=0.118022(6) patience=0/20 train=2.707s val=0.492s
/workspace/pmp_vast/envs/pmp-author/lib/python3.10/site-packages/dgl/dataloading/dataloader.py:1076: DGLWarning: Dataloader CPU affinity opt is not enabled, consider switching it on (see enable_cpu_affinity() or CPU best practices for DGL [https://docs.dgl.ai/tutorials/cpu/cpu_best_practises.html])
  dgl_warning(
trial=06 epoch=007 loss=0.314622 val_AUPRC=0.119141 best=0.119141(7) patience=0/20 train=0.522s val=2.594s
/workspace/pmp_vast/envs/pmp-author/lib/python3.10/site-packages/dgl/dataloading/dataloader.py:1076: DGLWarning: Dataloader CPU affinity opt is not enabled, consider switching it on (see enable_cpu_affinity() or CPU best practices for DGL [https://docs.dgl.ai/tutorials/cpu/cpu_best_practises.html])
  dgl_warning(
trial=06 epoch=008 loss=0.296745 val_AUPRC=0.120918 best=0.120918(8) patience=0/20 train=2.715s val=0.522s
/workspace/pmp_vast/envs/pmp-author/lib/python3.10/site-packages/dgl/dataloading/dataloader.py:1076: DGLWarning: Dataloader CPU affinity opt is not enabled, consider switching it on (see enable_cpu_affinity() or CPU best practices for DGL [https://docs.dgl.ai/tutorials/cpu/cpu_best_practises.html])
  dgl_warning(
trial=06 epoch=009 loss=0.278144 val_AUPRC=0.124835 best=0.124835(9) patience=0/20 train=0.629s val=0.462s
/workspace/pmp_vast/envs/pmp-author/lib/python3.10/site-packages/dgl/dataloading/dataloader.py:1076: DGLWarning: Dataloader CPU affinity opt is not enabled, consider switching it on (see enable_cpu_affinity() or CPU best practices for DGL [https://docs.dgl.ai/tutorials/cpu/cpu_best_practises.html])
  dgl_warning(
trial=06 epoch=010 loss=0.286887 val_AUPRC=0.129519 best=0.129519(10) patience=0/20 train=0.490s val=0.435s
/workspace/pmp_vast/envs/pmp-author/lib/python3.10/site-packages/dgl/dataloading/dataloader.py:1076: DGLWarning: Dataloader CPU affinity opt is not enabled, consider switching it on (see enable_cpu_affinity() or CPU best practices for DGL [https://docs.dgl.ai/tutorials/cpu/cpu_best_practises.html])
  dgl_warning(
trial=06 epoch=011 loss=0.268611 val_AUPRC=0.133061 best=0.133061(11) patience=0/20 train=0.573s val=0.439s
/workspace/pmp_vast/envs/pmp-author/lib/python3.10/site-packages/dgl/dataloading/dataloader.py:1076: DGLWarning: Dataloader CPU affinity opt is not enabled, consider switching it on (see enable_cpu_affinity() or CPU best practices for DGL [https://docs.dgl.ai/tutorials/cpu/cpu_best_practises.html])
  dgl_warning(
trial=06 epoch=012 loss=0.261323 val_AUPRC=0.141633 best=0.141633(12) patience=0/20 train=0.559s val=0.533s
/workspace/pmp_vast/envs/pmp-author/lib/python3.10/site-packages/dgl/dataloading/dataloader.py:1076: DGLWarning: Dataloader CPU affinity opt is not enabled, consider switching it on (see enable_cpu_affinity() or CPU best practices for DGL [https://docs.dgl.ai/tutorials/cpu/cpu_best_practises.html])
  dgl_warning(
trial=06 epoch=013 loss=0.226694 val_AUPRC=0.151082 best=0.151082(13) patience=0/20 train=0.614s val=0.434s
/workspace/pmp_vast/envs/pmp-author/lib/python3.10/site-packages/dgl/dataloading/dataloader.py:1076: DGLWarning: Dataloader CPU affinity opt is not enabled, consider switching it on (see enable_cpu_affinity() or CPU best practices for DGL [https://docs.dgl.ai/tutorials/cpu/cpu_best_practises.html])
  dgl_warning(
trial=06 epoch=014 loss=0.193683 val_AUPRC=0.151109 best=0.151109(14) patience=0/20 train=0.572s val=0.451s
/workspace/pmp_vast/envs/pmp-author/lib/python3.10/site-packages/dgl/dataloading/dataloader.py:1076: DGLWarning: Dataloader CPU affinity opt is not enabled, consider switching it on (see enable_cpu_affinity() or CPU best practices for DGL [https://docs.dgl.ai/tutorials/cpu/cpu_best_practises.html])
  dgl_warning(
/workspace/pmp_vast/envs/pmp-author/lib/python3.10/site-packages/dgl/dataloading/dataloader.py:1076: DGLWarning: Dataloader CPU affinity opt is not enabled, consider switching it on (see enable_cpu_affinity() or CPU best practices for DGL [https://docs.dgl.ai/tutorials/cpu/cpu_best_practises.html])
  dgl_warning(
/workspace/pmp_vast/envs/pmp-author/lib/python3.10/site-packages/dgl/dataloading/dataloader.py:1076: DGLWarning: Dataloader CPU affinity opt is not enabled, consider switching it on (see enable_cpu_affinity() or CPU best practices for DGL [https://docs.dgl.ai/tutorials/cpu/cpu_best_practises.html])
  dgl_warning(
/workspace/pmp_vast/envs/pmp-author/lib/python3.10/site-packages/dgl/dataloading/dataloader.py:1076: DGLWarning: Dataloader CPU affinity opt is not enabled, consider switching it on (see enable_cpu_affinity() or CPU best practices for DGL [https://docs.dgl.ai/tutorials/cpu/cpu_best_practises.html])
  dgl_warning(
/workspace/pmp_vast/envs/pmp-author/lib/python3.10/site-packages/dgl/dataloading/dataloader.py:1076: DGLWarning: Dataloader CPU affinity opt is not enabled, consider switching it on (see enable_cpu_affinity() or CPU best practices for DGL [https://docs.dgl.ai/tutorials/cpu/cpu_best_practises.html])
  dgl_warning(
/workspace/pmp_vast/envs/pmp-author/lib/python3.10/site-packages/dgl/dataloading/dataloader.py:1076: DGLWarning: Dataloader CPU affinity opt is not enabled, consider switching it on (see enable_cpu_affinity() or CPU best practices for DGL [https://docs.dgl.ai/tutorials/cpu/cpu_best_practises.html])
  dgl_warning(
trial=06 epoch=020 loss=0.048771 val_AUPRC=0.124767 best=0.151109(14) patience=6/20 train=0.566s val=0.443s
/workspace/pmp_vast/envs/pmp-author/lib/python3.10/site-packages/dgl/dataloading/dataloader.py:1076: DGLWarning: Dataloader CPU affinity opt is not enabled, consider switching it on (see enable_cpu_affinity() or CPU best practices for DGL [https://docs.dgl.ai/tutorials/cpu/cpu_best_practises.html])
  dgl_warning(
/workspace/pmp_vast/envs/pmp-author/lib/python3.10/site-packages/dgl/dataloading/dataloader.py:1076: DGLWarning: Dataloader CPU affinity opt is not enabled, consider switching it on (see enable_cpu_affinity() or CPU best practices for DGL [https://docs.dgl.ai/tutorials/cpu/cpu_best_practises.html])
  dgl_warning(
/workspace/pmp_vast/envs/pmp-author/lib/python3.10/site-packages/dgl/dataloading/dataloader.py:1076: DGLWarning: Dataloader CPU affinity opt is not enabled, consider switching it on (see enable_cpu_affinity() or CPU best practices for DGL [https://docs.dgl.ai/tutorials/cpu/cpu_best_practises.html])
  dgl_warning(
/workspace/pmp_vast/envs/pmp-author/lib/python3.10/site-packages/dgl/dataloading/dataloader.py:1076: DGLWarning: Dataloader CPU affinity opt is not enabled, consider switching it on (see enable_cpu_affinity() or CPU best practices for DGL [https://docs.dgl.ai/tutorials/cpu/cpu_best_practises.html])
  dgl_warning(
/workspace/pmp_vast/envs/pmp-author/lib/python3.10/site-packages/dgl/dataloading/dataloader.py:1076: DGLWarning: Dataloader CPU affinity opt is not enabled, consider switching it on (see enable_cpu_affinity() or CPU best practices for DGL [https://docs.dgl.ai/tutorials/cpu/cpu_best_practises.html])
  dgl_warning(
/workspace/pmp_vast/envs/pmp-author/lib/python3.10/site-packages/dgl/dataloading/dataloader.py:1076: DGLWarning: Dataloader CPU affinity opt is not enabled, consider switching it on (see enable_cpu_affinity() or CPU best practices for DGL [https://docs.dgl.ai/tutorials/cpu/cpu_best_practises.html])
  dgl_warning(
/workspace/pmp_vast/envs/pmp-author/lib/python3.10/site-packages/dgl/dataloading/dataloader.py:1076: DGLWarning: Dataloader CPU affinity opt is not enabled, consider switching it on (see enable_cpu_affinity() or CPU best practices for DGL [https://docs.dgl.ai/tutorials/cpu/cpu_best_practises.html])
  dgl_warning(
/workspace/pmp_vast/envs/pmp-author/lib/python3.10/site-packages/dgl/dataloading/dataloader.py:1076: DGLWarning: Dataloader CPU affinity opt is not enabled, consider switching it on (see enable_cpu_affinity() or CPU best practices for DGL [https://docs.dgl.ai/tutorials/cpu/cpu_best_practises.html])
  dgl_warning(
/workspace/pmp_vast/envs/pmp-author/lib/python3.10/site-packages/dgl/dataloading/dataloader.py:1076: DGLWarning: Dataloader CPU affinity opt is not enabled, consider switching it on (see enable_cpu_affinity() or CPU best practices for DGL [https://docs.dgl.ai/tutorials/cpu/cpu_best_practises.html])
  dgl_warning(
/workspace/pmp_vast/envs/pmp-author/lib/python3.10/site-packages/dgl/dataloading/dataloader.py:1076: DGLWarning: Dataloader CPU affinity opt is not enabled, consider switching it on (see enable_cpu_affinity() or CPU best practices for DGL [https://docs.dgl.ai/tutorials/cpu/cpu_best_practises.html])
  dgl_warning(
trial=06 epoch=030 loss=0.029963 val_AUPRC=0.123739 best=0.151109(14) patience=16/20 train=0.561s val=0.398s
/workspace/pmp_vast/envs/pmp-author/lib/python3.10/site-packages/dgl/dataloading/dataloader.py:1076: DGLWarning: Dataloader CPU affinity opt is not enabled, consider switching it on (see enable_cpu_affinity() or CPU best practices for DGL [https://docs.dgl.ai/tutorials/cpu/cpu_best_practises.html])
  dgl_warning(
/workspace/pmp_vast/envs/pmp-author/lib/python3.10/site-packages/dgl/dataloading/dataloader.py:1076: DGLWarning: Dataloader CPU affinity opt is not enabled, consider switching it on (see enable_cpu_affinity() or CPU best practices for DGL [https://docs.dgl.ai/tutorials/cpu/cpu_best_practises.html])
  dgl_warning(
/workspace/pmp_vast/envs/pmp-author/lib/python3.10/site-packages/dgl/dataloading/dataloader.py:1076: DGLWarning: Dataloader CPU affinity opt is not enabled, consider switching it on (see enable_cpu_affinity() or CPU best practices for DGL [https://docs.dgl.ai/tutorials/cpu/cpu_best_practises.html])
  dgl_warning(
/workspace/pmp_vast/envs/pmp-author/lib/python3.10/site-packages/dgl/dataloading/dataloader.py:1076: DGLWarning: Dataloader CPU affinity opt is not enabled, consider switching it on (see enable_cpu_affinity() or CPU best practices for DGL [https://docs.dgl.ai/tutorials/cpu/cpu_best_practises.html])
  dgl_warning(
trial=06 epoch=034 loss=0.035417 val_AUPRC=0.125070 best=0.151109(14) patience=20/20 train=0.667s val=0.499s
TRIAL 06 DONE | lr=0.001 wd=1e-05 | epoch=14 | val AUPRC=0.151109
/workspace/pmp_vast/envs/pmp-author/lib/python3.10/site-packages/dgl/dataloading/dataloader.py:1076: DGLWarning: Dataloader CPU affinity opt is not enabled, consider switching it on (see enable_cpu_affinity() or CPU best practices for DGL [https://docs.dgl.ai/tutorials/cpu/cpu_best_practises.html])
  dgl_warning(
trial=07 epoch=001 loss=0.680463 val_AUPRC=0.115532 best=0.115532(1) patience=0/20 train=0.679s val=0.403s
/workspace/pmp_vast/envs/pmp-author/lib/python3.10/site-packages/dgl/dataloading/dataloader.py:1076: DGLWarning: Dataloader CPU affinity opt is not enabled, consider switching it on (see enable_cpu_affinity() or CPU best practices for DGL [https://docs.dgl.ai/tutorials/cpu/cpu_best_practises.html])
  dgl_warning(
/workspace/pmp_vast/envs/pmp-author/lib/python3.10/site-packages/dgl/dataloading/dataloader.py:1076: DGLWarning: Dataloader CPU affinity opt is not enabled, consider switching it on (see enable_cpu_affinity() or CPU best practices for DGL [https://docs.dgl.ai/tutorials/cpu/cpu_best_practises.html])
  dgl_warning(
trial=07 epoch=003 loss=0.339266 val_AUPRC=0.115740 best=0.115740(3) patience=0/20 train=0.579s val=0.487s
/workspace/pmp_vast/envs/pmp-author/lib/python3.10/site-packages/dgl/dataloading/dataloader.py:1076: DGLWarning: Dataloader CPU affinity opt is not enabled, consider switching it on (see enable_cpu_affinity() or CPU best practices for DGL [https://docs.dgl.ai/tutorials/cpu/cpu_best_practises.html])
  dgl_warning(
trial=07 epoch=004 loss=0.346927 val_AUPRC=0.116752 best=0.116752(4) patience=0/20 train=0.585s val=0.469s
/workspace/pmp_vast/envs/pmp-author/lib/python3.10/site-packages/dgl/dataloading/dataloader.py:1076: DGLWarning: Dataloader CPU affinity opt is not enabled, consider switching it on (see enable_cpu_affinity() or CPU best practices for DGL [https://docs.dgl.ai/tutorials/cpu/cpu_best_practises.html])
  dgl_warning(
trial=07 epoch=005 loss=0.355440 val_AUPRC=0.117296 best=0.117296(5) patience=0/20 train=0.537s val=0.526s
/workspace/pmp_vast/envs/pmp-author/lib/python3.10/site-packages/dgl/dataloading/dataloader.py:1076: DGLWarning: Dataloader CPU affinity opt is not enabled, consider switching it on (see enable_cpu_affinity() or CPU best practices for DGL [https://docs.dgl.ai/tutorials/cpu/cpu_best_practises.html])
  dgl_warning(
trial=07 epoch=006 loss=0.329481 val_AUPRC=0.118196 best=0.118196(6) patience=0/20 train=0.713s val=0.502s
/workspace/pmp_vast/envs/pmp-author/lib/python3.10/site-packages/dgl/dataloading/dataloader.py:1076: DGLWarning: Dataloader CPU affinity opt is not enabled, consider switching it on (see enable_cpu_affinity() or CPU best practices for DGL [https://docs.dgl.ai/tutorials/cpu/cpu_best_practises.html])
  dgl_warning(
trial=07 epoch=007 loss=0.329322 val_AUPRC=0.119237 best=0.119237(7) patience=0/20 train=0.573s val=0.421s
/workspace/pmp_vast/envs/pmp-author/lib/python3.10/site-packages/dgl/dataloading/dataloader.py:1076: DGLWarning: Dataloader CPU affinity opt is not enabled, consider switching it on (see enable_cpu_affinity() or CPU best practices for DGL [https://docs.dgl.ai/tutorials/cpu/cpu_best_practises.html])
  dgl_warning(
trial=07 epoch=008 loss=0.332763 val_AUPRC=0.120141 best=0.120141(8) patience=0/20 train=0.576s val=0.419s
/workspace/pmp_vast/envs/pmp-author/lib/python3.10/site-packages/dgl/dataloading/dataloader.py:1076: DGLWarning: Dataloader CPU affinity opt is not enabled, consider switching it on (see enable_cpu_affinity() or CPU best practices for DGL [https://docs.dgl.ai/tutorials/cpu/cpu_best_practises.html])
  dgl_warning(
trial=07 epoch=009 loss=0.290483 val_AUPRC=0.122042 best=0.122042(9) patience=0/20 train=0.542s val=0.452s
/workspace/pmp_vast/envs/pmp-author/lib/python3.10/site-packages/dgl/dataloading/dataloader.py:1076: DGLWarning: Dataloader CPU affinity opt is not enabled, consider switching it on (see enable_cpu_affinity() or CPU best practices for DGL [https://docs.dgl.ai/tutorials/cpu/cpu_best_practises.html])
  dgl_warning(
trial=07 epoch=010 loss=0.277980 val_AUPRC=0.125039 best=0.125039(10) patience=0/20 train=0.573s val=0.422s
/workspace/pmp_vast/envs/pmp-author/lib/python3.10/site-packages/dgl/dataloading/dataloader.py:1076: DGLWarning: Dataloader CPU affinity opt is not enabled, consider switching it on (see enable_cpu_affinity() or CPU best practices for DGL [https://docs.dgl.ai/tutorials/cpu/cpu_best_practises.html])
  dgl_warning(
trial=07 epoch=011 loss=0.261330 val_AUPRC=0.130259 best=0.130259(11) patience=0/20 train=0.568s val=0.409s
/workspace/pmp_vast/envs/pmp-author/lib/python3.10/site-packages/dgl/dataloading/dataloader.py:1076: DGLWarning: Dataloader CPU affinity opt is not enabled, consider switching it on (see enable_cpu_affinity() or CPU best practices for DGL [https://docs.dgl.ai/tutorials/cpu/cpu_best_practises.html])
  dgl_warning(
trial=07 epoch=012 loss=0.252007 val_AUPRC=0.133080 best=0.133080(12) patience=0/20 train=0.541s val=0.442s
/workspace/pmp_vast/envs/pmp-author/lib/python3.10/site-packages/dgl/dataloading/dataloader.py:1076: DGLWarning: Dataloader CPU affinity opt is not enabled, consider switching it on (see enable_cpu_affinity() or CPU best practices for DGL [https://docs.dgl.ai/tutorials/cpu/cpu_best_practises.html])
  dgl_warning(
trial=07 epoch=013 loss=0.235538 val_AUPRC=0.138603 best=0.138603(13) patience=0/20 train=0.544s val=0.433s
/workspace/pmp_vast/envs/pmp-author/lib/python3.10/site-packages/dgl/dataloading/dataloader.py:1076: DGLWarning: Dataloader CPU affinity opt is not enabled, consider switching it on (see enable_cpu_affinity() or CPU best practices for DGL [https://docs.dgl.ai/tutorials/cpu/cpu_best_practises.html])
  dgl_warning(
trial=07 epoch=014 loss=0.199531 val_AUPRC=0.143362 best=0.143362(14) patience=0/20 train=0.554s val=0.422s
/workspace/pmp_vast/envs/pmp-author/lib/python3.10/site-packages/dgl/dataloading/dataloader.py:1076: DGLWarning: Dataloader CPU affinity opt is not enabled, consider switching it on (see enable_cpu_affinity() or CPU best practices for DGL [https://docs.dgl.ai/tutorials/cpu/cpu_best_practises.html])
  dgl_warning(
/workspace/pmp_vast/envs/pmp-author/lib/python3.10/site-packages/dgl/dataloading/dataloader.py:1076: DGLWarning: Dataloader CPU affinity opt is not enabled, consider switching it on (see enable_cpu_affinity() or CPU best practices for DGL [https://docs.dgl.ai/tutorials/cpu/cpu_best_practises.html])
  dgl_warning(
/workspace/pmp_vast/envs/pmp-author/lib/python3.10/site-packages/dgl/dataloading/dataloader.py:1076: DGLWarning: Dataloader CPU affinity opt is not enabled, consider switching it on (see enable_cpu_affinity() or CPU best practices for DGL [https://docs.dgl.ai/tutorials/cpu/cpu_best_practises.html])
  dgl_warning(
/workspace/pmp_vast/envs/pmp-author/lib/python3.10/site-packages/dgl/dataloading/dataloader.py:1076: DGLWarning: Dataloader CPU affinity opt is not enabled, consider switching it on (see enable_cpu_affinity() or CPU best practices for DGL [https://docs.dgl.ai/tutorials/cpu/cpu_best_practises.html])
  dgl_warning(
/workspace/pmp_vast/envs/pmp-author/lib/python3.10/site-packages/dgl/dataloading/dataloader.py:1076: DGLWarning: Dataloader CPU affinity opt is not enabled, consider switching it on (see enable_cpu_affinity() or CPU best practices for DGL [https://docs.dgl.ai/tutorials/cpu/cpu_best_practises.html])
  dgl_warning(
/workspace/pmp_vast/envs/pmp-author/lib/python3.10/site-packages/dgl/dataloading/dataloader.py:1076: DGLWarning: Dataloader CPU affinity opt is not enabled, consider switching it on (see enable_cpu_affinity() or CPU best practices for DGL [https://docs.dgl.ai/tutorials/cpu/cpu_best_practises.html])
  dgl_warning(
trial=07 epoch=020 loss=0.047803 val_AUPRC=0.125274 best=0.143362(14) patience=6/20 train=0.552s val=0.400s
/workspace/pmp_vast/envs/pmp-author/lib/python3.10/site-packages/dgl/dataloading/dataloader.py:1076: DGLWarning: Dataloader CPU affinity opt is not enabled, consider switching it on (see enable_cpu_affinity() or CPU best practices for DGL [https://docs.dgl.ai/tutorials/cpu/cpu_best_practises.html])
  dgl_warning(
/workspace/pmp_vast/envs/pmp-author/lib/python3.10/site-packages/dgl/dataloading/dataloader.py:1076: DGLWarning: Dataloader CPU affinity opt is not enabled, consider switching it on (see enable_cpu_affinity() or CPU best practices for DGL [https://docs.dgl.ai/tutorials/cpu/cpu_best_practises.html])
  dgl_warning(
/workspace/pmp_vast/envs/pmp-author/lib/python3.10/site-packages/dgl/dataloading/dataloader.py:1076: DGLWarning: Dataloader CPU affinity opt is not enabled, consider switching it on (see enable_cpu_affinity() or CPU best practices for DGL [https://docs.dgl.ai/tutorials/cpu/cpu_best_practises.html])
  dgl_warning(
/workspace/pmp_vast/envs/pmp-author/lib/python3.10/site-packages/dgl/dataloading/dataloader.py:1076: DGLWarning: Dataloader CPU affinity opt is not enabled, consider switching it on (see enable_cpu_affinity() or CPU best practices for DGL [https://docs.dgl.ai/tutorials/cpu/cpu_best_practises.html])
  dgl_warning(
/workspace/pmp_vast/envs/pmp-author/lib/python3.10/site-packages/dgl/dataloading/dataloader.py:1076: DGLWarning: Dataloader CPU affinity opt is not enabled, consider switching it on (see enable_cpu_affinity() or CPU best practices for DGL [https://docs.dgl.ai/tutorials/cpu/cpu_best_practises.html])
  dgl_warning(
/workspace/pmp_vast/envs/pmp-author/lib/python3.10/site-packages/dgl/dataloading/dataloader.py:1076: DGLWarning: Dataloader CPU affinity opt is not enabled, consider switching it on (see enable_cpu_affinity() or CPU best practices for DGL [https://docs.dgl.ai/tutorials/cpu/cpu_best_practises.html])
  dgl_warning(
/workspace/pmp_vast/envs/pmp-author/lib/python3.10/site-packages/dgl/dataloading/dataloader.py:1076: DGLWarning: Dataloader CPU affinity opt is not enabled, consider switching it on (see enable_cpu_affinity() or CPU best practices for DGL [https://docs.dgl.ai/tutorials/cpu/cpu_best_practises.html])
  dgl_warning(
/workspace/pmp_vast/envs/pmp-author/lib/python3.10/site-packages/dgl/dataloading/dataloader.py:1076: DGLWarning: Dataloader CPU affinity opt is not enabled, consider switching it on (see enable_cpu_affinity() or CPU best practices for DGL [https://docs.dgl.ai/tutorials/cpu/cpu_best_practises.html])
  dgl_warning(
/workspace/pmp_vast/envs/pmp-author/lib/python3.10/site-packages/dgl/dataloading/dataloader.py:1076: DGLWarning: Dataloader CPU affinity opt is not enabled, consider switching it on (see enable_cpu_affinity() or CPU best practices for DGL [https://docs.dgl.ai/tutorials/cpu/cpu_best_practises.html])
  dgl_warning(
/workspace/pmp_vast/envs/pmp-author/lib/python3.10/site-packages/dgl/dataloading/dataloader.py:1076: DGLWarning: Dataloader CPU affinity opt is not enabled, consider switching it on (see enable_cpu_affinity() or CPU best practices for DGL [https://docs.dgl.ai/tutorials/cpu/cpu_best_practises.html])
  dgl_warning(
trial=07 epoch=030 loss=0.031498 val_AUPRC=0.124929 best=0.143362(14) patience=16/20 train=0.589s val=0.423s
/workspace/pmp_vast/envs/pmp-author/lib/python3.10/site-packages/dgl/dataloading/dataloader.py:1076: DGLWarning: Dataloader CPU affinity opt is not enabled, consider switching it on (see enable_cpu_affinity() or CPU best practices for DGL [https://docs.dgl.ai/tutorials/cpu/cpu_best_practises.html])
  dgl_warning(
/workspace/pmp_vast/envs/pmp-author/lib/python3.10/site-packages/dgl/dataloading/dataloader.py:1076: DGLWarning: Dataloader CPU affinity opt is not enabled, consider switching it on (see enable_cpu_affinity() or CPU best practices for DGL [https://docs.dgl.ai/tutorials/cpu/cpu_best_practises.html])
  dgl_warning(
/workspace/pmp_vast/envs/pmp-author/lib/python3.10/site-packages/dgl/dataloading/dataloader.py:1076: DGLWarning: Dataloader CPU affinity opt is not enabled, consider switching it on (see enable_cpu_affinity() or CPU best practices for DGL [https://docs.dgl.ai/tutorials/cpu/cpu_best_practises.html])
  dgl_warning(
/workspace/pmp_vast/envs/pmp-author/lib/python3.10/site-packages/dgl/dataloading/dataloader.py:1076: DGLWarning: Dataloader CPU affinity opt is not enabled, consider switching it on (see enable_cpu_affinity() or CPU best practices for DGL [https://docs.dgl.ai/tutorials/cpu/cpu_best_practises.html])
  dgl_warning(
trial=07 epoch=034 loss=0.035699 val_AUPRC=0.127027 best=0.143362(14) patience=20/20 train=0.504s val=0.416s
TRIAL 07 DONE | lr=0.001 wd=0.0001 | epoch=14 | val AUPRC=0.143362
/workspace/pmp_vast/envs/pmp-author/lib/python3.10/site-packages/dgl/dataloading/dataloader.py:1076: DGLWarning: Dataloader CPU affinity opt is not enabled, consider switching it on (see enable_cpu_affinity() or CPU best practices for DGL [https://docs.dgl.ai/tutorials/cpu/cpu_best_practises.html])
  dgl_warning(
trial=08 epoch=001 loss=0.680368 val_AUPRC=0.115320 best=0.115320(1) patience=0/20 train=0.499s val=2.045s
/workspace/pmp_vast/envs/pmp-author/lib/python3.10/site-packages/dgl/dataloading/dataloader.py:1076: DGLWarning: Dataloader CPU affinity opt is not enabled, consider switching it on (see enable_cpu_affinity() or CPU best practices for DGL [https://docs.dgl.ai/tutorials/cpu/cpu_best_practises.html])
  dgl_warning(
trial=08 epoch=002 loss=0.426360 val_AUPRC=0.115473 best=0.115473(2) patience=0/20 train=0.561s val=0.429s
/workspace/pmp_vast/envs/pmp-author/lib/python3.10/site-packages/dgl/dataloading/dataloader.py:1076: DGLWarning: Dataloader CPU affinity opt is not enabled, consider switching it on (see enable_cpu_affinity() or CPU best practices for DGL [https://docs.dgl.ai/tutorials/cpu/cpu_best_practises.html])
  dgl_warning(
trial=08 epoch=003 loss=0.340349 val_AUPRC=0.116454 best=0.116454(3) patience=0/20 train=1.558s val=1.079s
/workspace/pmp_vast/envs/pmp-author/lib/python3.10/site-packages/dgl/dataloading/dataloader.py:1076: DGLWarning: Dataloader CPU affinity opt is not enabled, consider switching it on (see enable_cpu_affinity() or CPU best practices for DGL [https://docs.dgl.ai/tutorials/cpu/cpu_best_practises.html])
  dgl_warning(
trial=08 epoch=004 loss=0.333516 val_AUPRC=0.117434 best=0.117434(4) patience=0/20 train=0.736s val=1.971s
/workspace/pmp_vast/envs/pmp-author/lib/python3.10/site-packages/dgl/dataloading/dataloader.py:1076: DGLWarning: Dataloader CPU affinity opt is not enabled, consider switching it on (see enable_cpu_affinity() or CPU best practices for DGL [https://docs.dgl.ai/tutorials/cpu/cpu_best_practises.html])
  dgl_warning(
trial=08 epoch=005 loss=0.343834 val_AUPRC=0.118657 best=0.118657(5) patience=0/20 train=2.295s val=0.474s
/workspace/pmp_vast/envs/pmp-author/lib/python3.10/site-packages/dgl/dataloading/dataloader.py:1076: DGLWarning: Dataloader CPU affinity opt is not enabled, consider switching it on (see enable_cpu_affinity() or CPU best practices for DGL [https://docs.dgl.ai/tutorials/cpu/cpu_best_practises.html])
  dgl_warning(
trial=08 epoch=006 loss=0.332354 val_AUPRC=0.119972 best=0.119972(6) patience=0/20 train=0.726s val=0.418s
/workspace/pmp_vast/envs/pmp-author/lib/python3.10/site-packages/dgl/dataloading/dataloader.py:1076: DGLWarning: Dataloader CPU affinity opt is not enabled, consider switching it on (see enable_cpu_affinity() or CPU best practices for DGL [https://docs.dgl.ai/tutorials/cpu/cpu_best_practises.html])
  dgl_warning(
trial=08 epoch=007 loss=0.310679 val_AUPRC=0.121127 best=0.121127(7) patience=0/20 train=0.543s val=0.415s
/workspace/pmp_vast/envs/pmp-author/lib/python3.10/site-packages/dgl/dataloading/dataloader.py:1076: DGLWarning: Dataloader CPU affinity opt is not enabled, consider switching it on (see enable_cpu_affinity() or CPU best practices for DGL [https://docs.dgl.ai/tutorials/cpu/cpu_best_practises.html])
  dgl_warning(
/workspace/pmp_vast/envs/pmp-author/lib/python3.10/site-packages/dgl/dataloading/dataloader.py:1076: DGLWarning: Dataloader CPU affinity opt is not enabled, consider switching it on (see enable_cpu_affinity() or CPU best practices for DGL [https://docs.dgl.ai/tutorials/cpu/cpu_best_practises.html])
  dgl_warning(
trial=08 epoch=009 loss=0.301808 val_AUPRC=0.121773 best=0.121773(9) patience=0/20 train=0.519s val=0.394s
/workspace/pmp_vast/envs/pmp-author/lib/python3.10/site-packages/dgl/dataloading/dataloader.py:1076: DGLWarning: Dataloader CPU affinity opt is not enabled, consider switching it on (see enable_cpu_affinity() or CPU best practices for DGL [https://docs.dgl.ai/tutorials/cpu/cpu_best_practises.html])
  dgl_warning(
trial=08 epoch=010 loss=0.284668 val_AUPRC=0.124798 best=0.124798(10) patience=0/20 train=0.529s val=0.390s
/workspace/pmp_vast/envs/pmp-author/lib/python3.10/site-packages/dgl/dataloading/dataloader.py:1076: DGLWarning: Dataloader CPU affinity opt is not enabled, consider switching it on (see enable_cpu_affinity() or CPU best practices for DGL [https://docs.dgl.ai/tutorials/cpu/cpu_best_practises.html])
  dgl_warning(
trial=08 epoch=011 loss=0.297819 val_AUPRC=0.128432 best=0.128432(11) patience=0/20 train=0.522s val=0.451s
/workspace/pmp_vast/envs/pmp-author/lib/python3.10/site-packages/dgl/dataloading/dataloader.py:1076: DGLWarning: Dataloader CPU affinity opt is not enabled, consider switching it on (see enable_cpu_affinity() or CPU best practices for DGL [https://docs.dgl.ai/tutorials/cpu/cpu_best_practises.html])
  dgl_warning(
trial=08 epoch=012 loss=0.292325 val_AUPRC=0.131443 best=0.131443(12) patience=0/20 train=0.553s val=0.443s
/workspace/pmp_vast/envs/pmp-author/lib/python3.10/site-packages/dgl/dataloading/dataloader.py:1076: DGLWarning: Dataloader CPU affinity opt is not enabled, consider switching it on (see enable_cpu_affinity() or CPU best practices for DGL [https://docs.dgl.ai/tutorials/cpu/cpu_best_practises.html])
  dgl_warning(
trial=08 epoch=013 loss=0.260580 val_AUPRC=0.133072 best=0.133072(13) patience=0/20 train=0.599s val=0.389s
/workspace/pmp_vast/envs/pmp-author/lib/python3.10/site-packages/dgl/dataloading/dataloader.py:1076: DGLWarning: Dataloader CPU affinity opt is not enabled, consider switching it on (see enable_cpu_affinity() or CPU best practices for DGL [https://docs.dgl.ai/tutorials/cpu/cpu_best_practises.html])
  dgl_warning(
trial=08 epoch=014 loss=0.215770 val_AUPRC=0.133762 best=0.133762(14) patience=0/20 train=0.526s val=0.422s
/workspace/pmp_vast/envs/pmp-author/lib/python3.10/site-packages/dgl/dataloading/dataloader.py:1076: DGLWarning: Dataloader CPU affinity opt is not enabled, consider switching it on (see enable_cpu_affinity() or CPU best practices for DGL [https://docs.dgl.ai/tutorials/cpu/cpu_best_practises.html])
  dgl_warning(
trial=08 epoch=015 loss=0.197584 val_AUPRC=0.134724 best=0.134724(15) patience=0/20 train=0.566s val=0.464s
/workspace/pmp_vast/envs/pmp-author/lib/python3.10/site-packages/dgl/dataloading/dataloader.py:1076: DGLWarning: Dataloader CPU affinity opt is not enabled, consider switching it on (see enable_cpu_affinity() or CPU best practices for DGL [https://docs.dgl.ai/tutorials/cpu/cpu_best_practises.html])
  dgl_warning(
/workspace/pmp_vast/envs/pmp-author/lib/python3.10/site-packages/dgl/dataloading/dataloader.py:1076: DGLWarning: Dataloader CPU affinity opt is not enabled, consider switching it on (see enable_cpu_affinity() or CPU best practices for DGL [https://docs.dgl.ai/tutorials/cpu/cpu_best_practises.html])
  dgl_warning(
/workspace/pmp_vast/envs/pmp-author/lib/python3.10/site-packages/dgl/dataloading/dataloader.py:1076: DGLWarning: Dataloader CPU affinity opt is not enabled, consider switching it on (see enable_cpu_affinity() or CPU best practices for DGL [https://docs.dgl.ai/tutorials/cpu/cpu_best_practises.html])
  dgl_warning(
/workspace/pmp_vast/envs/pmp-author/lib/python3.10/site-packages/dgl/dataloading/dataloader.py:1076: DGLWarning: Dataloader CPU affinity opt is not enabled, consider switching it on (see enable_cpu_affinity() or CPU best practices for DGL [https://docs.dgl.ai/tutorials/cpu/cpu_best_practises.html])
  dgl_warning(
/workspace/pmp_vast/envs/pmp-author/lib/python3.10/site-packages/dgl/dataloading/dataloader.py:1076: DGLWarning: Dataloader CPU affinity opt is not enabled, consider switching it on (see enable_cpu_affinity() or CPU best practices for DGL [https://docs.dgl.ai/tutorials/cpu/cpu_best_practises.html])
  dgl_warning(
trial=08 epoch=020 loss=0.063046 val_AUPRC=0.119719 best=0.134724(15) patience=5/20 train=0.619s val=0.469s
/workspace/pmp_vast/envs/pmp-author/lib/python3.10/site-packages/dgl/dataloading/dataloader.py:1076: DGLWarning: Dataloader CPU affinity opt is not enabled, consider switching it on (see enable_cpu_affinity() or CPU best practices for DGL [https://docs.dgl.ai/tutorials/cpu/cpu_best_practises.html])
  dgl_warning(
/workspace/pmp_vast/envs/pmp-author/lib/python3.10/site-packages/dgl/dataloading/dataloader.py:1076: DGLWarning: Dataloader CPU affinity opt is not enabled, consider switching it on (see enable_cpu_affinity() or CPU best practices for DGL [https://docs.dgl.ai/tutorials/cpu/cpu_best_practises.html])
  dgl_warning(
/workspace/pmp_vast/envs/pmp-author/lib/python3.10/site-packages/dgl/dataloading/dataloader.py:1076: DGLWarning: Dataloader CPU affinity opt is not enabled, consider switching it on (see enable_cpu_affinity() or CPU best practices for DGL [https://docs.dgl.ai/tutorials/cpu/cpu_best_practises.html])
  dgl_warning(
/workspace/pmp_vast/envs/pmp-author/lib/python3.10/site-packages/dgl/dataloading/dataloader.py:1076: DGLWarning: Dataloader CPU affinity opt is not enabled, consider switching it on (see enable_cpu_affinity() or CPU best practices for DGL [https://docs.dgl.ai/tutorials/cpu/cpu_best_practises.html])
  dgl_warning(
/workspace/pmp_vast/envs/pmp-author/lib/python3.10/site-packages/dgl/dataloading/dataloader.py:1076: DGLWarning: Dataloader CPU affinity opt is not enabled, consider switching it on (see enable_cpu_affinity() or CPU best practices for DGL [https://docs.dgl.ai/tutorials/cpu/cpu_best_practises.html])
  dgl_warning(
/workspace/pmp_vast/envs/pmp-author/lib/python3.10/site-packages/dgl/dataloading/dataloader.py:1076: DGLWarning: Dataloader CPU affinity opt is not enabled, consider switching it on (see enable_cpu_affinity() or CPU best practices for DGL [https://docs.dgl.ai/tutorials/cpu/cpu_best_practises.html])
  dgl_warning(
/workspace/pmp_vast/envs/pmp-author/lib/python3.10/site-packages/dgl/dataloading/dataloader.py:1076: DGLWarning: Dataloader CPU affinity opt is not enabled, consider switching it on (see enable_cpu_affinity() or CPU best practices for DGL [https://docs.dgl.ai/tutorials/cpu/cpu_best_practises.html])
  dgl_warning(
/workspace/pmp_vast/envs/pmp-author/lib/python3.10/site-packages/dgl/dataloading/dataloader.py:1076: DGLWarning: Dataloader CPU affinity opt is not enabled, consider switching it on (see enable_cpu_affinity() or CPU best practices for DGL [https://docs.dgl.ai/tutorials/cpu/cpu_best_practises.html])
  dgl_warning(
/workspace/pmp_vast/envs/pmp-author/lib/python3.10/site-packages/dgl/dataloading/dataloader.py:1076: DGLWarning: Dataloader CPU affinity opt is not enabled, consider switching it on (see enable_cpu_affinity() or CPU best practices for DGL [https://docs.dgl.ai/tutorials/cpu/cpu_best_practises.html])
  dgl_warning(
/workspace/pmp_vast/envs/pmp-author/lib/python3.10/site-packages/dgl/dataloading/dataloader.py:1076: DGLWarning: Dataloader CPU affinity opt is not enabled, consider switching it on (see enable_cpu_affinity() or CPU best practices for DGL [https://docs.dgl.ai/tutorials/cpu/cpu_best_practises.html])
  dgl_warning(
trial=08 epoch=030 loss=0.038536 val_AUPRC=0.119273 best=0.134724(15) patience=15/20 train=0.575s val=0.433s
/workspace/pmp_vast/envs/pmp-author/lib/python3.10/site-packages/dgl/dataloading/dataloader.py:1076: DGLWarning: Dataloader CPU affinity opt is not enabled, consider switching it on (see enable_cpu_affinity() or CPU best practices for DGL [https://docs.dgl.ai/tutorials/cpu/cpu_best_practises.html])
  dgl_warning(
/workspace/pmp_vast/envs/pmp-author/lib/python3.10/site-packages/dgl/dataloading/dataloader.py:1076: DGLWarning: Dataloader CPU affinity opt is not enabled, consider switching it on (see enable_cpu_affinity() or CPU best practices for DGL [https://docs.dgl.ai/tutorials/cpu/cpu_best_practises.html])
  dgl_warning(
/workspace/pmp_vast/envs/pmp-author/lib/python3.10/site-packages/dgl/dataloading/dataloader.py:1076: DGLWarning: Dataloader CPU affinity opt is not enabled, consider switching it on (see enable_cpu_affinity() or CPU best practices for DGL [https://docs.dgl.ai/tutorials/cpu/cpu_best_practises.html])
  dgl_warning(
/workspace/pmp_vast/envs/pmp-author/lib/python3.10/site-packages/dgl/dataloading/dataloader.py:1076: DGLWarning: Dataloader CPU affinity opt is not enabled, consider switching it on (see enable_cpu_affinity() or CPU best practices for DGL [https://docs.dgl.ai/tutorials/cpu/cpu_best_practises.html])
  dgl_warning(
/workspace/pmp_vast/envs/pmp-author/lib/python3.10/site-packages/dgl/dataloading/dataloader.py:1076: DGLWarning: Dataloader CPU affinity opt is not enabled, consider switching it on (see enable_cpu_affinity() or CPU best practices for DGL [https://docs.dgl.ai/tutorials/cpu/cpu_best_practises.html])
  dgl_warning(
trial=08 epoch=035 loss=0.044206 val_AUPRC=0.119447 best=0.134724(15) patience=20/20 train=0.595s val=0.456s
TRIAL 08 DONE | lr=0.001 wd=0.001 | epoch=15 | val AUPRC=0.134724
/workspace/pmp_vast/envs/pmp-author/lib/python3.10/site-packages/dgl/dataloading/dataloader.py:1076: DGLWarning: Dataloader CPU affinity opt is not enabled, consider switching it on (see enable_cpu_affinity() or CPU best practices for DGL [https://docs.dgl.ai/tutorials/cpu/cpu_best_practises.html])
  dgl_warning(
trial=09 epoch=001 loss=0.818804 val_AUPRC=0.122557 best=0.122557(1) patience=0/20 train=0.682s val=0.417s
/workspace/pmp_vast/envs/pmp-author/lib/python3.10/site-packages/dgl/dataloading/dataloader.py:1076: DGLWarning: Dataloader CPU affinity opt is not enabled, consider switching it on (see enable_cpu_affinity() or CPU best practices for DGL [https://docs.dgl.ai/tutorials/cpu/cpu_best_practises.html])
  dgl_warning(
trial=09 epoch=002 loss=0.773115 val_AUPRC=0.122944 best=0.122944(2) patience=0/20 train=0.546s val=0.419s
/workspace/pmp_vast/envs/pmp-author/lib/python3.10/site-packages/dgl/dataloading/dataloader.py:1076: DGLWarning: Dataloader CPU affinity opt is not enabled, consider switching it on (see enable_cpu_affinity() or CPU best practices for DGL [https://docs.dgl.ai/tutorials/cpu/cpu_best_practises.html])
  dgl_warning(
/workspace/pmp_vast/envs/pmp-author/lib/python3.10/site-packages/dgl/dataloading/dataloader.py:1076: DGLWarning: Dataloader CPU affinity opt is not enabled, consider switching it on (see enable_cpu_affinity() or CPU best practices for DGL [https://docs.dgl.ai/tutorials/cpu/cpu_best_practises.html])
  dgl_warning(
/workspace/pmp_vast/envs/pmp-author/lib/python3.10/site-packages/dgl/dataloading/dataloader.py:1076: DGLWarning: Dataloader CPU affinity opt is not enabled, consider switching it on (see enable_cpu_affinity() or CPU best practices for DGL [https://docs.dgl.ai/tutorials/cpu/cpu_best_practises.html])
  dgl_warning(
/workspace/pmp_vast/envs/pmp-author/lib/python3.10/site-packages/dgl/dataloading/dataloader.py:1076: DGLWarning: Dataloader CPU affinity opt is not enabled, consider switching it on (see enable_cpu_affinity() or CPU best practices for DGL [https://docs.dgl.ai/tutorials/cpu/cpu_best_practises.html])
  dgl_warning(
/workspace/pmp_vast/envs/pmp-author/lib/python3.10/site-packages/dgl/dataloading/dataloader.py:1076: DGLWarning: Dataloader CPU affinity opt is not enabled, consider switching it on (see enable_cpu_affinity() or CPU best practices for DGL [https://docs.dgl.ai/tutorials/cpu/cpu_best_practises.html])
  dgl_warning(
/workspace/pmp_vast/envs/pmp-author/lib/python3.10/site-packages/dgl/dataloading/dataloader.py:1076: DGLWarning: Dataloader CPU affinity opt is not enabled, consider switching it on (see enable_cpu_affinity() or CPU best practices for DGL [https://docs.dgl.ai/tutorials/cpu/cpu_best_practises.html])
  dgl_warning(
/workspace/pmp_vast/envs/pmp-author/lib/python3.10/site-packages/dgl/dataloading/dataloader.py:1076: DGLWarning: Dataloader CPU affinity opt is not enabled, consider switching it on (see enable_cpu_affinity() or CPU best practices for DGL [https://docs.dgl.ai/tutorials/cpu/cpu_best_practises.html])
  dgl_warning(
/workspace/pmp_vast/envs/pmp-author/lib/python3.10/site-packages/dgl/dataloading/dataloader.py:1076: DGLWarning: Dataloader CPU affinity opt is not enabled, consider switching it on (see enable_cpu_affinity() or CPU best practices for DGL [https://docs.dgl.ai/tutorials/cpu/cpu_best_practises.html])
  dgl_warning(
trial=09 epoch=010 loss=0.516485 val_AUPRC=0.115412 best=0.122944(2) patience=8/20 train=0.543s val=3.628s
/workspace/pmp_vast/envs/pmp-author/lib/python3.10/site-packages/dgl/dataloading/dataloader.py:1076: DGLWarning: Dataloader CPU affinity opt is not enabled, consider switching it on (see enable_cpu_affinity() or CPU best practices for DGL [https://docs.dgl.ai/tutorials/cpu/cpu_best_practises.html])
  dgl_warning(
/workspace/pmp_vast/envs/pmp-author/lib/python3.10/site-packages/dgl/dataloading/dataloader.py:1076: DGLWarning: Dataloader CPU affinity opt is not enabled, consider switching it on (see enable_cpu_affinity() or CPU best practices for DGL [https://docs.dgl.ai/tutorials/cpu/cpu_best_practises.html])
  dgl_warning(
/workspace/pmp_vast/envs/pmp-author/lib/python3.10/site-packages/dgl/dataloading/dataloader.py:1076: DGLWarning: Dataloader CPU affinity opt is not enabled, consider switching it on (see enable_cpu_affinity() or CPU best practices for DGL [https://docs.dgl.ai/tutorials/cpu/cpu_best_practises.html])
  dgl_warning(
/workspace/pmp_vast/envs/pmp-author/lib/python3.10/site-packages/dgl/dataloading/dataloader.py:1076: DGLWarning: Dataloader CPU affinity opt is not enabled, consider switching it on (see enable_cpu_affinity() or CPU best practices for DGL [https://docs.dgl.ai/tutorials/cpu/cpu_best_practises.html])
  dgl_warning(
/workspace/pmp_vast/envs/pmp-author/lib/python3.10/site-packages/dgl/dataloading/dataloader.py:1076: DGLWarning: Dataloader CPU affinity opt is not enabled, consider switching it on (see enable_cpu_affinity() or CPU best practices for DGL [https://docs.dgl.ai/tutorials/cpu/cpu_best_practises.html])
  dgl_warning(
/workspace/pmp_vast/envs/pmp-author/lib/python3.10/site-packages/dgl/dataloading/dataloader.py:1076: DGLWarning: Dataloader CPU affinity opt is not enabled, consider switching it on (see enable_cpu_affinity() or CPU best practices for DGL [https://docs.dgl.ai/tutorials/cpu/cpu_best_practises.html])
  dgl_warning(
/workspace/pmp_vast/envs/pmp-author/lib/python3.10/site-packages/dgl/dataloading/dataloader.py:1076: DGLWarning: Dataloader CPU affinity opt is not enabled, consider switching it on (see enable_cpu_affinity() or CPU best practices for DGL [https://docs.dgl.ai/tutorials/cpu/cpu_best_practises.html])
  dgl_warning(
/workspace/pmp_vast/envs/pmp-author/lib/python3.10/site-packages/dgl/dataloading/dataloader.py:1076: DGLWarning: Dataloader CPU affinity opt is not enabled, consider switching it on (see enable_cpu_affinity() or CPU best practices for DGL [https://docs.dgl.ai/tutorials/cpu/cpu_best_practises.html])
  dgl_warning(
/workspace/pmp_vast/envs/pmp-author/lib/python3.10/site-packages/dgl/dataloading/dataloader.py:1076: DGLWarning: Dataloader CPU affinity opt is not enabled, consider switching it on (see enable_cpu_affinity() or CPU best practices for DGL [https://docs.dgl.ai/tutorials/cpu/cpu_best_practises.html])
  dgl_warning(
/workspace/pmp_vast/envs/pmp-author/lib/python3.10/site-packages/dgl/dataloading/dataloader.py:1076: DGLWarning: Dataloader CPU affinity opt is not enabled, consider switching it on (see enable_cpu_affinity() or CPU best practices for DGL [https://docs.dgl.ai/tutorials/cpu/cpu_best_practises.html])
  dgl_warning(
trial=09 epoch=020 loss=0.348827 val_AUPRC=0.115127 best=0.122944(2) patience=18/20 train=0.637s val=0.447s
/workspace/pmp_vast/envs/pmp-author/lib/python3.10/site-packages/dgl/dataloading/dataloader.py:1076: DGLWarning: Dataloader CPU affinity opt is not enabled, consider switching it on (see enable_cpu_affinity() or CPU best practices for DGL [https://docs.dgl.ai/tutorials/cpu/cpu_best_practises.html])
  dgl_warning(
/workspace/pmp_vast/envs/pmp-author/lib/python3.10/site-packages/dgl/dataloading/dataloader.py:1076: DGLWarning: Dataloader CPU affinity opt is not enabled, consider switching it on (see enable_cpu_affinity() or CPU best practices for DGL [https://docs.dgl.ai/tutorials/cpu/cpu_best_practises.html])
  dgl_warning(
trial=09 epoch=022 loss=0.350986 val_AUPRC=0.115483 best=0.122944(2) patience=20/20 train=0.595s val=0.519s
TRIAL 09 DONE | lr=0.0001 wd=0.0 | epoch=2 | val AUPRC=0.122944
/workspace/pmp_vast/envs/pmp-author/lib/python3.10/site-packages/dgl/dataloading/dataloader.py:1076: DGLWarning: Dataloader CPU affinity opt is not enabled, consider switching it on (see enable_cpu_affinity() or CPU best practices for DGL [https://docs.dgl.ai/tutorials/cpu/cpu_best_practises.html])
  dgl_warning(
trial=10 epoch=001 loss=0.818712 val_AUPRC=0.122570 best=0.122570(1) patience=0/20 train=0.632s val=0.511s
/workspace/pmp_vast/envs/pmp-author/lib/python3.10/site-packages/dgl/dataloading/dataloader.py:1076: DGLWarning: Dataloader CPU affinity opt is not enabled, consider switching it on (see enable_cpu_affinity() or CPU best practices for DGL [https://docs.dgl.ai/tutorials/cpu/cpu_best_practises.html])
  dgl_warning(
trial=10 epoch=002 loss=0.774672 val_AUPRC=0.122934 best=0.122934(2) patience=0/20 train=0.675s val=0.451s
/workspace/pmp_vast/envs/pmp-author/lib/python3.10/site-packages/dgl/dataloading/dataloader.py:1076: DGLWarning: Dataloader CPU affinity opt is not enabled, consider switching it on (see enable_cpu_affinity() or CPU best practices for DGL [https://docs.dgl.ai/tutorials/cpu/cpu_best_practises.html])
  dgl_warning(
/workspace/pmp_vast/envs/pmp-author/lib/python3.10/site-packages/dgl/dataloading/dataloader.py:1076: DGLWarning: Dataloader CPU affinity opt is not enabled, consider switching it on (see enable_cpu_affinity() or CPU best practices for DGL [https://docs.dgl.ai/tutorials/cpu/cpu_best_practises.html])
  dgl_warning(
/workspace/pmp_vast/envs/pmp-author/lib/python3.10/site-packages/dgl/dataloading/dataloader.py:1076: DGLWarning: Dataloader CPU affinity opt is not enabled, consider switching it on (see enable_cpu_affinity() or CPU best practices for DGL [https://docs.dgl.ai/tutorials/cpu/cpu_best_practises.html])
  dgl_warning(
/workspace/pmp_vast/envs/pmp-author/lib/python3.10/site-packages/dgl/dataloading/dataloader.py:1076: DGLWarning: Dataloader CPU affinity opt is not enabled, consider switching it on (see enable_cpu_affinity() or CPU best practices for DGL [https://docs.dgl.ai/tutorials/cpu/cpu_best_practises.html])
  dgl_warning(
/workspace/pmp_vast/envs/pmp-author/lib/python3.10/site-packages/dgl/dataloading/dataloader.py:1076: DGLWarning: Dataloader CPU affinity opt is not enabled, consider switching it on (see enable_cpu_affinity() or CPU best practices for DGL [https://docs.dgl.ai/tutorials/cpu/cpu_best_practises.html])
  dgl_warning(
/workspace/pmp_vast/envs/pmp-author/lib/python3.10/site-packages/dgl/dataloading/dataloader.py:1076: DGLWarning: Dataloader CPU affinity opt is not enabled, consider switching it on (see enable_cpu_affinity() or CPU best practices for DGL [https://docs.dgl.ai/tutorials/cpu/cpu_best_practises.html])
  dgl_warning(
/workspace/pmp_vast/envs/pmp-author/lib/python3.10/site-packages/dgl/dataloading/dataloader.py:1076: DGLWarning: Dataloader CPU affinity opt is not enabled, consider switching it on (see enable_cpu_affinity() or CPU best practices for DGL [https://docs.dgl.ai/tutorials/cpu/cpu_best_practises.html])
  dgl_warning(
/workspace/pmp_vast/envs/pmp-author/lib/python3.10/site-packages/dgl/dataloading/dataloader.py:1076: DGLWarning: Dataloader CPU affinity opt is not enabled, consider switching it on (see enable_cpu_affinity() or CPU best practices for DGL [https://docs.dgl.ai/tutorials/cpu/cpu_best_practises.html])
  dgl_warning(
trial=10 epoch=010 loss=0.518458 val_AUPRC=0.115424 best=0.122934(2) patience=8/20 train=1.787s val=0.750s
/workspace/pmp_vast/envs/pmp-author/lib/python3.10/site-packages/dgl/dataloading/dataloader.py:1076: DGLWarning: Dataloader CPU affinity opt is not enabled, consider switching it on (see enable_cpu_affinity() or CPU best practices for DGL [https://docs.dgl.ai/tutorials/cpu/cpu_best_practises.html])
  dgl_warning(
/workspace/pmp_vast/envs/pmp-author/lib/python3.10/site-packages/dgl/dataloading/dataloader.py:1076: DGLWarning: Dataloader CPU affinity opt is not enabled, consider switching it on (see enable_cpu_affinity() or CPU best practices for DGL [https://docs.dgl.ai/tutorials/cpu/cpu_best_practises.html])
  dgl_warning(
/workspace/pmp_vast/envs/pmp-author/lib/python3.10/site-packages/dgl/dataloading/dataloader.py:1076: DGLWarning: Dataloader CPU affinity opt is not enabled, consider switching it on (see enable_cpu_affinity() or CPU best practices for DGL [https://docs.dgl.ai/tutorials/cpu/cpu_best_practises.html])
  dgl_warning(
/workspace/pmp_vast/envs/pmp-author/lib/python3.10/site-packages/dgl/dataloading/dataloader.py:1076: DGLWarning: Dataloader CPU affinity opt is not enabled, consider switching it on (see enable_cpu_affinity() or CPU best practices for DGL [https://docs.dgl.ai/tutorials/cpu/cpu_best_practises.html])
  dgl_warning(
/workspace/pmp_vast/envs/pmp-author/lib/python3.10/site-packages/dgl/dataloading/dataloader.py:1076: DGLWarning: Dataloader CPU affinity opt is not enabled, consider switching it on (see enable_cpu_affinity() or CPU best practices for DGL [https://docs.dgl.ai/tutorials/cpu/cpu_best_practises.html])
  dgl_warning(
/workspace/pmp_vast/envs/pmp-author/lib/python3.10/site-packages/dgl/dataloading/dataloader.py:1076: DGLWarning: Dataloader CPU affinity opt is not enabled, consider switching it on (see enable_cpu_affinity() or CPU best practices for DGL [https://docs.dgl.ai/tutorials/cpu/cpu_best_practises.html])
  dgl_warning(
/workspace/pmp_vast/envs/pmp-author/lib/python3.10/site-packages/dgl/dataloading/dataloader.py:1076: DGLWarning: Dataloader CPU affinity opt is not enabled, consider switching it on (see enable_cpu_affinity() or CPU best practices for DGL [https://docs.dgl.ai/tutorials/cpu/cpu_best_practises.html])
  dgl_warning(
/workspace/pmp_vast/envs/pmp-author/lib/python3.10/site-packages/dgl/dataloading/dataloader.py:1076: DGLWarning: Dataloader CPU affinity opt is not enabled, consider switching it on (see enable_cpu_affinity() or CPU best practices for DGL [https://docs.dgl.ai/tutorials/cpu/cpu_best_practises.html])
  dgl_warning(
/workspace/pmp_vast/envs/pmp-author/lib/python3.10/site-packages/dgl/dataloading/dataloader.py:1076: DGLWarning: Dataloader CPU affinity opt is not enabled, consider switching it on (see enable_cpu_affinity() or CPU best practices for DGL [https://docs.dgl.ai/tutorials/cpu/cpu_best_practises.html])
  dgl_warning(
/workspace/pmp_vast/envs/pmp-author/lib/python3.10/site-packages/dgl/dataloading/dataloader.py:1076: DGLWarning: Dataloader CPU affinity opt is not enabled, consider switching it on (see enable_cpu_affinity() or CPU best practices for DGL [https://docs.dgl.ai/tutorials/cpu/cpu_best_practises.html])
  dgl_warning(
trial=10 epoch=020 loss=0.359846 val_AUPRC=0.115191 best=0.122934(2) patience=18/20 train=0.604s val=0.423s
/workspace/pmp_vast/envs/pmp-author/lib/python3.10/site-packages/dgl/dataloading/dataloader.py:1076: DGLWarning: Dataloader CPU affinity opt is not enabled, consider switching it on (see enable_cpu_affinity() or CPU best practices for DGL [https://docs.dgl.ai/tutorials/cpu/cpu_best_practises.html])
  dgl_warning(
/workspace/pmp_vast/envs/pmp-author/lib/python3.10/site-packages/dgl/dataloading/dataloader.py:1076: DGLWarning: Dataloader CPU affinity opt is not enabled, consider switching it on (see enable_cpu_affinity() or CPU best practices for DGL [https://docs.dgl.ai/tutorials/cpu/cpu_best_practises.html])
  dgl_warning(
trial=10 epoch=022 loss=0.343338 val_AUPRC=0.115523 best=0.122934(2) patience=20/20 train=0.518s val=0.426s
TRIAL 10 DONE | lr=0.0001 wd=1e-05 | epoch=2 | val AUPRC=0.122934
/workspace/pmp_vast/envs/pmp-author/lib/python3.10/site-packages/dgl/dataloading/dataloader.py:1076: DGLWarning: Dataloader CPU affinity opt is not enabled, consider switching it on (see enable_cpu_affinity() or CPU best practices for DGL [https://docs.dgl.ai/tutorials/cpu/cpu_best_practises.html])
  dgl_warning(
trial=11 epoch=001 loss=0.817293 val_AUPRC=0.122556 best=0.122556(1) patience=0/20 train=0.524s val=0.416s
/workspace/pmp_vast/envs/pmp-author/lib/python3.10/site-packages/dgl/dataloading/dataloader.py:1076: DGLWarning: Dataloader CPU affinity opt is not enabled, consider switching it on (see enable_cpu_affinity() or CPU best practices for DGL [https://docs.dgl.ai/tutorials/cpu/cpu_best_practises.html])
  dgl_warning(
trial=11 epoch=002 loss=0.774758 val_AUPRC=0.122879 best=0.122879(2) patience=0/20 train=0.532s val=0.447s
/workspace/pmp_vast/envs/pmp-author/lib/python3.10/site-packages/dgl/dataloading/dataloader.py:1076: DGLWarning: Dataloader CPU affinity opt is not enabled, consider switching it on (see enable_cpu_affinity() or CPU best practices for DGL [https://docs.dgl.ai/tutorials/cpu/cpu_best_practises.html])
  dgl_warning(
/workspace/pmp_vast/envs/pmp-author/lib/python3.10/site-packages/dgl/dataloading/dataloader.py:1076: DGLWarning: Dataloader CPU affinity opt is not enabled, consider switching it on (see enable_cpu_affinity() or CPU best practices for DGL [https://docs.dgl.ai/tutorials/cpu/cpu_best_practises.html])
  dgl_warning(
/workspace/pmp_vast/envs/pmp-author/lib/python3.10/site-packages/dgl/dataloading/dataloader.py:1076: DGLWarning: Dataloader CPU affinity opt is not enabled, consider switching it on (see enable_cpu_affinity() or CPU best practices for DGL [https://docs.dgl.ai/tutorials/cpu/cpu_best_practises.html])
  dgl_warning(
/workspace/pmp_vast/envs/pmp-author/lib/python3.10/site-packages/dgl/dataloading/dataloader.py:1076: DGLWarning: Dataloader CPU affinity opt is not enabled, consider switching it on (see enable_cpu_affinity() or CPU best practices for DGL [https://docs.dgl.ai/tutorials/cpu/cpu_best_practises.html])
  dgl_warning(
/workspace/pmp_vast/envs/pmp-author/lib/python3.10/site-packages/dgl/dataloading/dataloader.py:1076: DGLWarning: Dataloader CPU affinity opt is not enabled, consider switching it on (see enable_cpu_affinity() or CPU best practices for DGL [https://docs.dgl.ai/tutorials/cpu/cpu_best_practises.html])
  dgl_warning(
/workspace/pmp_vast/envs/pmp-author/lib/python3.10/site-packages/dgl/dataloading/dataloader.py:1076: DGLWarning: Dataloader CPU affinity opt is not enabled, consider switching it on (see enable_cpu_affinity() or CPU best practices for DGL [https://docs.dgl.ai/tutorials/cpu/cpu_best_practises.html])
  dgl_warning(
/workspace/pmp_vast/envs/pmp-author/lib/python3.10/site-packages/dgl/dataloading/dataloader.py:1076: DGLWarning: Dataloader CPU affinity opt is not enabled, consider switching it on (see enable_cpu_affinity() or CPU best practices for DGL [https://docs.dgl.ai/tutorials/cpu/cpu_best_practises.html])
  dgl_warning(
/workspace/pmp_vast/envs/pmp-author/lib/python3.10/site-packages/dgl/dataloading/dataloader.py:1076: DGLWarning: Dataloader CPU affinity opt is not enabled, consider switching it on (see enable_cpu_affinity() or CPU best practices for DGL [https://docs.dgl.ai/tutorials/cpu/cpu_best_practises.html])
  dgl_warning(
trial=11 epoch=010 loss=0.516200 val_AUPRC=0.115430 best=0.122879(2) patience=8/20 train=1.545s val=1.341s
/workspace/pmp_vast/envs/pmp-author/lib/python3.10/site-packages/dgl/dataloading/dataloader.py:1076: DGLWarning: Dataloader CPU affinity opt is not enabled, consider switching it on (see enable_cpu_affinity() or CPU best practices for DGL [https://docs.dgl.ai/tutorials/cpu/cpu_best_practises.html])
  dgl_warning(
/workspace/pmp_vast/envs/pmp-author/lib/python3.10/site-packages/dgl/dataloading/dataloader.py:1076: DGLWarning: Dataloader CPU affinity opt is not enabled, consider switching it on (see enable_cpu_affinity() or CPU best practices for DGL [https://docs.dgl.ai/tutorials/cpu/cpu_best_practises.html])
  dgl_warning(
/workspace/pmp_vast/envs/pmp-author/lib/python3.10/site-packages/dgl/dataloading/dataloader.py:1076: DGLWarning: Dataloader CPU affinity opt is not enabled, consider switching it on (see enable_cpu_affinity() or CPU best practices for DGL [https://docs.dgl.ai/tutorials/cpu/cpu_best_practises.html])
  dgl_warning(
/workspace/pmp_vast/envs/pmp-author/lib/python3.10/site-packages/dgl/dataloading/dataloader.py:1076: DGLWarning: Dataloader CPU affinity opt is not enabled, consider switching it on (see enable_cpu_affinity() or CPU best practices for DGL [https://docs.dgl.ai/tutorials/cpu/cpu_best_practises.html])
  dgl_warning(
/workspace/pmp_vast/envs/pmp-author/lib/python3.10/site-packages/dgl/dataloading/dataloader.py:1076: DGLWarning: Dataloader CPU affinity opt is not enabled, consider switching it on (see enable_cpu_affinity() or CPU best practices for DGL [https://docs.dgl.ai/tutorials/cpu/cpu_best_practises.html])
  dgl_warning(
/workspace/pmp_vast/envs/pmp-author/lib/python3.10/site-packages/dgl/dataloading/dataloader.py:1076: DGLWarning: Dataloader CPU affinity opt is not enabled, consider switching it on (see enable_cpu_affinity() or CPU best practices for DGL [https://docs.dgl.ai/tutorials/cpu/cpu_best_practises.html])
  dgl_warning(
/workspace/pmp_vast/envs/pmp-author/lib/python3.10/site-packages/dgl/dataloading/dataloader.py:1076: DGLWarning: Dataloader CPU affinity opt is not enabled, consider switching it on (see enable_cpu_affinity() or CPU best practices for DGL [https://docs.dgl.ai/tutorials/cpu/cpu_best_practises.html])
  dgl_warning(
/workspace/pmp_vast/envs/pmp-author/lib/python3.10/site-packages/dgl/dataloading/dataloader.py:1076: DGLWarning: Dataloader CPU affinity opt is not enabled, consider switching it on (see enable_cpu_affinity() or CPU best practices for DGL [https://docs.dgl.ai/tutorials/cpu/cpu_best_practises.html])
  dgl_warning(
/workspace/pmp_vast/envs/pmp-author/lib/python3.10/site-packages/dgl/dataloading/dataloader.py:1076: DGLWarning: Dataloader CPU affinity opt is not enabled, consider switching it on (see enable_cpu_affinity() or CPU best practices for DGL [https://docs.dgl.ai/tutorials/cpu/cpu_best_practises.html])
  dgl_warning(
/workspace/pmp_vast/envs/pmp-author/lib/python3.10/site-packages/dgl/dataloading/dataloader.py:1076: DGLWarning: Dataloader CPU affinity opt is not enabled, consider switching it on (see enable_cpu_affinity() or CPU best practices for DGL [https://docs.dgl.ai/tutorials/cpu/cpu_best_practises.html])
  dgl_warning(
trial=11 epoch=020 loss=0.358985 val_AUPRC=0.115237 best=0.122879(2) patience=18/20 train=0.509s val=0.440s
/workspace/pmp_vast/envs/pmp-author/lib/python3.10/site-packages/dgl/dataloading/dataloader.py:1076: DGLWarning: Dataloader CPU affinity opt is not enabled, consider switching it on (see enable_cpu_affinity() or CPU best practices for DGL [https://docs.dgl.ai/tutorials/cpu/cpu_best_practises.html])
  dgl_warning(
/workspace/pmp_vast/envs/pmp-author/lib/python3.10/site-packages/dgl/dataloading/dataloader.py:1076: DGLWarning: Dataloader CPU affinity opt is not enabled, consider switching it on (see enable_cpu_affinity() or CPU best practices for DGL [https://docs.dgl.ai/tutorials/cpu/cpu_best_practises.html])
  dgl_warning(
trial=11 epoch=022 loss=0.355322 val_AUPRC=0.115421 best=0.122879(2) patience=20/20 train=0.526s val=0.446s
TRIAL 11 DONE | lr=0.0001 wd=0.0001 | epoch=2 | val AUPRC=0.122879
/workspace/pmp_vast/envs/pmp-author/lib/python3.10/site-packages/dgl/dataloading/dataloader.py:1076: DGLWarning: Dataloader CPU affinity opt is not enabled, consider switching it on (see enable_cpu_affinity() or CPU best practices for DGL [https://docs.dgl.ai/tutorials/cpu/cpu_best_practises.html])
  dgl_warning(
trial=12 epoch=001 loss=0.817003 val_AUPRC=0.122570 best=0.122570(1) patience=0/20 train=0.515s val=0.387s
/workspace/pmp_vast/envs/pmp-author/lib/python3.10/site-packages/dgl/dataloading/dataloader.py:1076: DGLWarning: Dataloader CPU affinity opt is not enabled, consider switching it on (see enable_cpu_affinity() or CPU best practices for DGL [https://docs.dgl.ai/tutorials/cpu/cpu_best_practises.html])
  dgl_warning(
trial=12 epoch=002 loss=0.775123 val_AUPRC=0.122757 best=0.122757(2) patience=0/20 train=0.550s val=0.424s
/workspace/pmp_vast/envs/pmp-author/lib/python3.10/site-packages/dgl/dataloading/dataloader.py:1076: DGLWarning: Dataloader CPU affinity opt is not enabled, consider switching it on (see enable_cpu_affinity() or CPU best practices for DGL [https://docs.dgl.ai/tutorials/cpu/cpu_best_practises.html])
  dgl_warning(
/workspace/pmp_vast/envs/pmp-author/lib/python3.10/site-packages/dgl/dataloading/dataloader.py:1076: DGLWarning: Dataloader CPU affinity opt is not enabled, consider switching it on (see enable_cpu_affinity() or CPU best practices for DGL [https://docs.dgl.ai/tutorials/cpu/cpu_best_practises.html])
  dgl_warning(
/workspace/pmp_vast/envs/pmp-author/lib/python3.10/site-packages/dgl/dataloading/dataloader.py:1076: DGLWarning: Dataloader CPU affinity opt is not enabled, consider switching it on (see enable_cpu_affinity() or CPU best practices for DGL [https://docs.dgl.ai/tutorials/cpu/cpu_best_practises.html])
  dgl_warning(
/workspace/pmp_vast/envs/pmp-author/lib/python3.10/site-packages/dgl/dataloading/dataloader.py:1076: DGLWarning: Dataloader CPU affinity opt is not enabled, consider switching it on (see enable_cpu_affinity() or CPU best practices for DGL [https://docs.dgl.ai/tutorials/cpu/cpu_best_practises.html])
  dgl_warning(
/workspace/pmp_vast/envs/pmp-author/lib/python3.10/site-packages/dgl/dataloading/dataloader.py:1076: DGLWarning: Dataloader CPU affinity opt is not enabled, consider switching it on (see enable_cpu_affinity() or CPU best practices for DGL [https://docs.dgl.ai/tutorials/cpu/cpu_best_practises.html])
  dgl_warning(
/workspace/pmp_vast/envs/pmp-author/lib/python3.10/site-packages/dgl/dataloading/dataloader.py:1076: DGLWarning: Dataloader CPU affinity opt is not enabled, consider switching it on (see enable_cpu_affinity() or CPU best practices for DGL [https://docs.dgl.ai/tutorials/cpu/cpu_best_practises.html])
  dgl_warning(
/workspace/pmp_vast/envs/pmp-author/lib/python3.10/site-packages/dgl/dataloading/dataloader.py:1076: DGLWarning: Dataloader CPU affinity opt is not enabled, consider switching it on (see enable_cpu_affinity() or CPU best practices for DGL [https://docs.dgl.ai/tutorials/cpu/cpu_best_practises.html])
  dgl_warning(
/workspace/pmp_vast/envs/pmp-author/lib/python3.10/site-packages/dgl/dataloading/dataloader.py:1076: DGLWarning: Dataloader CPU affinity opt is not enabled, consider switching it on (see enable_cpu_affinity() or CPU best practices for DGL [https://docs.dgl.ai/tutorials/cpu/cpu_best_practises.html])
  dgl_warning(
trial=12 epoch=010 loss=0.517564 val_AUPRC=0.115508 best=0.122757(2) patience=8/20 train=0.525s val=0.397s
/workspace/pmp_vast/envs/pmp-author/lib/python3.10/site-packages/dgl/dataloading/dataloader.py:1076: DGLWarning: Dataloader CPU affinity opt is not enabled, consider switching it on (see enable_cpu_affinity() or CPU best practices for DGL [https://docs.dgl.ai/tutorials/cpu/cpu_best_practises.html])
  dgl_warning(
/workspace/pmp_vast/envs/pmp-author/lib/python3.10/site-packages/dgl/dataloading/dataloader.py:1076: DGLWarning: Dataloader CPU affinity opt is not enabled, consider switching it on (see enable_cpu_affinity() or CPU best practices for DGL [https://docs.dgl.ai/tutorials/cpu/cpu_best_practises.html])
  dgl_warning(
/workspace/pmp_vast/envs/pmp-author/lib/python3.10/site-packages/dgl/dataloading/dataloader.py:1076: DGLWarning: Dataloader CPU affinity opt is not enabled, consider switching it on (see enable_cpu_affinity() or CPU best practices for DGL [https://docs.dgl.ai/tutorials/cpu/cpu_best_practises.html])
  dgl_warning(
/workspace/pmp_vast/envs/pmp-author/lib/python3.10/site-packages/dgl/dataloading/dataloader.py:1076: DGLWarning: Dataloader CPU affinity opt is not enabled, consider switching it on (see enable_cpu_affinity() or CPU best practices for DGL [https://docs.dgl.ai/tutorials/cpu/cpu_best_practises.html])
  dgl_warning(
/workspace/pmp_vast/envs/pmp-author/lib/python3.10/site-packages/dgl/dataloading/dataloader.py:1076: DGLWarning: Dataloader CPU affinity opt is not enabled, consider switching it on (see enable_cpu_affinity() or CPU best practices for DGL [https://docs.dgl.ai/tutorials/cpu/cpu_best_practises.html])
  dgl_warning(
/workspace/pmp_vast/envs/pmp-author/lib/python3.10/site-packages/dgl/dataloading/dataloader.py:1076: DGLWarning: Dataloader CPU affinity opt is not enabled, consider switching it on (see enable_cpu_affinity() or CPU best practices for DGL [https://docs.dgl.ai/tutorials/cpu/cpu_best_practises.html])
  dgl_warning(
/workspace/pmp_vast/envs/pmp-author/lib/python3.10/site-packages/dgl/dataloading/dataloader.py:1076: DGLWarning: Dataloader CPU affinity opt is not enabled, consider switching it on (see enable_cpu_affinity() or CPU best practices for DGL [https://docs.dgl.ai/tutorials/cpu/cpu_best_practises.html])
  dgl_warning(
/workspace/pmp_vast/envs/pmp-author/lib/python3.10/site-packages/dgl/dataloading/dataloader.py:1076: DGLWarning: Dataloader CPU affinity opt is not enabled, consider switching it on (see enable_cpu_affinity() or CPU best practices for DGL [https://docs.dgl.ai/tutorials/cpu/cpu_best_practises.html])
  dgl_warning(
/workspace/pmp_vast/envs/pmp-author/lib/python3.10/site-packages/dgl/dataloading/dataloader.py:1076: DGLWarning: Dataloader CPU affinity opt is not enabled, consider switching it on (see enable_cpu_affinity() or CPU best practices for DGL [https://docs.dgl.ai/tutorials/cpu/cpu_best_practises.html])
  dgl_warning(
/workspace/pmp_vast/envs/pmp-author/lib/python3.10/site-packages/dgl/dataloading/dataloader.py:1076: DGLWarning: Dataloader CPU affinity opt is not enabled, consider switching it on (see enable_cpu_affinity() or CPU best practices for DGL [https://docs.dgl.ai/tutorials/cpu/cpu_best_practises.html])
  dgl_warning(
trial=12 epoch=020 loss=0.359359 val_AUPRC=0.115738 best=0.122757(2) patience=18/20 train=0.520s val=0.447s
/workspace/pmp_vast/envs/pmp-author/lib/python3.10/site-packages/dgl/dataloading/dataloader.py:1076: DGLWarning: Dataloader CPU affinity opt is not enabled, consider switching it on (see enable_cpu_affinity() or CPU best practices for DGL [https://docs.dgl.ai/tutorials/cpu/cpu_best_practises.html])
  dgl_warning(
/workspace/pmp_vast/envs/pmp-author/lib/python3.10/site-packages/dgl/dataloading/dataloader.py:1076: DGLWarning: Dataloader CPU affinity opt is not enabled, consider switching it on (see enable_cpu_affinity() or CPU best practices for DGL [https://docs.dgl.ai/tutorials/cpu/cpu_best_practises.html])
  dgl_warning(
trial=12 epoch=022 loss=0.355769 val_AUPRC=0.116081 best=0.122757(2) patience=20/20 train=0.596s val=0.470s
TRIAL 12 DONE | lr=0.0001 wd=0.001 | epoch=2 | val AUPRC=0.122757

===== PMP FDCOMPCN TR40 TUNING RESULTS =====
trial=06 | lr=0.001 | wd=1e-05 | epoch= 14 | val AUPRC=0.151109
trial=05 | lr=0.001 | wd=0 | epoch= 14 | val AUPRC=0.146005
trial=07 | lr=0.001 | wd=0.0001 | epoch= 14 | val AUPRC=0.143362
trial=03 | lr=0.01 | wd=0.0001 | epoch= 14 | val AUPRC=0.134835
trial=08 | lr=0.001 | wd=0.001 | epoch= 15 | val AUPRC=0.134724
trial=01 | lr=0.01 | wd=0 | epoch=  2 | val AUPRC=0.132300
trial=04 | lr=0.01 | wd=0.001 | epoch=  2 | val AUPRC=0.130939
trial=02 | lr=0.01 | wd=1e-05 | epoch=  2 | val AUPRC=0.128452
trial=09 | lr=0.0001 | wd=0 | epoch=  2 | val AUPRC=0.122944
trial=10 | lr=0.0001 | wd=1e-05 | epoch=  2 | val AUPRC=0.122934
trial=11 | lr=0.0001 | wd=0.0001 | epoch=  2 | val AUPRC=0.122879
trial=12 | lr=0.0001 | wd=0.001 | epoch=  2 | val AUPRC=0.122757
===== FROZEN WINNER =====
winner trial   : 6
learning rate  : 0.001
weight decay   : 1e-05
hidden/dropout : 64 / 0.0 (official FDCompCN settings)
best epoch     : 14
best val AUPRC : 0.15110919520635985
TEST_SET_ACCESSED_DURING_TUNING=NO
PMP_FDCOMPCN_TR40_TUNING=PASS

===== FINAL fdcompcn_tr40_seed2 =====
/workspace/pmp_vast/envs/pmp-author/lib/python3.10/site-packages/dgl/dataloading/dataloader.py:1076: DGLWarning: Dataloader CPU affinity opt is not enabled, consider switching it on (see enable_cpu_affinity() or CPU best practices for DGL [https://docs.dgl.ai/tutorials/cpu/cpu_best_practises.html])
  dgl_warning(
fdcompcn_tr40_seed2 epoch=001 loss=0.680595 val_AUPRC=0.115415 best=0.115415(1) patience=0/20 train=0.501s val=0.411s
/workspace/pmp_vast/envs/pmp-author/lib/python3.10/site-packages/dgl/dataloading/dataloader.py:1076: DGLWarning: Dataloader CPU affinity opt is not enabled, consider switching it on (see enable_cpu_affinity() or CPU best practices for DGL [https://docs.dgl.ai/tutorials/cpu/cpu_best_practises.html])
  dgl_warning(
/workspace/pmp_vast/envs/pmp-author/lib/python3.10/site-packages/dgl/dataloading/dataloader.py:1076: DGLWarning: Dataloader CPU affinity opt is not enabled, consider switching it on (see enable_cpu_affinity() or CPU best practices for DGL [https://docs.dgl.ai/tutorials/cpu/cpu_best_practises.html])
  dgl_warning(
fdcompcn_tr40_seed2 epoch=003 loss=0.339720 val_AUPRC=0.115859 best=0.115859(3) patience=0/20 train=0.502s val=0.440s
/workspace/pmp_vast/envs/pmp-author/lib/python3.10/site-packages/dgl/dataloading/dataloader.py:1076: DGLWarning: Dataloader CPU affinity opt is not enabled, consider switching it on (see enable_cpu_affinity() or CPU best practices for DGL [https://docs.dgl.ai/tutorials/cpu/cpu_best_practises.html])
  dgl_warning(
fdcompcn_tr40_seed2 epoch=004 loss=0.310461 val_AUPRC=0.116816 best=0.116816(4) patience=0/20 train=3.133s val=2.207s
/workspace/pmp_vast/envs/pmp-author/lib/python3.10/site-packages/dgl/dataloading/dataloader.py:1076: DGLWarning: Dataloader CPU affinity opt is not enabled, consider switching it on (see enable_cpu_affinity() or CPU best practices for DGL [https://docs.dgl.ai/tutorials/cpu/cpu_best_practises.html])
  dgl_warning(
fdcompcn_tr40_seed2 epoch=005 loss=0.343476 val_AUPRC=0.117081 best=0.117081(5) patience=0/20 train=0.557s val=0.438s
/workspace/pmp_vast/envs/pmp-author/lib/python3.10/site-packages/dgl/dataloading/dataloader.py:1076: DGLWarning: Dataloader CPU affinity opt is not enabled, consider switching it on (see enable_cpu_affinity() or CPU best practices for DGL [https://docs.dgl.ai/tutorials/cpu/cpu_best_practises.html])
  dgl_warning(
fdcompcn_tr40_seed2 epoch=006 loss=0.357057 val_AUPRC=0.118057 best=0.118057(6) patience=0/20 train=3.088s val=2.240s
/workspace/pmp_vast/envs/pmp-author/lib/python3.10/site-packages/dgl/dataloading/dataloader.py:1076: DGLWarning: Dataloader CPU affinity opt is not enabled, consider switching it on (see enable_cpu_affinity() or CPU best practices for DGL [https://docs.dgl.ai/tutorials/cpu/cpu_best_practises.html])
  dgl_warning(
fdcompcn_tr40_seed2 epoch=007 loss=0.342294 val_AUPRC=0.118948 best=0.118948(7) patience=0/20 train=0.613s val=0.436s
/workspace/pmp_vast/envs/pmp-author/lib/python3.10/site-packages/dgl/dataloading/dataloader.py:1076: DGLWarning: Dataloader CPU affinity opt is not enabled, consider switching it on (see enable_cpu_affinity() or CPU best practices for DGL [https://docs.dgl.ai/tutorials/cpu/cpu_best_practises.html])
  dgl_warning(
fdcompcn_tr40_seed2 epoch=008 loss=0.302163 val_AUPRC=0.120172 best=0.120172(8) patience=0/20 train=4.184s val=1.034s
/workspace/pmp_vast/envs/pmp-author/lib/python3.10/site-packages/dgl/dataloading/dataloader.py:1076: DGLWarning: Dataloader CPU affinity opt is not enabled, consider switching it on (see enable_cpu_affinity() or CPU best practices for DGL [https://docs.dgl.ai/tutorials/cpu/cpu_best_practises.html])
  dgl_warning(
fdcompcn_tr40_seed2 epoch=009 loss=0.292776 val_AUPRC=0.124217 best=0.124217(9) patience=0/20 train=2.883s val=2.829s
/workspace/pmp_vast/envs/pmp-author/lib/python3.10/site-packages/dgl/dataloading/dataloader.py:1076: DGLWarning: Dataloader CPU affinity opt is not enabled, consider switching it on (see enable_cpu_affinity() or CPU best practices for DGL [https://docs.dgl.ai/tutorials/cpu/cpu_best_practises.html])
  dgl_warning(
fdcompcn_tr40_seed2 epoch=010 loss=0.279043 val_AUPRC=0.128768 best=0.128768(10) patience=0/20 train=0.485s val=0.442s
/workspace/pmp_vast/envs/pmp-author/lib/python3.10/site-packages/dgl/dataloading/dataloader.py:1076: DGLWarning: Dataloader CPU affinity opt is not enabled, consider switching it on (see enable_cpu_affinity() or CPU best practices for DGL [https://docs.dgl.ai/tutorials/cpu/cpu_best_practises.html])
  dgl_warning(
fdcompcn_tr40_seed2 epoch=011 loss=0.260281 val_AUPRC=0.132228 best=0.132228(11) patience=0/20 train=0.535s val=0.414s
/workspace/pmp_vast/envs/pmp-author/lib/python3.10/site-packages/dgl/dataloading/dataloader.py:1076: DGLWarning: Dataloader CPU affinity opt is not enabled, consider switching it on (see enable_cpu_affinity() or CPU best practices for DGL [https://docs.dgl.ai/tutorials/cpu/cpu_best_practises.html])
  dgl_warning(
fdcompcn_tr40_seed2 epoch=012 loss=0.269965 val_AUPRC=0.137659 best=0.137659(12) patience=0/20 train=0.585s val=0.391s
/workspace/pmp_vast/envs/pmp-author/lib/python3.10/site-packages/dgl/dataloading/dataloader.py:1076: DGLWarning: Dataloader CPU affinity opt is not enabled, consider switching it on (see enable_cpu_affinity() or CPU best practices for DGL [https://docs.dgl.ai/tutorials/cpu/cpu_best_practises.html])
  dgl_warning(
fdcompcn_tr40_seed2 epoch=013 loss=0.229718 val_AUPRC=0.150438 best=0.150438(13) patience=0/20 train=0.526s val=0.456s
/workspace/pmp_vast/envs/pmp-author/lib/python3.10/site-packages/dgl/dataloading/dataloader.py:1076: DGLWarning: Dataloader CPU affinity opt is not enabled, consider switching it on (see enable_cpu_affinity() or CPU best practices for DGL [https://docs.dgl.ai/tutorials/cpu/cpu_best_practises.html])
  dgl_warning(
/workspace/pmp_vast/envs/pmp-author/lib/python3.10/site-packages/dgl/dataloading/dataloader.py:1076: DGLWarning: Dataloader CPU affinity opt is not enabled, consider switching it on (see enable_cpu_affinity() or CPU best practices for DGL [https://docs.dgl.ai/tutorials/cpu/cpu_best_practises.html])
  dgl_warning(
/workspace/pmp_vast/envs/pmp-author/lib/python3.10/site-packages/dgl/dataloading/dataloader.py:1076: DGLWarning: Dataloader CPU affinity opt is not enabled, consider switching it on (see enable_cpu_affinity() or CPU best practices for DGL [https://docs.dgl.ai/tutorials/cpu/cpu_best_practises.html])
  dgl_warning(
/workspace/pmp_vast/envs/pmp-author/lib/python3.10/site-packages/dgl/dataloading/dataloader.py:1076: DGLWarning: Dataloader CPU affinity opt is not enabled, consider switching it on (see enable_cpu_affinity() or CPU best practices for DGL [https://docs.dgl.ai/tutorials/cpu/cpu_best_practises.html])
  dgl_warning(
/workspace/pmp_vast/envs/pmp-author/lib/python3.10/site-packages/dgl/dataloading/dataloader.py:1076: DGLWarning: Dataloader CPU affinity opt is not enabled, consider switching it on (see enable_cpu_affinity() or CPU best practices for DGL [https://docs.dgl.ai/tutorials/cpu/cpu_best_practises.html])
  dgl_warning(
/workspace/pmp_vast/envs/pmp-author/lib/python3.10/site-packages/dgl/dataloading/dataloader.py:1076: DGLWarning: Dataloader CPU affinity opt is not enabled, consider switching it on (see enable_cpu_affinity() or CPU best practices for DGL [https://docs.dgl.ai/tutorials/cpu/cpu_best_practises.html])
  dgl_warning(
/workspace/pmp_vast/envs/pmp-author/lib/python3.10/site-packages/dgl/dataloading/dataloader.py:1076: DGLWarning: Dataloader CPU affinity opt is not enabled, consider switching it on (see enable_cpu_affinity() or CPU best practices for DGL [https://docs.dgl.ai/tutorials/cpu/cpu_best_practises.html])
  dgl_warning(
fdcompcn_tr40_seed2 epoch=020 loss=0.054328 val_AUPRC=0.125250 best=0.150438(13) patience=7/20 train=0.608s val=0.468s
/workspace/pmp_vast/envs/pmp-author/lib/python3.10/site-packages/dgl/dataloading/dataloader.py:1076: DGLWarning: Dataloader CPU affinity opt is not enabled, consider switching it on (see enable_cpu_affinity() or CPU best practices for DGL [https://docs.dgl.ai/tutorials/cpu/cpu_best_practises.html])
  dgl_warning(
/workspace/pmp_vast/envs/pmp-author/lib/python3.10/site-packages/dgl/dataloading/dataloader.py:1076: DGLWarning: Dataloader CPU affinity opt is not enabled, consider switching it on (see enable_cpu_affinity() or CPU best practices for DGL [https://docs.dgl.ai/tutorials/cpu/cpu_best_practises.html])
  dgl_warning(
/workspace/pmp_vast/envs/pmp-author/lib/python3.10/site-packages/dgl/dataloading/dataloader.py:1076: DGLWarning: Dataloader CPU affinity opt is not enabled, consider switching it on (see enable_cpu_affinity() or CPU best practices for DGL [https://docs.dgl.ai/tutorials/cpu/cpu_best_practises.html])
  dgl_warning(
/workspace/pmp_vast/envs/pmp-author/lib/python3.10/site-packages/dgl/dataloading/dataloader.py:1076: DGLWarning: Dataloader CPU affinity opt is not enabled, consider switching it on (see enable_cpu_affinity() or CPU best practices for DGL [https://docs.dgl.ai/tutorials/cpu/cpu_best_practises.html])
  dgl_warning(
/workspace/pmp_vast/envs/pmp-author/lib/python3.10/site-packages/dgl/dataloading/dataloader.py:1076: DGLWarning: Dataloader CPU affinity opt is not enabled, consider switching it on (see enable_cpu_affinity() or CPU best practices for DGL [https://docs.dgl.ai/tutorials/cpu/cpu_best_practises.html])
  dgl_warning(
/workspace/pmp_vast/envs/pmp-author/lib/python3.10/site-packages/dgl/dataloading/dataloader.py:1076: DGLWarning: Dataloader CPU affinity opt is not enabled, consider switching it on (see enable_cpu_affinity() or CPU best practices for DGL [https://docs.dgl.ai/tutorials/cpu/cpu_best_practises.html])
  dgl_warning(
/workspace/pmp_vast/envs/pmp-author/lib/python3.10/site-packages/dgl/dataloading/dataloader.py:1076: DGLWarning: Dataloader CPU affinity opt is not enabled, consider switching it on (see enable_cpu_affinity() or CPU best practices for DGL [https://docs.dgl.ai/tutorials/cpu/cpu_best_practises.html])
  dgl_warning(
/workspace/pmp_vast/envs/pmp-author/lib/python3.10/site-packages/dgl/dataloading/dataloader.py:1076: DGLWarning: Dataloader CPU affinity opt is not enabled, consider switching it on (see enable_cpu_affinity() or CPU best practices for DGL [https://docs.dgl.ai/tutorials/cpu/cpu_best_practises.html])
  dgl_warning(
/workspace/pmp_vast/envs/pmp-author/lib/python3.10/site-packages/dgl/dataloading/dataloader.py:1076: DGLWarning: Dataloader CPU affinity opt is not enabled, consider switching it on (see enable_cpu_affinity() or CPU best practices for DGL [https://docs.dgl.ai/tutorials/cpu/cpu_best_practises.html])
  dgl_warning(
/workspace/pmp_vast/envs/pmp-author/lib/python3.10/site-packages/dgl/dataloading/dataloader.py:1076: DGLWarning: Dataloader CPU affinity opt is not enabled, consider switching it on (see enable_cpu_affinity() or CPU best practices for DGL [https://docs.dgl.ai/tutorials/cpu/cpu_best_practises.html])
  dgl_warning(
fdcompcn_tr40_seed2 epoch=030 loss=0.037580 val_AUPRC=0.126329 best=0.150438(13) patience=17/20 train=0.543s val=3.889s
/workspace/pmp_vast/envs/pmp-author/lib/python3.10/site-packages/dgl/dataloading/dataloader.py:1076: DGLWarning: Dataloader CPU affinity opt is not enabled, consider switching it on (see enable_cpu_affinity() or CPU best practices for DGL [https://docs.dgl.ai/tutorials/cpu/cpu_best_practises.html])
  dgl_warning(
/workspace/pmp_vast/envs/pmp-author/lib/python3.10/site-packages/dgl/dataloading/dataloader.py:1076: DGLWarning: Dataloader CPU affinity opt is not enabled, consider switching it on (see enable_cpu_affinity() or CPU best practices for DGL [https://docs.dgl.ai/tutorials/cpu/cpu_best_practises.html])
  dgl_warning(
/workspace/pmp_vast/envs/pmp-author/lib/python3.10/site-packages/dgl/dataloading/dataloader.py:1076: DGLWarning: Dataloader CPU affinity opt is not enabled, consider switching it on (see enable_cpu_affinity() or CPU best practices for DGL [https://docs.dgl.ai/tutorials/cpu/cpu_best_practises.html])
  dgl_warning(
fdcompcn_tr40_seed2 epoch=033 loss=0.031659 val_AUPRC=0.125710 best=0.150438(13) patience=20/20 train=0.520s val=0.442s
/workspace/pmp_vast/envs/pmp-author/lib/python3.10/site-packages/dgl/dataloading/dataloader.py:1076: DGLWarning: Dataloader CPU affinity opt is not enabled, consider switching it on (see enable_cpu_affinity() or CPU best practices for DGL [https://docs.dgl.ai/tutorials/cpu/cpu_best_practises.html])
  dgl_warning(
Traceback (most recent call last):
  File "/workspace/pmp_vast/scripts/07_pmp_fdcompcn_all.py", line 872, in <module>
    choice,grid=choose_threshold(yv,pv)
  File "/workspace/pmp_vast/scripts/07_pmp_fdcompcn_all.py", line 561, in choose_threshold
    for t in THRESHOLDS:
NameError: name 'THRESHOLDS' is not defined
===== PMP × FDCOMPCN — EXACT 1-EPOCH SMOKE =====
IDENTITY_GATE=PASS
GPU = NVIDIA RTX A6000
Semantic relations: ['invest_bc2bc', 'provide_bc2bc', 'sale_bc2bc']
Semantic stored edges: 20693
PMP_FDCOMPCN_RELATION_ADAPTER=PASS
FROZEN_SPLIT_GATE=PASS
TRAIN_LABELS_EXPOSED_ONLY=PASS
VAL_LABELS_HIDDEN_FROM_PMP=PASS
TEST_LABELS_HIDDEN_FROM_PMP=PASS
Smoke architecture: {'hid_dim': 64, 'dropout': 0.0, 'n_layer': 1, 'relation_agg': 'cat', 'full_neighbors': True, 'lr': 0.01, 'weight_decay': 0.0}

===== PMP x FDCOMPCN CONTROLLED PIPELINE =====
GPU = NVIDIA RTX A6000
PMP_FDCOMPCN_1EPOCH_SMOKE=PASS (existing evidence reused)
SEMANTIC_RELATIONS=invest_bc2bc,provide_bc2bc,sale_bc2bc
HOMO_AS_FOURTH_RELATION=NO
HID_DIM=64
MAX_EPOCHS=100
PATIENCE=20
TUNING_TRIALS=12
FINAL_RUNS=12
AUTHOR_TRACKED_SOURCE_CLEAN=PASS

===== FDCOMPCN TR40 TUNING — 12 TRIALS =====
Frozen author hidden/dropout: 64 / 0.0
Test evaluation during tuning: FORBIDDEN
trial=01 RESUME_COMPLETE val_AUPRC=0.132300
trial=02 RESUME_COMPLETE val_AUPRC=0.128452
trial=03 RESUME_COMPLETE val_AUPRC=0.134835
trial=04 RESUME_COMPLETE val_AUPRC=0.130939
trial=05 RESUME_COMPLETE val_AUPRC=0.146005
trial=06 RESUME_COMPLETE val_AUPRC=0.151109
trial=07 RESUME_COMPLETE val_AUPRC=0.143362
trial=08 RESUME_COMPLETE val_AUPRC=0.134724
trial=09 RESUME_COMPLETE val_AUPRC=0.122944
trial=10 RESUME_COMPLETE val_AUPRC=0.122934
trial=11 RESUME_COMPLETE val_AUPRC=0.122879
trial=12 RESUME_COMPLETE val_AUPRC=0.122757

===== PMP FDCOMPCN TR40 TUNING RESULTS =====
trial=06 | lr=0.001 | wd=1e-05 | epoch= 14 | val AUPRC=0.151109
trial=05 | lr=0.001 | wd=0 | epoch= 14 | val AUPRC=0.146005
trial=07 | lr=0.001 | wd=0.0001 | epoch= 14 | val AUPRC=0.143362
trial=03 | lr=0.01 | wd=0.0001 | epoch= 14 | val AUPRC=0.134835
trial=08 | lr=0.001 | wd=0.001 | epoch= 15 | val AUPRC=0.134724
trial=01 | lr=0.01 | wd=0 | epoch=  2 | val AUPRC=0.132300
trial=04 | lr=0.01 | wd=0.001 | epoch=  2 | val AUPRC=0.130939
trial=02 | lr=0.01 | wd=1e-05 | epoch=  2 | val AUPRC=0.128452
trial=09 | lr=0.0001 | wd=0 | epoch=  2 | val AUPRC=0.122944
trial=10 | lr=0.0001 | wd=1e-05 | epoch=  2 | val AUPRC=0.122934
trial=11 | lr=0.0001 | wd=0.0001 | epoch=  2 | val AUPRC=0.122879
trial=12 | lr=0.0001 | wd=0.001 | epoch=  2 | val AUPRC=0.122757
===== FROZEN WINNER =====
winner trial   : 6
learning rate  : 0.001
weight decay   : 1e-05
hidden/dropout : 64 / 0.0 (official FDCompCN settings)
best epoch     : 14
best val AUPRC : 0.15110919520635985
TEST_SET_ACCESSED_DURING_TUNING=NO
PMP_FDCOMPCN_TR40_TUNING=PASS

===== FINAL fdcompcn_tr40_seed2 =====
/workspace/pmp_vast/envs/pmp-author/lib/python3.10/site-packages/dgl/dataloading/dataloader.py:1076: DGLWarning: Dataloader CPU affinity opt is not enabled, consider switching it on (see enable_cpu_affinity() or CPU best practices for DGL [https://docs.dgl.ai/tutorials/cpu/cpu_best_practises.html])
  dgl_warning(
fdcompcn_tr40_seed2 epoch=001 loss=0.680595 val_AUPRC=0.115415 best=0.115415(1) patience=0/20 train=9.680s val=5.752s
/workspace/pmp_vast/envs/pmp-author/lib/python3.10/site-packages/dgl/dataloading/dataloader.py:1076: DGLWarning: Dataloader CPU affinity opt is not enabled, consider switching it on (see enable_cpu_affinity() or CPU best practices for DGL [https://docs.dgl.ai/tutorials/cpu/cpu_best_practises.html])
  dgl_warning(
/workspace/pmp_vast/envs/pmp-author/lib/python3.10/site-packages/dgl/dataloading/dataloader.py:1076: DGLWarning: Dataloader CPU affinity opt is not enabled, consider switching it on (see enable_cpu_affinity() or CPU best practices for DGL [https://docs.dgl.ai/tutorials/cpu/cpu_best_practises.html])
  dgl_warning(
fdcompcn_tr40_seed2 epoch=003 loss=0.339720 val_AUPRC=0.115859 best=0.115859(3) patience=0/20 train=7.014s val=2.954s
/workspace/pmp_vast/envs/pmp-author/lib/python3.10/site-packages/dgl/dataloading/dataloader.py:1076: DGLWarning: Dataloader CPU affinity opt is not enabled, consider switching it on (see enable_cpu_affinity() or CPU best practices for DGL [https://docs.dgl.ai/tutorials/cpu/cpu_best_practises.html])
  dgl_warning(
fdcompcn_tr40_seed2 epoch=004 loss=0.310461 val_AUPRC=0.116816 best=0.116816(4) patience=0/20 train=3.245s val=4.196s
/workspace/pmp_vast/envs/pmp-author/lib/python3.10/site-packages/dgl/dataloading/dataloader.py:1076: DGLWarning: Dataloader CPU affinity opt is not enabled, consider switching it on (see enable_cpu_affinity() or CPU best practices for DGL [https://docs.dgl.ai/tutorials/cpu/cpu_best_practises.html])
  dgl_warning(
fdcompcn_tr40_seed2 epoch=005 loss=0.343476 val_AUPRC=0.117081 best=0.117081(5) patience=0/20 train=2.901s val=5.218s
/workspace/pmp_vast/envs/pmp-author/lib/python3.10/site-packages/dgl/dataloading/dataloader.py:1076: DGLWarning: Dataloader CPU affinity opt is not enabled, consider switching it on (see enable_cpu_affinity() or CPU best practices for DGL [https://docs.dgl.ai/tutorials/cpu/cpu_best_practises.html])
  dgl_warning(
fdcompcn_tr40_seed2 epoch=006 loss=0.357056 val_AUPRC=0.118057 best=0.118057(6) patience=0/20 train=7.790s val=4.343s
/workspace/pmp_vast/envs/pmp-author/lib/python3.10/site-packages/dgl/dataloading/dataloader.py:1076: DGLWarning: Dataloader CPU affinity opt is not enabled, consider switching it on (see enable_cpu_affinity() or CPU best practices for DGL [https://docs.dgl.ai/tutorials/cpu/cpu_best_practises.html])
  dgl_warning(
fdcompcn_tr40_seed2 epoch=007 loss=0.342294 val_AUPRC=0.118967 best=0.118967(7) patience=0/20 train=7.580s val=7.016s
/workspace/pmp_vast/envs/pmp-author/lib/python3.10/site-packages/dgl/dataloading/dataloader.py:1076: DGLWarning: Dataloader CPU affinity opt is not enabled, consider switching it on (see enable_cpu_affinity() or CPU best practices for DGL [https://docs.dgl.ai/tutorials/cpu/cpu_best_practises.html])
  dgl_warning(
fdcompcn_tr40_seed2 epoch=008 loss=0.302163 val_AUPRC=0.120172 best=0.120172(8) patience=0/20 train=3.937s val=1.634s
/workspace/pmp_vast/envs/pmp-author/lib/python3.10/site-packages/dgl/dataloading/dataloader.py:1076: DGLWarning: Dataloader CPU affinity opt is not enabled, consider switching it on (see enable_cpu_affinity() or CPU best practices for DGL [https://docs.dgl.ai/tutorials/cpu/cpu_best_practises.html])
  dgl_warning(
fdcompcn_tr40_seed2 epoch=009 loss=0.292776 val_AUPRC=0.124217 best=0.124217(9) patience=0/20 train=1.502s val=1.363s
/workspace/pmp_vast/envs/pmp-author/lib/python3.10/site-packages/dgl/dataloading/dataloader.py:1076: DGLWarning: Dataloader CPU affinity opt is not enabled, consider switching it on (see enable_cpu_affinity() or CPU best practices for DGL [https://docs.dgl.ai/tutorials/cpu/cpu_best_practises.html])
  dgl_warning(
fdcompcn_tr40_seed2 epoch=010 loss=0.279043 val_AUPRC=0.128768 best=0.128768(10) patience=0/20 train=0.802s val=3.360s
/workspace/pmp_vast/envs/pmp-author/lib/python3.10/site-packages/dgl/dataloading/dataloader.py:1076: DGLWarning: Dataloader CPU affinity opt is not enabled, consider switching it on (see enable_cpu_affinity() or CPU best practices for DGL [https://docs.dgl.ai/tutorials/cpu/cpu_best_practises.html])
  dgl_warning(
fdcompcn_tr40_seed2 epoch=011 loss=0.260281 val_AUPRC=0.132228 best=0.132228(11) patience=0/20 train=2.329s val=3.156s
/workspace/pmp_vast/envs/pmp-author/lib/python3.10/site-packages/dgl/dataloading/dataloader.py:1076: DGLWarning: Dataloader CPU affinity opt is not enabled, consider switching it on (see enable_cpu_affinity() or CPU best practices for DGL [https://docs.dgl.ai/tutorials/cpu/cpu_best_practises.html])
  dgl_warning(
fdcompcn_tr40_seed2 epoch=012 loss=0.269965 val_AUPRC=0.137659 best=0.137659(12) patience=0/20 train=2.946s val=5.143s
/workspace/pmp_vast/envs/pmp-author/lib/python3.10/site-packages/dgl/dataloading/dataloader.py:1076: DGLWarning: Dataloader CPU affinity opt is not enabled, consider switching it on (see enable_cpu_affinity() or CPU best practices for DGL [https://docs.dgl.ai/tutorials/cpu/cpu_best_practises.html])
  dgl_warning(
fdcompcn_tr40_seed2 epoch=013 loss=0.229718 val_AUPRC=0.150440 best=0.150440(13) patience=0/20 train=2.322s val=0.384s
/workspace/pmp_vast/envs/pmp-author/lib/python3.10/site-packages/dgl/dataloading/dataloader.py:1076: DGLWarning: Dataloader CPU affinity opt is not enabled, consider switching it on (see enable_cpu_affinity() or CPU best practices for DGL [https://docs.dgl.ai/tutorials/cpu/cpu_best_practises.html])
  dgl_warning(
/workspace/pmp_vast/envs/pmp-author/lib/python3.10/site-packages/dgl/dataloading/dataloader.py:1076: DGLWarning: Dataloader CPU affinity opt is not enabled, consider switching it on (see enable_cpu_affinity() or CPU best practices for DGL [https://docs.dgl.ai/tutorials/cpu/cpu_best_practises.html])
  dgl_warning(
/workspace/pmp_vast/envs/pmp-author/lib/python3.10/site-packages/dgl/dataloading/dataloader.py:1076: DGLWarning: Dataloader CPU affinity opt is not enabled, consider switching it on (see enable_cpu_affinity() or CPU best practices for DGL [https://docs.dgl.ai/tutorials/cpu/cpu_best_practises.html])
  dgl_warning(
/workspace/pmp_vast/envs/pmp-author/lib/python3.10/site-packages/dgl/dataloading/dataloader.py:1076: DGLWarning: Dataloader CPU affinity opt is not enabled, consider switching it on (see enable_cpu_affinity() or CPU best practices for DGL [https://docs.dgl.ai/tutorials/cpu/cpu_best_practises.html])
  dgl_warning(
/workspace/pmp_vast/envs/pmp-author/lib/python3.10/site-packages/dgl/dataloading/dataloader.py:1076: DGLWarning: Dataloader CPU affinity opt is not enabled, consider switching it on (see enable_cpu_affinity() or CPU best practices for DGL [https://docs.dgl.ai/tutorials/cpu/cpu_best_practises.html])
  dgl_warning(
/workspace/pmp_vast/envs/pmp-author/lib/python3.10/site-packages/dgl/dataloading/dataloader.py:1076: DGLWarning: Dataloader CPU affinity opt is not enabled, consider switching it on (see enable_cpu_affinity() or CPU best practices for DGL [https://docs.dgl.ai/tutorials/cpu/cpu_best_practises.html])
  dgl_warning(
/workspace/pmp_vast/envs/pmp-author/lib/python3.10/site-packages/dgl/dataloading/dataloader.py:1076: DGLWarning: Dataloader CPU affinity opt is not enabled, consider switching it on (see enable_cpu_affinity() or CPU best practices for DGL [https://docs.dgl.ai/tutorials/cpu/cpu_best_practises.html])
  dgl_warning(
fdcompcn_tr40_seed2 epoch=020 loss=0.054328 val_AUPRC=0.125250 best=0.150440(13) patience=7/20 train=6.102s val=5.009s
/workspace/pmp_vast/envs/pmp-author/lib/python3.10/site-packages/dgl/dataloading/dataloader.py:1076: DGLWarning: Dataloader CPU affinity opt is not enabled, consider switching it on (see enable_cpu_affinity() or CPU best practices for DGL [https://docs.dgl.ai/tutorials/cpu/cpu_best_practises.html])
  dgl_warning(
/workspace/pmp_vast/envs/pmp-author/lib/python3.10/site-packages/dgl/dataloading/dataloader.py:1076: DGLWarning: Dataloader CPU affinity opt is not enabled, consider switching it on (see enable_cpu_affinity() or CPU best practices for DGL [https://docs.dgl.ai/tutorials/cpu/cpu_best_practises.html])
  dgl_warning(
/workspace/pmp_vast/envs/pmp-author/lib/python3.10/site-packages/dgl/dataloading/dataloader.py:1076: DGLWarning: Dataloader CPU affinity opt is not enabled, consider switching it on (see enable_cpu_affinity() or CPU best practices for DGL [https://docs.dgl.ai/tutorials/cpu/cpu_best_practises.html])
  dgl_warning(
/workspace/pmp_vast/envs/pmp-author/lib/python3.10/site-packages/dgl/dataloading/dataloader.py:1076: DGLWarning: Dataloader CPU affinity opt is not enabled, consider switching it on (see enable_cpu_affinity() or CPU best practices for DGL [https://docs.dgl.ai/tutorials/cpu/cpu_best_practises.html])
  dgl_warning(
/workspace/pmp_vast/envs/pmp-author/lib/python3.10/site-packages/dgl/dataloading/dataloader.py:1076: DGLWarning: Dataloader CPU affinity opt is not enabled, consider switching it on (see enable_cpu_affinity() or CPU best practices for DGL [https://docs.dgl.ai/tutorials/cpu/cpu_best_practises.html])
  dgl_warning(
/workspace/pmp_vast/envs/pmp-author/lib/python3.10/site-packages/dgl/dataloading/dataloader.py:1076: DGLWarning: Dataloader CPU affinity opt is not enabled, consider switching it on (see enable_cpu_affinity() or CPU best practices for DGL [https://docs.dgl.ai/tutorials/cpu/cpu_best_practises.html])
  dgl_warning(
/workspace/pmp_vast/envs/pmp-author/lib/python3.10/site-packages/dgl/dataloading/dataloader.py:1076: DGLWarning: Dataloader CPU affinity opt is not enabled, consider switching it on (see enable_cpu_affinity() or CPU best practices for DGL [https://docs.dgl.ai/tutorials/cpu/cpu_best_practises.html])
  dgl_warning(
/workspace/pmp_vast/envs/pmp-author/lib/python3.10/site-packages/dgl/dataloading/dataloader.py:1076: DGLWarning: Dataloader CPU affinity opt is not enabled, consider switching it on (see enable_cpu_affinity() or CPU best practices for DGL [https://docs.dgl.ai/tutorials/cpu/cpu_best_practises.html])
  dgl_warning(
/workspace/pmp_vast/envs/pmp-author/lib/python3.10/site-packages/dgl/dataloading/dataloader.py:1076: DGLWarning: Dataloader CPU affinity opt is not enabled, consider switching it on (see enable_cpu_affinity() or CPU best practices for DGL [https://docs.dgl.ai/tutorials/cpu/cpu_best_practises.html])
  dgl_warning(
/workspace/pmp_vast/envs/pmp-author/lib/python3.10/site-packages/dgl/dataloading/dataloader.py:1076: DGLWarning: Dataloader CPU affinity opt is not enabled, consider switching it on (see enable_cpu_affinity() or CPU best practices for DGL [https://docs.dgl.ai/tutorials/cpu/cpu_best_practises.html])
  dgl_warning(
fdcompcn_tr40_seed2 epoch=030 loss=0.037580 val_AUPRC=0.126329 best=0.150440(13) patience=17/20 train=0.516s val=0.401s
/workspace/pmp_vast/envs/pmp-author/lib/python3.10/site-packages/dgl/dataloading/dataloader.py:1076: DGLWarning: Dataloader CPU affinity opt is not enabled, consider switching it on (see enable_cpu_affinity() or CPU best practices for DGL [https://docs.dgl.ai/tutorials/cpu/cpu_best_practises.html])
  dgl_warning(
/workspace/pmp_vast/envs/pmp-author/lib/python3.10/site-packages/dgl/dataloading/dataloader.py:1076: DGLWarning: Dataloader CPU affinity opt is not enabled, consider switching it on (see enable_cpu_affinity() or CPU best practices for DGL [https://docs.dgl.ai/tutorials/cpu/cpu_best_practises.html])
  dgl_warning(
/workspace/pmp_vast/envs/pmp-author/lib/python3.10/site-packages/dgl/dataloading/dataloader.py:1076: DGLWarning: Dataloader CPU affinity opt is not enabled, consider switching it on (see enable_cpu_affinity() or CPU best practices for DGL [https://docs.dgl.ai/tutorials/cpu/cpu_best_practises.html])
  dgl_warning(
fdcompcn_tr40_seed2 epoch=033 loss=0.031659 val_AUPRC=0.125710 best=0.150440(13) patience=20/20 train=0.505s val=0.423s
/workspace/pmp_vast/envs/pmp-author/lib/python3.10/site-packages/dgl/dataloading/dataloader.py:1076: DGLWarning: Dataloader CPU affinity opt is not enabled, consider switching it on (see enable_cpu_affinity() or CPU best practices for DGL [https://docs.dgl.ai/tutorials/cpu/cpu_best_practises.html])
  dgl_warning(
/workspace/pmp_vast/envs/pmp-author/lib/python3.10/site-packages/dgl/dataloading/dataloader.py:1076: DGLWarning: Dataloader CPU affinity opt is not enabled, consider switching it on (see enable_cpu_affinity() or CPU best practices for DGL [https://docs.dgl.ai/tutorials/cpu/cpu_best_practises.html])
  dgl_warning(
FINAL fdcompcn_tr40_seed2 PASS | AUPRC=0.121154 AUROC=0.545961 MacroF1=0.509873 Recall=0.102679

===== FINAL fdcompcn_tr40_seed42 =====
/workspace/pmp_vast/envs/pmp-author/lib/python3.10/site-packages/dgl/dataloading/dataloader.py:1076: DGLWarning: Dataloader CPU affinity opt is not enabled, consider switching it on (see enable_cpu_affinity() or CPU best practices for DGL [https://docs.dgl.ai/tutorials/cpu/cpu_best_practises.html])
  dgl_warning(
fdcompcn_tr40_seed42 epoch=001 loss=0.502076 val_AUPRC=0.124185 best=0.124185(1) patience=0/20 train=0.505s val=0.384s
/workspace/pmp_vast/envs/pmp-author/lib/python3.10/site-packages/dgl/dataloading/dataloader.py:1076: DGLWarning: Dataloader CPU affinity opt is not enabled, consider switching it on (see enable_cpu_affinity() or CPU best practices for DGL [https://docs.dgl.ai/tutorials/cpu/cpu_best_practises.html])
  dgl_warning(
/workspace/pmp_vast/envs/pmp-author/lib/python3.10/site-packages/dgl/dataloading/dataloader.py:1076: DGLWarning: Dataloader CPU affinity opt is not enabled, consider switching it on (see enable_cpu_affinity() or CPU best practices for DGL [https://docs.dgl.ai/tutorials/cpu/cpu_best_practises.html])
  dgl_warning(
fdcompcn_tr40_seed42 epoch=003 loss=0.336034 val_AUPRC=0.126779 best=0.126779(3) patience=0/20 train=0.557s val=0.413s
/workspace/pmp_vast/envs/pmp-author/lib/python3.10/site-packages/dgl/dataloading/dataloader.py:1076: DGLWarning: Dataloader CPU affinity opt is not enabled, consider switching it on (see enable_cpu_affinity() or CPU best practices for DGL [https://docs.dgl.ai/tutorials/cpu/cpu_best_practises.html])
  dgl_warning(
fdcompcn_tr40_seed42 epoch=004 loss=0.351126 val_AUPRC=0.132243 best=0.132243(4) patience=0/20 train=0.495s val=0.500s
/workspace/pmp_vast/envs/pmp-author/lib/python3.10/site-packages/dgl/dataloading/dataloader.py:1076: DGLWarning: Dataloader CPU affinity opt is not enabled, consider switching it on (see enable_cpu_affinity() or CPU best practices for DGL [https://docs.dgl.ai/tutorials/cpu/cpu_best_practises.html])
  dgl_warning(
fdcompcn_tr40_seed42 epoch=005 loss=0.318584 val_AUPRC=0.136347 best=0.136347(5) patience=0/20 train=0.554s val=0.376s
/workspace/pmp_vast/envs/pmp-author/lib/python3.10/site-packages/dgl/dataloading/dataloader.py:1076: DGLWarning: Dataloader CPU affinity opt is not enabled, consider switching it on (see enable_cpu_affinity() or CPU best practices for DGL [https://docs.dgl.ai/tutorials/cpu/cpu_best_practises.html])
  dgl_warning(
fdcompcn_tr40_seed42 epoch=006 loss=0.333578 val_AUPRC=0.139271 best=0.139271(6) patience=0/20 train=0.543s val=0.498s
/workspace/pmp_vast/envs/pmp-author/lib/python3.10/site-packages/dgl/dataloading/dataloader.py:1076: DGLWarning: Dataloader CPU affinity opt is not enabled, consider switching it on (see enable_cpu_affinity() or CPU best practices for DGL [https://docs.dgl.ai/tutorials/cpu/cpu_best_practises.html])
  dgl_warning(
/workspace/pmp_vast/envs/pmp-author/lib/python3.10/site-packages/dgl/dataloading/dataloader.py:1076: DGLWarning: Dataloader CPU affinity opt is not enabled, consider switching it on (see enable_cpu_affinity() or CPU best practices for DGL [https://docs.dgl.ai/tutorials/cpu/cpu_best_practises.html])
  dgl_warning(
fdcompcn_tr40_seed42 epoch=008 loss=0.305078 val_AUPRC=0.140936 best=0.140936(8) patience=0/20 train=0.486s val=0.427s
/workspace/pmp_vast/envs/pmp-author/lib/python3.10/site-packages/dgl/dataloading/dataloader.py:1076: DGLWarning: Dataloader CPU affinity opt is not enabled, consider switching it on (see enable_cpu_affinity() or CPU best practices for DGL [https://docs.dgl.ai/tutorials/cpu/cpu_best_practises.html])
  dgl_warning(
fdcompcn_tr40_seed42 epoch=009 loss=0.303473 val_AUPRC=0.143582 best=0.143582(9) patience=0/20 train=0.530s val=0.431s
/workspace/pmp_vast/envs/pmp-author/lib/python3.10/site-packages/dgl/dataloading/dataloader.py:1076: DGLWarning: Dataloader CPU affinity opt is not enabled, consider switching it on (see enable_cpu_affinity() or CPU best practices for DGL [https://docs.dgl.ai/tutorials/cpu/cpu_best_practises.html])
  dgl_warning(
fdcompcn_tr40_seed42 epoch=010 loss=0.271197 val_AUPRC=0.142390 best=0.143582(9) patience=1/20 train=0.566s val=0.410s
/workspace/pmp_vast/envs/pmp-author/lib/python3.10/site-packages/dgl/dataloading/dataloader.py:1076: DGLWarning: Dataloader CPU affinity opt is not enabled, consider switching it on (see enable_cpu_affinity() or CPU best practices for DGL [https://docs.dgl.ai/tutorials/cpu/cpu_best_practises.html])
  dgl_warning(
/workspace/pmp_vast/envs/pmp-author/lib/python3.10/site-packages/dgl/dataloading/dataloader.py:1076: DGLWarning: Dataloader CPU affinity opt is not enabled, consider switching it on (see enable_cpu_affinity() or CPU best practices for DGL [https://docs.dgl.ai/tutorials/cpu/cpu_best_practises.html])
  dgl_warning(
/workspace/pmp_vast/envs/pmp-author/lib/python3.10/site-packages/dgl/dataloading/dataloader.py:1076: DGLWarning: Dataloader CPU affinity opt is not enabled, consider switching it on (see enable_cpu_affinity() or CPU best practices for DGL [https://docs.dgl.ai/tutorials/cpu/cpu_best_practises.html])
  dgl_warning(
/workspace/pmp_vast/envs/pmp-author/lib/python3.10/site-packages/dgl/dataloading/dataloader.py:1076: DGLWarning: Dataloader CPU affinity opt is not enabled, consider switching it on (see enable_cpu_affinity() or CPU best practices for DGL [https://docs.dgl.ai/tutorials/cpu/cpu_best_practises.html])
  dgl_warning(
/workspace/pmp_vast/envs/pmp-author/lib/python3.10/site-packages/dgl/dataloading/dataloader.py:1076: DGLWarning: Dataloader CPU affinity opt is not enabled, consider switching it on (see enable_cpu_affinity() or CPU best practices for DGL [https://docs.dgl.ai/tutorials/cpu/cpu_best_practises.html])
  dgl_warning(
/workspace/pmp_vast/envs/pmp-author/lib/python3.10/site-packages/dgl/dataloading/dataloader.py:1076: DGLWarning: Dataloader CPU affinity opt is not enabled, consider switching it on (see enable_cpu_affinity() or CPU best practices for DGL [https://docs.dgl.ai/tutorials/cpu/cpu_best_practises.html])
  dgl_warning(
/workspace/pmp_vast/envs/pmp-author/lib/python3.10/site-packages/dgl/dataloading/dataloader.py:1076: DGLWarning: Dataloader CPU affinity opt is not enabled, consider switching it on (see enable_cpu_affinity() or CPU best practices for DGL [https://docs.dgl.ai/tutorials/cpu/cpu_best_practises.html])
  dgl_warning(
/workspace/pmp_vast/envs/pmp-author/lib/python3.10/site-packages/dgl/dataloading/dataloader.py:1076: DGLWarning: Dataloader CPU affinity opt is not enabled, consider switching it on (see enable_cpu_affinity() or CPU best practices for DGL [https://docs.dgl.ai/tutorials/cpu/cpu_best_practises.html])
  dgl_warning(
/workspace/pmp_vast/envs/pmp-author/lib/python3.10/site-packages/dgl/dataloading/dataloader.py:1076: DGLWarning: Dataloader CPU affinity opt is not enabled, consider switching it on (see enable_cpu_affinity() or CPU best practices for DGL [https://docs.dgl.ai/tutorials/cpu/cpu_best_practises.html])
  dgl_warning(
/workspace/pmp_vast/envs/pmp-author/lib/python3.10/site-packages/dgl/dataloading/dataloader.py:1076: DGLWarning: Dataloader CPU affinity opt is not enabled, consider switching it on (see enable_cpu_affinity() or CPU best practices for DGL [https://docs.dgl.ai/tutorials/cpu/cpu_best_practises.html])
  dgl_warning(
fdcompcn_tr40_seed42 epoch=020 loss=0.063180 val_AUPRC=0.118672 best=0.143582(9) patience=11/20 train=0.544s val=0.456s
/workspace/pmp_vast/envs/pmp-author/lib/python3.10/site-packages/dgl/dataloading/dataloader.py:1076: DGLWarning: Dataloader CPU affinity opt is not enabled, consider switching it on (see enable_cpu_affinity() or CPU best practices for DGL [https://docs.dgl.ai/tutorials/cpu/cpu_best_practises.html])
  dgl_warning(
/workspace/pmp_vast/envs/pmp-author/lib/python3.10/site-packages/dgl/dataloading/dataloader.py:1076: DGLWarning: Dataloader CPU affinity opt is not enabled, consider switching it on (see enable_cpu_affinity() or CPU best practices for DGL [https://docs.dgl.ai/tutorials/cpu/cpu_best_practises.html])
  dgl_warning(
/workspace/pmp_vast/envs/pmp-author/lib/python3.10/site-packages/dgl/dataloading/dataloader.py:1076: DGLWarning: Dataloader CPU affinity opt is not enabled, consider switching it on (see enable_cpu_affinity() or CPU best practices for DGL [https://docs.dgl.ai/tutorials/cpu/cpu_best_practises.html])
  dgl_warning(
/workspace/pmp_vast/envs/pmp-author/lib/python3.10/site-packages/dgl/dataloading/dataloader.py:1076: DGLWarning: Dataloader CPU affinity opt is not enabled, consider switching it on (see enable_cpu_affinity() or CPU best practices for DGL [https://docs.dgl.ai/tutorials/cpu/cpu_best_practises.html])
  dgl_warning(
/workspace/pmp_vast/envs/pmp-author/lib/python3.10/site-packages/dgl/dataloading/dataloader.py:1076: DGLWarning: Dataloader CPU affinity opt is not enabled, consider switching it on (see enable_cpu_affinity() or CPU best practices for DGL [https://docs.dgl.ai/tutorials/cpu/cpu_best_practises.html])
  dgl_warning(
/workspace/pmp_vast/envs/pmp-author/lib/python3.10/site-packages/dgl/dataloading/dataloader.py:1076: DGLWarning: Dataloader CPU affinity opt is not enabled, consider switching it on (see enable_cpu_affinity() or CPU best practices for DGL [https://docs.dgl.ai/tutorials/cpu/cpu_best_practises.html])
  dgl_warning(
/workspace/pmp_vast/envs/pmp-author/lib/python3.10/site-packages/dgl/dataloading/dataloader.py:1076: DGLWarning: Dataloader CPU affinity opt is not enabled, consider switching it on (see enable_cpu_affinity() or CPU best practices for DGL [https://docs.dgl.ai/tutorials/cpu/cpu_best_practises.html])
  dgl_warning(
/workspace/pmp_vast/envs/pmp-author/lib/python3.10/site-packages/dgl/dataloading/dataloader.py:1076: DGLWarning: Dataloader CPU affinity opt is not enabled, consider switching it on (see enable_cpu_affinity() or CPU best practices for DGL [https://docs.dgl.ai/tutorials/cpu/cpu_best_practises.html])
  dgl_warning(
/workspace/pmp_vast/envs/pmp-author/lib/python3.10/site-packages/dgl/dataloading/dataloader.py:1076: DGLWarning: Dataloader CPU affinity opt is not enabled, consider switching it on (see enable_cpu_affinity() or CPU best practices for DGL [https://docs.dgl.ai/tutorials/cpu/cpu_best_practises.html])
  dgl_warning(
fdcompcn_tr40_seed42 epoch=029 loss=0.034246 val_AUPRC=0.112274 best=0.143582(9) patience=20/20 train=0.502s val=0.393s
/workspace/pmp_vast/envs/pmp-author/lib/python3.10/site-packages/dgl/dataloading/dataloader.py:1076: DGLWarning: Dataloader CPU affinity opt is not enabled, consider switching it on (see enable_cpu_affinity() or CPU best practices for DGL [https://docs.dgl.ai/tutorials/cpu/cpu_best_practises.html])
  dgl_warning(
/workspace/pmp_vast/envs/pmp-author/lib/python3.10/site-packages/dgl/dataloading/dataloader.py:1076: DGLWarning: Dataloader CPU affinity opt is not enabled, consider switching it on (see enable_cpu_affinity() or CPU best practices for DGL [https://docs.dgl.ai/tutorials/cpu/cpu_best_practises.html])
  dgl_warning(
FINAL fdcompcn_tr40_seed42 PASS | AUPRC=0.122317 AUROC=0.562087 MacroF1=0.507065 Recall=0.111607

===== FINAL fdcompcn_tr40_seed72 =====
/workspace/pmp_vast/envs/pmp-author/lib/python3.10/site-packages/dgl/dataloading/dataloader.py:1076: DGLWarning: Dataloader CPU affinity opt is not enabled, consider switching it on (see enable_cpu_affinity() or CPU best practices for DGL [https://docs.dgl.ai/tutorials/cpu/cpu_best_practises.html])
  dgl_warning(
fdcompcn_tr40_seed72 epoch=001 loss=0.515227 val_AUPRC=0.110783 best=0.110783(1) patience=0/20 train=0.544s val=0.410s
/workspace/pmp_vast/envs/pmp-author/lib/python3.10/site-packages/dgl/dataloading/dataloader.py:1076: DGLWarning: Dataloader CPU affinity opt is not enabled, consider switching it on (see enable_cpu_affinity() or CPU best practices for DGL [https://docs.dgl.ai/tutorials/cpu/cpu_best_practises.html])
  dgl_warning(
fdcompcn_tr40_seed72 epoch=002 loss=0.372126 val_AUPRC=0.111794 best=0.111794(2) patience=0/20 train=0.508s val=0.386s
/workspace/pmp_vast/envs/pmp-author/lib/python3.10/site-packages/dgl/dataloading/dataloader.py:1076: DGLWarning: Dataloader CPU affinity opt is not enabled, consider switching it on (see enable_cpu_affinity() or CPU best practices for DGL [https://docs.dgl.ai/tutorials/cpu/cpu_best_practises.html])
  dgl_warning(
fdcompcn_tr40_seed72 epoch=003 loss=0.345514 val_AUPRC=0.112444 best=0.112444(3) patience=0/20 train=0.468s val=0.450s
/workspace/pmp_vast/envs/pmp-author/lib/python3.10/site-packages/dgl/dataloading/dataloader.py:1076: DGLWarning: Dataloader CPU affinity opt is not enabled, consider switching it on (see enable_cpu_affinity() or CPU best practices for DGL [https://docs.dgl.ai/tutorials/cpu/cpu_best_practises.html])
  dgl_warning(
/workspace/pmp_vast/envs/pmp-author/lib/python3.10/site-packages/dgl/dataloading/dataloader.py:1076: DGLWarning: Dataloader CPU affinity opt is not enabled, consider switching it on (see enable_cpu_affinity() or CPU best practices for DGL [https://docs.dgl.ai/tutorials/cpu/cpu_best_practises.html])
  dgl_warning(
/workspace/pmp_vast/envs/pmp-author/lib/python3.10/site-packages/dgl/dataloading/dataloader.py:1076: DGLWarning: Dataloader CPU affinity opt is not enabled, consider switching it on (see enable_cpu_affinity() or CPU best practices for DGL [https://docs.dgl.ai/tutorials/cpu/cpu_best_practises.html])
  dgl_warning(
/workspace/pmp_vast/envs/pmp-author/lib/python3.10/site-packages/dgl/dataloading/dataloader.py:1076: DGLWarning: Dataloader CPU affinity opt is not enabled, consider switching it on (see enable_cpu_affinity() or CPU best practices for DGL [https://docs.dgl.ai/tutorials/cpu/cpu_best_practises.html])
  dgl_warning(
fdcompcn_tr40_seed72 epoch=007 loss=0.313112 val_AUPRC=0.117999 best=0.117999(7) patience=0/20 train=0.552s val=0.410s
/workspace/pmp_vast/envs/pmp-author/lib/python3.10/site-packages/dgl/dataloading/dataloader.py:1076: DGLWarning: Dataloader CPU affinity opt is not enabled, consider switching it on (see enable_cpu_affinity() or CPU best practices for DGL [https://docs.dgl.ai/tutorials/cpu/cpu_best_practises.html])
  dgl_warning(
fdcompcn_tr40_seed72 epoch=008 loss=0.301905 val_AUPRC=0.122575 best=0.122575(8) patience=0/20 train=0.530s val=0.380s
/workspace/pmp_vast/envs/pmp-author/lib/python3.10/site-packages/dgl/dataloading/dataloader.py:1076: DGLWarning: Dataloader CPU affinity opt is not enabled, consider switching it on (see enable_cpu_affinity() or CPU best practices for DGL [https://docs.dgl.ai/tutorials/cpu/cpu_best_practises.html])
  dgl_warning(
fdcompcn_tr40_seed72 epoch=009 loss=0.278963 val_AUPRC=0.125723 best=0.125723(9) patience=0/20 train=0.589s val=0.383s
/workspace/pmp_vast/envs/pmp-author/lib/python3.10/site-packages/dgl/dataloading/dataloader.py:1076: DGLWarning: Dataloader CPU affinity opt is not enabled, consider switching it on (see enable_cpu_affinity() or CPU best practices for DGL [https://docs.dgl.ai/tutorials/cpu/cpu_best_practises.html])
  dgl_warning(
fdcompcn_tr40_seed72 epoch=010 loss=0.282928 val_AUPRC=0.127334 best=0.127334(10) patience=0/20 train=0.520s val=0.429s
/workspace/pmp_vast/envs/pmp-author/lib/python3.10/site-packages/dgl/dataloading/dataloader.py:1076: DGLWarning: Dataloader CPU affinity opt is not enabled, consider switching it on (see enable_cpu_affinity() or CPU best practices for DGL [https://docs.dgl.ai/tutorials/cpu/cpu_best_practises.html])
  dgl_warning(
/workspace/pmp_vast/envs/pmp-author/lib/python3.10/site-packages/dgl/dataloading/dataloader.py:1076: DGLWarning: Dataloader CPU affinity opt is not enabled, consider switching it on (see enable_cpu_affinity() or CPU best practices for DGL [https://docs.dgl.ai/tutorials/cpu/cpu_best_practises.html])
  dgl_warning(
/workspace/pmp_vast/envs/pmp-author/lib/python3.10/site-packages/dgl/dataloading/dataloader.py:1076: DGLWarning: Dataloader CPU affinity opt is not enabled, consider switching it on (see enable_cpu_affinity() or CPU best practices for DGL [https://docs.dgl.ai/tutorials/cpu/cpu_best_practises.html])
  dgl_warning(
fdcompcn_tr40_seed72 epoch=013 loss=0.239764 val_AUPRC=0.128514 best=0.128514(13) patience=0/20 train=0.540s val=0.434s
/workspace/pmp_vast/envs/pmp-author/lib/python3.10/site-packages/dgl/dataloading/dataloader.py:1076: DGLWarning: Dataloader CPU affinity opt is not enabled, consider switching it on (see enable_cpu_affinity() or CPU best practices for DGL [https://docs.dgl.ai/tutorials/cpu/cpu_best_practises.html])
  dgl_warning(
fdcompcn_tr40_seed72 epoch=014 loss=0.218297 val_AUPRC=0.136183 best=0.136183(14) patience=0/20 train=0.529s val=0.405s
/workspace/pmp_vast/envs/pmp-author/lib/python3.10/site-packages/dgl/dataloading/dataloader.py:1076: DGLWarning: Dataloader CPU affinity opt is not enabled, consider switching it on (see enable_cpu_affinity() or CPU best practices for DGL [https://docs.dgl.ai/tutorials/cpu/cpu_best_practises.html])
  dgl_warning(
/workspace/pmp_vast/envs/pmp-author/lib/python3.10/site-packages/dgl/dataloading/dataloader.py:1076: DGLWarning: Dataloader CPU affinity opt is not enabled, consider switching it on (see enable_cpu_affinity() or CPU best practices for DGL [https://docs.dgl.ai/tutorials/cpu/cpu_best_practises.html])
  dgl_warning(
/workspace/pmp_vast/envs/pmp-author/lib/python3.10/site-packages/dgl/dataloading/dataloader.py:1076: DGLWarning: Dataloader CPU affinity opt is not enabled, consider switching it on (see enable_cpu_affinity() or CPU best practices for DGL [https://docs.dgl.ai/tutorials/cpu/cpu_best_practises.html])
  dgl_warning(
/workspace/pmp_vast/envs/pmp-author/lib/python3.10/site-packages/dgl/dataloading/dataloader.py:1076: DGLWarning: Dataloader CPU affinity opt is not enabled, consider switching it on (see enable_cpu_affinity() or CPU best practices for DGL [https://docs.dgl.ai/tutorials/cpu/cpu_best_practises.html])
  dgl_warning(
/workspace/pmp_vast/envs/pmp-author/lib/python3.10/site-packages/dgl/dataloading/dataloader.py:1076: DGLWarning: Dataloader CPU affinity opt is not enabled, consider switching it on (see enable_cpu_affinity() or CPU best practices for DGL [https://docs.dgl.ai/tutorials/cpu/cpu_best_practises.html])
  dgl_warning(
/workspace/pmp_vast/envs/pmp-author/lib/python3.10/site-packages/dgl/dataloading/dataloader.py:1076: DGLWarning: Dataloader CPU affinity opt is not enabled, consider switching it on (see enable_cpu_affinity() or CPU best practices for DGL [https://docs.dgl.ai/tutorials/cpu/cpu_best_practises.html])
  dgl_warning(
fdcompcn_tr40_seed72 epoch=020 loss=0.052785 val_AUPRC=0.116193 best=0.136183(14) patience=6/20 train=0.544s val=0.416s
/workspace/pmp_vast/envs/pmp-author/lib/python3.10/site-packages/dgl/dataloading/dataloader.py:1076: DGLWarning: Dataloader CPU affinity opt is not enabled, consider switching it on (see enable_cpu_affinity() or CPU best practices for DGL [https://docs.dgl.ai/tutorials/cpu/cpu_best_practises.html])
  dgl_warning(
/workspace/pmp_vast/envs/pmp-author/lib/python3.10/site-packages/dgl/dataloading/dataloader.py:1076: DGLWarning: Dataloader CPU affinity opt is not enabled, consider switching it on (see enable_cpu_affinity() or CPU best practices for DGL [https://docs.dgl.ai/tutorials/cpu/cpu_best_practises.html])
  dgl_warning(
/workspace/pmp_vast/envs/pmp-author/lib/python3.10/site-packages/dgl/dataloading/dataloader.py:1076: DGLWarning: Dataloader CPU affinity opt is not enabled, consider switching it on (see enable_cpu_affinity() or CPU best practices for DGL [https://docs.dgl.ai/tutorials/cpu/cpu_best_practises.html])
  dgl_warning(
/workspace/pmp_vast/envs/pmp-author/lib/python3.10/site-packages/dgl/dataloading/dataloader.py:1076: DGLWarning: Dataloader CPU affinity opt is not enabled, consider switching it on (see enable_cpu_affinity() or CPU best practices for DGL [https://docs.dgl.ai/tutorials/cpu/cpu_best_practises.html])
  dgl_warning(
/workspace/pmp_vast/envs/pmp-author/lib/python3.10/site-packages/dgl/dataloading/dataloader.py:1076: DGLWarning: Dataloader CPU affinity opt is not enabled, consider switching it on (see enable_cpu_affinity() or CPU best practices for DGL [https://docs.dgl.ai/tutorials/cpu/cpu_best_practises.html])
  dgl_warning(
/workspace/pmp_vast/envs/pmp-author/lib/python3.10/site-packages/dgl/dataloading/dataloader.py:1076: DGLWarning: Dataloader CPU affinity opt is not enabled, consider switching it on (see enable_cpu_affinity() or CPU best practices for DGL [https://docs.dgl.ai/tutorials/cpu/cpu_best_practises.html])
  dgl_warning(
/workspace/pmp_vast/envs/pmp-author/lib/python3.10/site-packages/dgl/dataloading/dataloader.py:1076: DGLWarning: Dataloader CPU affinity opt is not enabled, consider switching it on (see enable_cpu_affinity() or CPU best practices for DGL [https://docs.dgl.ai/tutorials/cpu/cpu_best_practises.html])
  dgl_warning(
/workspace/pmp_vast/envs/pmp-author/lib/python3.10/site-packages/dgl/dataloading/dataloader.py:1076: DGLWarning: Dataloader CPU affinity opt is not enabled, consider switching it on (see enable_cpu_affinity() or CPU best practices for DGL [https://docs.dgl.ai/tutorials/cpu/cpu_best_practises.html])
  dgl_warning(
/workspace/pmp_vast/envs/pmp-author/lib/python3.10/site-packages/dgl/dataloading/dataloader.py:1076: DGLWarning: Dataloader CPU affinity opt is not enabled, consider switching it on (see enable_cpu_affinity() or CPU best practices for DGL [https://docs.dgl.ai/tutorials/cpu/cpu_best_practises.html])
  dgl_warning(
/workspace/pmp_vast/envs/pmp-author/lib/python3.10/site-packages/dgl/dataloading/dataloader.py:1076: DGLWarning: Dataloader CPU affinity opt is not enabled, consider switching it on (see enable_cpu_affinity() or CPU best practices for DGL [https://docs.dgl.ai/tutorials/cpu/cpu_best_practises.html])
  dgl_warning(
fdcompcn_tr40_seed72 epoch=030 loss=0.030148 val_AUPRC=0.122534 best=0.136183(14) patience=16/20 train=0.577s val=0.453s
/workspace/pmp_vast/envs/pmp-author/lib/python3.10/site-packages/dgl/dataloading/dataloader.py:1076: DGLWarning: Dataloader CPU affinity opt is not enabled, consider switching it on (see enable_cpu_affinity() or CPU best practices for DGL [https://docs.dgl.ai/tutorials/cpu/cpu_best_practises.html])
  dgl_warning(
/workspace/pmp_vast/envs/pmp-author/lib/python3.10/site-packages/dgl/dataloading/dataloader.py:1076: DGLWarning: Dataloader CPU affinity opt is not enabled, consider switching it on (see enable_cpu_affinity() or CPU best practices for DGL [https://docs.dgl.ai/tutorials/cpu/cpu_best_practises.html])
  dgl_warning(
/workspace/pmp_vast/envs/pmp-author/lib/python3.10/site-packages/dgl/dataloading/dataloader.py:1076: DGLWarning: Dataloader CPU affinity opt is not enabled, consider switching it on (see enable_cpu_affinity() or CPU best practices for DGL [https://docs.dgl.ai/tutorials/cpu/cpu_best_practises.html])
  dgl_warning(
/workspace/pmp_vast/envs/pmp-author/lib/python3.10/site-packages/dgl/dataloading/dataloader.py:1076: DGLWarning: Dataloader CPU affinity opt is not enabled, consider switching it on (see enable_cpu_affinity() or CPU best practices for DGL [https://docs.dgl.ai/tutorials/cpu/cpu_best_practises.html])
  dgl_warning(
fdcompcn_tr40_seed72 epoch=034 loss=0.031055 val_AUPRC=0.122269 best=0.136183(14) patience=20/20 train=1.165s val=0.789s
/workspace/pmp_vast/envs/pmp-author/lib/python3.10/site-packages/dgl/dataloading/dataloader.py:1076: DGLWarning: Dataloader CPU affinity opt is not enabled, consider switching it on (see enable_cpu_affinity() or CPU best practices for DGL [https://docs.dgl.ai/tutorials/cpu/cpu_best_practises.html])
  dgl_warning(
/workspace/pmp_vast/envs/pmp-author/lib/python3.10/site-packages/dgl/dataloading/dataloader.py:1076: DGLWarning: Dataloader CPU affinity opt is not enabled, consider switching it on (see enable_cpu_affinity() or CPU best practices for DGL [https://docs.dgl.ai/tutorials/cpu/cpu_best_practises.html])
  dgl_warning(
FINAL fdcompcn_tr40_seed72 PASS | AUPRC=0.126560 AUROC=0.567940 MacroF1=0.503694 Recall=0.107143

===== FINAL fdcompcn_tr30_seed2 =====
/workspace/pmp_vast/envs/pmp-author/lib/python3.10/site-packages/dgl/dataloading/dataloader.py:1076: DGLWarning: Dataloader CPU affinity opt is not enabled, consider switching it on (see enable_cpu_affinity() or CPU best practices for DGL [https://docs.dgl.ai/tutorials/cpu/cpu_best_practises.html])
  dgl_warning(
fdcompcn_tr30_seed2 epoch=001 loss=0.715784 val_AUPRC=0.115489 best=0.115489(1) patience=0/20 train=0.880s val=0.889s
/workspace/pmp_vast/envs/pmp-author/lib/python3.10/site-packages/dgl/dataloading/dataloader.py:1076: DGLWarning: Dataloader CPU affinity opt is not enabled, consider switching it on (see enable_cpu_affinity() or CPU best practices for DGL [https://docs.dgl.ai/tutorials/cpu/cpu_best_practises.html])
  dgl_warning(
/workspace/pmp_vast/envs/pmp-author/lib/python3.10/site-packages/dgl/dataloading/dataloader.py:1076: DGLWarning: Dataloader CPU affinity opt is not enabled, consider switching it on (see enable_cpu_affinity() or CPU best practices for DGL [https://docs.dgl.ai/tutorials/cpu/cpu_best_practises.html])
  dgl_warning(
/workspace/pmp_vast/envs/pmp-author/lib/python3.10/site-packages/dgl/dataloading/dataloader.py:1076: DGLWarning: Dataloader CPU affinity opt is not enabled, consider switching it on (see enable_cpu_affinity() or CPU best practices for DGL [https://docs.dgl.ai/tutorials/cpu/cpu_best_practises.html])
  dgl_warning(
fdcompcn_tr30_seed2 epoch=004 loss=0.312162 val_AUPRC=0.116156 best=0.116156(4) patience=0/20 train=0.698s val=0.692s
/workspace/pmp_vast/envs/pmp-author/lib/python3.10/site-packages/dgl/dataloading/dataloader.py:1076: DGLWarning: Dataloader CPU affinity opt is not enabled, consider switching it on (see enable_cpu_affinity() or CPU best practices for DGL [https://docs.dgl.ai/tutorials/cpu/cpu_best_practises.html])
  dgl_warning(
fdcompcn_tr30_seed2 epoch=005 loss=0.340619 val_AUPRC=0.117037 best=0.117037(5) patience=0/20 train=0.692s val=1.088s
/workspace/pmp_vast/envs/pmp-author/lib/python3.10/site-packages/dgl/dataloading/dataloader.py:1076: DGLWarning: Dataloader CPU affinity opt is not enabled, consider switching it on (see enable_cpu_affinity() or CPU best practices for DGL [https://docs.dgl.ai/tutorials/cpu/cpu_best_practises.html])
  dgl_warning(
fdcompcn_tr30_seed2 epoch=006 loss=0.309219 val_AUPRC=0.117561 best=0.117561(6) patience=0/20 train=1.019s val=0.919s
/workspace/pmp_vast/envs/pmp-author/lib/python3.10/site-packages/dgl/dataloading/dataloader.py:1076: DGLWarning: Dataloader CPU affinity opt is not enabled, consider switching it on (see enable_cpu_affinity() or CPU best practices for DGL [https://docs.dgl.ai/tutorials/cpu/cpu_best_practises.html])
  dgl_warning(
fdcompcn_tr30_seed2 epoch=007 loss=0.297889 val_AUPRC=0.117974 best=0.117974(7) patience=0/20 train=0.698s val=0.825s
/workspace/pmp_vast/envs/pmp-author/lib/python3.10/site-packages/dgl/dataloading/dataloader.py:1076: DGLWarning: Dataloader CPU affinity opt is not enabled, consider switching it on (see enable_cpu_affinity() or CPU best practices for DGL [https://docs.dgl.ai/tutorials/cpu/cpu_best_practises.html])
  dgl_warning(
fdcompcn_tr30_seed2 epoch=008 loss=0.334398 val_AUPRC=0.118404 best=0.118404(8) patience=0/20 train=1.123s val=0.750s
/workspace/pmp_vast/envs/pmp-author/lib/python3.10/site-packages/dgl/dataloading/dataloader.py:1076: DGLWarning: Dataloader CPU affinity opt is not enabled, consider switching it on (see enable_cpu_affinity() or CPU best practices for DGL [https://docs.dgl.ai/tutorials/cpu/cpu_best_practises.html])
  dgl_warning(
fdcompcn_tr30_seed2 epoch=009 loss=0.304779 val_AUPRC=0.119538 best=0.119538(9) patience=0/20 train=1.193s val=0.521s
/workspace/pmp_vast/envs/pmp-author/lib/python3.10/site-packages/dgl/dataloading/dataloader.py:1076: DGLWarning: Dataloader CPU affinity opt is not enabled, consider switching it on (see enable_cpu_affinity() or CPU best practices for DGL [https://docs.dgl.ai/tutorials/cpu/cpu_best_practises.html])
  dgl_warning(
fdcompcn_tr30_seed2 epoch=010 loss=0.290873 val_AUPRC=0.121813 best=0.121813(10) patience=0/20 train=0.686s val=0.624s
/workspace/pmp_vast/envs/pmp-author/lib/python3.10/site-packages/dgl/dataloading/dataloader.py:1076: DGLWarning: Dataloader CPU affinity opt is not enabled, consider switching it on (see enable_cpu_affinity() or CPU best practices for DGL [https://docs.dgl.ai/tutorials/cpu/cpu_best_practises.html])
  dgl_warning(
fdcompcn_tr30_seed2 epoch=011 loss=0.311766 val_AUPRC=0.124693 best=0.124693(11) patience=0/20 train=0.760s val=0.920s
/workspace/pmp_vast/envs/pmp-author/lib/python3.10/site-packages/dgl/dataloading/dataloader.py:1076: DGLWarning: Dataloader CPU affinity opt is not enabled, consider switching it on (see enable_cpu_affinity() or CPU best practices for DGL [https://docs.dgl.ai/tutorials/cpu/cpu_best_practises.html])
  dgl_warning(
fdcompcn_tr30_seed2 epoch=012 loss=0.312849 val_AUPRC=0.128727 best=0.128727(12) patience=0/20 train=0.797s val=0.794s
/workspace/pmp_vast/envs/pmp-author/lib/python3.10/site-packages/dgl/dataloading/dataloader.py:1076: DGLWarning: Dataloader CPU affinity opt is not enabled, consider switching it on (see enable_cpu_affinity() or CPU best practices for DGL [https://docs.dgl.ai/tutorials/cpu/cpu_best_practises.html])
  dgl_warning(
fdcompcn_tr30_seed2 epoch=013 loss=0.266389 val_AUPRC=0.133843 best=0.133843(13) patience=0/20 train=0.756s val=0.615s
/workspace/pmp_vast/envs/pmp-author/lib/python3.10/site-packages/dgl/dataloading/dataloader.py:1076: DGLWarning: Dataloader CPU affinity opt is not enabled, consider switching it on (see enable_cpu_affinity() or CPU best practices for DGL [https://docs.dgl.ai/tutorials/cpu/cpu_best_practises.html])
  dgl_warning(
fdcompcn_tr30_seed2 epoch=014 loss=0.248412 val_AUPRC=0.138639 best=0.138639(14) patience=0/20 train=0.617s val=0.439s
/workspace/pmp_vast/envs/pmp-author/lib/python3.10/site-packages/dgl/dataloading/dataloader.py:1076: DGLWarning: Dataloader CPU affinity opt is not enabled, consider switching it on (see enable_cpu_affinity() or CPU best practices for DGL [https://docs.dgl.ai/tutorials/cpu/cpu_best_practises.html])
  dgl_warning(
fdcompcn_tr30_seed2 epoch=015 loss=0.236672 val_AUPRC=0.142326 best=0.142326(15) patience=0/20 train=0.516s val=0.876s
/workspace/pmp_vast/envs/pmp-author/lib/python3.10/site-packages/dgl/dataloading/dataloader.py:1076: DGLWarning: Dataloader CPU affinity opt is not enabled, consider switching it on (see enable_cpu_affinity() or CPU best practices for DGL [https://docs.dgl.ai/tutorials/cpu/cpu_best_practises.html])
  dgl_warning(
fdcompcn_tr30_seed2 epoch=016 loss=0.254916 val_AUPRC=0.144207 best=0.144207(16) patience=0/20 train=0.700s val=0.431s
/workspace/pmp_vast/envs/pmp-author/lib/python3.10/site-packages/dgl/dataloading/dataloader.py:1076: DGLWarning: Dataloader CPU affinity opt is not enabled, consider switching it on (see enable_cpu_affinity() or CPU best practices for DGL [https://docs.dgl.ai/tutorials/cpu/cpu_best_practises.html])
  dgl_warning(
/workspace/pmp_vast/envs/pmp-author/lib/python3.10/site-packages/dgl/dataloading/dataloader.py:1076: DGLWarning: Dataloader CPU affinity opt is not enabled, consider switching it on (see enable_cpu_affinity() or CPU best practices for DGL [https://docs.dgl.ai/tutorials/cpu/cpu_best_practises.html])
  dgl_warning(
/workspace/pmp_vast/envs/pmp-author/lib/python3.10/site-packages/dgl/dataloading/dataloader.py:1076: DGLWarning: Dataloader CPU affinity opt is not enabled, consider switching it on (see enable_cpu_affinity() or CPU best practices for DGL [https://docs.dgl.ai/tutorials/cpu/cpu_best_practises.html])
  dgl_warning(
/workspace/pmp_vast/envs/pmp-author/lib/python3.10/site-packages/dgl/dataloading/dataloader.py:1076: DGLWarning: Dataloader CPU affinity opt is not enabled, consider switching it on (see enable_cpu_affinity() or CPU best practices for DGL [https://docs.dgl.ai/tutorials/cpu/cpu_best_practises.html])
  dgl_warning(
fdcompcn_tr30_seed2 epoch=020 loss=0.110886 val_AUPRC=0.119673 best=0.144207(16) patience=4/20 train=0.627s val=0.631s
/workspace/pmp_vast/envs/pmp-author/lib/python3.10/site-packages/dgl/dataloading/dataloader.py:1076: DGLWarning: Dataloader CPU affinity opt is not enabled, consider switching it on (see enable_cpu_affinity() or CPU best practices for DGL [https://docs.dgl.ai/tutorials/cpu/cpu_best_practises.html])
  dgl_warning(
/workspace/pmp_vast/envs/pmp-author/lib/python3.10/site-packages/dgl/dataloading/dataloader.py:1076: DGLWarning: Dataloader CPU affinity opt is not enabled, consider switching it on (see enable_cpu_affinity() or CPU best practices for DGL [https://docs.dgl.ai/tutorials/cpu/cpu_best_practises.html])
  dgl_warning(
/workspace/pmp_vast/envs/pmp-author/lib/python3.10/site-packages/dgl/dataloading/dataloader.py:1076: DGLWarning: Dataloader CPU affinity opt is not enabled, consider switching it on (see enable_cpu_affinity() or CPU best practices for DGL [https://docs.dgl.ai/tutorials/cpu/cpu_best_practises.html])
  dgl_warning(
/workspace/pmp_vast/envs/pmp-author/lib/python3.10/site-packages/dgl/dataloading/dataloader.py:1076: DGLWarning: Dataloader CPU affinity opt is not enabled, consider switching it on (see enable_cpu_affinity() or CPU best practices for DGL [https://docs.dgl.ai/tutorials/cpu/cpu_best_practises.html])
  dgl_warning(
/workspace/pmp_vast/envs/pmp-author/lib/python3.10/site-packages/dgl/dataloading/dataloader.py:1076: DGLWarning: Dataloader CPU affinity opt is not enabled, consider switching it on (see enable_cpu_affinity() or CPU best practices for DGL [https://docs.dgl.ai/tutorials/cpu/cpu_best_practises.html])
  dgl_warning(
/workspace/pmp_vast/envs/pmp-author/lib/python3.10/site-packages/dgl/dataloading/dataloader.py:1076: DGLWarning: Dataloader CPU affinity opt is not enabled, consider switching it on (see enable_cpu_affinity() or CPU best practices for DGL [https://docs.dgl.ai/tutorials/cpu/cpu_best_practises.html])
  dgl_warning(
/workspace/pmp_vast/envs/pmp-author/lib/python3.10/site-packages/dgl/dataloading/dataloader.py:1076: DGLWarning: Dataloader CPU affinity opt is not enabled, consider switching it on (see enable_cpu_affinity() or CPU best practices for DGL [https://docs.dgl.ai/tutorials/cpu/cpu_best_practises.html])
  dgl_warning(
/workspace/pmp_vast/envs/pmp-author/lib/python3.10/site-packages/dgl/dataloading/dataloader.py:1076: DGLWarning: Dataloader CPU affinity opt is not enabled, consider switching it on (see enable_cpu_affinity() or CPU best practices for DGL [https://docs.dgl.ai/tutorials/cpu/cpu_best_practises.html])
  dgl_warning(
/workspace/pmp_vast/envs/pmp-author/lib/python3.10/site-packages/dgl/dataloading/dataloader.py:1076: DGLWarning: Dataloader CPU affinity opt is not enabled, consider switching it on (see enable_cpu_affinity() or CPU best practices for DGL [https://docs.dgl.ai/tutorials/cpu/cpu_best_practises.html])
  dgl_warning(
/workspace/pmp_vast/envs/pmp-author/lib/python3.10/site-packages/dgl/dataloading/dataloader.py:1076: DGLWarning: Dataloader CPU affinity opt is not enabled, consider switching it on (see enable_cpu_affinity() or CPU best practices for DGL [https://docs.dgl.ai/tutorials/cpu/cpu_best_practises.html])
  dgl_warning(
fdcompcn_tr30_seed2 epoch=030 loss=0.046367 val_AUPRC=0.122494 best=0.144207(16) patience=14/20 train=0.876s val=0.848s
/workspace/pmp_vast/envs/pmp-author/lib/python3.10/site-packages/dgl/dataloading/dataloader.py:1076: DGLWarning: Dataloader CPU affinity opt is not enabled, consider switching it on (see enable_cpu_affinity() or CPU best practices for DGL [https://docs.dgl.ai/tutorials/cpu/cpu_best_practises.html])
  dgl_warning(
/workspace/pmp_vast/envs/pmp-author/lib/python3.10/site-packages/dgl/dataloading/dataloader.py:1076: DGLWarning: Dataloader CPU affinity opt is not enabled, consider switching it on (see enable_cpu_affinity() or CPU best practices for DGL [https://docs.dgl.ai/tutorials/cpu/cpu_best_practises.html])
  dgl_warning(
/workspace/pmp_vast/envs/pmp-author/lib/python3.10/site-packages/dgl/dataloading/dataloader.py:1076: DGLWarning: Dataloader CPU affinity opt is not enabled, consider switching it on (see enable_cpu_affinity() or CPU best practices for DGL [https://docs.dgl.ai/tutorials/cpu/cpu_best_practises.html])
  dgl_warning(
/workspace/pmp_vast/envs/pmp-author/lib/python3.10/site-packages/dgl/dataloading/dataloader.py:1076: DGLWarning: Dataloader CPU affinity opt is not enabled, consider switching it on (see enable_cpu_affinity() or CPU best practices for DGL [https://docs.dgl.ai/tutorials/cpu/cpu_best_practises.html])
  dgl_warning(
/workspace/pmp_vast/envs/pmp-author/lib/python3.10/site-packages/dgl/dataloading/dataloader.py:1076: DGLWarning: Dataloader CPU affinity opt is not enabled, consider switching it on (see enable_cpu_affinity() or CPU best practices for DGL [https://docs.dgl.ai/tutorials/cpu/cpu_best_practises.html])
  dgl_warning(
/workspace/pmp_vast/envs/pmp-author/lib/python3.10/site-packages/dgl/dataloading/dataloader.py:1076: DGLWarning: Dataloader CPU affinity opt is not enabled, consider switching it on (see enable_cpu_affinity() or CPU best practices for DGL [https://docs.dgl.ai/tutorials/cpu/cpu_best_practises.html])
  dgl_warning(
fdcompcn_tr30_seed2 epoch=036 loss=0.037689 val_AUPRC=0.117311 best=0.144207(16) patience=20/20 train=0.626s val=0.651s
/workspace/pmp_vast/envs/pmp-author/lib/python3.10/site-packages/dgl/dataloading/dataloader.py:1076: DGLWarning: Dataloader CPU affinity opt is not enabled, consider switching it on (see enable_cpu_affinity() or CPU best practices for DGL [https://docs.dgl.ai/tutorials/cpu/cpu_best_practises.html])
  dgl_warning(
/workspace/pmp_vast/envs/pmp-author/lib/python3.10/site-packages/dgl/dataloading/dataloader.py:1076: DGLWarning: Dataloader CPU affinity opt is not enabled, consider switching it on (see enable_cpu_affinity() or CPU best practices for DGL [https://docs.dgl.ai/tutorials/cpu/cpu_best_practises.html])
  dgl_warning(
FINAL fdcompcn_tr30_seed2 PASS | AUPRC=0.130686 AUROC=0.560595 MacroF1=0.511072 Recall=0.133929

===== FINAL fdcompcn_tr30_seed42 =====
/workspace/pmp_vast/envs/pmp-author/lib/python3.10/site-packages/dgl/dataloading/dataloader.py:1076: DGLWarning: Dataloader CPU affinity opt is not enabled, consider switching it on (see enable_cpu_affinity() or CPU best practices for DGL [https://docs.dgl.ai/tutorials/cpu/cpu_best_practises.html])
  dgl_warning(
fdcompcn_tr30_seed42 epoch=001 loss=0.511444 val_AUPRC=0.127037 best=0.127037(1) patience=0/20 train=0.896s val=0.450s
/workspace/pmp_vast/envs/pmp-author/lib/python3.10/site-packages/dgl/dataloading/dataloader.py:1076: DGLWarning: Dataloader CPU affinity opt is not enabled, consider switching it on (see enable_cpu_affinity() or CPU best practices for DGL [https://docs.dgl.ai/tutorials/cpu/cpu_best_practises.html])
  dgl_warning(
/workspace/pmp_vast/envs/pmp-author/lib/python3.10/site-packages/dgl/dataloading/dataloader.py:1076: DGLWarning: Dataloader CPU affinity opt is not enabled, consider switching it on (see enable_cpu_affinity() or CPU best practices for DGL [https://docs.dgl.ai/tutorials/cpu/cpu_best_practises.html])
  dgl_warning(
/workspace/pmp_vast/envs/pmp-author/lib/python3.10/site-packages/dgl/dataloading/dataloader.py:1076: DGLWarning: Dataloader CPU affinity opt is not enabled, consider switching it on (see enable_cpu_affinity() or CPU best practices for DGL [https://docs.dgl.ai/tutorials/cpu/cpu_best_practises.html])
  dgl_warning(
fdcompcn_tr30_seed42 epoch=004 loss=0.342608 val_AUPRC=0.128483 best=0.128483(4) patience=0/20 train=0.750s val=0.480s
/workspace/pmp_vast/envs/pmp-author/lib/python3.10/site-packages/dgl/dataloading/dataloader.py:1076: DGLWarning: Dataloader CPU affinity opt is not enabled, consider switching it on (see enable_cpu_affinity() or CPU best practices for DGL [https://docs.dgl.ai/tutorials/cpu/cpu_best_practises.html])
  dgl_warning(
fdcompcn_tr30_seed42 epoch=005 loss=0.320806 val_AUPRC=0.133672 best=0.133672(5) patience=0/20 train=0.532s val=0.435s
/workspace/pmp_vast/envs/pmp-author/lib/python3.10/site-packages/dgl/dataloading/dataloader.py:1076: DGLWarning: Dataloader CPU affinity opt is not enabled, consider switching it on (see enable_cpu_affinity() or CPU best practices for DGL [https://docs.dgl.ai/tutorials/cpu/cpu_best_practises.html])
  dgl_warning(
fdcompcn_tr30_seed42 epoch=006 loss=0.370219 val_AUPRC=0.137186 best=0.137186(6) patience=0/20 train=0.755s val=0.587s
/workspace/pmp_vast/envs/pmp-author/lib/python3.10/site-packages/dgl/dataloading/dataloader.py:1076: DGLWarning: Dataloader CPU affinity opt is not enabled, consider switching it on (see enable_cpu_affinity() or CPU best practices for DGL [https://docs.dgl.ai/tutorials/cpu/cpu_best_practises.html])
  dgl_warning(
fdcompcn_tr30_seed42 epoch=007 loss=0.305044 val_AUPRC=0.140551 best=0.140551(7) patience=0/20 train=0.675s val=0.505s
/workspace/pmp_vast/envs/pmp-author/lib/python3.10/site-packages/dgl/dataloading/dataloader.py:1076: DGLWarning: Dataloader CPU affinity opt is not enabled, consider switching it on (see enable_cpu_affinity() or CPU best practices for DGL [https://docs.dgl.ai/tutorials/cpu/cpu_best_practises.html])
  dgl_warning(
fdcompcn_tr30_seed42 epoch=008 loss=0.289080 val_AUPRC=0.143216 best=0.143216(8) patience=0/20 train=0.539s val=0.512s
/workspace/pmp_vast/envs/pmp-author/lib/python3.10/site-packages/dgl/dataloading/dataloader.py:1076: DGLWarning: Dataloader CPU affinity opt is not enabled, consider switching it on (see enable_cpu_affinity() or CPU best practices for DGL [https://docs.dgl.ai/tutorials/cpu/cpu_best_practises.html])
  dgl_warning(
fdcompcn_tr30_seed42 epoch=009 loss=0.281743 val_AUPRC=0.145258 best=0.145258(9) patience=0/20 train=0.558s val=0.877s
/workspace/pmp_vast/envs/pmp-author/lib/python3.10/site-packages/dgl/dataloading/dataloader.py:1076: DGLWarning: Dataloader CPU affinity opt is not enabled, consider switching it on (see enable_cpu_affinity() or CPU best practices for DGL [https://docs.dgl.ai/tutorials/cpu/cpu_best_practises.html])
  dgl_warning(
fdcompcn_tr30_seed42 epoch=010 loss=0.336168 val_AUPRC=0.144197 best=0.145258(9) patience=1/20 train=0.605s val=0.526s
/workspace/pmp_vast/envs/pmp-author/lib/python3.10/site-packages/dgl/dataloading/dataloader.py:1076: DGLWarning: Dataloader CPU affinity opt is not enabled, consider switching it on (see enable_cpu_affinity() or CPU best practices for DGL [https://docs.dgl.ai/tutorials/cpu/cpu_best_practises.html])
  dgl_warning(
/workspace/pmp_vast/envs/pmp-author/lib/python3.10/site-packages/dgl/dataloading/dataloader.py:1076: DGLWarning: Dataloader CPU affinity opt is not enabled, consider switching it on (see enable_cpu_affinity() or CPU best practices for DGL [https://docs.dgl.ai/tutorials/cpu/cpu_best_practises.html])
  dgl_warning(
/workspace/pmp_vast/envs/pmp-author/lib/python3.10/site-packages/dgl/dataloading/dataloader.py:1076: DGLWarning: Dataloader CPU affinity opt is not enabled, consider switching it on (see enable_cpu_affinity() or CPU best practices for DGL [https://docs.dgl.ai/tutorials/cpu/cpu_best_practises.html])
  dgl_warning(
/workspace/pmp_vast/envs/pmp-author/lib/python3.10/site-packages/dgl/dataloading/dataloader.py:1076: DGLWarning: Dataloader CPU affinity opt is not enabled, consider switching it on (see enable_cpu_affinity() or CPU best practices for DGL [https://docs.dgl.ai/tutorials/cpu/cpu_best_practises.html])
  dgl_warning(
/workspace/pmp_vast/envs/pmp-author/lib/python3.10/site-packages/dgl/dataloading/dataloader.py:1076: DGLWarning: Dataloader CPU affinity opt is not enabled, consider switching it on (see enable_cpu_affinity() or CPU best practices for DGL [https://docs.dgl.ai/tutorials/cpu/cpu_best_practises.html])
  dgl_warning(
/workspace/pmp_vast/envs/pmp-author/lib/python3.10/site-packages/dgl/dataloading/dataloader.py:1076: DGLWarning: Dataloader CPU affinity opt is not enabled, consider switching it on (see enable_cpu_affinity() or CPU best practices for DGL [https://docs.dgl.ai/tutorials/cpu/cpu_best_practises.html])
  dgl_warning(
/workspace/pmp_vast/envs/pmp-author/lib/python3.10/site-packages/dgl/dataloading/dataloader.py:1076: DGLWarning: Dataloader CPU affinity opt is not enabled, consider switching it on (see enable_cpu_affinity() or CPU best practices for DGL [https://docs.dgl.ai/tutorials/cpu/cpu_best_practises.html])
  dgl_warning(
/workspace/pmp_vast/envs/pmp-author/lib/python3.10/site-packages/dgl/dataloading/dataloader.py:1076: DGLWarning: Dataloader CPU affinity opt is not enabled, consider switching it on (see enable_cpu_affinity() or CPU best practices for DGL [https://docs.dgl.ai/tutorials/cpu/cpu_best_practises.html])
  dgl_warning(
/workspace/pmp_vast/envs/pmp-author/lib/python3.10/site-packages/dgl/dataloading/dataloader.py:1076: DGLWarning: Dataloader CPU affinity opt is not enabled, consider switching it on (see enable_cpu_affinity() or CPU best practices for DGL [https://docs.dgl.ai/tutorials/cpu/cpu_best_practises.html])
  dgl_warning(
/workspace/pmp_vast/envs/pmp-author/lib/python3.10/site-packages/dgl/dataloading/dataloader.py:1076: DGLWarning: Dataloader CPU affinity opt is not enabled, consider switching it on (see enable_cpu_affinity() or CPU best practices for DGL [https://docs.dgl.ai/tutorials/cpu/cpu_best_practises.html])
  dgl_warning(
fdcompcn_tr30_seed42 epoch=020 loss=0.173465 val_AUPRC=0.128947 best=0.145258(9) patience=11/20 train=0.684s val=0.585s
/workspace/pmp_vast/envs/pmp-author/lib/python3.10/site-packages/dgl/dataloading/dataloader.py:1076: DGLWarning: Dataloader CPU affinity opt is not enabled, consider switching it on (see enable_cpu_affinity() or CPU best practices for DGL [https://docs.dgl.ai/tutorials/cpu/cpu_best_practises.html])
  dgl_warning(
/workspace/pmp_vast/envs/pmp-author/lib/python3.10/site-packages/dgl/dataloading/dataloader.py:1076: DGLWarning: Dataloader CPU affinity opt is not enabled, consider switching it on (see enable_cpu_affinity() or CPU best practices for DGL [https://docs.dgl.ai/tutorials/cpu/cpu_best_practises.html])
  dgl_warning(
/workspace/pmp_vast/envs/pmp-author/lib/python3.10/site-packages/dgl/dataloading/dataloader.py:1076: DGLWarning: Dataloader CPU affinity opt is not enabled, consider switching it on (see enable_cpu_affinity() or CPU best practices for DGL [https://docs.dgl.ai/tutorials/cpu/cpu_best_practises.html])
  dgl_warning(
/workspace/pmp_vast/envs/pmp-author/lib/python3.10/site-packages/dgl/dataloading/dataloader.py:1076: DGLWarning: Dataloader CPU affinity opt is not enabled, consider switching it on (see enable_cpu_affinity() or CPU best practices for DGL [https://docs.dgl.ai/tutorials/cpu/cpu_best_practises.html])
  dgl_warning(
/workspace/pmp_vast/envs/pmp-author/lib/python3.10/site-packages/dgl/dataloading/dataloader.py:1076: DGLWarning: Dataloader CPU affinity opt is not enabled, consider switching it on (see enable_cpu_affinity() or CPU best practices for DGL [https://docs.dgl.ai/tutorials/cpu/cpu_best_practises.html])
  dgl_warning(
/workspace/pmp_vast/envs/pmp-author/lib/python3.10/site-packages/dgl/dataloading/dataloader.py:1076: DGLWarning: Dataloader CPU affinity opt is not enabled, consider switching it on (see enable_cpu_affinity() or CPU best practices for DGL [https://docs.dgl.ai/tutorials/cpu/cpu_best_practises.html])
  dgl_warning(
/workspace/pmp_vast/envs/pmp-author/lib/python3.10/site-packages/dgl/dataloading/dataloader.py:1076: DGLWarning: Dataloader CPU affinity opt is not enabled, consider switching it on (see enable_cpu_affinity() or CPU best practices for DGL [https://docs.dgl.ai/tutorials/cpu/cpu_best_practises.html])
  dgl_warning(
/workspace/pmp_vast/envs/pmp-author/lib/python3.10/site-packages/dgl/dataloading/dataloader.py:1076: DGLWarning: Dataloader CPU affinity opt is not enabled, consider switching it on (see enable_cpu_affinity() or CPU best practices for DGL [https://docs.dgl.ai/tutorials/cpu/cpu_best_practises.html])
  dgl_warning(
/workspace/pmp_vast/envs/pmp-author/lib/python3.10/site-packages/dgl/dataloading/dataloader.py:1076: DGLWarning: Dataloader CPU affinity opt is not enabled, consider switching it on (see enable_cpu_affinity() or CPU best practices for DGL [https://docs.dgl.ai/tutorials/cpu/cpu_best_practises.html])
  dgl_warning(
fdcompcn_tr30_seed42 epoch=029 loss=0.058826 val_AUPRC=0.113764 best=0.145258(9) patience=20/20 train=0.496s val=0.429s
/workspace/pmp_vast/envs/pmp-author/lib/python3.10/site-packages/dgl/dataloading/dataloader.py:1076: DGLWarning: Dataloader CPU affinity opt is not enabled, consider switching it on (see enable_cpu_affinity() or CPU best practices for DGL [https://docs.dgl.ai/tutorials/cpu/cpu_best_practises.html])
  dgl_warning(
/workspace/pmp_vast/envs/pmp-author/lib/python3.10/site-packages/dgl/dataloading/dataloader.py:1076: DGLWarning: Dataloader CPU affinity opt is not enabled, consider switching it on (see enable_cpu_affinity() or CPU best practices for DGL [https://docs.dgl.ai/tutorials/cpu/cpu_best_practises.html])
  dgl_warning(
FINAL fdcompcn_tr30_seed42 PASS | AUPRC=0.126364 AUROC=0.535894 MacroF1=0.504356 Recall=0.102679

===== FINAL fdcompcn_tr30_seed72 =====
/workspace/pmp_vast/envs/pmp-author/lib/python3.10/site-packages/dgl/dataloading/dataloader.py:1076: DGLWarning: Dataloader CPU affinity opt is not enabled, consider switching it on (see enable_cpu_affinity() or CPU best practices for DGL [https://docs.dgl.ai/tutorials/cpu/cpu_best_practises.html])
  dgl_warning(
fdcompcn_tr30_seed72 epoch=001 loss=0.524325 val_AUPRC=0.116249 best=0.116249(1) patience=0/20 train=0.493s val=0.424s
/workspace/pmp_vast/envs/pmp-author/lib/python3.10/site-packages/dgl/dataloading/dataloader.py:1076: DGLWarning: Dataloader CPU affinity opt is not enabled, consider switching it on (see enable_cpu_affinity() or CPU best practices for DGL [https://docs.dgl.ai/tutorials/cpu/cpu_best_practises.html])
  dgl_warning(
/workspace/pmp_vast/envs/pmp-author/lib/python3.10/site-packages/dgl/dataloading/dataloader.py:1076: DGLWarning: Dataloader CPU affinity opt is not enabled, consider switching it on (see enable_cpu_affinity() or CPU best practices for DGL [https://docs.dgl.ai/tutorials/cpu/cpu_best_practises.html])
  dgl_warning(
/workspace/pmp_vast/envs/pmp-author/lib/python3.10/site-packages/dgl/dataloading/dataloader.py:1076: DGLWarning: Dataloader CPU affinity opt is not enabled, consider switching it on (see enable_cpu_affinity() or CPU best practices for DGL [https://docs.dgl.ai/tutorials/cpu/cpu_best_practises.html])
  dgl_warning(
/workspace/pmp_vast/envs/pmp-author/lib/python3.10/site-packages/dgl/dataloading/dataloader.py:1076: DGLWarning: Dataloader CPU affinity opt is not enabled, consider switching it on (see enable_cpu_affinity() or CPU best practices for DGL [https://docs.dgl.ai/tutorials/cpu/cpu_best_practises.html])
  dgl_warning(
/workspace/pmp_vast/envs/pmp-author/lib/python3.10/site-packages/dgl/dataloading/dataloader.py:1076: DGLWarning: Dataloader CPU affinity opt is not enabled, consider switching it on (see enable_cpu_affinity() or CPU best practices for DGL [https://docs.dgl.ai/tutorials/cpu/cpu_best_practises.html])
  dgl_warning(
/workspace/pmp_vast/envs/pmp-author/lib/python3.10/site-packages/dgl/dataloading/dataloader.py:1076: DGLWarning: Dataloader CPU affinity opt is not enabled, consider switching it on (see enable_cpu_affinity() or CPU best practices for DGL [https://docs.dgl.ai/tutorials/cpu/cpu_best_practises.html])
  dgl_warning(
/workspace/pmp_vast/envs/pmp-author/lib/python3.10/site-packages/dgl/dataloading/dataloader.py:1076: DGLWarning: Dataloader CPU affinity opt is not enabled, consider switching it on (see enable_cpu_affinity() or CPU best practices for DGL [https://docs.dgl.ai/tutorials/cpu/cpu_best_practises.html])
  dgl_warning(
/workspace/pmp_vast/envs/pmp-author/lib/python3.10/site-packages/dgl/dataloading/dataloader.py:1076: DGLWarning: Dataloader CPU affinity opt is not enabled, consider switching it on (see enable_cpu_affinity() or CPU best practices for DGL [https://docs.dgl.ai/tutorials/cpu/cpu_best_practises.html])
  dgl_warning(
fdcompcn_tr30_seed72 epoch=009 loss=0.309490 val_AUPRC=0.117359 best=0.117359(9) patience=0/20 train=0.491s val=0.380s
/workspace/pmp_vast/envs/pmp-author/lib/python3.10/site-packages/dgl/dataloading/dataloader.py:1076: DGLWarning: Dataloader CPU affinity opt is not enabled, consider switching it on (see enable_cpu_affinity() or CPU best practices for DGL [https://docs.dgl.ai/tutorials/cpu/cpu_best_practises.html])
  dgl_warning(
fdcompcn_tr30_seed72 epoch=010 loss=0.326561 val_AUPRC=0.125380 best=0.125380(10) patience=0/20 train=0.433s val=0.409s
/workspace/pmp_vast/envs/pmp-author/lib/python3.10/site-packages/dgl/dataloading/dataloader.py:1076: DGLWarning: Dataloader CPU affinity opt is not enabled, consider switching it on (see enable_cpu_affinity() or CPU best practices for DGL [https://docs.dgl.ai/tutorials/cpu/cpu_best_practises.html])
  dgl_warning(
fdcompcn_tr30_seed72 epoch=011 loss=0.273868 val_AUPRC=0.126786 best=0.126786(11) patience=0/20 train=0.494s val=0.387s
/workspace/pmp_vast/envs/pmp-author/lib/python3.10/site-packages/dgl/dataloading/dataloader.py:1076: DGLWarning: Dataloader CPU affinity opt is not enabled, consider switching it on (see enable_cpu_affinity() or CPU best practices for DGL [https://docs.dgl.ai/tutorials/cpu/cpu_best_practises.html])
  dgl_warning(
/workspace/pmp_vast/envs/pmp-author/lib/python3.10/site-packages/dgl/dataloading/dataloader.py:1076: DGLWarning: Dataloader CPU affinity opt is not enabled, consider switching it on (see enable_cpu_affinity() or CPU best practices for DGL [https://docs.dgl.ai/tutorials/cpu/cpu_best_practises.html])
  dgl_warning(
fdcompcn_tr30_seed72 epoch=013 loss=0.277873 val_AUPRC=0.128292 best=0.128292(13) patience=0/20 train=0.505s val=0.450s
/workspace/pmp_vast/envs/pmp-author/lib/python3.10/site-packages/dgl/dataloading/dataloader.py:1076: DGLWarning: Dataloader CPU affinity opt is not enabled, consider switching it on (see enable_cpu_affinity() or CPU best practices for DGL [https://docs.dgl.ai/tutorials/cpu/cpu_best_practises.html])
  dgl_warning(
fdcompcn_tr30_seed72 epoch=014 loss=0.285749 val_AUPRC=0.136638 best=0.136638(14) patience=0/20 train=0.595s val=0.415s
/workspace/pmp_vast/envs/pmp-author/lib/python3.10/site-packages/dgl/dataloading/dataloader.py:1076: DGLWarning: Dataloader CPU affinity opt is not enabled, consider switching it on (see enable_cpu_affinity() or CPU best practices for DGL [https://docs.dgl.ai/tutorials/cpu/cpu_best_practises.html])
  dgl_warning(
fdcompcn_tr30_seed72 epoch=015 loss=0.230725 val_AUPRC=0.136910 best=0.136910(15) patience=0/20 train=0.482s val=0.382s
/workspace/pmp_vast/envs/pmp-author/lib/python3.10/site-packages/dgl/dataloading/dataloader.py:1076: DGLWarning: Dataloader CPU affinity opt is not enabled, consider switching it on (see enable_cpu_affinity() or CPU best practices for DGL [https://docs.dgl.ai/tutorials/cpu/cpu_best_practises.html])
  dgl_warning(
/workspace/pmp_vast/envs/pmp-author/lib/python3.10/site-packages/dgl/dataloading/dataloader.py:1076: DGLWarning: Dataloader CPU affinity opt is not enabled, consider switching it on (see enable_cpu_affinity() or CPU best practices for DGL [https://docs.dgl.ai/tutorials/cpu/cpu_best_practises.html])
  dgl_warning(
/workspace/pmp_vast/envs/pmp-author/lib/python3.10/site-packages/dgl/dataloading/dataloader.py:1076: DGLWarning: Dataloader CPU affinity opt is not enabled, consider switching it on (see enable_cpu_affinity() or CPU best practices for DGL [https://docs.dgl.ai/tutorials/cpu/cpu_best_practises.html])
  dgl_warning(
/workspace/pmp_vast/envs/pmp-author/lib/python3.10/site-packages/dgl/dataloading/dataloader.py:1076: DGLWarning: Dataloader CPU affinity opt is not enabled, consider switching it on (see enable_cpu_affinity() or CPU best practices for DGL [https://docs.dgl.ai/tutorials/cpu/cpu_best_practises.html])
  dgl_warning(
/workspace/pmp_vast/envs/pmp-author/lib/python3.10/site-packages/dgl/dataloading/dataloader.py:1076: DGLWarning: Dataloader CPU affinity opt is not enabled, consider switching it on (see enable_cpu_affinity() or CPU best practices for DGL [https://docs.dgl.ai/tutorials/cpu/cpu_best_practises.html])
  dgl_warning(
fdcompcn_tr30_seed72 epoch=020 loss=0.170879 val_AUPRC=0.127013 best=0.136910(15) patience=5/20 train=0.443s val=0.443s
/workspace/pmp_vast/envs/pmp-author/lib/python3.10/site-packages/dgl/dataloading/dataloader.py:1076: DGLWarning: Dataloader CPU affinity opt is not enabled, consider switching it on (see enable_cpu_affinity() or CPU best practices for DGL [https://docs.dgl.ai/tutorials/cpu/cpu_best_practises.html])
  dgl_warning(
/workspace/pmp_vast/envs/pmp-author/lib/python3.10/site-packages/dgl/dataloading/dataloader.py:1076: DGLWarning: Dataloader CPU affinity opt is not enabled, consider switching it on (see enable_cpu_affinity() or CPU best practices for DGL [https://docs.dgl.ai/tutorials/cpu/cpu_best_practises.html])
  dgl_warning(
/workspace/pmp_vast/envs/pmp-author/lib/python3.10/site-packages/dgl/dataloading/dataloader.py:1076: DGLWarning: Dataloader CPU affinity opt is not enabled, consider switching it on (see enable_cpu_affinity() or CPU best practices for DGL [https://docs.dgl.ai/tutorials/cpu/cpu_best_practises.html])
  dgl_warning(
/workspace/pmp_vast/envs/pmp-author/lib/python3.10/site-packages/dgl/dataloading/dataloader.py:1076: DGLWarning: Dataloader CPU affinity opt is not enabled, consider switching it on (see enable_cpu_affinity() or CPU best practices for DGL [https://docs.dgl.ai/tutorials/cpu/cpu_best_practises.html])
  dgl_warning(
/workspace/pmp_vast/envs/pmp-author/lib/python3.10/site-packages/dgl/dataloading/dataloader.py:1076: DGLWarning: Dataloader CPU affinity opt is not enabled, consider switching it on (see enable_cpu_affinity() or CPU best practices for DGL [https://docs.dgl.ai/tutorials/cpu/cpu_best_practises.html])
  dgl_warning(
/workspace/pmp_vast/envs/pmp-author/lib/python3.10/site-packages/dgl/dataloading/dataloader.py:1076: DGLWarning: Dataloader CPU affinity opt is not enabled, consider switching it on (see enable_cpu_affinity() or CPU best practices for DGL [https://docs.dgl.ai/tutorials/cpu/cpu_best_practises.html])
  dgl_warning(
/workspace/pmp_vast/envs/pmp-author/lib/python3.10/site-packages/dgl/dataloading/dataloader.py:1076: DGLWarning: Dataloader CPU affinity opt is not enabled, consider switching it on (see enable_cpu_affinity() or CPU best practices for DGL [https://docs.dgl.ai/tutorials/cpu/cpu_best_practises.html])
  dgl_warning(
/workspace/pmp_vast/envs/pmp-author/lib/python3.10/site-packages/dgl/dataloading/dataloader.py:1076: DGLWarning: Dataloader CPU affinity opt is not enabled, consider switching it on (see enable_cpu_affinity() or CPU best practices for DGL [https://docs.dgl.ai/tutorials/cpu/cpu_best_practises.html])
  dgl_warning(
/workspace/pmp_vast/envs/pmp-author/lib/python3.10/site-packages/dgl/dataloading/dataloader.py:1076: DGLWarning: Dataloader CPU affinity opt is not enabled, consider switching it on (see enable_cpu_affinity() or CPU best practices for DGL [https://docs.dgl.ai/tutorials/cpu/cpu_best_practises.html])
  dgl_warning(
/workspace/pmp_vast/envs/pmp-author/lib/python3.10/site-packages/dgl/dataloading/dataloader.py:1076: DGLWarning: Dataloader CPU affinity opt is not enabled, consider switching it on (see enable_cpu_affinity() or CPU best practices for DGL [https://docs.dgl.ai/tutorials/cpu/cpu_best_practises.html])
  dgl_warning(
fdcompcn_tr30_seed72 epoch=030 loss=0.041372 val_AUPRC=0.118540 best=0.136910(15) patience=15/20 train=0.460s val=0.386s
/workspace/pmp_vast/envs/pmp-author/lib/python3.10/site-packages/dgl/dataloading/dataloader.py:1076: DGLWarning: Dataloader CPU affinity opt is not enabled, consider switching it on (see enable_cpu_affinity() or CPU best practices for DGL [https://docs.dgl.ai/tutorials/cpu/cpu_best_practises.html])
  dgl_warning(
/workspace/pmp_vast/envs/pmp-author/lib/python3.10/site-packages/dgl/dataloading/dataloader.py:1076: DGLWarning: Dataloader CPU affinity opt is not enabled, consider switching it on (see enable_cpu_affinity() or CPU best practices for DGL [https://docs.dgl.ai/tutorials/cpu/cpu_best_practises.html])
  dgl_warning(
/workspace/pmp_vast/envs/pmp-author/lib/python3.10/site-packages/dgl/dataloading/dataloader.py:1076: DGLWarning: Dataloader CPU affinity opt is not enabled, consider switching it on (see enable_cpu_affinity() or CPU best practices for DGL [https://docs.dgl.ai/tutorials/cpu/cpu_best_practises.html])
  dgl_warning(
/workspace/pmp_vast/envs/pmp-author/lib/python3.10/site-packages/dgl/dataloading/dataloader.py:1076: DGLWarning: Dataloader CPU affinity opt is not enabled, consider switching it on (see enable_cpu_affinity() or CPU best practices for DGL [https://docs.dgl.ai/tutorials/cpu/cpu_best_practises.html])
  dgl_warning(
/workspace/pmp_vast/envs/pmp-author/lib/python3.10/site-packages/dgl/dataloading/dataloader.py:1076: DGLWarning: Dataloader CPU affinity opt is not enabled, consider switching it on (see enable_cpu_affinity() or CPU best practices for DGL [https://docs.dgl.ai/tutorials/cpu/cpu_best_practises.html])
  dgl_warning(
fdcompcn_tr30_seed72 epoch=035 loss=0.045572 val_AUPRC=0.115296 best=0.136910(15) patience=20/20 train=0.472s val=0.401s
/workspace/pmp_vast/envs/pmp-author/lib/python3.10/site-packages/dgl/dataloading/dataloader.py:1076: DGLWarning: Dataloader CPU affinity opt is not enabled, consider switching it on (see enable_cpu_affinity() or CPU best practices for DGL [https://docs.dgl.ai/tutorials/cpu/cpu_best_practises.html])
  dgl_warning(
/workspace/pmp_vast/envs/pmp-author/lib/python3.10/site-packages/dgl/dataloading/dataloader.py:1076: DGLWarning: Dataloader CPU affinity opt is not enabled, consider switching it on (see enable_cpu_affinity() or CPU best practices for DGL [https://docs.dgl.ai/tutorials/cpu/cpu_best_practises.html])
  dgl_warning(
FINAL fdcompcn_tr30_seed72 PASS | AUPRC=0.133715 AUROC=0.562744 MacroF1=0.507392 Recall=0.116071

===== FINAL fdcompcn_tr20_seed2 =====
/workspace/pmp_vast/envs/pmp-author/lib/python3.10/site-packages/dgl/dataloading/dataloader.py:1076: DGLWarning: Dataloader CPU affinity opt is not enabled, consider switching it on (see enable_cpu_affinity() or CPU best practices for DGL [https://docs.dgl.ai/tutorials/cpu/cpu_best_practises.html])
  dgl_warning(
fdcompcn_tr20_seed2 epoch=001 loss=0.751131 val_AUPRC=0.117202 best=0.117202(1) patience=0/20 train=0.448s val=0.458s
/workspace/pmp_vast/envs/pmp-author/lib/python3.10/site-packages/dgl/dataloading/dataloader.py:1076: DGLWarning: Dataloader CPU affinity opt is not enabled, consider switching it on (see enable_cpu_affinity() or CPU best practices for DGL [https://docs.dgl.ai/tutorials/cpu/cpu_best_practises.html])
  dgl_warning(
/workspace/pmp_vast/envs/pmp-author/lib/python3.10/site-packages/dgl/dataloading/dataloader.py:1076: DGLWarning: Dataloader CPU affinity opt is not enabled, consider switching it on (see enable_cpu_affinity() or CPU best practices for DGL [https://docs.dgl.ai/tutorials/cpu/cpu_best_practises.html])
  dgl_warning(
/workspace/pmp_vast/envs/pmp-author/lib/python3.10/site-packages/dgl/dataloading/dataloader.py:1076: DGLWarning: Dataloader CPU affinity opt is not enabled, consider switching it on (see enable_cpu_affinity() or CPU best practices for DGL [https://docs.dgl.ai/tutorials/cpu/cpu_best_practises.html])
  dgl_warning(
/workspace/pmp_vast/envs/pmp-author/lib/python3.10/site-packages/dgl/dataloading/dataloader.py:1076: DGLWarning: Dataloader CPU affinity opt is not enabled, consider switching it on (see enable_cpu_affinity() or CPU best practices for DGL [https://docs.dgl.ai/tutorials/cpu/cpu_best_practises.html])
  dgl_warning(
/workspace/pmp_vast/envs/pmp-author/lib/python3.10/site-packages/dgl/dataloading/dataloader.py:1076: DGLWarning: Dataloader CPU affinity opt is not enabled, consider switching it on (see enable_cpu_affinity() or CPU best practices for DGL [https://docs.dgl.ai/tutorials/cpu/cpu_best_practises.html])
  dgl_warning(
/workspace/pmp_vast/envs/pmp-author/lib/python3.10/site-packages/dgl/dataloading/dataloader.py:1076: DGLWarning: Dataloader CPU affinity opt is not enabled, consider switching it on (see enable_cpu_affinity() or CPU best practices for DGL [https://docs.dgl.ai/tutorials/cpu/cpu_best_practises.html])
  dgl_warning(
/workspace/pmp_vast/envs/pmp-author/lib/python3.10/site-packages/dgl/dataloading/dataloader.py:1076: DGLWarning: Dataloader CPU affinity opt is not enabled, consider switching it on (see enable_cpu_affinity() or CPU best practices for DGL [https://docs.dgl.ai/tutorials/cpu/cpu_best_practises.html])
  dgl_warning(
/workspace/pmp_vast/envs/pmp-author/lib/python3.10/site-packages/dgl/dataloading/dataloader.py:1076: DGLWarning: Dataloader CPU affinity opt is not enabled, consider switching it on (see enable_cpu_affinity() or CPU best practices for DGL [https://docs.dgl.ai/tutorials/cpu/cpu_best_practises.html])
  dgl_warning(
/workspace/pmp_vast/envs/pmp-author/lib/python3.10/site-packages/dgl/dataloading/dataloader.py:1076: DGLWarning: Dataloader CPU affinity opt is not enabled, consider switching it on (see enable_cpu_affinity() or CPU best practices for DGL [https://docs.dgl.ai/tutorials/cpu/cpu_best_practises.html])
  dgl_warning(
fdcompcn_tr20_seed2 epoch=010 loss=0.295306 val_AUPRC=0.117008 best=0.117202(1) patience=9/20 train=1.356s val=0.785s
/workspace/pmp_vast/envs/pmp-author/lib/python3.10/site-packages/dgl/dataloading/dataloader.py:1076: DGLWarning: Dataloader CPU affinity opt is not enabled, consider switching it on (see enable_cpu_affinity() or CPU best practices for DGL [https://docs.dgl.ai/tutorials/cpu/cpu_best_practises.html])
  dgl_warning(
fdcompcn_tr20_seed2 epoch=011 loss=0.388242 val_AUPRC=0.117402 best=0.117402(11) patience=0/20 train=0.441s val=0.860s
/workspace/pmp_vast/envs/pmp-author/lib/python3.10/site-packages/dgl/dataloading/dataloader.py:1076: DGLWarning: Dataloader CPU affinity opt is not enabled, consider switching it on (see enable_cpu_affinity() or CPU best practices for DGL [https://docs.dgl.ai/tutorials/cpu/cpu_best_practises.html])
  dgl_warning(
fdcompcn_tr20_seed2 epoch=012 loss=0.264182 val_AUPRC=0.118023 best=0.118023(12) patience=0/20 train=0.858s val=0.545s
/workspace/pmp_vast/envs/pmp-author/lib/python3.10/site-packages/dgl/dataloading/dataloader.py:1076: DGLWarning: Dataloader CPU affinity opt is not enabled, consider switching it on (see enable_cpu_affinity() or CPU best practices for DGL [https://docs.dgl.ai/tutorials/cpu/cpu_best_practises.html])
  dgl_warning(
fdcompcn_tr20_seed2 epoch=013 loss=0.303205 val_AUPRC=0.119282 best=0.119282(13) patience=0/20 train=0.425s val=0.512s
/workspace/pmp_vast/envs/pmp-author/lib/python3.10/site-packages/dgl/dataloading/dataloader.py:1076: DGLWarning: Dataloader CPU affinity opt is not enabled, consider switching it on (see enable_cpu_affinity() or CPU best practices for DGL [https://docs.dgl.ai/tutorials/cpu/cpu_best_practises.html])
  dgl_warning(
fdcompcn_tr20_seed2 epoch=014 loss=0.326828 val_AUPRC=0.120766 best=0.120766(14) patience=0/20 train=0.913s val=0.721s
/workspace/pmp_vast/envs/pmp-author/lib/python3.10/site-packages/dgl/dataloading/dataloader.py:1076: DGLWarning: Dataloader CPU affinity opt is not enabled, consider switching it on (see enable_cpu_affinity() or CPU best practices for DGL [https://docs.dgl.ai/tutorials/cpu/cpu_best_practises.html])
  dgl_warning(
fdcompcn_tr20_seed2 epoch=015 loss=0.354397 val_AUPRC=0.121882 best=0.121882(15) patience=0/20 train=0.540s val=0.489s
/workspace/pmp_vast/envs/pmp-author/lib/python3.10/site-packages/dgl/dataloading/dataloader.py:1076: DGLWarning: Dataloader CPU affinity opt is not enabled, consider switching it on (see enable_cpu_affinity() or CPU best practices for DGL [https://docs.dgl.ai/tutorials/cpu/cpu_best_practises.html])
  dgl_warning(
fdcompcn_tr20_seed2 epoch=016 loss=0.294802 val_AUPRC=0.123829 best=0.123829(16) patience=0/20 train=1.156s val=0.579s
/workspace/pmp_vast/envs/pmp-author/lib/python3.10/site-packages/dgl/dataloading/dataloader.py:1076: DGLWarning: Dataloader CPU affinity opt is not enabled, consider switching it on (see enable_cpu_affinity() or CPU best practices for DGL [https://docs.dgl.ai/tutorials/cpu/cpu_best_practises.html])
  dgl_warning(
fdcompcn_tr20_seed2 epoch=017 loss=0.233624 val_AUPRC=0.125267 best=0.125267(17) patience=0/20 train=0.697s val=0.657s
/workspace/pmp_vast/envs/pmp-author/lib/python3.10/site-packages/dgl/dataloading/dataloader.py:1076: DGLWarning: Dataloader CPU affinity opt is not enabled, consider switching it on (see enable_cpu_affinity() or CPU best practices for DGL [https://docs.dgl.ai/tutorials/cpu/cpu_best_practises.html])
  dgl_warning(
fdcompcn_tr20_seed2 epoch=018 loss=0.313205 val_AUPRC=0.127262 best=0.127262(18) patience=0/20 train=0.490s val=0.403s
/workspace/pmp_vast/envs/pmp-author/lib/python3.10/site-packages/dgl/dataloading/dataloader.py:1076: DGLWarning: Dataloader CPU affinity opt is not enabled, consider switching it on (see enable_cpu_affinity() or CPU best practices for DGL [https://docs.dgl.ai/tutorials/cpu/cpu_best_practises.html])
  dgl_warning(
fdcompcn_tr20_seed2 epoch=019 loss=0.272072 val_AUPRC=0.129612 best=0.129612(19) patience=0/20 train=0.443s val=0.383s
/workspace/pmp_vast/envs/pmp-author/lib/python3.10/site-packages/dgl/dataloading/dataloader.py:1076: DGLWarning: Dataloader CPU affinity opt is not enabled, consider switching it on (see enable_cpu_affinity() or CPU best practices for DGL [https://docs.dgl.ai/tutorials/cpu/cpu_best_practises.html])
  dgl_warning(
fdcompcn_tr20_seed2 epoch=020 loss=0.289997 val_AUPRC=0.130963 best=0.130963(20) patience=0/20 train=0.464s val=0.405s
/workspace/pmp_vast/envs/pmp-author/lib/python3.10/site-packages/dgl/dataloading/dataloader.py:1076: DGLWarning: Dataloader CPU affinity opt is not enabled, consider switching it on (see enable_cpu_affinity() or CPU best practices for DGL [https://docs.dgl.ai/tutorials/cpu/cpu_best_practises.html])
  dgl_warning(
fdcompcn_tr20_seed2 epoch=021 loss=0.220764 val_AUPRC=0.133256 best=0.133256(21) patience=0/20 train=0.423s val=0.406s
/workspace/pmp_vast/envs/pmp-author/lib/python3.10/site-packages/dgl/dataloading/dataloader.py:1076: DGLWarning: Dataloader CPU affinity opt is not enabled, consider switching it on (see enable_cpu_affinity() or CPU best practices for DGL [https://docs.dgl.ai/tutorials/cpu/cpu_best_practises.html])
  dgl_warning(
fdcompcn_tr20_seed2 epoch=022 loss=0.218084 val_AUPRC=0.135733 best=0.135733(22) patience=0/20 train=0.405s val=0.384s
/workspace/pmp_vast/envs/pmp-author/lib/python3.10/site-packages/dgl/dataloading/dataloader.py:1076: DGLWarning: Dataloader CPU affinity opt is not enabled, consider switching it on (see enable_cpu_affinity() or CPU best practices for DGL [https://docs.dgl.ai/tutorials/cpu/cpu_best_practises.html])
  dgl_warning(
/workspace/pmp_vast/envs/pmp-author/lib/python3.10/site-packages/dgl/dataloading/dataloader.py:1076: DGLWarning: Dataloader CPU affinity opt is not enabled, consider switching it on (see enable_cpu_affinity() or CPU best practices for DGL [https://docs.dgl.ai/tutorials/cpu/cpu_best_practises.html])
  dgl_warning(
fdcompcn_tr20_seed2 epoch=024 loss=0.204919 val_AUPRC=0.136491 best=0.136491(24) patience=0/20 train=0.464s val=0.380s
/workspace/pmp_vast/envs/pmp-author/lib/python3.10/site-packages/dgl/dataloading/dataloader.py:1076: DGLWarning: Dataloader CPU affinity opt is not enabled, consider switching it on (see enable_cpu_affinity() or CPU best practices for DGL [https://docs.dgl.ai/tutorials/cpu/cpu_best_practises.html])
  dgl_warning(
fdcompcn_tr20_seed2 epoch=025 loss=0.191609 val_AUPRC=0.137747 best=0.137747(25) patience=0/20 train=0.424s val=0.394s
/workspace/pmp_vast/envs/pmp-author/lib/python3.10/site-packages/dgl/dataloading/dataloader.py:1076: DGLWarning: Dataloader CPU affinity opt is not enabled, consider switching it on (see enable_cpu_affinity() or CPU best practices for DGL [https://docs.dgl.ai/tutorials/cpu/cpu_best_practises.html])
  dgl_warning(
fdcompcn_tr20_seed2 epoch=026 loss=0.155726 val_AUPRC=0.142020 best=0.142020(26) patience=0/20 train=0.407s val=0.426s
/workspace/pmp_vast/envs/pmp-author/lib/python3.10/site-packages/dgl/dataloading/dataloader.py:1076: DGLWarning: Dataloader CPU affinity opt is not enabled, consider switching it on (see enable_cpu_affinity() or CPU best practices for DGL [https://docs.dgl.ai/tutorials/cpu/cpu_best_practises.html])
  dgl_warning(
fdcompcn_tr20_seed2 epoch=027 loss=0.154741 val_AUPRC=0.146343 best=0.146343(27) patience=0/20 train=0.404s val=0.389s
/workspace/pmp_vast/envs/pmp-author/lib/python3.10/site-packages/dgl/dataloading/dataloader.py:1076: DGLWarning: Dataloader CPU affinity opt is not enabled, consider switching it on (see enable_cpu_affinity() or CPU best practices for DGL [https://docs.dgl.ai/tutorials/cpu/cpu_best_practises.html])
  dgl_warning(
fdcompcn_tr20_seed2 epoch=028 loss=0.117237 val_AUPRC=0.146517 best=0.146517(28) patience=0/20 train=0.418s val=0.376s
/workspace/pmp_vast/envs/pmp-author/lib/python3.10/site-packages/dgl/dataloading/dataloader.py:1076: DGLWarning: Dataloader CPU affinity opt is not enabled, consider switching it on (see enable_cpu_affinity() or CPU best practices for DGL [https://docs.dgl.ai/tutorials/cpu/cpu_best_practises.html])
  dgl_warning(
/workspace/pmp_vast/envs/pmp-author/lib/python3.10/site-packages/dgl/dataloading/dataloader.py:1076: DGLWarning: Dataloader CPU affinity opt is not enabled, consider switching it on (see enable_cpu_affinity() or CPU best practices for DGL [https://docs.dgl.ai/tutorials/cpu/cpu_best_practises.html])
  dgl_warning(
fdcompcn_tr20_seed2 epoch=030 loss=0.098630 val_AUPRC=0.131712 best=0.146517(28) patience=2/20 train=0.424s val=0.414s
/workspace/pmp_vast/envs/pmp-author/lib/python3.10/site-packages/dgl/dataloading/dataloader.py:1076: DGLWarning: Dataloader CPU affinity opt is not enabled, consider switching it on (see enable_cpu_affinity() or CPU best practices for DGL [https://docs.dgl.ai/tutorials/cpu/cpu_best_practises.html])
  dgl_warning(
/workspace/pmp_vast/envs/pmp-author/lib/python3.10/site-packages/dgl/dataloading/dataloader.py:1076: DGLWarning: Dataloader CPU affinity opt is not enabled, consider switching it on (see enable_cpu_affinity() or CPU best practices for DGL [https://docs.dgl.ai/tutorials/cpu/cpu_best_practises.html])
  dgl_warning(
/workspace/pmp_vast/envs/pmp-author/lib/python3.10/site-packages/dgl/dataloading/dataloader.py:1076: DGLWarning: Dataloader CPU affinity opt is not enabled, consider switching it on (see enable_cpu_affinity() or CPU best practices for DGL [https://docs.dgl.ai/tutorials/cpu/cpu_best_practises.html])
  dgl_warning(
/workspace/pmp_vast/envs/pmp-author/lib/python3.10/site-packages/dgl/dataloading/dataloader.py:1076: DGLWarning: Dataloader CPU affinity opt is not enabled, consider switching it on (see enable_cpu_affinity() or CPU best practices for DGL [https://docs.dgl.ai/tutorials/cpu/cpu_best_practises.html])
  dgl_warning(
/workspace/pmp_vast/envs/pmp-author/lib/python3.10/site-packages/dgl/dataloading/dataloader.py:1076: DGLWarning: Dataloader CPU affinity opt is not enabled, consider switching it on (see enable_cpu_affinity() or CPU best practices for DGL [https://docs.dgl.ai/tutorials/cpu/cpu_best_practises.html])
  dgl_warning(
/workspace/pmp_vast/envs/pmp-author/lib/python3.10/site-packages/dgl/dataloading/dataloader.py:1076: DGLWarning: Dataloader CPU affinity opt is not enabled, consider switching it on (see enable_cpu_affinity() or CPU best practices for DGL [https://docs.dgl.ai/tutorials/cpu/cpu_best_practises.html])
  dgl_warning(
/workspace/pmp_vast/envs/pmp-author/lib/python3.10/site-packages/dgl/dataloading/dataloader.py:1076: DGLWarning: Dataloader CPU affinity opt is not enabled, consider switching it on (see enable_cpu_affinity() or CPU best practices for DGL [https://docs.dgl.ai/tutorials/cpu/cpu_best_practises.html])
  dgl_warning(
/workspace/pmp_vast/envs/pmp-author/lib/python3.10/site-packages/dgl/dataloading/dataloader.py:1076: DGLWarning: Dataloader CPU affinity opt is not enabled, consider switching it on (see enable_cpu_affinity() or CPU best practices for DGL [https://docs.dgl.ai/tutorials/cpu/cpu_best_practises.html])
  dgl_warning(
/workspace/pmp_vast/envs/pmp-author/lib/python3.10/site-packages/dgl/dataloading/dataloader.py:1076: DGLWarning: Dataloader CPU affinity opt is not enabled, consider switching it on (see enable_cpu_affinity() or CPU best practices for DGL [https://docs.dgl.ai/tutorials/cpu/cpu_best_practises.html])
  dgl_warning(
/workspace/pmp_vast/envs/pmp-author/lib/python3.10/site-packages/dgl/dataloading/dataloader.py:1076: DGLWarning: Dataloader CPU affinity opt is not enabled, consider switching it on (see enable_cpu_affinity() or CPU best practices for DGL [https://docs.dgl.ai/tutorials/cpu/cpu_best_practises.html])
  dgl_warning(
fdcompcn_tr20_seed2 epoch=040 loss=0.033631 val_AUPRC=0.110147 best=0.146517(28) patience=12/20 train=0.371s val=0.391s
/workspace/pmp_vast/envs/pmp-author/lib/python3.10/site-packages/dgl/dataloading/dataloader.py:1076: DGLWarning: Dataloader CPU affinity opt is not enabled, consider switching it on (see enable_cpu_affinity() or CPU best practices for DGL [https://docs.dgl.ai/tutorials/cpu/cpu_best_practises.html])
  dgl_warning(
/workspace/pmp_vast/envs/pmp-author/lib/python3.10/site-packages/dgl/dataloading/dataloader.py:1076: DGLWarning: Dataloader CPU affinity opt is not enabled, consider switching it on (see enable_cpu_affinity() or CPU best practices for DGL [https://docs.dgl.ai/tutorials/cpu/cpu_best_practises.html])
  dgl_warning(
/workspace/pmp_vast/envs/pmp-author/lib/python3.10/site-packages/dgl/dataloading/dataloader.py:1076: DGLWarning: Dataloader CPU affinity opt is not enabled, consider switching it on (see enable_cpu_affinity() or CPU best practices for DGL [https://docs.dgl.ai/tutorials/cpu/cpu_best_practises.html])
  dgl_warning(
/workspace/pmp_vast/envs/pmp-author/lib/python3.10/site-packages/dgl/dataloading/dataloader.py:1076: DGLWarning: Dataloader CPU affinity opt is not enabled, consider switching it on (see enable_cpu_affinity() or CPU best practices for DGL [https://docs.dgl.ai/tutorials/cpu/cpu_best_practises.html])
  dgl_warning(
/workspace/pmp_vast/envs/pmp-author/lib/python3.10/site-packages/dgl/dataloading/dataloader.py:1076: DGLWarning: Dataloader CPU affinity opt is not enabled, consider switching it on (see enable_cpu_affinity() or CPU best practices for DGL [https://docs.dgl.ai/tutorials/cpu/cpu_best_practises.html])
  dgl_warning(
/workspace/pmp_vast/envs/pmp-author/lib/python3.10/site-packages/dgl/dataloading/dataloader.py:1076: DGLWarning: Dataloader CPU affinity opt is not enabled, consider switching it on (see enable_cpu_affinity() or CPU best practices for DGL [https://docs.dgl.ai/tutorials/cpu/cpu_best_practises.html])
  dgl_warning(
/workspace/pmp_vast/envs/pmp-author/lib/python3.10/site-packages/dgl/dataloading/dataloader.py:1076: DGLWarning: Dataloader CPU affinity opt is not enabled, consider switching it on (see enable_cpu_affinity() or CPU best practices for DGL [https://docs.dgl.ai/tutorials/cpu/cpu_best_practises.html])
  dgl_warning(
/workspace/pmp_vast/envs/pmp-author/lib/python3.10/site-packages/dgl/dataloading/dataloader.py:1076: DGLWarning: Dataloader CPU affinity opt is not enabled, consider switching it on (see enable_cpu_affinity() or CPU best practices for DGL [https://docs.dgl.ai/tutorials/cpu/cpu_best_practises.html])
  dgl_warning(
fdcompcn_tr20_seed2 epoch=048 loss=0.030176 val_AUPRC=0.104915 best=0.146517(28) patience=20/20 train=0.471s val=0.443s
/workspace/pmp_vast/envs/pmp-author/lib/python3.10/site-packages/dgl/dataloading/dataloader.py:1076: DGLWarning: Dataloader CPU affinity opt is not enabled, consider switching it on (see enable_cpu_affinity() or CPU best practices for DGL [https://docs.dgl.ai/tutorials/cpu/cpu_best_practises.html])
  dgl_warning(
/workspace/pmp_vast/envs/pmp-author/lib/python3.10/site-packages/dgl/dataloading/dataloader.py:1076: DGLWarning: Dataloader CPU affinity opt is not enabled, consider switching it on (see enable_cpu_affinity() or CPU best practices for DGL [https://docs.dgl.ai/tutorials/cpu/cpu_best_practises.html])
  dgl_warning(
FINAL fdcompcn_tr20_seed2 PASS | AUPRC=0.124830 AUROC=0.552485 MacroF1=0.514169 Recall=0.102679

===== FINAL fdcompcn_tr20_seed42 =====
/workspace/pmp_vast/envs/pmp-author/lib/python3.10/site-packages/dgl/dataloading/dataloader.py:1076: DGLWarning: Dataloader CPU affinity opt is not enabled, consider switching it on (see enable_cpu_affinity() or CPU best practices for DGL [https://docs.dgl.ai/tutorials/cpu/cpu_best_practises.html])
  dgl_warning(
fdcompcn_tr20_seed42 epoch=001 loss=0.541089 val_AUPRC=0.130578 best=0.130578(1) patience=0/20 train=0.424s val=0.397s
/workspace/pmp_vast/envs/pmp-author/lib/python3.10/site-packages/dgl/dataloading/dataloader.py:1076: DGLWarning: Dataloader CPU affinity opt is not enabled, consider switching it on (see enable_cpu_affinity() or CPU best practices for DGL [https://docs.dgl.ai/tutorials/cpu/cpu_best_practises.html])
  dgl_warning(
/workspace/pmp_vast/envs/pmp-author/lib/python3.10/site-packages/dgl/dataloading/dataloader.py:1076: DGLWarning: Dataloader CPU affinity opt is not enabled, consider switching it on (see enable_cpu_affinity() or CPU best practices for DGL [https://docs.dgl.ai/tutorials/cpu/cpu_best_practises.html])
  dgl_warning(
fdcompcn_tr20_seed42 epoch=003 loss=0.445732 val_AUPRC=0.131060 best=0.131060(3) patience=0/20 train=0.416s val=0.401s
/workspace/pmp_vast/envs/pmp-author/lib/python3.10/site-packages/dgl/dataloading/dataloader.py:1076: DGLWarning: Dataloader CPU affinity opt is not enabled, consider switching it on (see enable_cpu_affinity() or CPU best practices for DGL [https://docs.dgl.ai/tutorials/cpu/cpu_best_practises.html])
  dgl_warning(
fdcompcn_tr20_seed42 epoch=004 loss=0.290623 val_AUPRC=0.134075 best=0.134075(4) patience=0/20 train=0.431s val=0.421s
/workspace/pmp_vast/envs/pmp-author/lib/python3.10/site-packages/dgl/dataloading/dataloader.py:1076: DGLWarning: Dataloader CPU affinity opt is not enabled, consider switching it on (see enable_cpu_affinity() or CPU best practices for DGL [https://docs.dgl.ai/tutorials/cpu/cpu_best_practises.html])
  dgl_warning(
fdcompcn_tr20_seed42 epoch=005 loss=0.318901 val_AUPRC=0.135696 best=0.135696(5) patience=0/20 train=0.443s val=0.443s
/workspace/pmp_vast/envs/pmp-author/lib/python3.10/site-packages/dgl/dataloading/dataloader.py:1076: DGLWarning: Dataloader CPU affinity opt is not enabled, consider switching it on (see enable_cpu_affinity() or CPU best practices for DGL [https://docs.dgl.ai/tutorials/cpu/cpu_best_practises.html])
  dgl_warning(
fdcompcn_tr20_seed42 epoch=006 loss=0.306180 val_AUPRC=0.138788 best=0.138788(6) patience=0/20 train=0.390s val=0.402s
/workspace/pmp_vast/envs/pmp-author/lib/python3.10/site-packages/dgl/dataloading/dataloader.py:1076: DGLWarning: Dataloader CPU affinity opt is not enabled, consider switching it on (see enable_cpu_affinity() or CPU best practices for DGL [https://docs.dgl.ai/tutorials/cpu/cpu_best_practises.html])
  dgl_warning(
fdcompcn_tr20_seed42 epoch=007 loss=0.328594 val_AUPRC=0.146948 best=0.146948(7) patience=0/20 train=0.388s val=0.362s
/workspace/pmp_vast/envs/pmp-author/lib/python3.10/site-packages/dgl/dataloading/dataloader.py:1076: DGLWarning: Dataloader CPU affinity opt is not enabled, consider switching it on (see enable_cpu_affinity() or CPU best practices for DGL [https://docs.dgl.ai/tutorials/cpu/cpu_best_practises.html])
  dgl_warning(
fdcompcn_tr20_seed42 epoch=008 loss=0.314693 val_AUPRC=0.149198 best=0.149198(8) patience=0/20 train=0.402s val=0.398s
/workspace/pmp_vast/envs/pmp-author/lib/python3.10/site-packages/dgl/dataloading/dataloader.py:1076: DGLWarning: Dataloader CPU affinity opt is not enabled, consider switching it on (see enable_cpu_affinity() or CPU best practices for DGL [https://docs.dgl.ai/tutorials/cpu/cpu_best_practises.html])
  dgl_warning(
fdcompcn_tr20_seed42 epoch=009 loss=0.364561 val_AUPRC=0.149671 best=0.149671(9) patience=0/20 train=0.422s val=0.407s
/workspace/pmp_vast/envs/pmp-author/lib/python3.10/site-packages/dgl/dataloading/dataloader.py:1076: DGLWarning: Dataloader CPU affinity opt is not enabled, consider switching it on (see enable_cpu_affinity() or CPU best practices for DGL [https://docs.dgl.ai/tutorials/cpu/cpu_best_practises.html])
  dgl_warning(
fdcompcn_tr20_seed42 epoch=010 loss=0.325450 val_AUPRC=0.149779 best=0.149779(10) patience=0/20 train=0.447s val=0.391s
/workspace/pmp_vast/envs/pmp-author/lib/python3.10/site-packages/dgl/dataloading/dataloader.py:1076: DGLWarning: Dataloader CPU affinity opt is not enabled, consider switching it on (see enable_cpu_affinity() or CPU best practices for DGL [https://docs.dgl.ai/tutorials/cpu/cpu_best_practises.html])
  dgl_warning(
/workspace/pmp_vast/envs/pmp-author/lib/python3.10/site-packages/dgl/dataloading/dataloader.py:1076: DGLWarning: Dataloader CPU affinity opt is not enabled, consider switching it on (see enable_cpu_affinity() or CPU best practices for DGL [https://docs.dgl.ai/tutorials/cpu/cpu_best_practises.html])
  dgl_warning(
/workspace/pmp_vast/envs/pmp-author/lib/python3.10/site-packages/dgl/dataloading/dataloader.py:1076: DGLWarning: Dataloader CPU affinity opt is not enabled, consider switching it on (see enable_cpu_affinity() or CPU best practices for DGL [https://docs.dgl.ai/tutorials/cpu/cpu_best_practises.html])
  dgl_warning(
/workspace/pmp_vast/envs/pmp-author/lib/python3.10/site-packages/dgl/dataloading/dataloader.py:1076: DGLWarning: Dataloader CPU affinity opt is not enabled, consider switching it on (see enable_cpu_affinity() or CPU best practices for DGL [https://docs.dgl.ai/tutorials/cpu/cpu_best_practises.html])
  dgl_warning(
/workspace/pmp_vast/envs/pmp-author/lib/python3.10/site-packages/dgl/dataloading/dataloader.py:1076: DGLWarning: Dataloader CPU affinity opt is not enabled, consider switching it on (see enable_cpu_affinity() or CPU best practices for DGL [https://docs.dgl.ai/tutorials/cpu/cpu_best_practises.html])
  dgl_warning(
/workspace/pmp_vast/envs/pmp-author/lib/python3.10/site-packages/dgl/dataloading/dataloader.py:1076: DGLWarning: Dataloader CPU affinity opt is not enabled, consider switching it on (see enable_cpu_affinity() or CPU best practices for DGL [https://docs.dgl.ai/tutorials/cpu/cpu_best_practises.html])
  dgl_warning(
/workspace/pmp_vast/envs/pmp-author/lib/python3.10/site-packages/dgl/dataloading/dataloader.py:1076: DGLWarning: Dataloader CPU affinity opt is not enabled, consider switching it on (see enable_cpu_affinity() or CPU best practices for DGL [https://docs.dgl.ai/tutorials/cpu/cpu_best_practises.html])
  dgl_warning(
/workspace/pmp_vast/envs/pmp-author/lib/python3.10/site-packages/dgl/dataloading/dataloader.py:1076: DGLWarning: Dataloader CPU affinity opt is not enabled, consider switching it on (see enable_cpu_affinity() or CPU best practices for DGL [https://docs.dgl.ai/tutorials/cpu/cpu_best_practises.html])
  dgl_warning(
/workspace/pmp_vast/envs/pmp-author/lib/python3.10/site-packages/dgl/dataloading/dataloader.py:1076: DGLWarning: Dataloader CPU affinity opt is not enabled, consider switching it on (see enable_cpu_affinity() or CPU best practices for DGL [https://docs.dgl.ai/tutorials/cpu/cpu_best_practises.html])
  dgl_warning(
/workspace/pmp_vast/envs/pmp-author/lib/python3.10/site-packages/dgl/dataloading/dataloader.py:1076: DGLWarning: Dataloader CPU affinity opt is not enabled, consider switching it on (see enable_cpu_affinity() or CPU best practices for DGL [https://docs.dgl.ai/tutorials/cpu/cpu_best_practises.html])
  dgl_warning(
fdcompcn_tr20_seed42 epoch=020 loss=0.243322 val_AUPRC=0.143536 best=0.149779(10) patience=10/20 train=0.416s val=0.393s
/workspace/pmp_vast/envs/pmp-author/lib/python3.10/site-packages/dgl/dataloading/dataloader.py:1076: DGLWarning: Dataloader CPU affinity opt is not enabled, consider switching it on (see enable_cpu_affinity() or CPU best practices for DGL [https://docs.dgl.ai/tutorials/cpu/cpu_best_practises.html])
  dgl_warning(
/workspace/pmp_vast/envs/pmp-author/lib/python3.10/site-packages/dgl/dataloading/dataloader.py:1076: DGLWarning: Dataloader CPU affinity opt is not enabled, consider switching it on (see enable_cpu_affinity() or CPU best practices for DGL [https://docs.dgl.ai/tutorials/cpu/cpu_best_practises.html])
  dgl_warning(
/workspace/pmp_vast/envs/pmp-author/lib/python3.10/site-packages/dgl/dataloading/dataloader.py:1076: DGLWarning: Dataloader CPU affinity opt is not enabled, consider switching it on (see enable_cpu_affinity() or CPU best practices for DGL [https://docs.dgl.ai/tutorials/cpu/cpu_best_practises.html])
  dgl_warning(
/workspace/pmp_vast/envs/pmp-author/lib/python3.10/site-packages/dgl/dataloading/dataloader.py:1076: DGLWarning: Dataloader CPU affinity opt is not enabled, consider switching it on (see enable_cpu_affinity() or CPU best practices for DGL [https://docs.dgl.ai/tutorials/cpu/cpu_best_practises.html])
  dgl_warning(
/workspace/pmp_vast/envs/pmp-author/lib/python3.10/site-packages/dgl/dataloading/dataloader.py:1076: DGLWarning: Dataloader CPU affinity opt is not enabled, consider switching it on (see enable_cpu_affinity() or CPU best practices for DGL [https://docs.dgl.ai/tutorials/cpu/cpu_best_practises.html])
  dgl_warning(
/workspace/pmp_vast/envs/pmp-author/lib/python3.10/site-packages/dgl/dataloading/dataloader.py:1076: DGLWarning: Dataloader CPU affinity opt is not enabled, consider switching it on (see enable_cpu_affinity() or CPU best practices for DGL [https://docs.dgl.ai/tutorials/cpu/cpu_best_practises.html])
  dgl_warning(
/workspace/pmp_vast/envs/pmp-author/lib/python3.10/site-packages/dgl/dataloading/dataloader.py:1076: DGLWarning: Dataloader CPU affinity opt is not enabled, consider switching it on (see enable_cpu_affinity() or CPU best practices for DGL [https://docs.dgl.ai/tutorials/cpu/cpu_best_practises.html])
  dgl_warning(
/workspace/pmp_vast/envs/pmp-author/lib/python3.10/site-packages/dgl/dataloading/dataloader.py:1076: DGLWarning: Dataloader CPU affinity opt is not enabled, consider switching it on (see enable_cpu_affinity() or CPU best practices for DGL [https://docs.dgl.ai/tutorials/cpu/cpu_best_practises.html])
  dgl_warning(
/workspace/pmp_vast/envs/pmp-author/lib/python3.10/site-packages/dgl/dataloading/dataloader.py:1076: DGLWarning: Dataloader CPU affinity opt is not enabled, consider switching it on (see enable_cpu_affinity() or CPU best practices for DGL [https://docs.dgl.ai/tutorials/cpu/cpu_best_practises.html])
  dgl_warning(
/workspace/pmp_vast/envs/pmp-author/lib/python3.10/site-packages/dgl/dataloading/dataloader.py:1076: DGLWarning: Dataloader CPU affinity opt is not enabled, consider switching it on (see enable_cpu_affinity() or CPU best practices for DGL [https://docs.dgl.ai/tutorials/cpu/cpu_best_practises.html])
  dgl_warning(
fdcompcn_tr20_seed42 epoch=030 loss=0.059031 val_AUPRC=0.138220 best=0.149779(10) patience=20/20 train=0.381s val=0.416s
/workspace/pmp_vast/envs/pmp-author/lib/python3.10/site-packages/dgl/dataloading/dataloader.py:1076: DGLWarning: Dataloader CPU affinity opt is not enabled, consider switching it on (see enable_cpu_affinity() or CPU best practices for DGL [https://docs.dgl.ai/tutorials/cpu/cpu_best_practises.html])
  dgl_warning(
/workspace/pmp_vast/envs/pmp-author/lib/python3.10/site-packages/dgl/dataloading/dataloader.py:1076: DGLWarning: Dataloader CPU affinity opt is not enabled, consider switching it on (see enable_cpu_affinity() or CPU best practices for DGL [https://docs.dgl.ai/tutorials/cpu/cpu_best_practises.html])
  dgl_warning(
FINAL fdcompcn_tr20_seed42 PASS | AUPRC=0.125002 AUROC=0.517993 MacroF1=0.507065 Recall=0.111607

===== FINAL fdcompcn_tr20_seed72 =====
/workspace/pmp_vast/envs/pmp-author/lib/python3.10/site-packages/dgl/dataloading/dataloader.py:1076: DGLWarning: Dataloader CPU affinity opt is not enabled, consider switching it on (see enable_cpu_affinity() or CPU best practices for DGL [https://docs.dgl.ai/tutorials/cpu/cpu_best_practises.html])
  dgl_warning(
fdcompcn_tr20_seed72 epoch=001 loss=0.539764 val_AUPRC=0.124913 best=0.124913(1) patience=0/20 train=0.412s val=0.418s
/workspace/pmp_vast/envs/pmp-author/lib/python3.10/site-packages/dgl/dataloading/dataloader.py:1076: DGLWarning: Dataloader CPU affinity opt is not enabled, consider switching it on (see enable_cpu_affinity() or CPU best practices for DGL [https://docs.dgl.ai/tutorials/cpu/cpu_best_practises.html])
  dgl_warning(
/workspace/pmp_vast/envs/pmp-author/lib/python3.10/site-packages/dgl/dataloading/dataloader.py:1076: DGLWarning: Dataloader CPU affinity opt is not enabled, consider switching it on (see enable_cpu_affinity() or CPU best practices for DGL [https://docs.dgl.ai/tutorials/cpu/cpu_best_practises.html])
  dgl_warning(
/workspace/pmp_vast/envs/pmp-author/lib/python3.10/site-packages/dgl/dataloading/dataloader.py:1076: DGLWarning: Dataloader CPU affinity opt is not enabled, consider switching it on (see enable_cpu_affinity() or CPU best practices for DGL [https://docs.dgl.ai/tutorials/cpu/cpu_best_practises.html])
  dgl_warning(
/workspace/pmp_vast/envs/pmp-author/lib/python3.10/site-packages/dgl/dataloading/dataloader.py:1076: DGLWarning: Dataloader CPU affinity opt is not enabled, consider switching it on (see enable_cpu_affinity() or CPU best practices for DGL [https://docs.dgl.ai/tutorials/cpu/cpu_best_practises.html])
  dgl_warning(
/workspace/pmp_vast/envs/pmp-author/lib/python3.10/site-packages/dgl/dataloading/dataloader.py:1076: DGLWarning: Dataloader CPU affinity opt is not enabled, consider switching it on (see enable_cpu_affinity() or CPU best practices for DGL [https://docs.dgl.ai/tutorials/cpu/cpu_best_practises.html])
  dgl_warning(
/workspace/pmp_vast/envs/pmp-author/lib/python3.10/site-packages/dgl/dataloading/dataloader.py:1076: DGLWarning: Dataloader CPU affinity opt is not enabled, consider switching it on (see enable_cpu_affinity() or CPU best practices for DGL [https://docs.dgl.ai/tutorials/cpu/cpu_best_practises.html])
  dgl_warning(
/workspace/pmp_vast/envs/pmp-author/lib/python3.10/site-packages/dgl/dataloading/dataloader.py:1076: DGLWarning: Dataloader CPU affinity opt is not enabled, consider switching it on (see enable_cpu_affinity() or CPU best practices for DGL [https://docs.dgl.ai/tutorials/cpu/cpu_best_practises.html])
  dgl_warning(
/workspace/pmp_vast/envs/pmp-author/lib/python3.10/site-packages/dgl/dataloading/dataloader.py:1076: DGLWarning: Dataloader CPU affinity opt is not enabled, consider switching it on (see enable_cpu_affinity() or CPU best practices for DGL [https://docs.dgl.ai/tutorials/cpu/cpu_best_practises.html])
  dgl_warning(
/workspace/pmp_vast/envs/pmp-author/lib/python3.10/site-packages/dgl/dataloading/dataloader.py:1076: DGLWarning: Dataloader CPU affinity opt is not enabled, consider switching it on (see enable_cpu_affinity() or CPU best practices for DGL [https://docs.dgl.ai/tutorials/cpu/cpu_best_practises.html])
  dgl_warning(
fdcompcn_tr20_seed72 epoch=010 loss=0.369535 val_AUPRC=0.121999 best=0.124913(1) patience=9/20 train=0.458s val=0.428s
/workspace/pmp_vast/envs/pmp-author/lib/python3.10/site-packages/dgl/dataloading/dataloader.py:1076: DGLWarning: Dataloader CPU affinity opt is not enabled, consider switching it on (see enable_cpu_affinity() or CPU best practices for DGL [https://docs.dgl.ai/tutorials/cpu/cpu_best_practises.html])
  dgl_warning(
fdcompcn_tr20_seed72 epoch=011 loss=0.315887 val_AUPRC=0.127013 best=0.127013(11) patience=0/20 train=0.492s val=0.451s
/workspace/pmp_vast/envs/pmp-author/lib/python3.10/site-packages/dgl/dataloading/dataloader.py:1076: DGLWarning: Dataloader CPU affinity opt is not enabled, consider switching it on (see enable_cpu_affinity() or CPU best practices for DGL [https://docs.dgl.ai/tutorials/cpu/cpu_best_practises.html])
  dgl_warning(
fdcompcn_tr20_seed72 epoch=012 loss=0.317969 val_AUPRC=0.131780 best=0.131780(12) patience=0/20 train=0.474s val=0.463s
/workspace/pmp_vast/envs/pmp-author/lib/python3.10/site-packages/dgl/dataloading/dataloader.py:1076: DGLWarning: Dataloader CPU affinity opt is not enabled, consider switching it on (see enable_cpu_affinity() or CPU best practices for DGL [https://docs.dgl.ai/tutorials/cpu/cpu_best_practises.html])
  dgl_warning(
/workspace/pmp_vast/envs/pmp-author/lib/python3.10/site-packages/dgl/dataloading/dataloader.py:1076: DGLWarning: Dataloader CPU affinity opt is not enabled, consider switching it on (see enable_cpu_affinity() or CPU best practices for DGL [https://docs.dgl.ai/tutorials/cpu/cpu_best_practises.html])
  dgl_warning(
/workspace/pmp_vast/envs/pmp-author/lib/python3.10/site-packages/dgl/dataloading/dataloader.py:1076: DGLWarning: Dataloader CPU affinity opt is not enabled, consider switching it on (see enable_cpu_affinity() or CPU best practices for DGL [https://docs.dgl.ai/tutorials/cpu/cpu_best_practises.html])
  dgl_warning(
fdcompcn_tr20_seed72 epoch=015 loss=0.305743 val_AUPRC=0.133555 best=0.133555(15) patience=0/20 train=0.408s val=0.399s
/workspace/pmp_vast/envs/pmp-author/lib/python3.10/site-packages/dgl/dataloading/dataloader.py:1076: DGLWarning: Dataloader CPU affinity opt is not enabled, consider switching it on (see enable_cpu_affinity() or CPU best practices for DGL [https://docs.dgl.ai/tutorials/cpu/cpu_best_practises.html])
  dgl_warning(
fdcompcn_tr20_seed72 epoch=016 loss=0.296286 val_AUPRC=0.138794 best=0.138794(16) patience=0/20 train=0.437s val=0.397s
/workspace/pmp_vast/envs/pmp-author/lib/python3.10/site-packages/dgl/dataloading/dataloader.py:1076: DGLWarning: Dataloader CPU affinity opt is not enabled, consider switching it on (see enable_cpu_affinity() or CPU best practices for DGL [https://docs.dgl.ai/tutorials/cpu/cpu_best_practises.html])
  dgl_warning(
fdcompcn_tr20_seed72 epoch=017 loss=0.275632 val_AUPRC=0.140646 best=0.140646(17) patience=0/20 train=0.407s val=0.396s
/workspace/pmp_vast/envs/pmp-author/lib/python3.10/site-packages/dgl/dataloading/dataloader.py:1076: DGLWarning: Dataloader CPU affinity opt is not enabled, consider switching it on (see enable_cpu_affinity() or CPU best practices for DGL [https://docs.dgl.ai/tutorials/cpu/cpu_best_practises.html])
  dgl_warning(
fdcompcn_tr20_seed72 epoch=018 loss=0.304883 val_AUPRC=0.140928 best=0.140928(18) patience=0/20 train=0.459s val=0.384s
/workspace/pmp_vast/envs/pmp-author/lib/python3.10/site-packages/dgl/dataloading/dataloader.py:1076: DGLWarning: Dataloader CPU affinity opt is not enabled, consider switching it on (see enable_cpu_affinity() or CPU best practices for DGL [https://docs.dgl.ai/tutorials/cpu/cpu_best_practises.html])
  dgl_warning(
/workspace/pmp_vast/envs/pmp-author/lib/python3.10/site-packages/dgl/dataloading/dataloader.py:1076: DGLWarning: Dataloader CPU affinity opt is not enabled, consider switching it on (see enable_cpu_affinity() or CPU best practices for DGL [https://docs.dgl.ai/tutorials/cpu/cpu_best_practises.html])
  dgl_warning(
fdcompcn_tr20_seed72 epoch=020 loss=0.283209 val_AUPRC=0.139131 best=0.140928(18) patience=2/20 train=0.448s val=0.438s
/workspace/pmp_vast/envs/pmp-author/lib/python3.10/site-packages/dgl/dataloading/dataloader.py:1076: DGLWarning: Dataloader CPU affinity opt is not enabled, consider switching it on (see enable_cpu_affinity() or CPU best practices for DGL [https://docs.dgl.ai/tutorials/cpu/cpu_best_practises.html])
  dgl_warning(
fdcompcn_tr20_seed72 epoch=021 loss=0.204394 val_AUPRC=0.141149 best=0.141149(21) patience=0/20 train=0.405s val=0.418s
/workspace/pmp_vast/envs/pmp-author/lib/python3.10/site-packages/dgl/dataloading/dataloader.py:1076: DGLWarning: Dataloader CPU affinity opt is not enabled, consider switching it on (see enable_cpu_affinity() or CPU best practices for DGL [https://docs.dgl.ai/tutorials/cpu/cpu_best_practises.html])
  dgl_warning(
fdcompcn_tr20_seed72 epoch=022 loss=0.230433 val_AUPRC=0.141294 best=0.141294(22) patience=0/20 train=0.429s val=0.434s
/workspace/pmp_vast/envs/pmp-author/lib/python3.10/site-packages/dgl/dataloading/dataloader.py:1076: DGLWarning: Dataloader CPU affinity opt is not enabled, consider switching it on (see enable_cpu_affinity() or CPU best practices for DGL [https://docs.dgl.ai/tutorials/cpu/cpu_best_practises.html])
  dgl_warning(
/workspace/pmp_vast/envs/pmp-author/lib/python3.10/site-packages/dgl/dataloading/dataloader.py:1076: DGLWarning: Dataloader CPU affinity opt is not enabled, consider switching it on (see enable_cpu_affinity() or CPU best practices for DGL [https://docs.dgl.ai/tutorials/cpu/cpu_best_practises.html])
  dgl_warning(
/workspace/pmp_vast/envs/pmp-author/lib/python3.10/site-packages/dgl/dataloading/dataloader.py:1076: DGLWarning: Dataloader CPU affinity opt is not enabled, consider switching it on (see enable_cpu_affinity() or CPU best practices for DGL [https://docs.dgl.ai/tutorials/cpu/cpu_best_practises.html])
  dgl_warning(
/workspace/pmp_vast/envs/pmp-author/lib/python3.10/site-packages/dgl/dataloading/dataloader.py:1076: DGLWarning: Dataloader CPU affinity opt is not enabled, consider switching it on (see enable_cpu_affinity() or CPU best practices for DGL [https://docs.dgl.ai/tutorials/cpu/cpu_best_practises.html])
  dgl_warning(
/workspace/pmp_vast/envs/pmp-author/lib/python3.10/site-packages/dgl/dataloading/dataloader.py:1076: DGLWarning: Dataloader CPU affinity opt is not enabled, consider switching it on (see enable_cpu_affinity() or CPU best practices for DGL [https://docs.dgl.ai/tutorials/cpu/cpu_best_practises.html])
  dgl_warning(
/workspace/pmp_vast/envs/pmp-author/lib/python3.10/site-packages/dgl/dataloading/dataloader.py:1076: DGLWarning: Dataloader CPU affinity opt is not enabled, consider switching it on (see enable_cpu_affinity() or CPU best practices for DGL [https://docs.dgl.ai/tutorials/cpu/cpu_best_practises.html])
  dgl_warning(
/workspace/pmp_vast/envs/pmp-author/lib/python3.10/site-packages/dgl/dataloading/dataloader.py:1076: DGLWarning: Dataloader CPU affinity opt is not enabled, consider switching it on (see enable_cpu_affinity() or CPU best practices for DGL [https://docs.dgl.ai/tutorials/cpu/cpu_best_practises.html])
  dgl_warning(
/workspace/pmp_vast/envs/pmp-author/lib/python3.10/site-packages/dgl/dataloading/dataloader.py:1076: DGLWarning: Dataloader CPU affinity opt is not enabled, consider switching it on (see enable_cpu_affinity() or CPU best practices for DGL [https://docs.dgl.ai/tutorials/cpu/cpu_best_practises.html])
  dgl_warning(
fdcompcn_tr20_seed72 epoch=030 loss=0.080458 val_AUPRC=0.121866 best=0.141294(22) patience=8/20 train=0.455s val=0.383s
/workspace/pmp_vast/envs/pmp-author/lib/python3.10/site-packages/dgl/dataloading/dataloader.py:1076: DGLWarning: Dataloader CPU affinity opt is not enabled, consider switching it on (see enable_cpu_affinity() or CPU best practices for DGL [https://docs.dgl.ai/tutorials/cpu/cpu_best_practises.html])
  dgl_warning(
/workspace/pmp_vast/envs/pmp-author/lib/python3.10/site-packages/dgl/dataloading/dataloader.py:1076: DGLWarning: Dataloader CPU affinity opt is not enabled, consider switching it on (see enable_cpu_affinity() or CPU best practices for DGL [https://docs.dgl.ai/tutorials/cpu/cpu_best_practises.html])
  dgl_warning(
/workspace/pmp_vast/envs/pmp-author/lib/python3.10/site-packages/dgl/dataloading/dataloader.py:1076: DGLWarning: Dataloader CPU affinity opt is not enabled, consider switching it on (see enable_cpu_affinity() or CPU best practices for DGL [https://docs.dgl.ai/tutorials/cpu/cpu_best_practises.html])
  dgl_warning(
/workspace/pmp_vast/envs/pmp-author/lib/python3.10/site-packages/dgl/dataloading/dataloader.py:1076: DGLWarning: Dataloader CPU affinity opt is not enabled, consider switching it on (see enable_cpu_affinity() or CPU best practices for DGL [https://docs.dgl.ai/tutorials/cpu/cpu_best_practises.html])
  dgl_warning(
/workspace/pmp_vast/envs/pmp-author/lib/python3.10/site-packages/dgl/dataloading/dataloader.py:1076: DGLWarning: Dataloader CPU affinity opt is not enabled, consider switching it on (see enable_cpu_affinity() or CPU best practices for DGL [https://docs.dgl.ai/tutorials/cpu/cpu_best_practises.html])
  dgl_warning(
/workspace/pmp_vast/envs/pmp-author/lib/python3.10/site-packages/dgl/dataloading/dataloader.py:1076: DGLWarning: Dataloader CPU affinity opt is not enabled, consider switching it on (see enable_cpu_affinity() or CPU best practices for DGL [https://docs.dgl.ai/tutorials/cpu/cpu_best_practises.html])
  dgl_warning(
/workspace/pmp_vast/envs/pmp-author/lib/python3.10/site-packages/dgl/dataloading/dataloader.py:1076: DGLWarning: Dataloader CPU affinity opt is not enabled, consider switching it on (see enable_cpu_affinity() or CPU best practices for DGL [https://docs.dgl.ai/tutorials/cpu/cpu_best_practises.html])
  dgl_warning(
/workspace/pmp_vast/envs/pmp-author/lib/python3.10/site-packages/dgl/dataloading/dataloader.py:1076: DGLWarning: Dataloader CPU affinity opt is not enabled, consider switching it on (see enable_cpu_affinity() or CPU best practices for DGL [https://docs.dgl.ai/tutorials/cpu/cpu_best_practises.html])
  dgl_warning(
/workspace/pmp_vast/envs/pmp-author/lib/python3.10/site-packages/dgl/dataloading/dataloader.py:1076: DGLWarning: Dataloader CPU affinity opt is not enabled, consider switching it on (see enable_cpu_affinity() or CPU best practices for DGL [https://docs.dgl.ai/tutorials/cpu/cpu_best_practises.html])
  dgl_warning(
/workspace/pmp_vast/envs/pmp-author/lib/python3.10/site-packages/dgl/dataloading/dataloader.py:1076: DGLWarning: Dataloader CPU affinity opt is not enabled, consider switching it on (see enable_cpu_affinity() or CPU best practices for DGL [https://docs.dgl.ai/tutorials/cpu/cpu_best_practises.html])
  dgl_warning(
fdcompcn_tr20_seed72 epoch=040 loss=0.040477 val_AUPRC=0.109669 best=0.141294(22) patience=18/20 train=0.489s val=0.468s
/workspace/pmp_vast/envs/pmp-author/lib/python3.10/site-packages/dgl/dataloading/dataloader.py:1076: DGLWarning: Dataloader CPU affinity opt is not enabled, consider switching it on (see enable_cpu_affinity() or CPU best practices for DGL [https://docs.dgl.ai/tutorials/cpu/cpu_best_practises.html])
  dgl_warning(
/workspace/pmp_vast/envs/pmp-author/lib/python3.10/site-packages/dgl/dataloading/dataloader.py:1076: DGLWarning: Dataloader CPU affinity opt is not enabled, consider switching it on (see enable_cpu_affinity() or CPU best practices for DGL [https://docs.dgl.ai/tutorials/cpu/cpu_best_practises.html])
  dgl_warning(
fdcompcn_tr20_seed72 epoch=042 loss=0.026531 val_AUPRC=0.124488 best=0.141294(22) patience=20/20 train=0.497s val=0.479s
/workspace/pmp_vast/envs/pmp-author/lib/python3.10/site-packages/dgl/dataloading/dataloader.py:1076: DGLWarning: Dataloader CPU affinity opt is not enabled, consider switching it on (see enable_cpu_affinity() or CPU best practices for DGL [https://docs.dgl.ai/tutorials/cpu/cpu_best_practises.html])
  dgl_warning(
/workspace/pmp_vast/envs/pmp-author/lib/python3.10/site-packages/dgl/dataloading/dataloader.py:1076: DGLWarning: Dataloader CPU affinity opt is not enabled, consider switching it on (see enable_cpu_affinity() or CPU best practices for DGL [https://docs.dgl.ai/tutorials/cpu/cpu_best_practises.html])
  dgl_warning(
FINAL fdcompcn_tr20_seed72 PASS | AUPRC=0.132528 AUROC=0.554751 MacroF1=0.510435 Recall=0.125000

===== FINAL fdcompcn_tr10_seed2 =====
/workspace/pmp_vast/envs/pmp-author/lib/python3.10/site-packages/dgl/dataloading/dataloader.py:1076: DGLWarning: Dataloader CPU affinity opt is not enabled, consider switching it on (see enable_cpu_affinity() or CPU best practices for DGL [https://docs.dgl.ai/tutorials/cpu/cpu_best_practises.html])
  dgl_warning(
fdcompcn_tr10_seed2 epoch=001 loss=0.775884 val_AUPRC=0.120187 best=0.120187(1) patience=0/20 train=0.372s val=0.373s
/workspace/pmp_vast/envs/pmp-author/lib/python3.10/site-packages/dgl/dataloading/dataloader.py:1076: DGLWarning: Dataloader CPU affinity opt is not enabled, consider switching it on (see enable_cpu_affinity() or CPU best practices for DGL [https://docs.dgl.ai/tutorials/cpu/cpu_best_practises.html])
  dgl_warning(
/workspace/pmp_vast/envs/pmp-author/lib/python3.10/site-packages/dgl/dataloading/dataloader.py:1076: DGLWarning: Dataloader CPU affinity opt is not enabled, consider switching it on (see enable_cpu_affinity() or CPU best practices for DGL [https://docs.dgl.ai/tutorials/cpu/cpu_best_practises.html])
  dgl_warning(
/workspace/pmp_vast/envs/pmp-author/lib/python3.10/site-packages/dgl/dataloading/dataloader.py:1076: DGLWarning: Dataloader CPU affinity opt is not enabled, consider switching it on (see enable_cpu_affinity() or CPU best practices for DGL [https://docs.dgl.ai/tutorials/cpu/cpu_best_practises.html])
  dgl_warning(
/workspace/pmp_vast/envs/pmp-author/lib/python3.10/site-packages/dgl/dataloading/dataloader.py:1076: DGLWarning: Dataloader CPU affinity opt is not enabled, consider switching it on (see enable_cpu_affinity() or CPU best practices for DGL [https://docs.dgl.ai/tutorials/cpu/cpu_best_practises.html])
  dgl_warning(
/workspace/pmp_vast/envs/pmp-author/lib/python3.10/site-packages/dgl/dataloading/dataloader.py:1076: DGLWarning: Dataloader CPU affinity opt is not enabled, consider switching it on (see enable_cpu_affinity() or CPU best practices for DGL [https://docs.dgl.ai/tutorials/cpu/cpu_best_practises.html])
  dgl_warning(
/workspace/pmp_vast/envs/pmp-author/lib/python3.10/site-packages/dgl/dataloading/dataloader.py:1076: DGLWarning: Dataloader CPU affinity opt is not enabled, consider switching it on (see enable_cpu_affinity() or CPU best practices for DGL [https://docs.dgl.ai/tutorials/cpu/cpu_best_practises.html])
  dgl_warning(
/workspace/pmp_vast/envs/pmp-author/lib/python3.10/site-packages/dgl/dataloading/dataloader.py:1076: DGLWarning: Dataloader CPU affinity opt is not enabled, consider switching it on (see enable_cpu_affinity() or CPU best practices for DGL [https://docs.dgl.ai/tutorials/cpu/cpu_best_practises.html])
  dgl_warning(
/workspace/pmp_vast/envs/pmp-author/lib/python3.10/site-packages/dgl/dataloading/dataloader.py:1076: DGLWarning: Dataloader CPU affinity opt is not enabled, consider switching it on (see enable_cpu_affinity() or CPU best practices for DGL [https://docs.dgl.ai/tutorials/cpu/cpu_best_practises.html])
  dgl_warning(
/workspace/pmp_vast/envs/pmp-author/lib/python3.10/site-packages/dgl/dataloading/dataloader.py:1076: DGLWarning: Dataloader CPU affinity opt is not enabled, consider switching it on (see enable_cpu_affinity() or CPU best practices for DGL [https://docs.dgl.ai/tutorials/cpu/cpu_best_practises.html])
  dgl_warning(
fdcompcn_tr10_seed2 epoch=010 loss=0.323142 val_AUPRC=0.115887 best=0.120187(1) patience=9/20 train=0.378s val=0.387s
/workspace/pmp_vast/envs/pmp-author/lib/python3.10/site-packages/dgl/dataloading/dataloader.py:1076: DGLWarning: Dataloader CPU affinity opt is not enabled, consider switching it on (see enable_cpu_affinity() or CPU best practices for DGL [https://docs.dgl.ai/tutorials/cpu/cpu_best_practises.html])
  dgl_warning(
/workspace/pmp_vast/envs/pmp-author/lib/python3.10/site-packages/dgl/dataloading/dataloader.py:1076: DGLWarning: Dataloader CPU affinity opt is not enabled, consider switching it on (see enable_cpu_affinity() or CPU best practices for DGL [https://docs.dgl.ai/tutorials/cpu/cpu_best_practises.html])
  dgl_warning(
/workspace/pmp_vast/envs/pmp-author/lib/python3.10/site-packages/dgl/dataloading/dataloader.py:1076: DGLWarning: Dataloader CPU affinity opt is not enabled, consider switching it on (see enable_cpu_affinity() or CPU best practices for DGL [https://docs.dgl.ai/tutorials/cpu/cpu_best_practises.html])
  dgl_warning(
/workspace/pmp_vast/envs/pmp-author/lib/python3.10/site-packages/dgl/dataloading/dataloader.py:1076: DGLWarning: Dataloader CPU affinity opt is not enabled, consider switching it on (see enable_cpu_affinity() or CPU best practices for DGL [https://docs.dgl.ai/tutorials/cpu/cpu_best_practises.html])
  dgl_warning(
/workspace/pmp_vast/envs/pmp-author/lib/python3.10/site-packages/dgl/dataloading/dataloader.py:1076: DGLWarning: Dataloader CPU affinity opt is not enabled, consider switching it on (see enable_cpu_affinity() or CPU best practices for DGL [https://docs.dgl.ai/tutorials/cpu/cpu_best_practises.html])
  dgl_warning(
/workspace/pmp_vast/envs/pmp-author/lib/python3.10/site-packages/dgl/dataloading/dataloader.py:1076: DGLWarning: Dataloader CPU affinity opt is not enabled, consider switching it on (see enable_cpu_affinity() or CPU best practices for DGL [https://docs.dgl.ai/tutorials/cpu/cpu_best_practises.html])
  dgl_warning(
/workspace/pmp_vast/envs/pmp-author/lib/python3.10/site-packages/dgl/dataloading/dataloader.py:1076: DGLWarning: Dataloader CPU affinity opt is not enabled, consider switching it on (see enable_cpu_affinity() or CPU best practices for DGL [https://docs.dgl.ai/tutorials/cpu/cpu_best_practises.html])
  dgl_warning(
/workspace/pmp_vast/envs/pmp-author/lib/python3.10/site-packages/dgl/dataloading/dataloader.py:1076: DGLWarning: Dataloader CPU affinity opt is not enabled, consider switching it on (see enable_cpu_affinity() or CPU best practices for DGL [https://docs.dgl.ai/tutorials/cpu/cpu_best_practises.html])
  dgl_warning(
/workspace/pmp_vast/envs/pmp-author/lib/python3.10/site-packages/dgl/dataloading/dataloader.py:1076: DGLWarning: Dataloader CPU affinity opt is not enabled, consider switching it on (see enable_cpu_affinity() or CPU best practices for DGL [https://docs.dgl.ai/tutorials/cpu/cpu_best_practises.html])
  dgl_warning(
/workspace/pmp_vast/envs/pmp-author/lib/python3.10/site-packages/dgl/dataloading/dataloader.py:1076: DGLWarning: Dataloader CPU affinity opt is not enabled, consider switching it on (see enable_cpu_affinity() or CPU best practices for DGL [https://docs.dgl.ai/tutorials/cpu/cpu_best_practises.html])
  dgl_warning(
fdcompcn_tr10_seed2 epoch=020 loss=0.264587 val_AUPRC=0.116267 best=0.120187(1) patience=19/20 train=0.366s val=0.370s
/workspace/pmp_vast/envs/pmp-author/lib/python3.10/site-packages/dgl/dataloading/dataloader.py:1076: DGLWarning: Dataloader CPU affinity opt is not enabled, consider switching it on (see enable_cpu_affinity() or CPU best practices for DGL [https://docs.dgl.ai/tutorials/cpu/cpu_best_practises.html])
  dgl_warning(
fdcompcn_tr10_seed2 epoch=021 loss=0.288687 val_AUPRC=0.116075 best=0.120187(1) patience=20/20 train=0.364s val=0.387s
/workspace/pmp_vast/envs/pmp-author/lib/python3.10/site-packages/dgl/dataloading/dataloader.py:1076: DGLWarning: Dataloader CPU affinity opt is not enabled, consider switching it on (see enable_cpu_affinity() or CPU best practices for DGL [https://docs.dgl.ai/tutorials/cpu/cpu_best_practises.html])
  dgl_warning(
/workspace/pmp_vast/envs/pmp-author/lib/python3.10/site-packages/dgl/dataloading/dataloader.py:1076: DGLWarning: Dataloader CPU affinity opt is not enabled, consider switching it on (see enable_cpu_affinity() or CPU best practices for DGL [https://docs.dgl.ai/tutorials/cpu/cpu_best_practises.html])
  dgl_warning(
FINAL fdcompcn_tr10_seed2 PASS | AUPRC=0.112143 AUROC=0.506482 MacroF1=0.505738 Recall=0.116071

===== FINAL fdcompcn_tr10_seed42 =====
/workspace/pmp_vast/envs/pmp-author/lib/python3.10/site-packages/dgl/dataloading/dataloader.py:1076: DGLWarning: Dataloader CPU affinity opt is not enabled, consider switching it on (see enable_cpu_affinity() or CPU best practices for DGL [https://docs.dgl.ai/tutorials/cpu/cpu_best_practises.html])
  dgl_warning(
fdcompcn_tr10_seed42 epoch=001 loss=0.567823 val_AUPRC=0.128963 best=0.128963(1) patience=0/20 train=0.374s val=0.431s
/workspace/pmp_vast/envs/pmp-author/lib/python3.10/site-packages/dgl/dataloading/dataloader.py:1076: DGLWarning: Dataloader CPU affinity opt is not enabled, consider switching it on (see enable_cpu_affinity() or CPU best practices for DGL [https://docs.dgl.ai/tutorials/cpu/cpu_best_practises.html])
  dgl_warning(
/workspace/pmp_vast/envs/pmp-author/lib/python3.10/site-packages/dgl/dataloading/dataloader.py:1076: DGLWarning: Dataloader CPU affinity opt is not enabled, consider switching it on (see enable_cpu_affinity() or CPU best practices for DGL [https://docs.dgl.ai/tutorials/cpu/cpu_best_practises.html])
  dgl_warning(
/workspace/pmp_vast/envs/pmp-author/lib/python3.10/site-packages/dgl/dataloading/dataloader.py:1076: DGLWarning: Dataloader CPU affinity opt is not enabled, consider switching it on (see enable_cpu_affinity() or CPU best practices for DGL [https://docs.dgl.ai/tutorials/cpu/cpu_best_practises.html])
  dgl_warning(
fdcompcn_tr10_seed42 epoch=004 loss=0.330719 val_AUPRC=0.135749 best=0.135749(4) patience=0/20 train=0.441s val=0.462s
/workspace/pmp_vast/envs/pmp-author/lib/python3.10/site-packages/dgl/dataloading/dataloader.py:1076: DGLWarning: Dataloader CPU affinity opt is not enabled, consider switching it on (see enable_cpu_affinity() or CPU best practices for DGL [https://docs.dgl.ai/tutorials/cpu/cpu_best_practises.html])
  dgl_warning(
fdcompcn_tr10_seed42 epoch=005 loss=0.339670 val_AUPRC=0.139003 best=0.139003(5) patience=0/20 train=0.398s val=0.460s
/workspace/pmp_vast/envs/pmp-author/lib/python3.10/site-packages/dgl/dataloading/dataloader.py:1076: DGLWarning: Dataloader CPU affinity opt is not enabled, consider switching it on (see enable_cpu_affinity() or CPU best practices for DGL [https://docs.dgl.ai/tutorials/cpu/cpu_best_practises.html])
  dgl_warning(
fdcompcn_tr10_seed42 epoch=006 loss=0.249812 val_AUPRC=0.139598 best=0.139598(6) patience=0/20 train=0.410s val=0.457s
/workspace/pmp_vast/envs/pmp-author/lib/python3.10/site-packages/dgl/dataloading/dataloader.py:1076: DGLWarning: Dataloader CPU affinity opt is not enabled, consider switching it on (see enable_cpu_affinity() or CPU best practices for DGL [https://docs.dgl.ai/tutorials/cpu/cpu_best_practises.html])
  dgl_warning(
fdcompcn_tr10_seed42 epoch=007 loss=0.365812 val_AUPRC=0.141791 best=0.141791(7) patience=0/20 train=0.418s val=0.453s
/workspace/pmp_vast/envs/pmp-author/lib/python3.10/site-packages/dgl/dataloading/dataloader.py:1076: DGLWarning: Dataloader CPU affinity opt is not enabled, consider switching it on (see enable_cpu_affinity() or CPU best practices for DGL [https://docs.dgl.ai/tutorials/cpu/cpu_best_practises.html])
  dgl_warning(
fdcompcn_tr10_seed42 epoch=008 loss=0.323551 val_AUPRC=0.146511 best=0.146511(8) patience=0/20 train=0.417s val=0.444s
/workspace/pmp_vast/envs/pmp-author/lib/python3.10/site-packages/dgl/dataloading/dataloader.py:1076: DGLWarning: Dataloader CPU affinity opt is not enabled, consider switching it on (see enable_cpu_affinity() or CPU best practices for DGL [https://docs.dgl.ai/tutorials/cpu/cpu_best_practises.html])
  dgl_warning(
fdcompcn_tr10_seed42 epoch=009 loss=0.418783 val_AUPRC=0.147049 best=0.147049(9) patience=0/20 train=0.409s val=0.456s
/workspace/pmp_vast/envs/pmp-author/lib/python3.10/site-packages/dgl/dataloading/dataloader.py:1076: DGLWarning: Dataloader CPU affinity opt is not enabled, consider switching it on (see enable_cpu_affinity() or CPU best practices for DGL [https://docs.dgl.ai/tutorials/cpu/cpu_best_practises.html])
  dgl_warning(
fdcompcn_tr10_seed42 epoch=010 loss=0.208397 val_AUPRC=0.147536 best=0.147536(10) patience=0/20 train=0.453s val=0.466s
/workspace/pmp_vast/envs/pmp-author/lib/python3.10/site-packages/dgl/dataloading/dataloader.py:1076: DGLWarning: Dataloader CPU affinity opt is not enabled, consider switching it on (see enable_cpu_affinity() or CPU best practices for DGL [https://docs.dgl.ai/tutorials/cpu/cpu_best_practises.html])
  dgl_warning(
fdcompcn_tr10_seed42 epoch=011 loss=0.483621 val_AUPRC=0.149099 best=0.149099(11) patience=0/20 train=0.406s val=0.436s
/workspace/pmp_vast/envs/pmp-author/lib/python3.10/site-packages/dgl/dataloading/dataloader.py:1076: DGLWarning: Dataloader CPU affinity opt is not enabled, consider switching it on (see enable_cpu_affinity() or CPU best practices for DGL [https://docs.dgl.ai/tutorials/cpu/cpu_best_practises.html])
  dgl_warning(
fdcompcn_tr10_seed42 epoch=012 loss=0.430299 val_AUPRC=0.151894 best=0.151894(12) patience=0/20 train=0.418s val=0.413s
/workspace/pmp_vast/envs/pmp-author/lib/python3.10/site-packages/dgl/dataloading/dataloader.py:1076: DGLWarning: Dataloader CPU affinity opt is not enabled, consider switching it on (see enable_cpu_affinity() or CPU best practices for DGL [https://docs.dgl.ai/tutorials/cpu/cpu_best_practises.html])
  dgl_warning(
fdcompcn_tr10_seed42 epoch=013 loss=0.339171 val_AUPRC=0.152958 best=0.152958(13) patience=0/20 train=0.367s val=0.492s
/workspace/pmp_vast/envs/pmp-author/lib/python3.10/site-packages/dgl/dataloading/dataloader.py:1076: DGLWarning: Dataloader CPU affinity opt is not enabled, consider switching it on (see enable_cpu_affinity() or CPU best practices for DGL [https://docs.dgl.ai/tutorials/cpu/cpu_best_practises.html])
  dgl_warning(
/workspace/pmp_vast/envs/pmp-author/lib/python3.10/site-packages/dgl/dataloading/dataloader.py:1076: DGLWarning: Dataloader CPU affinity opt is not enabled, consider switching it on (see enable_cpu_affinity() or CPU best practices for DGL [https://docs.dgl.ai/tutorials/cpu/cpu_best_practises.html])
  dgl_warning(
/workspace/pmp_vast/envs/pmp-author/lib/python3.10/site-packages/dgl/dataloading/dataloader.py:1076: DGLWarning: Dataloader CPU affinity opt is not enabled, consider switching it on (see enable_cpu_affinity() or CPU best practices for DGL [https://docs.dgl.ai/tutorials/cpu/cpu_best_practises.html])
  dgl_warning(
/workspace/pmp_vast/envs/pmp-author/lib/python3.10/site-packages/dgl/dataloading/dataloader.py:1076: DGLWarning: Dataloader CPU affinity opt is not enabled, consider switching it on (see enable_cpu_affinity() or CPU best practices for DGL [https://docs.dgl.ai/tutorials/cpu/cpu_best_practises.html])
  dgl_warning(
/workspace/pmp_vast/envs/pmp-author/lib/python3.10/site-packages/dgl/dataloading/dataloader.py:1076: DGLWarning: Dataloader CPU affinity opt is not enabled, consider switching it on (see enable_cpu_affinity() or CPU best practices for DGL [https://docs.dgl.ai/tutorials/cpu/cpu_best_practises.html])
  dgl_warning(
/workspace/pmp_vast/envs/pmp-author/lib/python3.10/site-packages/dgl/dataloading/dataloader.py:1076: DGLWarning: Dataloader CPU affinity opt is not enabled, consider switching it on (see enable_cpu_affinity() or CPU best practices for DGL [https://docs.dgl.ai/tutorials/cpu/cpu_best_practises.html])
  dgl_warning(
/workspace/pmp_vast/envs/pmp-author/lib/python3.10/site-packages/dgl/dataloading/dataloader.py:1076: DGLWarning: Dataloader CPU affinity opt is not enabled, consider switching it on (see enable_cpu_affinity() or CPU best practices for DGL [https://docs.dgl.ai/tutorials/cpu/cpu_best_practises.html])
  dgl_warning(
fdcompcn_tr10_seed42 epoch=020 loss=0.357645 val_AUPRC=0.148628 best=0.152958(13) patience=7/20 train=0.380s val=0.397s
/workspace/pmp_vast/envs/pmp-author/lib/python3.10/site-packages/dgl/dataloading/dataloader.py:1076: DGLWarning: Dataloader CPU affinity opt is not enabled, consider switching it on (see enable_cpu_affinity() or CPU best practices for DGL [https://docs.dgl.ai/tutorials/cpu/cpu_best_practises.html])
  dgl_warning(
/workspace/pmp_vast/envs/pmp-author/lib/python3.10/site-packages/dgl/dataloading/dataloader.py:1076: DGLWarning: Dataloader CPU affinity opt is not enabled, consider switching it on (see enable_cpu_affinity() or CPU best practices for DGL [https://docs.dgl.ai/tutorials/cpu/cpu_best_practises.html])
  dgl_warning(
/workspace/pmp_vast/envs/pmp-author/lib/python3.10/site-packages/dgl/dataloading/dataloader.py:1076: DGLWarning: Dataloader CPU affinity opt is not enabled, consider switching it on (see enable_cpu_affinity() or CPU best practices for DGL [https://docs.dgl.ai/tutorials/cpu/cpu_best_practises.html])
  dgl_warning(
/workspace/pmp_vast/envs/pmp-author/lib/python3.10/site-packages/dgl/dataloading/dataloader.py:1076: DGLWarning: Dataloader CPU affinity opt is not enabled, consider switching it on (see enable_cpu_affinity() or CPU best practices for DGL [https://docs.dgl.ai/tutorials/cpu/cpu_best_practises.html])
  dgl_warning(
/workspace/pmp_vast/envs/pmp-author/lib/python3.10/site-packages/dgl/dataloading/dataloader.py:1076: DGLWarning: Dataloader CPU affinity opt is not enabled, consider switching it on (see enable_cpu_affinity() or CPU best practices for DGL [https://docs.dgl.ai/tutorials/cpu/cpu_best_practises.html])
  dgl_warning(
/workspace/pmp_vast/envs/pmp-author/lib/python3.10/site-packages/dgl/dataloading/dataloader.py:1076: DGLWarning: Dataloader CPU affinity opt is not enabled, consider switching it on (see enable_cpu_affinity() or CPU best practices for DGL [https://docs.dgl.ai/tutorials/cpu/cpu_best_practises.html])
  dgl_warning(
/workspace/pmp_vast/envs/pmp-author/lib/python3.10/site-packages/dgl/dataloading/dataloader.py:1076: DGLWarning: Dataloader CPU affinity opt is not enabled, consider switching it on (see enable_cpu_affinity() or CPU best practices for DGL [https://docs.dgl.ai/tutorials/cpu/cpu_best_practises.html])
  dgl_warning(
/workspace/pmp_vast/envs/pmp-author/lib/python3.10/site-packages/dgl/dataloading/dataloader.py:1076: DGLWarning: Dataloader CPU affinity opt is not enabled, consider switching it on (see enable_cpu_affinity() or CPU best practices for DGL [https://docs.dgl.ai/tutorials/cpu/cpu_best_practises.html])
  dgl_warning(
/workspace/pmp_vast/envs/pmp-author/lib/python3.10/site-packages/dgl/dataloading/dataloader.py:1076: DGLWarning: Dataloader CPU affinity opt is not enabled, consider switching it on (see enable_cpu_affinity() or CPU best practices for DGL [https://docs.dgl.ai/tutorials/cpu/cpu_best_practises.html])
  dgl_warning(
/workspace/pmp_vast/envs/pmp-author/lib/python3.10/site-packages/dgl/dataloading/dataloader.py:1076: DGLWarning: Dataloader CPU affinity opt is not enabled, consider switching it on (see enable_cpu_affinity() or CPU best practices for DGL [https://docs.dgl.ai/tutorials/cpu/cpu_best_practises.html])
  dgl_warning(
fdcompcn_tr10_seed42 epoch=030 loss=0.357906 val_AUPRC=0.147321 best=0.152958(13) patience=17/20 train=0.402s val=0.439s
/workspace/pmp_vast/envs/pmp-author/lib/python3.10/site-packages/dgl/dataloading/dataloader.py:1076: DGLWarning: Dataloader CPU affinity opt is not enabled, consider switching it on (see enable_cpu_affinity() or CPU best practices for DGL [https://docs.dgl.ai/tutorials/cpu/cpu_best_practises.html])
  dgl_warning(
/workspace/pmp_vast/envs/pmp-author/lib/python3.10/site-packages/dgl/dataloading/dataloader.py:1076: DGLWarning: Dataloader CPU affinity opt is not enabled, consider switching it on (see enable_cpu_affinity() or CPU best practices for DGL [https://docs.dgl.ai/tutorials/cpu/cpu_best_practises.html])
  dgl_warning(
/workspace/pmp_vast/envs/pmp-author/lib/python3.10/site-packages/dgl/dataloading/dataloader.py:1076: DGLWarning: Dataloader CPU affinity opt is not enabled, consider switching it on (see enable_cpu_affinity() or CPU best practices for DGL [https://docs.dgl.ai/tutorials/cpu/cpu_best_practises.html])
  dgl_warning(
fdcompcn_tr10_seed42 epoch=033 loss=0.333814 val_AUPRC=0.150146 best=0.152958(13) patience=20/20 train=0.339s val=0.375s
/workspace/pmp_vast/envs/pmp-author/lib/python3.10/site-packages/dgl/dataloading/dataloader.py:1076: DGLWarning: Dataloader CPU affinity opt is not enabled, consider switching it on (see enable_cpu_affinity() or CPU best practices for DGL [https://docs.dgl.ai/tutorials/cpu/cpu_best_practises.html])
  dgl_warning(
/workspace/pmp_vast/envs/pmp-author/lib/python3.10/site-packages/dgl/dataloading/dataloader.py:1076: DGLWarning: Dataloader CPU affinity opt is not enabled, consider switching it on (see enable_cpu_affinity() or CPU best practices for DGL [https://docs.dgl.ai/tutorials/cpu/cpu_best_practises.html])
  dgl_warning(
FINAL fdcompcn_tr10_seed42 PASS | AUPRC=0.124981 AUROC=0.516953 MacroF1=0.497018 Recall=0.075893

===== FINAL fdcompcn_tr10_seed72 =====
/workspace/pmp_vast/envs/pmp-author/lib/python3.10/site-packages/dgl/dataloading/dataloader.py:1076: DGLWarning: Dataloader CPU affinity opt is not enabled, consider switching it on (see enable_cpu_affinity() or CPU best practices for DGL [https://docs.dgl.ai/tutorials/cpu/cpu_best_practises.html])
  dgl_warning(
fdcompcn_tr10_seed72 epoch=001 loss=0.575386 val_AUPRC=0.123558 best=0.123558(1) patience=0/20 train=0.405s val=0.455s
/workspace/pmp_vast/envs/pmp-author/lib/python3.10/site-packages/dgl/dataloading/dataloader.py:1076: DGLWarning: Dataloader CPU affinity opt is not enabled, consider switching it on (see enable_cpu_affinity() or CPU best practices for DGL [https://docs.dgl.ai/tutorials/cpu/cpu_best_practises.html])
  dgl_warning(
/workspace/pmp_vast/envs/pmp-author/lib/python3.10/site-packages/dgl/dataloading/dataloader.py:1076: DGLWarning: Dataloader CPU affinity opt is not enabled, consider switching it on (see enable_cpu_affinity() or CPU best practices for DGL [https://docs.dgl.ai/tutorials/cpu/cpu_best_practises.html])
  dgl_warning(
/workspace/pmp_vast/envs/pmp-author/lib/python3.10/site-packages/dgl/dataloading/dataloader.py:1076: DGLWarning: Dataloader CPU affinity opt is not enabled, consider switching it on (see enable_cpu_affinity() or CPU best practices for DGL [https://docs.dgl.ai/tutorials/cpu/cpu_best_practises.html])
  dgl_warning(
/workspace/pmp_vast/envs/pmp-author/lib/python3.10/site-packages/dgl/dataloading/dataloader.py:1076: DGLWarning: Dataloader CPU affinity opt is not enabled, consider switching it on (see enable_cpu_affinity() or CPU best practices for DGL [https://docs.dgl.ai/tutorials/cpu/cpu_best_practises.html])
  dgl_warning(
/workspace/pmp_vast/envs/pmp-author/lib/python3.10/site-packages/dgl/dataloading/dataloader.py:1076: DGLWarning: Dataloader CPU affinity opt is not enabled, consider switching it on (see enable_cpu_affinity() or CPU best practices for DGL [https://docs.dgl.ai/tutorials/cpu/cpu_best_practises.html])
  dgl_warning(
/workspace/pmp_vast/envs/pmp-author/lib/python3.10/site-packages/dgl/dataloading/dataloader.py:1076: DGLWarning: Dataloader CPU affinity opt is not enabled, consider switching it on (see enable_cpu_affinity() or CPU best practices for DGL [https://docs.dgl.ai/tutorials/cpu/cpu_best_practises.html])
  dgl_warning(
/workspace/pmp_vast/envs/pmp-author/lib/python3.10/site-packages/dgl/dataloading/dataloader.py:1076: DGLWarning: Dataloader CPU affinity opt is not enabled, consider switching it on (see enable_cpu_affinity() or CPU best practices for DGL [https://docs.dgl.ai/tutorials/cpu/cpu_best_practises.html])
  dgl_warning(
/workspace/pmp_vast/envs/pmp-author/lib/python3.10/site-packages/dgl/dataloading/dataloader.py:1076: DGLWarning: Dataloader CPU affinity opt is not enabled, consider switching it on (see enable_cpu_affinity() or CPU best practices for DGL [https://docs.dgl.ai/tutorials/cpu/cpu_best_practises.html])
  dgl_warning(
/workspace/pmp_vast/envs/pmp-author/lib/python3.10/site-packages/dgl/dataloading/dataloader.py:1076: DGLWarning: Dataloader CPU affinity opt is not enabled, consider switching it on (see enable_cpu_affinity() or CPU best practices for DGL [https://docs.dgl.ai/tutorials/cpu/cpu_best_practises.html])
  dgl_warning(
fdcompcn_tr10_seed72 epoch=010 loss=0.328572 val_AUPRC=0.112464 best=0.123558(1) patience=9/20 train=0.403s val=0.440s
/workspace/pmp_vast/envs/pmp-author/lib/python3.10/site-packages/dgl/dataloading/dataloader.py:1076: DGLWarning: Dataloader CPU affinity opt is not enabled, consider switching it on (see enable_cpu_affinity() or CPU best practices for DGL [https://docs.dgl.ai/tutorials/cpu/cpu_best_practises.html])
  dgl_warning(
/workspace/pmp_vast/envs/pmp-author/lib/python3.10/site-packages/dgl/dataloading/dataloader.py:1076: DGLWarning: Dataloader CPU affinity opt is not enabled, consider switching it on (see enable_cpu_affinity() or CPU best practices for DGL [https://docs.dgl.ai/tutorials/cpu/cpu_best_practises.html])
  dgl_warning(
/workspace/pmp_vast/envs/pmp-author/lib/python3.10/site-packages/dgl/dataloading/dataloader.py:1076: DGLWarning: Dataloader CPU affinity opt is not enabled, consider switching it on (see enable_cpu_affinity() or CPU best practices for DGL [https://docs.dgl.ai/tutorials/cpu/cpu_best_practises.html])
  dgl_warning(
/workspace/pmp_vast/envs/pmp-author/lib/python3.10/site-packages/dgl/dataloading/dataloader.py:1076: DGLWarning: Dataloader CPU affinity opt is not enabled, consider switching it on (see enable_cpu_affinity() or CPU best practices for DGL [https://docs.dgl.ai/tutorials/cpu/cpu_best_practises.html])
  dgl_warning(
/workspace/pmp_vast/envs/pmp-author/lib/python3.10/site-packages/dgl/dataloading/dataloader.py:1076: DGLWarning: Dataloader CPU affinity opt is not enabled, consider switching it on (see enable_cpu_affinity() or CPU best practices for DGL [https://docs.dgl.ai/tutorials/cpu/cpu_best_practises.html])
  dgl_warning(
/workspace/pmp_vast/envs/pmp-author/lib/python3.10/site-packages/dgl/dataloading/dataloader.py:1076: DGLWarning: Dataloader CPU affinity opt is not enabled, consider switching it on (see enable_cpu_affinity() or CPU best practices for DGL [https://docs.dgl.ai/tutorials/cpu/cpu_best_practises.html])
  dgl_warning(
/workspace/pmp_vast/envs/pmp-author/lib/python3.10/site-packages/dgl/dataloading/dataloader.py:1076: DGLWarning: Dataloader CPU affinity opt is not enabled, consider switching it on (see enable_cpu_affinity() or CPU best practices for DGL [https://docs.dgl.ai/tutorials/cpu/cpu_best_practises.html])
  dgl_warning(
/workspace/pmp_vast/envs/pmp-author/lib/python3.10/site-packages/dgl/dataloading/dataloader.py:1076: DGLWarning: Dataloader CPU affinity opt is not enabled, consider switching it on (see enable_cpu_affinity() or CPU best practices for DGL [https://docs.dgl.ai/tutorials/cpu/cpu_best_practises.html])
  dgl_warning(
/workspace/pmp_vast/envs/pmp-author/lib/python3.10/site-packages/dgl/dataloading/dataloader.py:1076: DGLWarning: Dataloader CPU affinity opt is not enabled, consider switching it on (see enable_cpu_affinity() or CPU best practices for DGL [https://docs.dgl.ai/tutorials/cpu/cpu_best_practises.html])
  dgl_warning(
/workspace/pmp_vast/envs/pmp-author/lib/python3.10/site-packages/dgl/dataloading/dataloader.py:1076: DGLWarning: Dataloader CPU affinity opt is not enabled, consider switching it on (see enable_cpu_affinity() or CPU best practices for DGL [https://docs.dgl.ai/tutorials/cpu/cpu_best_practises.html])
  dgl_warning(
fdcompcn_tr10_seed72 epoch=020 loss=0.310898 val_AUPRC=0.114433 best=0.123558(1) patience=19/20 train=0.406s val=0.461s
/workspace/pmp_vast/envs/pmp-author/lib/python3.10/site-packages/dgl/dataloading/dataloader.py:1076: DGLWarning: Dataloader CPU affinity opt is not enabled, consider switching it on (see enable_cpu_affinity() or CPU best practices for DGL [https://docs.dgl.ai/tutorials/cpu/cpu_best_practises.html])
  dgl_warning(
fdcompcn_tr10_seed72 epoch=021 loss=0.236520 val_AUPRC=0.115107 best=0.123558(1) patience=20/20 train=0.447s val=0.426s
/workspace/pmp_vast/envs/pmp-author/lib/python3.10/site-packages/dgl/dataloading/dataloader.py:1076: DGLWarning: Dataloader CPU affinity opt is not enabled, consider switching it on (see enable_cpu_affinity() or CPU best practices for DGL [https://docs.dgl.ai/tutorials/cpu/cpu_best_practises.html])
  dgl_warning(
/workspace/pmp_vast/envs/pmp-author/lib/python3.10/site-packages/dgl/dataloading/dataloader.py:1076: DGLWarning: Dataloader CPU affinity opt is not enabled, consider switching it on (see enable_cpu_affinity() or CPU best practices for DGL [https://docs.dgl.ai/tutorials/cpu/cpu_best_practises.html])
  dgl_warning(
FINAL fdcompcn_tr10_seed72 PASS | AUPRC=0.126072 AUROC=0.535637 MacroF1=0.505965 Recall=0.111607

===== PMP FDCOMPCN FINAL RESULTS — MEAN ± SD =====
TR40 | AUPRC=0.123344±0.002845 | AUROC=0.558663±0.011383 | MacroF1=0.506877±0.003094 | Prec=0.119002±0.007126 | Recall=0.107143±0.004464 | FraudF1=0.112611±0.002743 | GMean=0.311548±0.005356
TR30 | AUPRC=0.130255±0.003694 | AUROC=0.553078±0.014920 | MacroF1=0.507607±0.003363 | Prec=0.119021±0.005316 | Recall=0.117560±0.015678 | FraudF1=0.118132±0.010546 | GMean=0.324342±0.020079
TR20 | AUPRC=0.127453±0.004395 | AUROC=0.541743±0.020599 | MacroF1=0.510556±0.003553 | Prec=0.126701±0.009923 | Recall=0.113095±0.011235 | FraudF1=0.119011±0.004896 | GMean=0.320020±0.013494
TR10 | AUPRC=0.121065±0.007746 | AUROC=0.519690±0.014769 | MacroF1=0.502907±0.005101 | Prec=0.111008±0.008510 | Recall=0.101190±0.022022 | FraudF1=0.105481±0.016263 | GMean=0.301226±0.032067

===== FINAL GATE =====
PMP_FDCOMPCN_1EPOCH_SMOKE=PASS
PMP_FDCOMPCN_TR40_TUNING=PASS
PMP_FDCOMPCN_FINAL=PASS
PMP_FDCOMPCN_FINAL_RUNS=12/12
TEST_ISOLATION=PASS
PMP_AUTHOR_REPO_CLEAN=PASS
