===== PMP × AMAZON — ONE-CHUNK UNIFIED PIPELINE =====
GPU: NVIDIA RTX A6000
PMP_COMMIT=PASS
AMAZON_CANONICAL_SHA=PASS
AMAZON_FROZEN_SPLIT_SHA=PASS
Frozen split sizes: {'TR40': 3455, 'TR30': 2591, 'TR20': 1727, 'TR10': 863, 'val': 1728, 'test': 3456}
Done saving data into cached files.
[Global] Dataset <amazon> Overview
	 Num Edges 9557648
	 Num Features     25
	Entire (fraud/total)    821 / 11944 
	Train  (fraud/total)    344 / 3455  
	Valid  (fraud/total)    156 / 1727  
	Test   (fraud/total)    321 / 3457  

Amazon nodes/features: 11944 25
Amazon stored relation edges: 9557648
Amazon relations: ['net_upu', 'net_usu', 'net_uvu']
Eligible fraud/normal: 821 / 7818
OFFICIAL_AMAZON_CONFIG=PASS

===== EXACT 1-EPOCH AMAZON SMOKE =====
/workspace/pmp_vast/envs/pmp-author/lib/python3.10/site-packages/dgl/dataloading/dataloader.py:1076: DGLWarning: Dataloader CPU affinity opt is not enabled, consider switching it on (see enable_cpu_affinity() or CPU best practices for DGL [https://docs.dgl.ai/tutorials/cpu/cpu_best_practises.html])
  dgl_warning(
PMP_AMAZON_1EPOCH_SMOKE=PASS
Smoke val AUPRC: 0.8554563350650501 AUROC: 0.9407437153016031
TEST_EVALUATED=NO

===== AMAZON TR40 TUNING — 12 TRIALS =====
Frozen author hidden/dropout: 256 / 0.6
Test evaluation during tuning: FORBIDDEN
/workspace/pmp_vast/envs/pmp-author/lib/python3.10/site-packages/dgl/dataloading/dataloader.py:1076: DGLWarning: Dataloader CPU affinity opt is not enabled, consider switching it on (see enable_cpu_affinity() or CPU best practices for DGL [https://docs.dgl.ai/tutorials/cpu/cpu_best_practises.html])
  dgl_warning(
trial=01 epoch=001 loss=0.754042 val_AUPRC=0.855456 best=0.855456(1) patience=0/20 train=6.845s val=3.593s
/workspace/pmp_vast/envs/pmp-author/lib/python3.10/site-packages/dgl/dataloading/dataloader.py:1076: DGLWarning: Dataloader CPU affinity opt is not enabled, consider switching it on (see enable_cpu_affinity() or CPU best practices for DGL [https://docs.dgl.ai/tutorials/cpu/cpu_best_practises.html])
  dgl_warning(
trial=01 epoch=002 loss=0.135964 val_AUPRC=0.889236 best=0.889236(2) patience=0/20 train=7.222s val=3.600s
/workspace/pmp_vast/envs/pmp-author/lib/python3.10/site-packages/dgl/dataloading/dataloader.py:1076: DGLWarning: Dataloader CPU affinity opt is not enabled, consider switching it on (see enable_cpu_affinity() or CPU best practices for DGL [https://docs.dgl.ai/tutorials/cpu/cpu_best_practises.html])
  dgl_warning(
trial=01 epoch=003 loss=0.119837 val_AUPRC=0.893109 best=0.893109(3) patience=0/20 train=7.039s val=3.628s
/workspace/pmp_vast/envs/pmp-author/lib/python3.10/site-packages/dgl/dataloading/dataloader.py:1076: DGLWarning: Dataloader CPU affinity opt is not enabled, consider switching it on (see enable_cpu_affinity() or CPU best practices for DGL [https://docs.dgl.ai/tutorials/cpu/cpu_best_practises.html])
  dgl_warning(
trial=01 epoch=004 loss=0.108296 val_AUPRC=0.906084 best=0.906084(4) patience=0/20 train=7.116s val=3.633s
/workspace/pmp_vast/envs/pmp-author/lib/python3.10/site-packages/dgl/dataloading/dataloader.py:1076: DGLWarning: Dataloader CPU affinity opt is not enabled, consider switching it on (see enable_cpu_affinity() or CPU best practices for DGL [https://docs.dgl.ai/tutorials/cpu/cpu_best_practises.html])
  dgl_warning(
/workspace/pmp_vast/envs/pmp-author/lib/python3.10/site-packages/dgl/dataloading/dataloader.py:1076: DGLWarning: Dataloader CPU affinity opt is not enabled, consider switching it on (see enable_cpu_affinity() or CPU best practices for DGL [https://docs.dgl.ai/tutorials/cpu/cpu_best_practises.html])
  dgl_warning(
/workspace/pmp_vast/envs/pmp-author/lib/python3.10/site-packages/dgl/dataloading/dataloader.py:1076: DGLWarning: Dataloader CPU affinity opt is not enabled, consider switching it on (see enable_cpu_affinity() or CPU best practices for DGL [https://docs.dgl.ai/tutorials/cpu/cpu_best_practises.html])
  dgl_warning(
trial=01 epoch=007 loss=0.092671 val_AUPRC=0.907098 best=0.907098(7) patience=0/20 train=7.075s val=3.517s
/workspace/pmp_vast/envs/pmp-author/lib/python3.10/site-packages/dgl/dataloading/dataloader.py:1076: DGLWarning: Dataloader CPU affinity opt is not enabled, consider switching it on (see enable_cpu_affinity() or CPU best practices for DGL [https://docs.dgl.ai/tutorials/cpu/cpu_best_practises.html])
  dgl_warning(
/workspace/pmp_vast/envs/pmp-author/lib/python3.10/site-packages/dgl/dataloading/dataloader.py:1076: DGLWarning: Dataloader CPU affinity opt is not enabled, consider switching it on (see enable_cpu_affinity() or CPU best practices for DGL [https://docs.dgl.ai/tutorials/cpu/cpu_best_practises.html])
  dgl_warning(
/workspace/pmp_vast/envs/pmp-author/lib/python3.10/site-packages/dgl/dataloading/dataloader.py:1076: DGLWarning: Dataloader CPU affinity opt is not enabled, consider switching it on (see enable_cpu_affinity() or CPU best practices for DGL [https://docs.dgl.ai/tutorials/cpu/cpu_best_practises.html])
  dgl_warning(
trial=01 epoch=010 loss=0.089095 val_AUPRC=0.918012 best=0.918012(10) patience=0/20 train=7.163s val=3.927s
/workspace/pmp_vast/envs/pmp-author/lib/python3.10/site-packages/dgl/dataloading/dataloader.py:1076: DGLWarning: Dataloader CPU affinity opt is not enabled, consider switching it on (see enable_cpu_affinity() or CPU best practices for DGL [https://docs.dgl.ai/tutorials/cpu/cpu_best_practises.html])
  dgl_warning(
/workspace/pmp_vast/envs/pmp-author/lib/python3.10/site-packages/dgl/dataloading/dataloader.py:1076: DGLWarning: Dataloader CPU affinity opt is not enabled, consider switching it on (see enable_cpu_affinity() or CPU best practices for DGL [https://docs.dgl.ai/tutorials/cpu/cpu_best_practises.html])
  dgl_warning(
/workspace/pmp_vast/envs/pmp-author/lib/python3.10/site-packages/dgl/dataloading/dataloader.py:1076: DGLWarning: Dataloader CPU affinity opt is not enabled, consider switching it on (see enable_cpu_affinity() or CPU best practices for DGL [https://docs.dgl.ai/tutorials/cpu/cpu_best_practises.html])
  dgl_warning(
/workspace/pmp_vast/envs/pmp-author/lib/python3.10/site-packages/dgl/dataloading/dataloader.py:1076: DGLWarning: Dataloader CPU affinity opt is not enabled, consider switching it on (see enable_cpu_affinity() or CPU best practices for DGL [https://docs.dgl.ai/tutorials/cpu/cpu_best_practises.html])
  dgl_warning(
/workspace/pmp_vast/envs/pmp-author/lib/python3.10/site-packages/dgl/dataloading/dataloader.py:1076: DGLWarning: Dataloader CPU affinity opt is not enabled, consider switching it on (see enable_cpu_affinity() or CPU best practices for DGL [https://docs.dgl.ai/tutorials/cpu/cpu_best_practises.html])
  dgl_warning(
/workspace/pmp_vast/envs/pmp-author/lib/python3.10/site-packages/dgl/dataloading/dataloader.py:1076: DGLWarning: Dataloader CPU affinity opt is not enabled, consider switching it on (see enable_cpu_affinity() or CPU best practices for DGL [https://docs.dgl.ai/tutorials/cpu/cpu_best_practises.html])
  dgl_warning(
trial=01 epoch=016 loss=0.081575 val_AUPRC=0.923299 best=0.923299(16) patience=0/20 train=7.025s val=3.518s
/workspace/pmp_vast/envs/pmp-author/lib/python3.10/site-packages/dgl/dataloading/dataloader.py:1076: DGLWarning: Dataloader CPU affinity opt is not enabled, consider switching it on (see enable_cpu_affinity() or CPU best practices for DGL [https://docs.dgl.ai/tutorials/cpu/cpu_best_practises.html])
  dgl_warning(
/workspace/pmp_vast/envs/pmp-author/lib/python3.10/site-packages/dgl/dataloading/dataloader.py:1076: DGLWarning: Dataloader CPU affinity opt is not enabled, consider switching it on (see enable_cpu_affinity() or CPU best practices for DGL [https://docs.dgl.ai/tutorials/cpu/cpu_best_practises.html])
  dgl_warning(
trial=01 epoch=018 loss=0.076799 val_AUPRC=0.926649 best=0.926649(18) patience=0/20 train=7.281s val=3.610s
/workspace/pmp_vast/envs/pmp-author/lib/python3.10/site-packages/dgl/dataloading/dataloader.py:1076: DGLWarning: Dataloader CPU affinity opt is not enabled, consider switching it on (see enable_cpu_affinity() or CPU best practices for DGL [https://docs.dgl.ai/tutorials/cpu/cpu_best_practises.html])
  dgl_warning(
/workspace/pmp_vast/envs/pmp-author/lib/python3.10/site-packages/dgl/dataloading/dataloader.py:1076: DGLWarning: Dataloader CPU affinity opt is not enabled, consider switching it on (see enable_cpu_affinity() or CPU best practices for DGL [https://docs.dgl.ai/tutorials/cpu/cpu_best_practises.html])
  dgl_warning(
trial=01 epoch=020 loss=0.072139 val_AUPRC=0.915979 best=0.926649(18) patience=2/20 train=6.949s val=3.660s
/workspace/pmp_vast/envs/pmp-author/lib/python3.10/site-packages/dgl/dataloading/dataloader.py:1076: DGLWarning: Dataloader CPU affinity opt is not enabled, consider switching it on (see enable_cpu_affinity() or CPU best practices for DGL [https://docs.dgl.ai/tutorials/cpu/cpu_best_practises.html])
  dgl_warning(
/workspace/pmp_vast/envs/pmp-author/lib/python3.10/site-packages/dgl/dataloading/dataloader.py:1076: DGLWarning: Dataloader CPU affinity opt is not enabled, consider switching it on (see enable_cpu_affinity() or CPU best practices for DGL [https://docs.dgl.ai/tutorials/cpu/cpu_best_practises.html])
  dgl_warning(
/workspace/pmp_vast/envs/pmp-author/lib/python3.10/site-packages/dgl/dataloading/dataloader.py:1076: DGLWarning: Dataloader CPU affinity opt is not enabled, consider switching it on (see enable_cpu_affinity() or CPU best practices for DGL [https://docs.dgl.ai/tutorials/cpu/cpu_best_practises.html])
  dgl_warning(
/workspace/pmp_vast/envs/pmp-author/lib/python3.10/site-packages/dgl/dataloading/dataloader.py:1076: DGLWarning: Dataloader CPU affinity opt is not enabled, consider switching it on (see enable_cpu_affinity() or CPU best practices for DGL [https://docs.dgl.ai/tutorials/cpu/cpu_best_practises.html])
  dgl_warning(
/workspace/pmp_vast/envs/pmp-author/lib/python3.10/site-packages/dgl/dataloading/dataloader.py:1076: DGLWarning: Dataloader CPU affinity opt is not enabled, consider switching it on (see enable_cpu_affinity() or CPU best practices for DGL [https://docs.dgl.ai/tutorials/cpu/cpu_best_practises.html])
  dgl_warning(
/workspace/pmp_vast/envs/pmp-author/lib/python3.10/site-packages/dgl/dataloading/dataloader.py:1076: DGLWarning: Dataloader CPU affinity opt is not enabled, consider switching it on (see enable_cpu_affinity() or CPU best practices for DGL [https://docs.dgl.ai/tutorials/cpu/cpu_best_practises.html])
  dgl_warning(
/workspace/pmp_vast/envs/pmp-author/lib/python3.10/site-packages/dgl/dataloading/dataloader.py:1076: DGLWarning: Dataloader CPU affinity opt is not enabled, consider switching it on (see enable_cpu_affinity() or CPU best practices for DGL [https://docs.dgl.ai/tutorials/cpu/cpu_best_practises.html])
  dgl_warning(
/workspace/pmp_vast/envs/pmp-author/lib/python3.10/site-packages/dgl/dataloading/dataloader.py:1076: DGLWarning: Dataloader CPU affinity opt is not enabled, consider switching it on (see enable_cpu_affinity() or CPU best practices for DGL [https://docs.dgl.ai/tutorials/cpu/cpu_best_practises.html])
  dgl_warning(
/workspace/pmp_vast/envs/pmp-author/lib/python3.10/site-packages/dgl/dataloading/dataloader.py:1076: DGLWarning: Dataloader CPU affinity opt is not enabled, consider switching it on (see enable_cpu_affinity() or CPU best practices for DGL [https://docs.dgl.ai/tutorials/cpu/cpu_best_practises.html])
  dgl_warning(
/workspace/pmp_vast/envs/pmp-author/lib/python3.10/site-packages/dgl/dataloading/dataloader.py:1076: DGLWarning: Dataloader CPU affinity opt is not enabled, consider switching it on (see enable_cpu_affinity() or CPU best practices for DGL [https://docs.dgl.ai/tutorials/cpu/cpu_best_practises.html])
  dgl_warning(
trial=01 epoch=030 loss=0.068866 val_AUPRC=0.914880 best=0.926649(18) patience=12/20 train=7.143s val=3.686s
/workspace/pmp_vast/envs/pmp-author/lib/python3.10/site-packages/dgl/dataloading/dataloader.py:1076: DGLWarning: Dataloader CPU affinity opt is not enabled, consider switching it on (see enable_cpu_affinity() or CPU best practices for DGL [https://docs.dgl.ai/tutorials/cpu/cpu_best_practises.html])
  dgl_warning(
/workspace/pmp_vast/envs/pmp-author/lib/python3.10/site-packages/dgl/dataloading/dataloader.py:1076: DGLWarning: Dataloader CPU affinity opt is not enabled, consider switching it on (see enable_cpu_affinity() or CPU best practices for DGL [https://docs.dgl.ai/tutorials/cpu/cpu_best_practises.html])
  dgl_warning(
/workspace/pmp_vast/envs/pmp-author/lib/python3.10/site-packages/dgl/dataloading/dataloader.py:1076: DGLWarning: Dataloader CPU affinity opt is not enabled, consider switching it on (see enable_cpu_affinity() or CPU best practices for DGL [https://docs.dgl.ai/tutorials/cpu/cpu_best_practises.html])
  dgl_warning(
/workspace/pmp_vast/envs/pmp-author/lib/python3.10/site-packages/dgl/dataloading/dataloader.py:1076: DGLWarning: Dataloader CPU affinity opt is not enabled, consider switching it on (see enable_cpu_affinity() or CPU best practices for DGL [https://docs.dgl.ai/tutorials/cpu/cpu_best_practises.html])
  dgl_warning(
/workspace/pmp_vast/envs/pmp-author/lib/python3.10/site-packages/dgl/dataloading/dataloader.py:1076: DGLWarning: Dataloader CPU affinity opt is not enabled, consider switching it on (see enable_cpu_affinity() or CPU best practices for DGL [https://docs.dgl.ai/tutorials/cpu/cpu_best_practises.html])
  dgl_warning(
/workspace/pmp_vast/envs/pmp-author/lib/python3.10/site-packages/dgl/dataloading/dataloader.py:1076: DGLWarning: Dataloader CPU affinity opt is not enabled, consider switching it on (see enable_cpu_affinity() or CPU best practices for DGL [https://docs.dgl.ai/tutorials/cpu/cpu_best_practises.html])
  dgl_warning(
/workspace/pmp_vast/envs/pmp-author/lib/python3.10/site-packages/dgl/dataloading/dataloader.py:1076: DGLWarning: Dataloader CPU affinity opt is not enabled, consider switching it on (see enable_cpu_affinity() or CPU best practices for DGL [https://docs.dgl.ai/tutorials/cpu/cpu_best_practises.html])
  dgl_warning(
/workspace/pmp_vast/envs/pmp-author/lib/python3.10/site-packages/dgl/dataloading/dataloader.py:1076: DGLWarning: Dataloader CPU affinity opt is not enabled, consider switching it on (see enable_cpu_affinity() or CPU best practices for DGL [https://docs.dgl.ai/tutorials/cpu/cpu_best_practises.html])
  dgl_warning(
trial=01 epoch=038 loss=0.064284 val_AUPRC=0.916160 best=0.926649(18) patience=20/20 train=7.676s val=3.724s
TRIAL 01 DONE | lr=0.01 wd=0.0 | epoch=18 | val AUPRC=0.926649
/workspace/pmp_vast/envs/pmp-author/lib/python3.10/site-packages/dgl/dataloading/dataloader.py:1076: DGLWarning: Dataloader CPU affinity opt is not enabled, consider switching it on (see enable_cpu_affinity() or CPU best practices for DGL [https://docs.dgl.ai/tutorials/cpu/cpu_best_practises.html])
  dgl_warning(
trial=02 epoch=001 loss=0.837571 val_AUPRC=0.824720 best=0.824720(1) patience=0/20 train=7.215s val=3.532s
/workspace/pmp_vast/envs/pmp-author/lib/python3.10/site-packages/dgl/dataloading/dataloader.py:1076: DGLWarning: Dataloader CPU affinity opt is not enabled, consider switching it on (see enable_cpu_affinity() or CPU best practices for DGL [https://docs.dgl.ai/tutorials/cpu/cpu_best_practises.html])
  dgl_warning(
trial=02 epoch=002 loss=0.354601 val_AUPRC=0.866074 best=0.866074(2) patience=0/20 train=6.900s val=3.832s
/workspace/pmp_vast/envs/pmp-author/lib/python3.10/site-packages/dgl/dataloading/dataloader.py:1076: DGLWarning: Dataloader CPU affinity opt is not enabled, consider switching it on (see enable_cpu_affinity() or CPU best practices for DGL [https://docs.dgl.ai/tutorials/cpu/cpu_best_practises.html])
  dgl_warning(
trial=02 epoch=003 loss=0.130676 val_AUPRC=0.880075 best=0.880075(3) patience=0/20 train=7.616s val=3.763s
/workspace/pmp_vast/envs/pmp-author/lib/python3.10/site-packages/dgl/dataloading/dataloader.py:1076: DGLWarning: Dataloader CPU affinity opt is not enabled, consider switching it on (see enable_cpu_affinity() or CPU best practices for DGL [https://docs.dgl.ai/tutorials/cpu/cpu_best_practises.html])
  dgl_warning(
trial=02 epoch=004 loss=0.125971 val_AUPRC=0.885608 best=0.885608(4) patience=0/20 train=7.557s val=3.614s
/workspace/pmp_vast/envs/pmp-author/lib/python3.10/site-packages/dgl/dataloading/dataloader.py:1076: DGLWarning: Dataloader CPU affinity opt is not enabled, consider switching it on (see enable_cpu_affinity() or CPU best practices for DGL [https://docs.dgl.ai/tutorials/cpu/cpu_best_practises.html])
  dgl_warning(
trial=02 epoch=005 loss=0.115137 val_AUPRC=0.891317 best=0.891317(5) patience=0/20 train=7.450s val=3.746s
/workspace/pmp_vast/envs/pmp-author/lib/python3.10/site-packages/dgl/dataloading/dataloader.py:1076: DGLWarning: Dataloader CPU affinity opt is not enabled, consider switching it on (see enable_cpu_affinity() or CPU best practices for DGL [https://docs.dgl.ai/tutorials/cpu/cpu_best_practises.html])
  dgl_warning(
/workspace/pmp_vast/envs/pmp-author/lib/python3.10/site-packages/dgl/dataloading/dataloader.py:1076: DGLWarning: Dataloader CPU affinity opt is not enabled, consider switching it on (see enable_cpu_affinity() or CPU best practices for DGL [https://docs.dgl.ai/tutorials/cpu/cpu_best_practises.html])
  dgl_warning(
trial=02 epoch=007 loss=0.102826 val_AUPRC=0.896596 best=0.896596(7) patience=0/20 train=7.601s val=3.804s
/workspace/pmp_vast/envs/pmp-author/lib/python3.10/site-packages/dgl/dataloading/dataloader.py:1076: DGLWarning: Dataloader CPU affinity opt is not enabled, consider switching it on (see enable_cpu_affinity() or CPU best practices for DGL [https://docs.dgl.ai/tutorials/cpu/cpu_best_practises.html])
  dgl_warning(
trial=02 epoch=008 loss=0.099403 val_AUPRC=0.904450 best=0.904450(8) patience=0/20 train=7.367s val=3.869s
/workspace/pmp_vast/envs/pmp-author/lib/python3.10/site-packages/dgl/dataloading/dataloader.py:1076: DGLWarning: Dataloader CPU affinity opt is not enabled, consider switching it on (see enable_cpu_affinity() or CPU best practices for DGL [https://docs.dgl.ai/tutorials/cpu/cpu_best_practises.html])
  dgl_warning(
trial=02 epoch=009 loss=0.094517 val_AUPRC=0.908299 best=0.908299(9) patience=0/20 train=7.395s val=4.375s
/workspace/pmp_vast/envs/pmp-author/lib/python3.10/site-packages/dgl/dataloading/dataloader.py:1076: DGLWarning: Dataloader CPU affinity opt is not enabled, consider switching it on (see enable_cpu_affinity() or CPU best practices for DGL [https://docs.dgl.ai/tutorials/cpu/cpu_best_practises.html])
  dgl_warning(
trial=02 epoch=010 loss=0.092253 val_AUPRC=0.897689 best=0.908299(9) patience=1/20 train=7.514s val=3.716s
/workspace/pmp_vast/envs/pmp-author/lib/python3.10/site-packages/dgl/dataloading/dataloader.py:1076: DGLWarning: Dataloader CPU affinity opt is not enabled, consider switching it on (see enable_cpu_affinity() or CPU best practices for DGL [https://docs.dgl.ai/tutorials/cpu/cpu_best_practises.html])
  dgl_warning(
/workspace/pmp_vast/envs/pmp-author/lib/python3.10/site-packages/dgl/dataloading/dataloader.py:1076: DGLWarning: Dataloader CPU affinity opt is not enabled, consider switching it on (see enable_cpu_affinity() or CPU best practices for DGL [https://docs.dgl.ai/tutorials/cpu/cpu_best_practises.html])
  dgl_warning(
/workspace/pmp_vast/envs/pmp-author/lib/python3.10/site-packages/dgl/dataloading/dataloader.py:1076: DGLWarning: Dataloader CPU affinity opt is not enabled, consider switching it on (see enable_cpu_affinity() or CPU best practices for DGL [https://docs.dgl.ai/tutorials/cpu/cpu_best_practises.html])
  dgl_warning(
/workspace/pmp_vast/envs/pmp-author/lib/python3.10/site-packages/dgl/dataloading/dataloader.py:1076: DGLWarning: Dataloader CPU affinity opt is not enabled, consider switching it on (see enable_cpu_affinity() or CPU best practices for DGL [https://docs.dgl.ai/tutorials/cpu/cpu_best_practises.html])
  dgl_warning(
/workspace/pmp_vast/envs/pmp-author/lib/python3.10/site-packages/dgl/dataloading/dataloader.py:1076: DGLWarning: Dataloader CPU affinity opt is not enabled, consider switching it on (see enable_cpu_affinity() or CPU best practices for DGL [https://docs.dgl.ai/tutorials/cpu/cpu_best_practises.html])
  dgl_warning(
trial=02 epoch=015 loss=0.082056 val_AUPRC=0.915809 best=0.915809(15) patience=0/20 train=7.383s val=3.711s
/workspace/pmp_vast/envs/pmp-author/lib/python3.10/site-packages/dgl/dataloading/dataloader.py:1076: DGLWarning: Dataloader CPU affinity opt is not enabled, consider switching it on (see enable_cpu_affinity() or CPU best practices for DGL [https://docs.dgl.ai/tutorials/cpu/cpu_best_practises.html])
  dgl_warning(
/workspace/pmp_vast/envs/pmp-author/lib/python3.10/site-packages/dgl/dataloading/dataloader.py:1076: DGLWarning: Dataloader CPU affinity opt is not enabled, consider switching it on (see enable_cpu_affinity() or CPU best practices for DGL [https://docs.dgl.ai/tutorials/cpu/cpu_best_practises.html])
  dgl_warning(
/workspace/pmp_vast/envs/pmp-author/lib/python3.10/site-packages/dgl/dataloading/dataloader.py:1076: DGLWarning: Dataloader CPU affinity opt is not enabled, consider switching it on (see enable_cpu_affinity() or CPU best practices for DGL [https://docs.dgl.ai/tutorials/cpu/cpu_best_practises.html])
  dgl_warning(
trial=02 epoch=018 loss=0.078365 val_AUPRC=0.919118 best=0.919118(18) patience=0/20 train=7.083s val=3.930s
/workspace/pmp_vast/envs/pmp-author/lib/python3.10/site-packages/dgl/dataloading/dataloader.py:1076: DGLWarning: Dataloader CPU affinity opt is not enabled, consider switching it on (see enable_cpu_affinity() or CPU best practices for DGL [https://docs.dgl.ai/tutorials/cpu/cpu_best_practises.html])
  dgl_warning(
/workspace/pmp_vast/envs/pmp-author/lib/python3.10/site-packages/dgl/dataloading/dataloader.py:1076: DGLWarning: Dataloader CPU affinity opt is not enabled, consider switching it on (see enable_cpu_affinity() or CPU best practices for DGL [https://docs.dgl.ai/tutorials/cpu/cpu_best_practises.html])
  dgl_warning(
trial=02 epoch=020 loss=0.073921 val_AUPRC=0.918096 best=0.919118(18) patience=2/20 train=7.168s val=3.640s
/workspace/pmp_vast/envs/pmp-author/lib/python3.10/site-packages/dgl/dataloading/dataloader.py:1076: DGLWarning: Dataloader CPU affinity opt is not enabled, consider switching it on (see enable_cpu_affinity() or CPU best practices for DGL [https://docs.dgl.ai/tutorials/cpu/cpu_best_practises.html])
  dgl_warning(
trial=02 epoch=021 loss=0.074738 val_AUPRC=0.921892 best=0.921892(21) patience=0/20 train=7.229s val=3.767s
/workspace/pmp_vast/envs/pmp-author/lib/python3.10/site-packages/dgl/dataloading/dataloader.py:1076: DGLWarning: Dataloader CPU affinity opt is not enabled, consider switching it on (see enable_cpu_affinity() or CPU best practices for DGL [https://docs.dgl.ai/tutorials/cpu/cpu_best_practises.html])
  dgl_warning(
/workspace/pmp_vast/envs/pmp-author/lib/python3.10/site-packages/dgl/dataloading/dataloader.py:1076: DGLWarning: Dataloader CPU affinity opt is not enabled, consider switching it on (see enable_cpu_affinity() or CPU best practices for DGL [https://docs.dgl.ai/tutorials/cpu/cpu_best_practises.html])
  dgl_warning(
trial=02 epoch=023 loss=0.072102 val_AUPRC=0.925728 best=0.925728(23) patience=0/20 train=7.363s val=3.777s
/workspace/pmp_vast/envs/pmp-author/lib/python3.10/site-packages/dgl/dataloading/dataloader.py:1076: DGLWarning: Dataloader CPU affinity opt is not enabled, consider switching it on (see enable_cpu_affinity() or CPU best practices for DGL [https://docs.dgl.ai/tutorials/cpu/cpu_best_practises.html])
  dgl_warning(
/workspace/pmp_vast/envs/pmp-author/lib/python3.10/site-packages/dgl/dataloading/dataloader.py:1076: DGLWarning: Dataloader CPU affinity opt is not enabled, consider switching it on (see enable_cpu_affinity() or CPU best practices for DGL [https://docs.dgl.ai/tutorials/cpu/cpu_best_practises.html])
  dgl_warning(
/workspace/pmp_vast/envs/pmp-author/lib/python3.10/site-packages/dgl/dataloading/dataloader.py:1076: DGLWarning: Dataloader CPU affinity opt is not enabled, consider switching it on (see enable_cpu_affinity() or CPU best practices for DGL [https://docs.dgl.ai/tutorials/cpu/cpu_best_practises.html])
  dgl_warning(
/workspace/pmp_vast/envs/pmp-author/lib/python3.10/site-packages/dgl/dataloading/dataloader.py:1076: DGLWarning: Dataloader CPU affinity opt is not enabled, consider switching it on (see enable_cpu_affinity() or CPU best practices for DGL [https://docs.dgl.ai/tutorials/cpu/cpu_best_practises.html])
  dgl_warning(
trial=02 epoch=027 loss=0.065681 val_AUPRC=0.928494 best=0.928494(27) patience=0/20 train=7.393s val=3.562s
/workspace/pmp_vast/envs/pmp-author/lib/python3.10/site-packages/dgl/dataloading/dataloader.py:1076: DGLWarning: Dataloader CPU affinity opt is not enabled, consider switching it on (see enable_cpu_affinity() or CPU best practices for DGL [https://docs.dgl.ai/tutorials/cpu/cpu_best_practises.html])
  dgl_warning(
/workspace/pmp_vast/envs/pmp-author/lib/python3.10/site-packages/dgl/dataloading/dataloader.py:1076: DGLWarning: Dataloader CPU affinity opt is not enabled, consider switching it on (see enable_cpu_affinity() or CPU best practices for DGL [https://docs.dgl.ai/tutorials/cpu/cpu_best_practises.html])
  dgl_warning(
/workspace/pmp_vast/envs/pmp-author/lib/python3.10/site-packages/dgl/dataloading/dataloader.py:1076: DGLWarning: Dataloader CPU affinity opt is not enabled, consider switching it on (see enable_cpu_affinity() or CPU best practices for DGL [https://docs.dgl.ai/tutorials/cpu/cpu_best_practises.html])
  dgl_warning(
trial=02 epoch=030 loss=0.062593 val_AUPRC=0.924992 best=0.928494(27) patience=3/20 train=7.639s val=3.796s
/workspace/pmp_vast/envs/pmp-author/lib/python3.10/site-packages/dgl/dataloading/dataloader.py:1076: DGLWarning: Dataloader CPU affinity opt is not enabled, consider switching it on (see enable_cpu_affinity() or CPU best practices for DGL [https://docs.dgl.ai/tutorials/cpu/cpu_best_practises.html])
  dgl_warning(
/workspace/pmp_vast/envs/pmp-author/lib/python3.10/site-packages/dgl/dataloading/dataloader.py:1076: DGLWarning: Dataloader CPU affinity opt is not enabled, consider switching it on (see enable_cpu_affinity() or CPU best practices for DGL [https://docs.dgl.ai/tutorials/cpu/cpu_best_practises.html])
  dgl_warning(
/workspace/pmp_vast/envs/pmp-author/lib/python3.10/site-packages/dgl/dataloading/dataloader.py:1076: DGLWarning: Dataloader CPU affinity opt is not enabled, consider switching it on (see enable_cpu_affinity() or CPU best practices for DGL [https://docs.dgl.ai/tutorials/cpu/cpu_best_practises.html])
  dgl_warning(
/workspace/pmp_vast/envs/pmp-author/lib/python3.10/site-packages/dgl/dataloading/dataloader.py:1076: DGLWarning: Dataloader CPU affinity opt is not enabled, consider switching it on (see enable_cpu_affinity() or CPU best practices for DGL [https://docs.dgl.ai/tutorials/cpu/cpu_best_practises.html])
  dgl_warning(
/workspace/pmp_vast/envs/pmp-author/lib/python3.10/site-packages/dgl/dataloading/dataloader.py:1076: DGLWarning: Dataloader CPU affinity opt is not enabled, consider switching it on (see enable_cpu_affinity() or CPU best practices for DGL [https://docs.dgl.ai/tutorials/cpu/cpu_best_practises.html])
  dgl_warning(
/workspace/pmp_vast/envs/pmp-author/lib/python3.10/site-packages/dgl/dataloading/dataloader.py:1076: DGLWarning: Dataloader CPU affinity opt is not enabled, consider switching it on (see enable_cpu_affinity() or CPU best practices for DGL [https://docs.dgl.ai/tutorials/cpu/cpu_best_practises.html])
  dgl_warning(
/workspace/pmp_vast/envs/pmp-author/lib/python3.10/site-packages/dgl/dataloading/dataloader.py:1076: DGLWarning: Dataloader CPU affinity opt is not enabled, consider switching it on (see enable_cpu_affinity() or CPU best practices for DGL [https://docs.dgl.ai/tutorials/cpu/cpu_best_practises.html])
  dgl_warning(
/workspace/pmp_vast/envs/pmp-author/lib/python3.10/site-packages/dgl/dataloading/dataloader.py:1076: DGLWarning: Dataloader CPU affinity opt is not enabled, consider switching it on (see enable_cpu_affinity() or CPU best practices for DGL [https://docs.dgl.ai/tutorials/cpu/cpu_best_practises.html])
  dgl_warning(
/workspace/pmp_vast/envs/pmp-author/lib/python3.10/site-packages/dgl/dataloading/dataloader.py:1076: DGLWarning: Dataloader CPU affinity opt is not enabled, consider switching it on (see enable_cpu_affinity() or CPU best practices for DGL [https://docs.dgl.ai/tutorials/cpu/cpu_best_practises.html])
  dgl_warning(
/workspace/pmp_vast/envs/pmp-author/lib/python3.10/site-packages/dgl/dataloading/dataloader.py:1076: DGLWarning: Dataloader CPU affinity opt is not enabled, consider switching it on (see enable_cpu_affinity() or CPU best practices for DGL [https://docs.dgl.ai/tutorials/cpu/cpu_best_practises.html])
  dgl_warning(
trial=02 epoch=040 loss=0.061315 val_AUPRC=0.919100 best=0.928494(27) patience=13/20 train=8.998s val=4.668s
/workspace/pmp_vast/envs/pmp-author/lib/python3.10/site-packages/dgl/dataloading/dataloader.py:1076: DGLWarning: Dataloader CPU affinity opt is not enabled, consider switching it on (see enable_cpu_affinity() or CPU best practices for DGL [https://docs.dgl.ai/tutorials/cpu/cpu_best_practises.html])
  dgl_warning(
/workspace/pmp_vast/envs/pmp-author/lib/python3.10/site-packages/dgl/dataloading/dataloader.py:1076: DGLWarning: Dataloader CPU affinity opt is not enabled, consider switching it on (see enable_cpu_affinity() or CPU best practices for DGL [https://docs.dgl.ai/tutorials/cpu/cpu_best_practises.html])
  dgl_warning(
/workspace/pmp_vast/envs/pmp-author/lib/python3.10/site-packages/dgl/dataloading/dataloader.py:1076: DGLWarning: Dataloader CPU affinity opt is not enabled, consider switching it on (see enable_cpu_affinity() or CPU best practices for DGL [https://docs.dgl.ai/tutorials/cpu/cpu_best_practises.html])
  dgl_warning(
/workspace/pmp_vast/envs/pmp-author/lib/python3.10/site-packages/dgl/dataloading/dataloader.py:1076: DGLWarning: Dataloader CPU affinity opt is not enabled, consider switching it on (see enable_cpu_affinity() or CPU best practices for DGL [https://docs.dgl.ai/tutorials/cpu/cpu_best_practises.html])
  dgl_warning(
/workspace/pmp_vast/envs/pmp-author/lib/python3.10/site-packages/dgl/dataloading/dataloader.py:1076: DGLWarning: Dataloader CPU affinity opt is not enabled, consider switching it on (see enable_cpu_affinity() or CPU best practices for DGL [https://docs.dgl.ai/tutorials/cpu/cpu_best_practises.html])
  dgl_warning(
/workspace/pmp_vast/envs/pmp-author/lib/python3.10/site-packages/dgl/dataloading/dataloader.py:1076: DGLWarning: Dataloader CPU affinity opt is not enabled, consider switching it on (see enable_cpu_affinity() or CPU best practices for DGL [https://docs.dgl.ai/tutorials/cpu/cpu_best_practises.html])
  dgl_warning(
/workspace/pmp_vast/envs/pmp-author/lib/python3.10/site-packages/dgl/dataloading/dataloader.py:1076: DGLWarning: Dataloader CPU affinity opt is not enabled, consider switching it on (see enable_cpu_affinity() or CPU best practices for DGL [https://docs.dgl.ai/tutorials/cpu/cpu_best_practises.html])
  dgl_warning(
trial=02 epoch=047 loss=0.071668 val_AUPRC=0.916938 best=0.928494(27) patience=20/20 train=7.254s val=3.601s
TRIAL 02 DONE | lr=0.01 wd=1e-05 | epoch=27 | val AUPRC=0.928494
/workspace/pmp_vast/envs/pmp-author/lib/python3.10/site-packages/dgl/dataloading/dataloader.py:1076: DGLWarning: Dataloader CPU affinity opt is not enabled, consider switching it on (see enable_cpu_affinity() or CPU best practices for DGL [https://docs.dgl.ai/tutorials/cpu/cpu_best_practises.html])
  dgl_warning(
trial=03 epoch=001 loss=0.601235 val_AUPRC=0.867663 best=0.867663(1) patience=0/20 train=7.305s val=3.517s
/workspace/pmp_vast/envs/pmp-author/lib/python3.10/site-packages/dgl/dataloading/dataloader.py:1076: DGLWarning: Dataloader CPU affinity opt is not enabled, consider switching it on (see enable_cpu_affinity() or CPU best practices for DGL [https://docs.dgl.ai/tutorials/cpu/cpu_best_practises.html])
  dgl_warning(
trial=03 epoch=002 loss=0.143070 val_AUPRC=0.882700 best=0.882700(2) patience=0/20 train=6.787s val=3.615s
/workspace/pmp_vast/envs/pmp-author/lib/python3.10/site-packages/dgl/dataloading/dataloader.py:1076: DGLWarning: Dataloader CPU affinity opt is not enabled, consider switching it on (see enable_cpu_affinity() or CPU best practices for DGL [https://docs.dgl.ai/tutorials/cpu/cpu_best_practises.html])
  dgl_warning(
/workspace/pmp_vast/envs/pmp-author/lib/python3.10/site-packages/dgl/dataloading/dataloader.py:1076: DGLWarning: Dataloader CPU affinity opt is not enabled, consider switching it on (see enable_cpu_affinity() or CPU best practices for DGL [https://docs.dgl.ai/tutorials/cpu/cpu_best_practises.html])
  dgl_warning(
trial=03 epoch=004 loss=0.106144 val_AUPRC=0.883897 best=0.883897(4) patience=0/20 train=7.610s val=3.838s
/workspace/pmp_vast/envs/pmp-author/lib/python3.10/site-packages/dgl/dataloading/dataloader.py:1076: DGLWarning: Dataloader CPU affinity opt is not enabled, consider switching it on (see enable_cpu_affinity() or CPU best practices for DGL [https://docs.dgl.ai/tutorials/cpu/cpu_best_practises.html])
  dgl_warning(
trial=03 epoch=005 loss=0.105197 val_AUPRC=0.891254 best=0.891254(5) patience=0/20 train=7.694s val=4.212s
/workspace/pmp_vast/envs/pmp-author/lib/python3.10/site-packages/dgl/dataloading/dataloader.py:1076: DGLWarning: Dataloader CPU affinity opt is not enabled, consider switching it on (see enable_cpu_affinity() or CPU best practices for DGL [https://docs.dgl.ai/tutorials/cpu/cpu_best_practises.html])
  dgl_warning(
trial=03 epoch=006 loss=0.108885 val_AUPRC=0.892632 best=0.892632(6) patience=0/20 train=7.587s val=4.193s
/workspace/pmp_vast/envs/pmp-author/lib/python3.10/site-packages/dgl/dataloading/dataloader.py:1076: DGLWarning: Dataloader CPU affinity opt is not enabled, consider switching it on (see enable_cpu_affinity() or CPU best practices for DGL [https://docs.dgl.ai/tutorials/cpu/cpu_best_practises.html])
  dgl_warning(
trial=03 epoch=007 loss=0.092817 val_AUPRC=0.902661 best=0.902661(7) patience=0/20 train=7.618s val=3.982s
/workspace/pmp_vast/envs/pmp-author/lib/python3.10/site-packages/dgl/dataloading/dataloader.py:1076: DGLWarning: Dataloader CPU affinity opt is not enabled, consider switching it on (see enable_cpu_affinity() or CPU best practices for DGL [https://docs.dgl.ai/tutorials/cpu/cpu_best_practises.html])
  dgl_warning(
trial=03 epoch=008 loss=0.088704 val_AUPRC=0.908741 best=0.908741(8) patience=0/20 train=8.060s val=3.748s
/workspace/pmp_vast/envs/pmp-author/lib/python3.10/site-packages/dgl/dataloading/dataloader.py:1076: DGLWarning: Dataloader CPU affinity opt is not enabled, consider switching it on (see enable_cpu_affinity() or CPU best practices for DGL [https://docs.dgl.ai/tutorials/cpu/cpu_best_practises.html])
  dgl_warning(
/workspace/pmp_vast/envs/pmp-author/lib/python3.10/site-packages/dgl/dataloading/dataloader.py:1076: DGLWarning: Dataloader CPU affinity opt is not enabled, consider switching it on (see enable_cpu_affinity() or CPU best practices for DGL [https://docs.dgl.ai/tutorials/cpu/cpu_best_practises.html])
  dgl_warning(
trial=03 epoch=010 loss=0.090282 val_AUPRC=0.906831 best=0.908741(8) patience=2/20 train=7.552s val=4.094s
/workspace/pmp_vast/envs/pmp-author/lib/python3.10/site-packages/dgl/dataloading/dataloader.py:1076: DGLWarning: Dataloader CPU affinity opt is not enabled, consider switching it on (see enable_cpu_affinity() or CPU best practices for DGL [https://docs.dgl.ai/tutorials/cpu/cpu_best_practises.html])
  dgl_warning(
trial=03 epoch=011 loss=0.088058 val_AUPRC=0.909426 best=0.909426(11) patience=0/20 train=7.784s val=3.744s
/workspace/pmp_vast/envs/pmp-author/lib/python3.10/site-packages/dgl/dataloading/dataloader.py:1076: DGLWarning: Dataloader CPU affinity opt is not enabled, consider switching it on (see enable_cpu_affinity() or CPU best practices for DGL [https://docs.dgl.ai/tutorials/cpu/cpu_best_practises.html])
  dgl_warning(
/workspace/pmp_vast/envs/pmp-author/lib/python3.10/site-packages/dgl/dataloading/dataloader.py:1076: DGLWarning: Dataloader CPU affinity opt is not enabled, consider switching it on (see enable_cpu_affinity() or CPU best practices for DGL [https://docs.dgl.ai/tutorials/cpu/cpu_best_practises.html])
  dgl_warning(
trial=03 epoch=013 loss=0.083249 val_AUPRC=0.917818 best=0.917818(13) patience=0/20 train=7.930s val=3.717s
/workspace/pmp_vast/envs/pmp-author/lib/python3.10/site-packages/dgl/dataloading/dataloader.py:1076: DGLWarning: Dataloader CPU affinity opt is not enabled, consider switching it on (see enable_cpu_affinity() or CPU best practices for DGL [https://docs.dgl.ai/tutorials/cpu/cpu_best_practises.html])
  dgl_warning(
/workspace/pmp_vast/envs/pmp-author/lib/python3.10/site-packages/dgl/dataloading/dataloader.py:1076: DGLWarning: Dataloader CPU affinity opt is not enabled, consider switching it on (see enable_cpu_affinity() or CPU best practices for DGL [https://docs.dgl.ai/tutorials/cpu/cpu_best_practises.html])
  dgl_warning(
/workspace/pmp_vast/envs/pmp-author/lib/python3.10/site-packages/dgl/dataloading/dataloader.py:1076: DGLWarning: Dataloader CPU affinity opt is not enabled, consider switching it on (see enable_cpu_affinity() or CPU best practices for DGL [https://docs.dgl.ai/tutorials/cpu/cpu_best_practises.html])
  dgl_warning(
/workspace/pmp_vast/envs/pmp-author/lib/python3.10/site-packages/dgl/dataloading/dataloader.py:1076: DGLWarning: Dataloader CPU affinity opt is not enabled, consider switching it on (see enable_cpu_affinity() or CPU best practices for DGL [https://docs.dgl.ai/tutorials/cpu/cpu_best_practises.html])
  dgl_warning(
/workspace/pmp_vast/envs/pmp-author/lib/python3.10/site-packages/dgl/dataloading/dataloader.py:1076: DGLWarning: Dataloader CPU affinity opt is not enabled, consider switching it on (see enable_cpu_affinity() or CPU best practices for DGL [https://docs.dgl.ai/tutorials/cpu/cpu_best_practises.html])
  dgl_warning(
/workspace/pmp_vast/envs/pmp-author/lib/python3.10/site-packages/dgl/dataloading/dataloader.py:1076: DGLWarning: Dataloader CPU affinity opt is not enabled, consider switching it on (see enable_cpu_affinity() or CPU best practices for DGL [https://docs.dgl.ai/tutorials/cpu/cpu_best_practises.html])
  dgl_warning(
/workspace/pmp_vast/envs/pmp-author/lib/python3.10/site-packages/dgl/dataloading/dataloader.py:1076: DGLWarning: Dataloader CPU affinity opt is not enabled, consider switching it on (see enable_cpu_affinity() or CPU best practices for DGL [https://docs.dgl.ai/tutorials/cpu/cpu_best_practises.html])
  dgl_warning(
trial=03 epoch=020 loss=0.087616 val_AUPRC=0.884729 best=0.917818(13) patience=7/20 train=7.330s val=3.762s
/workspace/pmp_vast/envs/pmp-author/lib/python3.10/site-packages/dgl/dataloading/dataloader.py:1076: DGLWarning: Dataloader CPU affinity opt is not enabled, consider switching it on (see enable_cpu_affinity() or CPU best practices for DGL [https://docs.dgl.ai/tutorials/cpu/cpu_best_practises.html])
  dgl_warning(
/workspace/pmp_vast/envs/pmp-author/lib/python3.10/site-packages/dgl/dataloading/dataloader.py:1076: DGLWarning: Dataloader CPU affinity opt is not enabled, consider switching it on (see enable_cpu_affinity() or CPU best practices for DGL [https://docs.dgl.ai/tutorials/cpu/cpu_best_practises.html])
  dgl_warning(
/workspace/pmp_vast/envs/pmp-author/lib/python3.10/site-packages/dgl/dataloading/dataloader.py:1076: DGLWarning: Dataloader CPU affinity opt is not enabled, consider switching it on (see enable_cpu_affinity() or CPU best practices for DGL [https://docs.dgl.ai/tutorials/cpu/cpu_best_practises.html])
  dgl_warning(
/workspace/pmp_vast/envs/pmp-author/lib/python3.10/site-packages/dgl/dataloading/dataloader.py:1076: DGLWarning: Dataloader CPU affinity opt is not enabled, consider switching it on (see enable_cpu_affinity() or CPU best practices for DGL [https://docs.dgl.ai/tutorials/cpu/cpu_best_practises.html])
  dgl_warning(
trial=03 epoch=024 loss=0.083360 val_AUPRC=0.918913 best=0.918913(24) patience=0/20 train=7.298s val=3.689s
/workspace/pmp_vast/envs/pmp-author/lib/python3.10/site-packages/dgl/dataloading/dataloader.py:1076: DGLWarning: Dataloader CPU affinity opt is not enabled, consider switching it on (see enable_cpu_affinity() or CPU best practices for DGL [https://docs.dgl.ai/tutorials/cpu/cpu_best_practises.html])
  dgl_warning(
trial=03 epoch=025 loss=0.080815 val_AUPRC=0.921651 best=0.921651(25) patience=0/20 train=7.475s val=3.954s
/workspace/pmp_vast/envs/pmp-author/lib/python3.10/site-packages/dgl/dataloading/dataloader.py:1076: DGLWarning: Dataloader CPU affinity opt is not enabled, consider switching it on (see enable_cpu_affinity() or CPU best practices for DGL [https://docs.dgl.ai/tutorials/cpu/cpu_best_practises.html])
  dgl_warning(
/workspace/pmp_vast/envs/pmp-author/lib/python3.10/site-packages/dgl/dataloading/dataloader.py:1076: DGLWarning: Dataloader CPU affinity opt is not enabled, consider switching it on (see enable_cpu_affinity() or CPU best practices for DGL [https://docs.dgl.ai/tutorials/cpu/cpu_best_practises.html])
  dgl_warning(
/workspace/pmp_vast/envs/pmp-author/lib/python3.10/site-packages/dgl/dataloading/dataloader.py:1076: DGLWarning: Dataloader CPU affinity opt is not enabled, consider switching it on (see enable_cpu_affinity() or CPU best practices for DGL [https://docs.dgl.ai/tutorials/cpu/cpu_best_practises.html])
  dgl_warning(
/workspace/pmp_vast/envs/pmp-author/lib/python3.10/site-packages/dgl/dataloading/dataloader.py:1076: DGLWarning: Dataloader CPU affinity opt is not enabled, consider switching it on (see enable_cpu_affinity() or CPU best practices for DGL [https://docs.dgl.ai/tutorials/cpu/cpu_best_practises.html])
  dgl_warning(
trial=03 epoch=029 loss=0.076569 val_AUPRC=0.923908 best=0.923908(29) patience=0/20 train=7.707s val=3.596s
/workspace/pmp_vast/envs/pmp-author/lib/python3.10/site-packages/dgl/dataloading/dataloader.py:1076: DGLWarning: Dataloader CPU affinity opt is not enabled, consider switching it on (see enable_cpu_affinity() or CPU best practices for DGL [https://docs.dgl.ai/tutorials/cpu/cpu_best_practises.html])
  dgl_warning(
trial=03 epoch=030 loss=0.086946 val_AUPRC=0.913286 best=0.923908(29) patience=1/20 train=7.459s val=3.838s
/workspace/pmp_vast/envs/pmp-author/lib/python3.10/site-packages/dgl/dataloading/dataloader.py:1076: DGLWarning: Dataloader CPU affinity opt is not enabled, consider switching it on (see enable_cpu_affinity() or CPU best practices for DGL [https://docs.dgl.ai/tutorials/cpu/cpu_best_practises.html])
  dgl_warning(
/workspace/pmp_vast/envs/pmp-author/lib/python3.10/site-packages/dgl/dataloading/dataloader.py:1076: DGLWarning: Dataloader CPU affinity opt is not enabled, consider switching it on (see enable_cpu_affinity() or CPU best practices for DGL [https://docs.dgl.ai/tutorials/cpu/cpu_best_practises.html])
  dgl_warning(
/workspace/pmp_vast/envs/pmp-author/lib/python3.10/site-packages/dgl/dataloading/dataloader.py:1076: DGLWarning: Dataloader CPU affinity opt is not enabled, consider switching it on (see enable_cpu_affinity() or CPU best practices for DGL [https://docs.dgl.ai/tutorials/cpu/cpu_best_practises.html])
  dgl_warning(
/workspace/pmp_vast/envs/pmp-author/lib/python3.10/site-packages/dgl/dataloading/dataloader.py:1076: DGLWarning: Dataloader CPU affinity opt is not enabled, consider switching it on (see enable_cpu_affinity() or CPU best practices for DGL [https://docs.dgl.ai/tutorials/cpu/cpu_best_practises.html])
  dgl_warning(
/workspace/pmp_vast/envs/pmp-author/lib/python3.10/site-packages/dgl/dataloading/dataloader.py:1076: DGLWarning: Dataloader CPU affinity opt is not enabled, consider switching it on (see enable_cpu_affinity() or CPU best practices for DGL [https://docs.dgl.ai/tutorials/cpu/cpu_best_practises.html])
  dgl_warning(
trial=03 epoch=035 loss=0.071574 val_AUPRC=0.925402 best=0.925402(35) patience=0/20 train=7.449s val=3.827s
/workspace/pmp_vast/envs/pmp-author/lib/python3.10/site-packages/dgl/dataloading/dataloader.py:1076: DGLWarning: Dataloader CPU affinity opt is not enabled, consider switching it on (see enable_cpu_affinity() or CPU best practices for DGL [https://docs.dgl.ai/tutorials/cpu/cpu_best_practises.html])
  dgl_warning(
/workspace/pmp_vast/envs/pmp-author/lib/python3.10/site-packages/dgl/dataloading/dataloader.py:1076: DGLWarning: Dataloader CPU affinity opt is not enabled, consider switching it on (see enable_cpu_affinity() or CPU best practices for DGL [https://docs.dgl.ai/tutorials/cpu/cpu_best_practises.html])
  dgl_warning(
/workspace/pmp_vast/envs/pmp-author/lib/python3.10/site-packages/dgl/dataloading/dataloader.py:1076: DGLWarning: Dataloader CPU affinity opt is not enabled, consider switching it on (see enable_cpu_affinity() or CPU best practices for DGL [https://docs.dgl.ai/tutorials/cpu/cpu_best_practises.html])
  dgl_warning(
/workspace/pmp_vast/envs/pmp-author/lib/python3.10/site-packages/dgl/dataloading/dataloader.py:1076: DGLWarning: Dataloader CPU affinity opt is not enabled, consider switching it on (see enable_cpu_affinity() or CPU best practices for DGL [https://docs.dgl.ai/tutorials/cpu/cpu_best_practises.html])
  dgl_warning(
/workspace/pmp_vast/envs/pmp-author/lib/python3.10/site-packages/dgl/dataloading/dataloader.py:1076: DGLWarning: Dataloader CPU affinity opt is not enabled, consider switching it on (see enable_cpu_affinity() or CPU best practices for DGL [https://docs.dgl.ai/tutorials/cpu/cpu_best_practises.html])
  dgl_warning(
trial=03 epoch=040 loss=0.103212 val_AUPRC=0.907554 best=0.925402(35) patience=5/20 train=7.183s val=3.762s
/workspace/pmp_vast/envs/pmp-author/lib/python3.10/site-packages/dgl/dataloading/dataloader.py:1076: DGLWarning: Dataloader CPU affinity opt is not enabled, consider switching it on (see enable_cpu_affinity() or CPU best practices for DGL [https://docs.dgl.ai/tutorials/cpu/cpu_best_practises.html])
  dgl_warning(
/workspace/pmp_vast/envs/pmp-author/lib/python3.10/site-packages/dgl/dataloading/dataloader.py:1076: DGLWarning: Dataloader CPU affinity opt is not enabled, consider switching it on (see enable_cpu_affinity() or CPU best practices for DGL [https://docs.dgl.ai/tutorials/cpu/cpu_best_practises.html])
  dgl_warning(
/workspace/pmp_vast/envs/pmp-author/lib/python3.10/site-packages/dgl/dataloading/dataloader.py:1076: DGLWarning: Dataloader CPU affinity opt is not enabled, consider switching it on (see enable_cpu_affinity() or CPU best practices for DGL [https://docs.dgl.ai/tutorials/cpu/cpu_best_practises.html])
  dgl_warning(
/workspace/pmp_vast/envs/pmp-author/lib/python3.10/site-packages/dgl/dataloading/dataloader.py:1076: DGLWarning: Dataloader CPU affinity opt is not enabled, consider switching it on (see enable_cpu_affinity() or CPU best practices for DGL [https://docs.dgl.ai/tutorials/cpu/cpu_best_practises.html])
  dgl_warning(
/workspace/pmp_vast/envs/pmp-author/lib/python3.10/site-packages/dgl/dataloading/dataloader.py:1076: DGLWarning: Dataloader CPU affinity opt is not enabled, consider switching it on (see enable_cpu_affinity() or CPU best practices for DGL [https://docs.dgl.ai/tutorials/cpu/cpu_best_practises.html])
  dgl_warning(
/workspace/pmp_vast/envs/pmp-author/lib/python3.10/site-packages/dgl/dataloading/dataloader.py:1076: DGLWarning: Dataloader CPU affinity opt is not enabled, consider switching it on (see enable_cpu_affinity() or CPU best practices for DGL [https://docs.dgl.ai/tutorials/cpu/cpu_best_practises.html])
  dgl_warning(
/workspace/pmp_vast/envs/pmp-author/lib/python3.10/site-packages/dgl/dataloading/dataloader.py:1076: DGLWarning: Dataloader CPU affinity opt is not enabled, consider switching it on (see enable_cpu_affinity() or CPU best practices for DGL [https://docs.dgl.ai/tutorials/cpu/cpu_best_practises.html])
  dgl_warning(
/workspace/pmp_vast/envs/pmp-author/lib/python3.10/site-packages/dgl/dataloading/dataloader.py:1076: DGLWarning: Dataloader CPU affinity opt is not enabled, consider switching it on (see enable_cpu_affinity() or CPU best practices for DGL [https://docs.dgl.ai/tutorials/cpu/cpu_best_practises.html])
  dgl_warning(
/workspace/pmp_vast/envs/pmp-author/lib/python3.10/site-packages/dgl/dataloading/dataloader.py:1076: DGLWarning: Dataloader CPU affinity opt is not enabled, consider switching it on (see enable_cpu_affinity() or CPU best practices for DGL [https://docs.dgl.ai/tutorials/cpu/cpu_best_practises.html])
  dgl_warning(
/workspace/pmp_vast/envs/pmp-author/lib/python3.10/site-packages/dgl/dataloading/dataloader.py:1076: DGLWarning: Dataloader CPU affinity opt is not enabled, consider switching it on (see enable_cpu_affinity() or CPU best practices for DGL [https://docs.dgl.ai/tutorials/cpu/cpu_best_practises.html])
  dgl_warning(
trial=03 epoch=050 loss=0.077774 val_AUPRC=0.912479 best=0.925402(35) patience=15/20 train=7.701s val=3.914s
/workspace/pmp_vast/envs/pmp-author/lib/python3.10/site-packages/dgl/dataloading/dataloader.py:1076: DGLWarning: Dataloader CPU affinity opt is not enabled, consider switching it on (see enable_cpu_affinity() or CPU best practices for DGL [https://docs.dgl.ai/tutorials/cpu/cpu_best_practises.html])
  dgl_warning(
/workspace/pmp_vast/envs/pmp-author/lib/python3.10/site-packages/dgl/dataloading/dataloader.py:1076: DGLWarning: Dataloader CPU affinity opt is not enabled, consider switching it on (see enable_cpu_affinity() or CPU best practices for DGL [https://docs.dgl.ai/tutorials/cpu/cpu_best_practises.html])
  dgl_warning(
/workspace/pmp_vast/envs/pmp-author/lib/python3.10/site-packages/dgl/dataloading/dataloader.py:1076: DGLWarning: Dataloader CPU affinity opt is not enabled, consider switching it on (see enable_cpu_affinity() or CPU best practices for DGL [https://docs.dgl.ai/tutorials/cpu/cpu_best_practises.html])
  dgl_warning(
/workspace/pmp_vast/envs/pmp-author/lib/python3.10/site-packages/dgl/dataloading/dataloader.py:1076: DGLWarning: Dataloader CPU affinity opt is not enabled, consider switching it on (see enable_cpu_affinity() or CPU best practices for DGL [https://docs.dgl.ai/tutorials/cpu/cpu_best_practises.html])
  dgl_warning(
/workspace/pmp_vast/envs/pmp-author/lib/python3.10/site-packages/dgl/dataloading/dataloader.py:1076: DGLWarning: Dataloader CPU affinity opt is not enabled, consider switching it on (see enable_cpu_affinity() or CPU best practices for DGL [https://docs.dgl.ai/tutorials/cpu/cpu_best_practises.html])
  dgl_warning(
trial=03 epoch=055 loss=0.072931 val_AUPRC=0.918451 best=0.925402(35) patience=20/20 train=7.222s val=4.100s
TRIAL 03 DONE | lr=0.01 wd=0.0001 | epoch=35 | val AUPRC=0.925402
/workspace/pmp_vast/envs/pmp-author/lib/python3.10/site-packages/dgl/dataloading/dataloader.py:1076: DGLWarning: Dataloader CPU affinity opt is not enabled, consider switching it on (see enable_cpu_affinity() or CPU best practices for DGL [https://docs.dgl.ai/tutorials/cpu/cpu_best_practises.html])
  dgl_warning(
trial=04 epoch=001 loss=0.701452 val_AUPRC=0.710174 best=0.710174(1) patience=0/20 train=7.425s val=3.841s
/workspace/pmp_vast/envs/pmp-author/lib/python3.10/site-packages/dgl/dataloading/dataloader.py:1076: DGLWarning: Dataloader CPU affinity opt is not enabled, consider switching it on (see enable_cpu_affinity() or CPU best practices for DGL [https://docs.dgl.ai/tutorials/cpu/cpu_best_practises.html])
  dgl_warning(
trial=04 epoch=002 loss=0.168757 val_AUPRC=0.876086 best=0.876086(2) patience=0/20 train=7.501s val=3.944s
/workspace/pmp_vast/envs/pmp-author/lib/python3.10/site-packages/dgl/dataloading/dataloader.py:1076: DGLWarning: Dataloader CPU affinity opt is not enabled, consider switching it on (see enable_cpu_affinity() or CPU best practices for DGL [https://docs.dgl.ai/tutorials/cpu/cpu_best_practises.html])
  dgl_warning(
/workspace/pmp_vast/envs/pmp-author/lib/python3.10/site-packages/dgl/dataloading/dataloader.py:1076: DGLWarning: Dataloader CPU affinity opt is not enabled, consider switching it on (see enable_cpu_affinity() or CPU best practices for DGL [https://docs.dgl.ai/tutorials/cpu/cpu_best_practises.html])
  dgl_warning(
trial=04 epoch=004 loss=0.123286 val_AUPRC=0.881990 best=0.881990(4) patience=0/20 train=7.707s val=4.040s
/workspace/pmp_vast/envs/pmp-author/lib/python3.10/site-packages/dgl/dataloading/dataloader.py:1076: DGLWarning: Dataloader CPU affinity opt is not enabled, consider switching it on (see enable_cpu_affinity() or CPU best practices for DGL [https://docs.dgl.ai/tutorials/cpu/cpu_best_practises.html])
  dgl_warning(
trial=04 epoch=005 loss=0.107055 val_AUPRC=0.888762 best=0.888762(5) patience=0/20 train=7.843s val=3.898s
/workspace/pmp_vast/envs/pmp-author/lib/python3.10/site-packages/dgl/dataloading/dataloader.py:1076: DGLWarning: Dataloader CPU affinity opt is not enabled, consider switching it on (see enable_cpu_affinity() or CPU best practices for DGL [https://docs.dgl.ai/tutorials/cpu/cpu_best_practises.html])
  dgl_warning(
trial=04 epoch=006 loss=0.106157 val_AUPRC=0.891307 best=0.891307(6) patience=0/20 train=7.724s val=4.234s
/workspace/pmp_vast/envs/pmp-author/lib/python3.10/site-packages/dgl/dataloading/dataloader.py:1076: DGLWarning: Dataloader CPU affinity opt is not enabled, consider switching it on (see enable_cpu_affinity() or CPU best practices for DGL [https://docs.dgl.ai/tutorials/cpu/cpu_best_practises.html])
  dgl_warning(
/workspace/pmp_vast/envs/pmp-author/lib/python3.10/site-packages/dgl/dataloading/dataloader.py:1076: DGLWarning: Dataloader CPU affinity opt is not enabled, consider switching it on (see enable_cpu_affinity() or CPU best practices for DGL [https://docs.dgl.ai/tutorials/cpu/cpu_best_practises.html])
  dgl_warning(
trial=04 epoch=008 loss=0.106864 val_AUPRC=0.895978 best=0.895978(8) patience=0/20 train=7.503s val=3.934s
/workspace/pmp_vast/envs/pmp-author/lib/python3.10/site-packages/dgl/dataloading/dataloader.py:1076: DGLWarning: Dataloader CPU affinity opt is not enabled, consider switching it on (see enable_cpu_affinity() or CPU best practices for DGL [https://docs.dgl.ai/tutorials/cpu/cpu_best_practises.html])
  dgl_warning(
/workspace/pmp_vast/envs/pmp-author/lib/python3.10/site-packages/dgl/dataloading/dataloader.py:1076: DGLWarning: Dataloader CPU affinity opt is not enabled, consider switching it on (see enable_cpu_affinity() or CPU best practices for DGL [https://docs.dgl.ai/tutorials/cpu/cpu_best_practises.html])
  dgl_warning(
trial=04 epoch=010 loss=0.113844 val_AUPRC=0.890602 best=0.895978(8) patience=2/20 train=7.985s val=4.025s
/workspace/pmp_vast/envs/pmp-author/lib/python3.10/site-packages/dgl/dataloading/dataloader.py:1076: DGLWarning: Dataloader CPU affinity opt is not enabled, consider switching it on (see enable_cpu_affinity() or CPU best practices for DGL [https://docs.dgl.ai/tutorials/cpu/cpu_best_practises.html])
  dgl_warning(
trial=04 epoch=011 loss=0.091260 val_AUPRC=0.899161 best=0.899161(11) patience=0/20 train=8.139s val=4.146s
/workspace/pmp_vast/envs/pmp-author/lib/python3.10/site-packages/dgl/dataloading/dataloader.py:1076: DGLWarning: Dataloader CPU affinity opt is not enabled, consider switching it on (see enable_cpu_affinity() or CPU best practices for DGL [https://docs.dgl.ai/tutorials/cpu/cpu_best_practises.html])
  dgl_warning(
/workspace/pmp_vast/envs/pmp-author/lib/python3.10/site-packages/dgl/dataloading/dataloader.py:1076: DGLWarning: Dataloader CPU affinity opt is not enabled, consider switching it on (see enable_cpu_affinity() or CPU best practices for DGL [https://docs.dgl.ai/tutorials/cpu/cpu_best_practises.html])
  dgl_warning(
/workspace/pmp_vast/envs/pmp-author/lib/python3.10/site-packages/dgl/dataloading/dataloader.py:1076: DGLWarning: Dataloader CPU affinity opt is not enabled, consider switching it on (see enable_cpu_affinity() or CPU best practices for DGL [https://docs.dgl.ai/tutorials/cpu/cpu_best_practises.html])
  dgl_warning(
/workspace/pmp_vast/envs/pmp-author/lib/python3.10/site-packages/dgl/dataloading/dataloader.py:1076: DGLWarning: Dataloader CPU affinity opt is not enabled, consider switching it on (see enable_cpu_affinity() or CPU best practices for DGL [https://docs.dgl.ai/tutorials/cpu/cpu_best_practises.html])
  dgl_warning(
trial=04 epoch=015 loss=0.090369 val_AUPRC=0.904212 best=0.904212(15) patience=0/20 train=7.749s val=3.730s
/workspace/pmp_vast/envs/pmp-author/lib/python3.10/site-packages/dgl/dataloading/dataloader.py:1076: DGLWarning: Dataloader CPU affinity opt is not enabled, consider switching it on (see enable_cpu_affinity() or CPU best practices for DGL [https://docs.dgl.ai/tutorials/cpu/cpu_best_practises.html])
  dgl_warning(
/workspace/pmp_vast/envs/pmp-author/lib/python3.10/site-packages/dgl/dataloading/dataloader.py:1076: DGLWarning: Dataloader CPU affinity opt is not enabled, consider switching it on (see enable_cpu_affinity() or CPU best practices for DGL [https://docs.dgl.ai/tutorials/cpu/cpu_best_practises.html])
  dgl_warning(
/workspace/pmp_vast/envs/pmp-author/lib/python3.10/site-packages/dgl/dataloading/dataloader.py:1076: DGLWarning: Dataloader CPU affinity opt is not enabled, consider switching it on (see enable_cpu_affinity() or CPU best practices for DGL [https://docs.dgl.ai/tutorials/cpu/cpu_best_practises.html])
  dgl_warning(
/workspace/pmp_vast/envs/pmp-author/lib/python3.10/site-packages/dgl/dataloading/dataloader.py:1076: DGLWarning: Dataloader CPU affinity opt is not enabled, consider switching it on (see enable_cpu_affinity() or CPU best practices for DGL [https://docs.dgl.ai/tutorials/cpu/cpu_best_practises.html])
  dgl_warning(
/workspace/pmp_vast/envs/pmp-author/lib/python3.10/site-packages/dgl/dataloading/dataloader.py:1076: DGLWarning: Dataloader CPU affinity opt is not enabled, consider switching it on (see enable_cpu_affinity() or CPU best practices for DGL [https://docs.dgl.ai/tutorials/cpu/cpu_best_practises.html])
  dgl_warning(
trial=04 epoch=020 loss=0.092614 val_AUPRC=0.894969 best=0.904212(15) patience=5/20 train=7.772s val=3.940s
/workspace/pmp_vast/envs/pmp-author/lib/python3.10/site-packages/dgl/dataloading/dataloader.py:1076: DGLWarning: Dataloader CPU affinity opt is not enabled, consider switching it on (see enable_cpu_affinity() or CPU best practices for DGL [https://docs.dgl.ai/tutorials/cpu/cpu_best_practises.html])
  dgl_warning(
/workspace/pmp_vast/envs/pmp-author/lib/python3.10/site-packages/dgl/dataloading/dataloader.py:1076: DGLWarning: Dataloader CPU affinity opt is not enabled, consider switching it on (see enable_cpu_affinity() or CPU best practices for DGL [https://docs.dgl.ai/tutorials/cpu/cpu_best_practises.html])
  dgl_warning(
/workspace/pmp_vast/envs/pmp-author/lib/python3.10/site-packages/dgl/dataloading/dataloader.py:1076: DGLWarning: Dataloader CPU affinity opt is not enabled, consider switching it on (see enable_cpu_affinity() or CPU best practices for DGL [https://docs.dgl.ai/tutorials/cpu/cpu_best_practises.html])
  dgl_warning(
/workspace/pmp_vast/envs/pmp-author/lib/python3.10/site-packages/dgl/dataloading/dataloader.py:1076: DGLWarning: Dataloader CPU affinity opt is not enabled, consider switching it on (see enable_cpu_affinity() or CPU best practices for DGL [https://docs.dgl.ai/tutorials/cpu/cpu_best_practises.html])
  dgl_warning(
/workspace/pmp_vast/envs/pmp-author/lib/python3.10/site-packages/dgl/dataloading/dataloader.py:1076: DGLWarning: Dataloader CPU affinity opt is not enabled, consider switching it on (see enable_cpu_affinity() or CPU best practices for DGL [https://docs.dgl.ai/tutorials/cpu/cpu_best_practises.html])
  dgl_warning(
/workspace/pmp_vast/envs/pmp-author/lib/python3.10/site-packages/dgl/dataloading/dataloader.py:1076: DGLWarning: Dataloader CPU affinity opt is not enabled, consider switching it on (see enable_cpu_affinity() or CPU best practices for DGL [https://docs.dgl.ai/tutorials/cpu/cpu_best_practises.html])
  dgl_warning(
/workspace/pmp_vast/envs/pmp-author/lib/python3.10/site-packages/dgl/dataloading/dataloader.py:1076: DGLWarning: Dataloader CPU affinity opt is not enabled, consider switching it on (see enable_cpu_affinity() or CPU best practices for DGL [https://docs.dgl.ai/tutorials/cpu/cpu_best_practises.html])
  dgl_warning(
/workspace/pmp_vast/envs/pmp-author/lib/python3.10/site-packages/dgl/dataloading/dataloader.py:1076: DGLWarning: Dataloader CPU affinity opt is not enabled, consider switching it on (see enable_cpu_affinity() or CPU best practices for DGL [https://docs.dgl.ai/tutorials/cpu/cpu_best_practises.html])
  dgl_warning(
/workspace/pmp_vast/envs/pmp-author/lib/python3.10/site-packages/dgl/dataloading/dataloader.py:1076: DGLWarning: Dataloader CPU affinity opt is not enabled, consider switching it on (see enable_cpu_affinity() or CPU best practices for DGL [https://docs.dgl.ai/tutorials/cpu/cpu_best_practises.html])
  dgl_warning(
/workspace/pmp_vast/envs/pmp-author/lib/python3.10/site-packages/dgl/dataloading/dataloader.py:1076: DGLWarning: Dataloader CPU affinity opt is not enabled, consider switching it on (see enable_cpu_affinity() or CPU best practices for DGL [https://docs.dgl.ai/tutorials/cpu/cpu_best_practises.html])
  dgl_warning(
trial=04 epoch=030 loss=0.084280 val_AUPRC=0.891501 best=0.904212(15) patience=15/20 train=7.511s val=4.103s
/workspace/pmp_vast/envs/pmp-author/lib/python3.10/site-packages/dgl/dataloading/dataloader.py:1076: DGLWarning: Dataloader CPU affinity opt is not enabled, consider switching it on (see enable_cpu_affinity() or CPU best practices for DGL [https://docs.dgl.ai/tutorials/cpu/cpu_best_practises.html])
  dgl_warning(
trial=04 epoch=031 loss=0.096104 val_AUPRC=0.905832 best=0.905832(31) patience=0/20 train=7.837s val=4.419s
/workspace/pmp_vast/envs/pmp-author/lib/python3.10/site-packages/dgl/dataloading/dataloader.py:1076: DGLWarning: Dataloader CPU affinity opt is not enabled, consider switching it on (see enable_cpu_affinity() or CPU best practices for DGL [https://docs.dgl.ai/tutorials/cpu/cpu_best_practises.html])
  dgl_warning(
/workspace/pmp_vast/envs/pmp-author/lib/python3.10/site-packages/dgl/dataloading/dataloader.py:1076: DGLWarning: Dataloader CPU affinity opt is not enabled, consider switching it on (see enable_cpu_affinity() or CPU best practices for DGL [https://docs.dgl.ai/tutorials/cpu/cpu_best_practises.html])
  dgl_warning(
/workspace/pmp_vast/envs/pmp-author/lib/python3.10/site-packages/dgl/dataloading/dataloader.py:1076: DGLWarning: Dataloader CPU affinity opt is not enabled, consider switching it on (see enable_cpu_affinity() or CPU best practices for DGL [https://docs.dgl.ai/tutorials/cpu/cpu_best_practises.html])
  dgl_warning(
/workspace/pmp_vast/envs/pmp-author/lib/python3.10/site-packages/dgl/dataloading/dataloader.py:1076: DGLWarning: Dataloader CPU affinity opt is not enabled, consider switching it on (see enable_cpu_affinity() or CPU best practices for DGL [https://docs.dgl.ai/tutorials/cpu/cpu_best_practises.html])
  dgl_warning(
/workspace/pmp_vast/envs/pmp-author/lib/python3.10/site-packages/dgl/dataloading/dataloader.py:1076: DGLWarning: Dataloader CPU affinity opt is not enabled, consider switching it on (see enable_cpu_affinity() or CPU best practices for DGL [https://docs.dgl.ai/tutorials/cpu/cpu_best_practises.html])
  dgl_warning(
/workspace/pmp_vast/envs/pmp-author/lib/python3.10/site-packages/dgl/dataloading/dataloader.py:1076: DGLWarning: Dataloader CPU affinity opt is not enabled, consider switching it on (see enable_cpu_affinity() or CPU best practices for DGL [https://docs.dgl.ai/tutorials/cpu/cpu_best_practises.html])
  dgl_warning(
/workspace/pmp_vast/envs/pmp-author/lib/python3.10/site-packages/dgl/dataloading/dataloader.py:1076: DGLWarning: Dataloader CPU affinity opt is not enabled, consider switching it on (see enable_cpu_affinity() or CPU best practices for DGL [https://docs.dgl.ai/tutorials/cpu/cpu_best_practises.html])
  dgl_warning(
/workspace/pmp_vast/envs/pmp-author/lib/python3.10/site-packages/dgl/dataloading/dataloader.py:1076: DGLWarning: Dataloader CPU affinity opt is not enabled, consider switching it on (see enable_cpu_affinity() or CPU best practices for DGL [https://docs.dgl.ai/tutorials/cpu/cpu_best_practises.html])
  dgl_warning(
/workspace/pmp_vast/envs/pmp-author/lib/python3.10/site-packages/dgl/dataloading/dataloader.py:1076: DGLWarning: Dataloader CPU affinity opt is not enabled, consider switching it on (see enable_cpu_affinity() or CPU best practices for DGL [https://docs.dgl.ai/tutorials/cpu/cpu_best_practises.html])
  dgl_warning(
trial=04 epoch=040 loss=0.097797 val_AUPRC=0.898373 best=0.905832(31) patience=9/20 train=7.836s val=3.787s
/workspace/pmp_vast/envs/pmp-author/lib/python3.10/site-packages/dgl/dataloading/dataloader.py:1076: DGLWarning: Dataloader CPU affinity opt is not enabled, consider switching it on (see enable_cpu_affinity() or CPU best practices for DGL [https://docs.dgl.ai/tutorials/cpu/cpu_best_practises.html])
  dgl_warning(
/workspace/pmp_vast/envs/pmp-author/lib/python3.10/site-packages/dgl/dataloading/dataloader.py:1076: DGLWarning: Dataloader CPU affinity opt is not enabled, consider switching it on (see enable_cpu_affinity() or CPU best practices for DGL [https://docs.dgl.ai/tutorials/cpu/cpu_best_practises.html])
  dgl_warning(
/workspace/pmp_vast/envs/pmp-author/lib/python3.10/site-packages/dgl/dataloading/dataloader.py:1076: DGLWarning: Dataloader CPU affinity opt is not enabled, consider switching it on (see enable_cpu_affinity() or CPU best practices for DGL [https://docs.dgl.ai/tutorials/cpu/cpu_best_practises.html])
  dgl_warning(
/workspace/pmp_vast/envs/pmp-author/lib/python3.10/site-packages/dgl/dataloading/dataloader.py:1076: DGLWarning: Dataloader CPU affinity opt is not enabled, consider switching it on (see enable_cpu_affinity() or CPU best practices for DGL [https://docs.dgl.ai/tutorials/cpu/cpu_best_practises.html])
  dgl_warning(
/workspace/pmp_vast/envs/pmp-author/lib/python3.10/site-packages/dgl/dataloading/dataloader.py:1076: DGLWarning: Dataloader CPU affinity opt is not enabled, consider switching it on (see enable_cpu_affinity() or CPU best practices for DGL [https://docs.dgl.ai/tutorials/cpu/cpu_best_practises.html])
  dgl_warning(
/workspace/pmp_vast/envs/pmp-author/lib/python3.10/site-packages/dgl/dataloading/dataloader.py:1076: DGLWarning: Dataloader CPU affinity opt is not enabled, consider switching it on (see enable_cpu_affinity() or CPU best practices for DGL [https://docs.dgl.ai/tutorials/cpu/cpu_best_practises.html])
  dgl_warning(
/workspace/pmp_vast/envs/pmp-author/lib/python3.10/site-packages/dgl/dataloading/dataloader.py:1076: DGLWarning: Dataloader CPU affinity opt is not enabled, consider switching it on (see enable_cpu_affinity() or CPU best practices for DGL [https://docs.dgl.ai/tutorials/cpu/cpu_best_practises.html])
  dgl_warning(
/workspace/pmp_vast/envs/pmp-author/lib/python3.10/site-packages/dgl/dataloading/dataloader.py:1076: DGLWarning: Dataloader CPU affinity opt is not enabled, consider switching it on (see enable_cpu_affinity() or CPU best practices for DGL [https://docs.dgl.ai/tutorials/cpu/cpu_best_practises.html])
  dgl_warning(
/workspace/pmp_vast/envs/pmp-author/lib/python3.10/site-packages/dgl/dataloading/dataloader.py:1076: DGLWarning: Dataloader CPU affinity opt is not enabled, consider switching it on (see enable_cpu_affinity() or CPU best practices for DGL [https://docs.dgl.ai/tutorials/cpu/cpu_best_practises.html])
  dgl_warning(
/workspace/pmp_vast/envs/pmp-author/lib/python3.10/site-packages/dgl/dataloading/dataloader.py:1076: DGLWarning: Dataloader CPU affinity opt is not enabled, consider switching it on (see enable_cpu_affinity() or CPU best practices for DGL [https://docs.dgl.ai/tutorials/cpu/cpu_best_practises.html])
  dgl_warning(
trial=04 epoch=050 loss=0.088741 val_AUPRC=0.909049 best=0.909049(50) patience=0/20 train=8.503s val=4.618s
/workspace/pmp_vast/envs/pmp-author/lib/python3.10/site-packages/dgl/dataloading/dataloader.py:1076: DGLWarning: Dataloader CPU affinity opt is not enabled, consider switching it on (see enable_cpu_affinity() or CPU best practices for DGL [https://docs.dgl.ai/tutorials/cpu/cpu_best_practises.html])
  dgl_warning(
/workspace/pmp_vast/envs/pmp-author/lib/python3.10/site-packages/dgl/dataloading/dataloader.py:1076: DGLWarning: Dataloader CPU affinity opt is not enabled, consider switching it on (see enable_cpu_affinity() or CPU best practices for DGL [https://docs.dgl.ai/tutorials/cpu/cpu_best_practises.html])
  dgl_warning(
/workspace/pmp_vast/envs/pmp-author/lib/python3.10/site-packages/dgl/dataloading/dataloader.py:1076: DGLWarning: Dataloader CPU affinity opt is not enabled, consider switching it on (see enable_cpu_affinity() or CPU best practices for DGL [https://docs.dgl.ai/tutorials/cpu/cpu_best_practises.html])
  dgl_warning(
/workspace/pmp_vast/envs/pmp-author/lib/python3.10/site-packages/dgl/dataloading/dataloader.py:1076: DGLWarning: Dataloader CPU affinity opt is not enabled, consider switching it on (see enable_cpu_affinity() or CPU best practices for DGL [https://docs.dgl.ai/tutorials/cpu/cpu_best_practises.html])
  dgl_warning(
/workspace/pmp_vast/envs/pmp-author/lib/python3.10/site-packages/dgl/dataloading/dataloader.py:1076: DGLWarning: Dataloader CPU affinity opt is not enabled, consider switching it on (see enable_cpu_affinity() or CPU best practices for DGL [https://docs.dgl.ai/tutorials/cpu/cpu_best_practises.html])
  dgl_warning(
/workspace/pmp_vast/envs/pmp-author/lib/python3.10/site-packages/dgl/dataloading/dataloader.py:1076: DGLWarning: Dataloader CPU affinity opt is not enabled, consider switching it on (see enable_cpu_affinity() or CPU best practices for DGL [https://docs.dgl.ai/tutorials/cpu/cpu_best_practises.html])
  dgl_warning(
/workspace/pmp_vast/envs/pmp-author/lib/python3.10/site-packages/dgl/dataloading/dataloader.py:1076: DGLWarning: Dataloader CPU affinity opt is not enabled, consider switching it on (see enable_cpu_affinity() or CPU best practices for DGL [https://docs.dgl.ai/tutorials/cpu/cpu_best_practises.html])
  dgl_warning(
/workspace/pmp_vast/envs/pmp-author/lib/python3.10/site-packages/dgl/dataloading/dataloader.py:1076: DGLWarning: Dataloader CPU affinity opt is not enabled, consider switching it on (see enable_cpu_affinity() or CPU best practices for DGL [https://docs.dgl.ai/tutorials/cpu/cpu_best_practises.html])
  dgl_warning(
/workspace/pmp_vast/envs/pmp-author/lib/python3.10/site-packages/dgl/dataloading/dataloader.py:1076: DGLWarning: Dataloader CPU affinity opt is not enabled, consider switching it on (see enable_cpu_affinity() or CPU best practices for DGL [https://docs.dgl.ai/tutorials/cpu/cpu_best_practises.html])
  dgl_warning(
/workspace/pmp_vast/envs/pmp-author/lib/python3.10/site-packages/dgl/dataloading/dataloader.py:1076: DGLWarning: Dataloader CPU affinity opt is not enabled, consider switching it on (see enable_cpu_affinity() or CPU best practices for DGL [https://docs.dgl.ai/tutorials/cpu/cpu_best_practises.html])
  dgl_warning(
trial=04 epoch=060 loss=0.085725 val_AUPRC=0.904584 best=0.909049(50) patience=10/20 train=8.718s val=4.506s
/workspace/pmp_vast/envs/pmp-author/lib/python3.10/site-packages/dgl/dataloading/dataloader.py:1076: DGLWarning: Dataloader CPU affinity opt is not enabled, consider switching it on (see enable_cpu_affinity() or CPU best practices for DGL [https://docs.dgl.ai/tutorials/cpu/cpu_best_practises.html])
  dgl_warning(
/workspace/pmp_vast/envs/pmp-author/lib/python3.10/site-packages/dgl/dataloading/dataloader.py:1076: DGLWarning: Dataloader CPU affinity opt is not enabled, consider switching it on (see enable_cpu_affinity() or CPU best practices for DGL [https://docs.dgl.ai/tutorials/cpu/cpu_best_practises.html])
  dgl_warning(
/workspace/pmp_vast/envs/pmp-author/lib/python3.10/site-packages/dgl/dataloading/dataloader.py:1076: DGLWarning: Dataloader CPU affinity opt is not enabled, consider switching it on (see enable_cpu_affinity() or CPU best practices for DGL [https://docs.dgl.ai/tutorials/cpu/cpu_best_practises.html])
  dgl_warning(
/workspace/pmp_vast/envs/pmp-author/lib/python3.10/site-packages/dgl/dataloading/dataloader.py:1076: DGLWarning: Dataloader CPU affinity opt is not enabled, consider switching it on (see enable_cpu_affinity() or CPU best practices for DGL [https://docs.dgl.ai/tutorials/cpu/cpu_best_practises.html])
  dgl_warning(
/workspace/pmp_vast/envs/pmp-author/lib/python3.10/site-packages/dgl/dataloading/dataloader.py:1076: DGLWarning: Dataloader CPU affinity opt is not enabled, consider switching it on (see enable_cpu_affinity() or CPU best practices for DGL [https://docs.dgl.ai/tutorials/cpu/cpu_best_practises.html])
  dgl_warning(
/workspace/pmp_vast/envs/pmp-author/lib/python3.10/site-packages/dgl/dataloading/dataloader.py:1076: DGLWarning: Dataloader CPU affinity opt is not enabled, consider switching it on (see enable_cpu_affinity() or CPU best practices for DGL [https://docs.dgl.ai/tutorials/cpu/cpu_best_practises.html])
  dgl_warning(
/workspace/pmp_vast/envs/pmp-author/lib/python3.10/site-packages/dgl/dataloading/dataloader.py:1076: DGLWarning: Dataloader CPU affinity opt is not enabled, consider switching it on (see enable_cpu_affinity() or CPU best practices for DGL [https://docs.dgl.ai/tutorials/cpu/cpu_best_practises.html])
  dgl_warning(
/workspace/pmp_vast/envs/pmp-author/lib/python3.10/site-packages/dgl/dataloading/dataloader.py:1076: DGLWarning: Dataloader CPU affinity opt is not enabled, consider switching it on (see enable_cpu_affinity() or CPU best practices for DGL [https://docs.dgl.ai/tutorials/cpu/cpu_best_practises.html])
  dgl_warning(
/workspace/pmp_vast/envs/pmp-author/lib/python3.10/site-packages/dgl/dataloading/dataloader.py:1076: DGLWarning: Dataloader CPU affinity opt is not enabled, consider switching it on (see enable_cpu_affinity() or CPU best practices for DGL [https://docs.dgl.ai/tutorials/cpu/cpu_best_practises.html])
  dgl_warning(
/workspace/pmp_vast/envs/pmp-author/lib/python3.10/site-packages/dgl/dataloading/dataloader.py:1076: DGLWarning: Dataloader CPU affinity opt is not enabled, consider switching it on (see enable_cpu_affinity() or CPU best practices for DGL [https://docs.dgl.ai/tutorials/cpu/cpu_best_practises.html])
  dgl_warning(
trial=04 epoch=070 loss=0.095493 val_AUPRC=0.893627 best=0.909049(50) patience=20/20 train=8.399s val=4.395s
TRIAL 04 DONE | lr=0.01 wd=0.001 | epoch=50 | val AUPRC=0.909049
/workspace/pmp_vast/envs/pmp-author/lib/python3.10/site-packages/dgl/dataloading/dataloader.py:1076: DGLWarning: Dataloader CPU affinity opt is not enabled, consider switching it on (see enable_cpu_affinity() or CPU best practices for DGL [https://docs.dgl.ai/tutorials/cpu/cpu_best_practises.html])
  dgl_warning(
trial=05 epoch=001 loss=0.435574 val_AUPRC=0.709966 best=0.709966(1) patience=0/20 train=8.874s val=4.663s
/workspace/pmp_vast/envs/pmp-author/lib/python3.10/site-packages/dgl/dataloading/dataloader.py:1076: DGLWarning: Dataloader CPU affinity opt is not enabled, consider switching it on (see enable_cpu_affinity() or CPU best practices for DGL [https://docs.dgl.ai/tutorials/cpu/cpu_best_practises.html])
  dgl_warning(
trial=05 epoch=002 loss=0.220671 val_AUPRC=0.829207 best=0.829207(2) patience=0/20 train=7.483s val=3.881s
/workspace/pmp_vast/envs/pmp-author/lib/python3.10/site-packages/dgl/dataloading/dataloader.py:1076: DGLWarning: Dataloader CPU affinity opt is not enabled, consider switching it on (see enable_cpu_affinity() or CPU best practices for DGL [https://docs.dgl.ai/tutorials/cpu/cpu_best_practises.html])
  dgl_warning(
trial=05 epoch=003 loss=0.160225 val_AUPRC=0.858518 best=0.858518(3) patience=0/20 train=7.469s val=4.040s
/workspace/pmp_vast/envs/pmp-author/lib/python3.10/site-packages/dgl/dataloading/dataloader.py:1076: DGLWarning: Dataloader CPU affinity opt is not enabled, consider switching it on (see enable_cpu_affinity() or CPU best practices for DGL [https://docs.dgl.ai/tutorials/cpu/cpu_best_practises.html])
  dgl_warning(
trial=05 epoch=004 loss=0.141761 val_AUPRC=0.863596 best=0.863596(4) patience=0/20 train=8.136s val=12.579s
/workspace/pmp_vast/envs/pmp-author/lib/python3.10/site-packages/dgl/dataloading/dataloader.py:1076: DGLWarning: Dataloader CPU affinity opt is not enabled, consider switching it on (see enable_cpu_affinity() or CPU best practices for DGL [https://docs.dgl.ai/tutorials/cpu/cpu_best_practises.html])
  dgl_warning(
trial=05 epoch=005 loss=0.129346 val_AUPRC=0.876857 best=0.876857(5) patience=0/20 train=24.612s val=14.346s
/workspace/pmp_vast/envs/pmp-author/lib/python3.10/site-packages/dgl/dataloading/dataloader.py:1076: DGLWarning: Dataloader CPU affinity opt is not enabled, consider switching it on (see enable_cpu_affinity() or CPU best practices for DGL [https://docs.dgl.ai/tutorials/cpu/cpu_best_practises.html])
  dgl_warning(
/workspace/pmp_vast/envs/pmp-author/lib/python3.10/site-packages/dgl/dataloading/dataloader.py:1076: DGLWarning: Dataloader CPU affinity opt is not enabled, consider switching it on (see enable_cpu_affinity() or CPU best practices for DGL [https://docs.dgl.ai/tutorials/cpu/cpu_best_practises.html])
  dgl_warning(
trial=05 epoch=007 loss=0.121276 val_AUPRC=0.884447 best=0.884447(7) patience=0/20 train=23.807s val=14.368s
/workspace/pmp_vast/envs/pmp-author/lib/python3.10/site-packages/dgl/dataloading/dataloader.py:1076: DGLWarning: Dataloader CPU affinity opt is not enabled, consider switching it on (see enable_cpu_affinity() or CPU best practices for DGL [https://docs.dgl.ai/tutorials/cpu/cpu_best_practises.html])
  dgl_warning(
trial=05 epoch=008 loss=0.110927 val_AUPRC=0.886385 best=0.886385(8) patience=0/20 train=18.930s val=14.785s
/workspace/pmp_vast/envs/pmp-author/lib/python3.10/site-packages/dgl/dataloading/dataloader.py:1076: DGLWarning: Dataloader CPU affinity opt is not enabled, consider switching it on (see enable_cpu_affinity() or CPU best practices for DGL [https://docs.dgl.ai/tutorials/cpu/cpu_best_practises.html])
  dgl_warning(
/workspace/pmp_vast/envs/pmp-author/lib/python3.10/site-packages/dgl/dataloading/dataloader.py:1076: DGLWarning: Dataloader CPU affinity opt is not enabled, consider switching it on (see enable_cpu_affinity() or CPU best practices for DGL [https://docs.dgl.ai/tutorials/cpu/cpu_best_practises.html])
  dgl_warning(
trial=05 epoch=010 loss=0.108750 val_AUPRC=0.892070 best=0.892070(10) patience=0/20 train=13.017s val=14.433s
/workspace/pmp_vast/envs/pmp-author/lib/python3.10/site-packages/dgl/dataloading/dataloader.py:1076: DGLWarning: Dataloader CPU affinity opt is not enabled, consider switching it on (see enable_cpu_affinity() or CPU best practices for DGL [https://docs.dgl.ai/tutorials/cpu/cpu_best_practises.html])
  dgl_warning(
trial=05 epoch=011 loss=0.112644 val_AUPRC=0.894377 best=0.894377(11) patience=0/20 train=18.006s val=6.984s
/workspace/pmp_vast/envs/pmp-author/lib/python3.10/site-packages/dgl/dataloading/dataloader.py:1076: DGLWarning: Dataloader CPU affinity opt is not enabled, consider switching it on (see enable_cpu_affinity() or CPU best practices for DGL [https://docs.dgl.ai/tutorials/cpu/cpu_best_practises.html])
  dgl_warning(
trial=05 epoch=012 loss=0.099826 val_AUPRC=0.896781 best=0.896781(12) patience=0/20 train=17.413s val=3.947s
/workspace/pmp_vast/envs/pmp-author/lib/python3.10/site-packages/dgl/dataloading/dataloader.py:1076: DGLWarning: Dataloader CPU affinity opt is not enabled, consider switching it on (see enable_cpu_affinity() or CPU best practices for DGL [https://docs.dgl.ai/tutorials/cpu/cpu_best_practises.html])
  dgl_warning(
/workspace/pmp_vast/envs/pmp-author/lib/python3.10/site-packages/dgl/dataloading/dataloader.py:1076: DGLWarning: Dataloader CPU affinity opt is not enabled, consider switching it on (see enable_cpu_affinity() or CPU best practices for DGL [https://docs.dgl.ai/tutorials/cpu/cpu_best_practises.html])
  dgl_warning(
trial=05 epoch=014 loss=0.093258 val_AUPRC=0.898746 best=0.898746(14) patience=0/20 train=50.354s val=47.031s
/workspace/pmp_vast/envs/pmp-author/lib/python3.10/site-packages/dgl/dataloading/dataloader.py:1076: DGLWarning: Dataloader CPU affinity opt is not enabled, consider switching it on (see enable_cpu_affinity() or CPU best practices for DGL [https://docs.dgl.ai/tutorials/cpu/cpu_best_practises.html])
  dgl_warning(
/workspace/pmp_vast/envs/pmp-author/lib/python3.10/site-packages/dgl/dataloading/dataloader.py:1076: DGLWarning: Dataloader CPU affinity opt is not enabled, consider switching it on (see enable_cpu_affinity() or CPU best practices for DGL [https://docs.dgl.ai/tutorials/cpu/cpu_best_practises.html])
  dgl_warning(
trial=05 epoch=016 loss=0.089558 val_AUPRC=0.899455 best=0.899455(16) patience=0/20 train=39.619s val=3.975s
/workspace/pmp_vast/envs/pmp-author/lib/python3.10/site-packages/dgl/dataloading/dataloader.py:1076: DGLWarning: Dataloader CPU affinity opt is not enabled, consider switching it on (see enable_cpu_affinity() or CPU best practices for DGL [https://docs.dgl.ai/tutorials/cpu/cpu_best_practises.html])
  dgl_warning(
/workspace/pmp_vast/envs/pmp-author/lib/python3.10/site-packages/dgl/dataloading/dataloader.py:1076: DGLWarning: Dataloader CPU affinity opt is not enabled, consider switching it on (see enable_cpu_affinity() or CPU best practices for DGL [https://docs.dgl.ai/tutorials/cpu/cpu_best_practises.html])
  dgl_warning(
trial=05 epoch=018 loss=0.085573 val_AUPRC=0.903328 best=0.903328(18) patience=0/20 train=7.869s val=4.265s
/workspace/pmp_vast/envs/pmp-author/lib/python3.10/site-packages/dgl/dataloading/dataloader.py:1076: DGLWarning: Dataloader CPU affinity opt is not enabled, consider switching it on (see enable_cpu_affinity() or CPU best practices for DGL [https://docs.dgl.ai/tutorials/cpu/cpu_best_practises.html])
  dgl_warning(
/workspace/pmp_vast/envs/pmp-author/lib/python3.10/site-packages/dgl/dataloading/dataloader.py:1076: DGLWarning: Dataloader CPU affinity opt is not enabled, consider switching it on (see enable_cpu_affinity() or CPU best practices for DGL [https://docs.dgl.ai/tutorials/cpu/cpu_best_practises.html])
  dgl_warning(
trial=05 epoch=020 loss=0.082344 val_AUPRC=0.906857 best=0.906857(20) patience=0/20 train=8.780s val=4.134s
/workspace/pmp_vast/envs/pmp-author/lib/python3.10/site-packages/dgl/dataloading/dataloader.py:1076: DGLWarning: Dataloader CPU affinity opt is not enabled, consider switching it on (see enable_cpu_affinity() or CPU best practices for DGL [https://docs.dgl.ai/tutorials/cpu/cpu_best_practises.html])
  dgl_warning(
/workspace/pmp_vast/envs/pmp-author/lib/python3.10/site-packages/dgl/dataloading/dataloader.py:1076: DGLWarning: Dataloader CPU affinity opt is not enabled, consider switching it on (see enable_cpu_affinity() or CPU best practices for DGL [https://docs.dgl.ai/tutorials/cpu/cpu_best_practises.html])
  dgl_warning(
/workspace/pmp_vast/envs/pmp-author/lib/python3.10/site-packages/dgl/dataloading/dataloader.py:1076: DGLWarning: Dataloader CPU affinity opt is not enabled, consider switching it on (see enable_cpu_affinity() or CPU best practices for DGL [https://docs.dgl.ai/tutorials/cpu/cpu_best_practises.html])
  dgl_warning(
trial=05 epoch=023 loss=0.078863 val_AUPRC=0.908804 best=0.908804(23) patience=0/20 train=8.493s val=4.130s
/workspace/pmp_vast/envs/pmp-author/lib/python3.10/site-packages/dgl/dataloading/dataloader.py:1076: DGLWarning: Dataloader CPU affinity opt is not enabled, consider switching it on (see enable_cpu_affinity() or CPU best practices for DGL [https://docs.dgl.ai/tutorials/cpu/cpu_best_practises.html])
  dgl_warning(
/workspace/pmp_vast/envs/pmp-author/lib/python3.10/site-packages/dgl/dataloading/dataloader.py:1076: DGLWarning: Dataloader CPU affinity opt is not enabled, consider switching it on (see enable_cpu_affinity() or CPU best practices for DGL [https://docs.dgl.ai/tutorials/cpu/cpu_best_practises.html])
  dgl_warning(
/workspace/pmp_vast/envs/pmp-author/lib/python3.10/site-packages/dgl/dataloading/dataloader.py:1076: DGLWarning: Dataloader CPU affinity opt is not enabled, consider switching it on (see enable_cpu_affinity() or CPU best practices for DGL [https://docs.dgl.ai/tutorials/cpu/cpu_best_practises.html])
  dgl_warning(
/workspace/pmp_vast/envs/pmp-author/lib/python3.10/site-packages/dgl/dataloading/dataloader.py:1076: DGLWarning: Dataloader CPU affinity opt is not enabled, consider switching it on (see enable_cpu_affinity() or CPU best practices for DGL [https://docs.dgl.ai/tutorials/cpu/cpu_best_practises.html])
  dgl_warning(
trial=05 epoch=027 loss=0.078779 val_AUPRC=0.914125 best=0.914125(27) patience=0/20 train=7.694s val=3.893s
/workspace/pmp_vast/envs/pmp-author/lib/python3.10/site-packages/dgl/dataloading/dataloader.py:1076: DGLWarning: Dataloader CPU affinity opt is not enabled, consider switching it on (see enable_cpu_affinity() or CPU best practices for DGL [https://docs.dgl.ai/tutorials/cpu/cpu_best_practises.html])
  dgl_warning(
/workspace/pmp_vast/envs/pmp-author/lib/python3.10/site-packages/dgl/dataloading/dataloader.py:1076: DGLWarning: Dataloader CPU affinity opt is not enabled, consider switching it on (see enable_cpu_affinity() or CPU best practices for DGL [https://docs.dgl.ai/tutorials/cpu/cpu_best_practises.html])
  dgl_warning(
/workspace/pmp_vast/envs/pmp-author/lib/python3.10/site-packages/dgl/dataloading/dataloader.py:1076: DGLWarning: Dataloader CPU affinity opt is not enabled, consider switching it on (see enable_cpu_affinity() or CPU best practices for DGL [https://docs.dgl.ai/tutorials/cpu/cpu_best_practises.html])
  dgl_warning(
trial=05 epoch=030 loss=0.071305 val_AUPRC=0.915528 best=0.915528(30) patience=0/20 train=7.857s val=4.847s
/workspace/pmp_vast/envs/pmp-author/lib/python3.10/site-packages/dgl/dataloading/dataloader.py:1076: DGLWarning: Dataloader CPU affinity opt is not enabled, consider switching it on (see enable_cpu_affinity() or CPU best practices for DGL [https://docs.dgl.ai/tutorials/cpu/cpu_best_practises.html])
  dgl_warning(
/workspace/pmp_vast/envs/pmp-author/lib/python3.10/site-packages/dgl/dataloading/dataloader.py:1076: DGLWarning: Dataloader CPU affinity opt is not enabled, consider switching it on (see enable_cpu_affinity() or CPU best practices for DGL [https://docs.dgl.ai/tutorials/cpu/cpu_best_practises.html])
  dgl_warning(
trial=05 epoch=032 loss=0.069229 val_AUPRC=0.915581 best=0.915581(32) patience=0/20 train=8.143s val=4.024s
/workspace/pmp_vast/envs/pmp-author/lib/python3.10/site-packages/dgl/dataloading/dataloader.py:1076: DGLWarning: Dataloader CPU affinity opt is not enabled, consider switching it on (see enable_cpu_affinity() or CPU best practices for DGL [https://docs.dgl.ai/tutorials/cpu/cpu_best_practises.html])
  dgl_warning(
/workspace/pmp_vast/envs/pmp-author/lib/python3.10/site-packages/dgl/dataloading/dataloader.py:1076: DGLWarning: Dataloader CPU affinity opt is not enabled, consider switching it on (see enable_cpu_affinity() or CPU best practices for DGL [https://docs.dgl.ai/tutorials/cpu/cpu_best_practises.html])
  dgl_warning(
/workspace/pmp_vast/envs/pmp-author/lib/python3.10/site-packages/dgl/dataloading/dataloader.py:1076: DGLWarning: Dataloader CPU affinity opt is not enabled, consider switching it on (see enable_cpu_affinity() or CPU best practices for DGL [https://docs.dgl.ai/tutorials/cpu/cpu_best_practises.html])
  dgl_warning(
trial=05 epoch=035 loss=0.068310 val_AUPRC=0.917498 best=0.917498(35) patience=0/20 train=8.306s val=4.153s
/workspace/pmp_vast/envs/pmp-author/lib/python3.10/site-packages/dgl/dataloading/dataloader.py:1076: DGLWarning: Dataloader CPU affinity opt is not enabled, consider switching it on (see enable_cpu_affinity() or CPU best practices for DGL [https://docs.dgl.ai/tutorials/cpu/cpu_best_practises.html])
  dgl_warning(
/workspace/pmp_vast/envs/pmp-author/lib/python3.10/site-packages/dgl/dataloading/dataloader.py:1076: DGLWarning: Dataloader CPU affinity opt is not enabled, consider switching it on (see enable_cpu_affinity() or CPU best practices for DGL [https://docs.dgl.ai/tutorials/cpu/cpu_best_practises.html])
  dgl_warning(
/workspace/pmp_vast/envs/pmp-author/lib/python3.10/site-packages/dgl/dataloading/dataloader.py:1076: DGLWarning: Dataloader CPU affinity opt is not enabled, consider switching it on (see enable_cpu_affinity() or CPU best practices for DGL [https://docs.dgl.ai/tutorials/cpu/cpu_best_practises.html])
  dgl_warning(
/workspace/pmp_vast/envs/pmp-author/lib/python3.10/site-packages/dgl/dataloading/dataloader.py:1076: DGLWarning: Dataloader CPU affinity opt is not enabled, consider switching it on (see enable_cpu_affinity() or CPU best practices for DGL [https://docs.dgl.ai/tutorials/cpu/cpu_best_practises.html])
  dgl_warning(
/workspace/pmp_vast/envs/pmp-author/lib/python3.10/site-packages/dgl/dataloading/dataloader.py:1076: DGLWarning: Dataloader CPU affinity opt is not enabled, consider switching it on (see enable_cpu_affinity() or CPU best practices for DGL [https://docs.dgl.ai/tutorials/cpu/cpu_best_practises.html])
  dgl_warning(
trial=05 epoch=040 loss=0.069116 val_AUPRC=0.914415 best=0.917498(35) patience=5/20 train=8.314s val=4.323s
/workspace/pmp_vast/envs/pmp-author/lib/python3.10/site-packages/dgl/dataloading/dataloader.py:1076: DGLWarning: Dataloader CPU affinity opt is not enabled, consider switching it on (see enable_cpu_affinity() or CPU best practices for DGL [https://docs.dgl.ai/tutorials/cpu/cpu_best_practises.html])
  dgl_warning(
trial=05 epoch=041 loss=0.068077 val_AUPRC=0.920204 best=0.920204(41) patience=0/20 train=8.104s val=3.993s
/workspace/pmp_vast/envs/pmp-author/lib/python3.10/site-packages/dgl/dataloading/dataloader.py:1076: DGLWarning: Dataloader CPU affinity opt is not enabled, consider switching it on (see enable_cpu_affinity() or CPU best practices for DGL [https://docs.dgl.ai/tutorials/cpu/cpu_best_practises.html])
  dgl_warning(
/workspace/pmp_vast/envs/pmp-author/lib/python3.10/site-packages/dgl/dataloading/dataloader.py:1076: DGLWarning: Dataloader CPU affinity opt is not enabled, consider switching it on (see enable_cpu_affinity() or CPU best practices for DGL [https://docs.dgl.ai/tutorials/cpu/cpu_best_practises.html])
  dgl_warning(
/workspace/pmp_vast/envs/pmp-author/lib/python3.10/site-packages/dgl/dataloading/dataloader.py:1076: DGLWarning: Dataloader CPU affinity opt is not enabled, consider switching it on (see enable_cpu_affinity() or CPU best practices for DGL [https://docs.dgl.ai/tutorials/cpu/cpu_best_practises.html])
  dgl_warning(
/workspace/pmp_vast/envs/pmp-author/lib/python3.10/site-packages/dgl/dataloading/dataloader.py:1076: DGLWarning: Dataloader CPU affinity opt is not enabled, consider switching it on (see enable_cpu_affinity() or CPU best practices for DGL [https://docs.dgl.ai/tutorials/cpu/cpu_best_practises.html])
  dgl_warning(
/workspace/pmp_vast/envs/pmp-author/lib/python3.10/site-packages/dgl/dataloading/dataloader.py:1076: DGLWarning: Dataloader CPU affinity opt is not enabled, consider switching it on (see enable_cpu_affinity() or CPU best practices for DGL [https://docs.dgl.ai/tutorials/cpu/cpu_best_practises.html])
  dgl_warning(
/workspace/pmp_vast/envs/pmp-author/lib/python3.10/site-packages/dgl/dataloading/dataloader.py:1076: DGLWarning: Dataloader CPU affinity opt is not enabled, consider switching it on (see enable_cpu_affinity() or CPU best practices for DGL [https://docs.dgl.ai/tutorials/cpu/cpu_best_practises.html])
  dgl_warning(
/workspace/pmp_vast/envs/pmp-author/lib/python3.10/site-packages/dgl/dataloading/dataloader.py:1076: DGLWarning: Dataloader CPU affinity opt is not enabled, consider switching it on (see enable_cpu_affinity() or CPU best practices for DGL [https://docs.dgl.ai/tutorials/cpu/cpu_best_practises.html])
  dgl_warning(
trial=05 epoch=048 loss=0.055131 val_AUPRC=0.920284 best=0.920284(48) patience=0/20 train=9.457s val=4.463s
/workspace/pmp_vast/envs/pmp-author/lib/python3.10/site-packages/dgl/dataloading/dataloader.py:1076: DGLWarning: Dataloader CPU affinity opt is not enabled, consider switching it on (see enable_cpu_affinity() or CPU best practices for DGL [https://docs.dgl.ai/tutorials/cpu/cpu_best_practises.html])
  dgl_warning(
trial=05 epoch=049 loss=0.055113 val_AUPRC=0.920762 best=0.920762(49) patience=0/20 train=8.132s val=3.976s
/workspace/pmp_vast/envs/pmp-author/lib/python3.10/site-packages/dgl/dataloading/dataloader.py:1076: DGLWarning: Dataloader CPU affinity opt is not enabled, consider switching it on (see enable_cpu_affinity() or CPU best practices for DGL [https://docs.dgl.ai/tutorials/cpu/cpu_best_practises.html])
  dgl_warning(
trial=05 epoch=050 loss=0.057756 val_AUPRC=0.918998 best=0.920762(49) patience=1/20 train=8.241s val=4.579s
/workspace/pmp_vast/envs/pmp-author/lib/python3.10/site-packages/dgl/dataloading/dataloader.py:1076: DGLWarning: Dataloader CPU affinity opt is not enabled, consider switching it on (see enable_cpu_affinity() or CPU best practices for DGL [https://docs.dgl.ai/tutorials/cpu/cpu_best_practises.html])
  dgl_warning(
/workspace/pmp_vast/envs/pmp-author/lib/python3.10/site-packages/dgl/dataloading/dataloader.py:1076: DGLWarning: Dataloader CPU affinity opt is not enabled, consider switching it on (see enable_cpu_affinity() or CPU best practices for DGL [https://docs.dgl.ai/tutorials/cpu/cpu_best_practises.html])
  dgl_warning(
/workspace/pmp_vast/envs/pmp-author/lib/python3.10/site-packages/dgl/dataloading/dataloader.py:1076: DGLWarning: Dataloader CPU affinity opt is not enabled, consider switching it on (see enable_cpu_affinity() or CPU best practices for DGL [https://docs.dgl.ai/tutorials/cpu/cpu_best_practises.html])
  dgl_warning(
/workspace/pmp_vast/envs/pmp-author/lib/python3.10/site-packages/dgl/dataloading/dataloader.py:1076: DGLWarning: Dataloader CPU affinity opt is not enabled, consider switching it on (see enable_cpu_affinity() or CPU best practices for DGL [https://docs.dgl.ai/tutorials/cpu/cpu_best_practises.html])
  dgl_warning(
/workspace/pmp_vast/envs/pmp-author/lib/python3.10/site-packages/dgl/dataloading/dataloader.py:1076: DGLWarning: Dataloader CPU affinity opt is not enabled, consider switching it on (see enable_cpu_affinity() or CPU best practices for DGL [https://docs.dgl.ai/tutorials/cpu/cpu_best_practises.html])
  dgl_warning(
/workspace/pmp_vast/envs/pmp-author/lib/python3.10/site-packages/dgl/dataloading/dataloader.py:1076: DGLWarning: Dataloader CPU affinity opt is not enabled, consider switching it on (see enable_cpu_affinity() or CPU best practices for DGL [https://docs.dgl.ai/tutorials/cpu/cpu_best_practises.html])
  dgl_warning(
/workspace/pmp_vast/envs/pmp-author/lib/python3.10/site-packages/dgl/dataloading/dataloader.py:1076: DGLWarning: Dataloader CPU affinity opt is not enabled, consider switching it on (see enable_cpu_affinity() or CPU best practices for DGL [https://docs.dgl.ai/tutorials/cpu/cpu_best_practises.html])
  dgl_warning(
/workspace/pmp_vast/envs/pmp-author/lib/python3.10/site-packages/dgl/dataloading/dataloader.py:1076: DGLWarning: Dataloader CPU affinity opt is not enabled, consider switching it on (see enable_cpu_affinity() or CPU best practices for DGL [https://docs.dgl.ai/tutorials/cpu/cpu_best_practises.html])
  dgl_warning(
/workspace/pmp_vast/envs/pmp-author/lib/python3.10/site-packages/dgl/dataloading/dataloader.py:1076: DGLWarning: Dataloader CPU affinity opt is not enabled, consider switching it on (see enable_cpu_affinity() or CPU best practices for DGL [https://docs.dgl.ai/tutorials/cpu/cpu_best_practises.html])
  dgl_warning(
/workspace/pmp_vast/envs/pmp-author/lib/python3.10/site-packages/dgl/dataloading/dataloader.py:1076: DGLWarning: Dataloader CPU affinity opt is not enabled, consider switching it on (see enable_cpu_affinity() or CPU best practices for DGL [https://docs.dgl.ai/tutorials/cpu/cpu_best_practises.html])
  dgl_warning(
trial=05 epoch=060 loss=0.052300 val_AUPRC=0.911835 best=0.920762(49) patience=11/20 train=8.133s val=3.919s
/workspace/pmp_vast/envs/pmp-author/lib/python3.10/site-packages/dgl/dataloading/dataloader.py:1076: DGLWarning: Dataloader CPU affinity opt is not enabled, consider switching it on (see enable_cpu_affinity() or CPU best practices for DGL [https://docs.dgl.ai/tutorials/cpu/cpu_best_practises.html])
  dgl_warning(
/workspace/pmp_vast/envs/pmp-author/lib/python3.10/site-packages/dgl/dataloading/dataloader.py:1076: DGLWarning: Dataloader CPU affinity opt is not enabled, consider switching it on (see enable_cpu_affinity() or CPU best practices for DGL [https://docs.dgl.ai/tutorials/cpu/cpu_best_practises.html])
  dgl_warning(
/workspace/pmp_vast/envs/pmp-author/lib/python3.10/site-packages/dgl/dataloading/dataloader.py:1076: DGLWarning: Dataloader CPU affinity opt is not enabled, consider switching it on (see enable_cpu_affinity() or CPU best practices for DGL [https://docs.dgl.ai/tutorials/cpu/cpu_best_practises.html])
  dgl_warning(
/workspace/pmp_vast/envs/pmp-author/lib/python3.10/site-packages/dgl/dataloading/dataloader.py:1076: DGLWarning: Dataloader CPU affinity opt is not enabled, consider switching it on (see enable_cpu_affinity() or CPU best practices for DGL [https://docs.dgl.ai/tutorials/cpu/cpu_best_practises.html])
  dgl_warning(
/workspace/pmp_vast/envs/pmp-author/lib/python3.10/site-packages/dgl/dataloading/dataloader.py:1076: DGLWarning: Dataloader CPU affinity opt is not enabled, consider switching it on (see enable_cpu_affinity() or CPU best practices for DGL [https://docs.dgl.ai/tutorials/cpu/cpu_best_practises.html])
  dgl_warning(
/workspace/pmp_vast/envs/pmp-author/lib/python3.10/site-packages/dgl/dataloading/dataloader.py:1076: DGLWarning: Dataloader CPU affinity opt is not enabled, consider switching it on (see enable_cpu_affinity() or CPU best practices for DGL [https://docs.dgl.ai/tutorials/cpu/cpu_best_practises.html])
  dgl_warning(
/workspace/pmp_vast/envs/pmp-author/lib/python3.10/site-packages/dgl/dataloading/dataloader.py:1076: DGLWarning: Dataloader CPU affinity opt is not enabled, consider switching it on (see enable_cpu_affinity() or CPU best practices for DGL [https://docs.dgl.ai/tutorials/cpu/cpu_best_practises.html])
  dgl_warning(
/workspace/pmp_vast/envs/pmp-author/lib/python3.10/site-packages/dgl/dataloading/dataloader.py:1076: DGLWarning: Dataloader CPU affinity opt is not enabled, consider switching it on (see enable_cpu_affinity() or CPU best practices for DGL [https://docs.dgl.ai/tutorials/cpu/cpu_best_practises.html])
  dgl_warning(
/workspace/pmp_vast/envs/pmp-author/lib/python3.10/site-packages/dgl/dataloading/dataloader.py:1076: DGLWarning: Dataloader CPU affinity opt is not enabled, consider switching it on (see enable_cpu_affinity() or CPU best practices for DGL [https://docs.dgl.ai/tutorials/cpu/cpu_best_practises.html])
  dgl_warning(
trial=05 epoch=069 loss=0.042785 val_AUPRC=0.913206 best=0.920762(49) patience=20/20 train=9.311s val=4.312s
TRIAL 05 DONE | lr=0.001 wd=0.0 | epoch=49 | val AUPRC=0.920762
/workspace/pmp_vast/envs/pmp-author/lib/python3.10/site-packages/dgl/dataloading/dataloader.py:1076: DGLWarning: Dataloader CPU affinity opt is not enabled, consider switching it on (see enable_cpu_affinity() or CPU best practices for DGL [https://docs.dgl.ai/tutorials/cpu/cpu_best_practises.html])
  dgl_warning(
trial=06 epoch=001 loss=0.410735 val_AUPRC=0.710662 best=0.710662(1) patience=0/20 train=8.491s val=4.084s
/workspace/pmp_vast/envs/pmp-author/lib/python3.10/site-packages/dgl/dataloading/dataloader.py:1076: DGLWarning: Dataloader CPU affinity opt is not enabled, consider switching it on (see enable_cpu_affinity() or CPU best practices for DGL [https://docs.dgl.ai/tutorials/cpu/cpu_best_practises.html])
  dgl_warning(
trial=06 epoch=002 loss=0.217786 val_AUPRC=0.851263 best=0.851263(2) patience=0/20 train=8.401s val=4.370s
/workspace/pmp_vast/envs/pmp-author/lib/python3.10/site-packages/dgl/dataloading/dataloader.py:1076: DGLWarning: Dataloader CPU affinity opt is not enabled, consider switching it on (see enable_cpu_affinity() or CPU best practices for DGL [https://docs.dgl.ai/tutorials/cpu/cpu_best_practises.html])
  dgl_warning(
trial=06 epoch=003 loss=0.167729 val_AUPRC=0.859618 best=0.859618(3) patience=0/20 train=8.436s val=4.410s
/workspace/pmp_vast/envs/pmp-author/lib/python3.10/site-packages/dgl/dataloading/dataloader.py:1076: DGLWarning: Dataloader CPU affinity opt is not enabled, consider switching it on (see enable_cpu_affinity() or CPU best practices for DGL [https://docs.dgl.ai/tutorials/cpu/cpu_best_practises.html])
  dgl_warning(
trial=06 epoch=004 loss=0.144536 val_AUPRC=0.879659 best=0.879659(4) patience=0/20 train=8.515s val=4.184s
/workspace/pmp_vast/envs/pmp-author/lib/python3.10/site-packages/dgl/dataloading/dataloader.py:1076: DGLWarning: Dataloader CPU affinity opt is not enabled, consider switching it on (see enable_cpu_affinity() or CPU best practices for DGL [https://docs.dgl.ai/tutorials/cpu/cpu_best_practises.html])
  dgl_warning(
trial=06 epoch=005 loss=0.132820 val_AUPRC=0.883480 best=0.883480(5) patience=0/20 train=8.216s val=4.300s
/workspace/pmp_vast/envs/pmp-author/lib/python3.10/site-packages/dgl/dataloading/dataloader.py:1076: DGLWarning: Dataloader CPU affinity opt is not enabled, consider switching it on (see enable_cpu_affinity() or CPU best practices for DGL [https://docs.dgl.ai/tutorials/cpu/cpu_best_practises.html])
  dgl_warning(
/workspace/pmp_vast/envs/pmp-author/lib/python3.10/site-packages/dgl/dataloading/dataloader.py:1076: DGLWarning: Dataloader CPU affinity opt is not enabled, consider switching it on (see enable_cpu_affinity() or CPU best practices for DGL [https://docs.dgl.ai/tutorials/cpu/cpu_best_practises.html])
  dgl_warning(
trial=06 epoch=007 loss=0.116497 val_AUPRC=0.888996 best=0.888996(7) patience=0/20 train=8.479s val=5.407s
/workspace/pmp_vast/envs/pmp-author/lib/python3.10/site-packages/dgl/dataloading/dataloader.py:1076: DGLWarning: Dataloader CPU affinity opt is not enabled, consider switching it on (see enable_cpu_affinity() or CPU best practices for DGL [https://docs.dgl.ai/tutorials/cpu/cpu_best_practises.html])
  dgl_warning(
/workspace/pmp_vast/envs/pmp-author/lib/python3.10/site-packages/dgl/dataloading/dataloader.py:1076: DGLWarning: Dataloader CPU affinity opt is not enabled, consider switching it on (see enable_cpu_affinity() or CPU best practices for DGL [https://docs.dgl.ai/tutorials/cpu/cpu_best_practises.html])
  dgl_warning(
/workspace/pmp_vast/envs/pmp-author/lib/python3.10/site-packages/dgl/dataloading/dataloader.py:1076: DGLWarning: Dataloader CPU affinity opt is not enabled, consider switching it on (see enable_cpu_affinity() or CPU best practices for DGL [https://docs.dgl.ai/tutorials/cpu/cpu_best_practises.html])
  dgl_warning(
trial=06 epoch=010 loss=0.114358 val_AUPRC=0.887422 best=0.888996(7) patience=3/20 train=10.003s val=4.189s
/workspace/pmp_vast/envs/pmp-author/lib/python3.10/site-packages/dgl/dataloading/dataloader.py:1076: DGLWarning: Dataloader CPU affinity opt is not enabled, consider switching it on (see enable_cpu_affinity() or CPU best practices for DGL [https://docs.dgl.ai/tutorials/cpu/cpu_best_practises.html])
  dgl_warning(
/workspace/pmp_vast/envs/pmp-author/lib/python3.10/site-packages/dgl/dataloading/dataloader.py:1076: DGLWarning: Dataloader CPU affinity opt is not enabled, consider switching it on (see enable_cpu_affinity() or CPU best practices for DGL [https://docs.dgl.ai/tutorials/cpu/cpu_best_practises.html])
  dgl_warning(
/workspace/pmp_vast/envs/pmp-author/lib/python3.10/site-packages/dgl/dataloading/dataloader.py:1076: DGLWarning: Dataloader CPU affinity opt is not enabled, consider switching it on (see enable_cpu_affinity() or CPU best practices for DGL [https://docs.dgl.ai/tutorials/cpu/cpu_best_practises.html])
  dgl_warning(
trial=06 epoch=013 loss=0.095613 val_AUPRC=0.896491 best=0.896491(13) patience=0/20 train=8.508s val=4.648s
/workspace/pmp_vast/envs/pmp-author/lib/python3.10/site-packages/dgl/dataloading/dataloader.py:1076: DGLWarning: Dataloader CPU affinity opt is not enabled, consider switching it on (see enable_cpu_affinity() or CPU best practices for DGL [https://docs.dgl.ai/tutorials/cpu/cpu_best_practises.html])
  dgl_warning(
trial=06 epoch=014 loss=0.091012 val_AUPRC=0.896908 best=0.896908(14) patience=0/20 train=8.705s val=3.978s
/workspace/pmp_vast/envs/pmp-author/lib/python3.10/site-packages/dgl/dataloading/dataloader.py:1076: DGLWarning: Dataloader CPU affinity opt is not enabled, consider switching it on (see enable_cpu_affinity() or CPU best practices for DGL [https://docs.dgl.ai/tutorials/cpu/cpu_best_practises.html])
  dgl_warning(
trial=06 epoch=015 loss=0.090377 val_AUPRC=0.901366 best=0.901366(15) patience=0/20 train=8.164s val=3.975s
/workspace/pmp_vast/envs/pmp-author/lib/python3.10/site-packages/dgl/dataloading/dataloader.py:1076: DGLWarning: Dataloader CPU affinity opt is not enabled, consider switching it on (see enable_cpu_affinity() or CPU best practices for DGL [https://docs.dgl.ai/tutorials/cpu/cpu_best_practises.html])
  dgl_warning(
trial=06 epoch=016 loss=0.088528 val_AUPRC=0.904842 best=0.904842(16) patience=0/20 train=7.761s val=3.911s
/workspace/pmp_vast/envs/pmp-author/lib/python3.10/site-packages/dgl/dataloading/dataloader.py:1076: DGLWarning: Dataloader CPU affinity opt is not enabled, consider switching it on (see enable_cpu_affinity() or CPU best practices for DGL [https://docs.dgl.ai/tutorials/cpu/cpu_best_practises.html])
  dgl_warning(
trial=06 epoch=017 loss=0.085650 val_AUPRC=0.905467 best=0.905467(17) patience=0/20 train=8.211s val=4.096s
/workspace/pmp_vast/envs/pmp-author/lib/python3.10/site-packages/dgl/dataloading/dataloader.py:1076: DGLWarning: Dataloader CPU affinity opt is not enabled, consider switching it on (see enable_cpu_affinity() or CPU best practices for DGL [https://docs.dgl.ai/tutorials/cpu/cpu_best_practises.html])
  dgl_warning(
trial=06 epoch=018 loss=0.085946 val_AUPRC=0.914034 best=0.914034(18) patience=0/20 train=7.646s val=4.137s
/workspace/pmp_vast/envs/pmp-author/lib/python3.10/site-packages/dgl/dataloading/dataloader.py:1076: DGLWarning: Dataloader CPU affinity opt is not enabled, consider switching it on (see enable_cpu_affinity() or CPU best practices for DGL [https://docs.dgl.ai/tutorials/cpu/cpu_best_practises.html])
  dgl_warning(
/workspace/pmp_vast/envs/pmp-author/lib/python3.10/site-packages/dgl/dataloading/dataloader.py:1076: DGLWarning: Dataloader CPU affinity opt is not enabled, consider switching it on (see enable_cpu_affinity() or CPU best practices for DGL [https://docs.dgl.ai/tutorials/cpu/cpu_best_practises.html])
  dgl_warning(
trial=06 epoch=020 loss=0.081070 val_AUPRC=0.904012 best=0.914034(18) patience=2/20 train=7.578s val=4.173s
/workspace/pmp_vast/envs/pmp-author/lib/python3.10/site-packages/dgl/dataloading/dataloader.py:1076: DGLWarning: Dataloader CPU affinity opt is not enabled, consider switching it on (see enable_cpu_affinity() or CPU best practices for DGL [https://docs.dgl.ai/tutorials/cpu/cpu_best_practises.html])
  dgl_warning(
/workspace/pmp_vast/envs/pmp-author/lib/python3.10/site-packages/dgl/dataloading/dataloader.py:1076: DGLWarning: Dataloader CPU affinity opt is not enabled, consider switching it on (see enable_cpu_affinity() or CPU best practices for DGL [https://docs.dgl.ai/tutorials/cpu/cpu_best_practises.html])
  dgl_warning(
/workspace/pmp_vast/envs/pmp-author/lib/python3.10/site-packages/dgl/dataloading/dataloader.py:1076: DGLWarning: Dataloader CPU affinity opt is not enabled, consider switching it on (see enable_cpu_affinity() or CPU best practices for DGL [https://docs.dgl.ai/tutorials/cpu/cpu_best_practises.html])
  dgl_warning(
/workspace/pmp_vast/envs/pmp-author/lib/python3.10/site-packages/dgl/dataloading/dataloader.py:1076: DGLWarning: Dataloader CPU affinity opt is not enabled, consider switching it on (see enable_cpu_affinity() or CPU best practices for DGL [https://docs.dgl.ai/tutorials/cpu/cpu_best_practises.html])
  dgl_warning(
trial=06 epoch=024 loss=0.078565 val_AUPRC=0.915858 best=0.915858(24) patience=0/20 train=8.170s val=3.964s
/workspace/pmp_vast/envs/pmp-author/lib/python3.10/site-packages/dgl/dataloading/dataloader.py:1076: DGLWarning: Dataloader CPU affinity opt is not enabled, consider switching it on (see enable_cpu_affinity() or CPU best practices for DGL [https://docs.dgl.ai/tutorials/cpu/cpu_best_practises.html])
  dgl_warning(
/workspace/pmp_vast/envs/pmp-author/lib/python3.10/site-packages/dgl/dataloading/dataloader.py:1076: DGLWarning: Dataloader CPU affinity opt is not enabled, consider switching it on (see enable_cpu_affinity() or CPU best practices for DGL [https://docs.dgl.ai/tutorials/cpu/cpu_best_practises.html])
  dgl_warning(
/workspace/pmp_vast/envs/pmp-author/lib/python3.10/site-packages/dgl/dataloading/dataloader.py:1076: DGLWarning: Dataloader CPU affinity opt is not enabled, consider switching it on (see enable_cpu_affinity() or CPU best practices for DGL [https://docs.dgl.ai/tutorials/cpu/cpu_best_practises.html])
  dgl_warning(
/workspace/pmp_vast/envs/pmp-author/lib/python3.10/site-packages/dgl/dataloading/dataloader.py:1076: DGLWarning: Dataloader CPU affinity opt is not enabled, consider switching it on (see enable_cpu_affinity() or CPU best practices for DGL [https://docs.dgl.ai/tutorials/cpu/cpu_best_practises.html])
  dgl_warning(
/workspace/pmp_vast/envs/pmp-author/lib/python3.10/site-packages/dgl/dataloading/dataloader.py:1076: DGLWarning: Dataloader CPU affinity opt is not enabled, consider switching it on (see enable_cpu_affinity() or CPU best practices for DGL [https://docs.dgl.ai/tutorials/cpu/cpu_best_practises.html])
  dgl_warning(
/workspace/pmp_vast/envs/pmp-author/lib/python3.10/site-packages/dgl/dataloading/dataloader.py:1076: DGLWarning: Dataloader CPU affinity opt is not enabled, consider switching it on (see enable_cpu_affinity() or CPU best practices for DGL [https://docs.dgl.ai/tutorials/cpu/cpu_best_practises.html])
  dgl_warning(
trial=06 epoch=030 loss=0.070233 val_AUPRC=0.909712 best=0.915858(24) patience=6/20 train=7.510s val=3.893s
/workspace/pmp_vast/envs/pmp-author/lib/python3.10/site-packages/dgl/dataloading/dataloader.py:1076: DGLWarning: Dataloader CPU affinity opt is not enabled, consider switching it on (see enable_cpu_affinity() or CPU best practices for DGL [https://docs.dgl.ai/tutorials/cpu/cpu_best_practises.html])
  dgl_warning(
/workspace/pmp_vast/envs/pmp-author/lib/python3.10/site-packages/dgl/dataloading/dataloader.py:1076: DGLWarning: Dataloader CPU affinity opt is not enabled, consider switching it on (see enable_cpu_affinity() or CPU best practices for DGL [https://docs.dgl.ai/tutorials/cpu/cpu_best_practises.html])
  dgl_warning(
trial=06 epoch=032 loss=0.076602 val_AUPRC=0.916561 best=0.916561(32) patience=0/20 train=7.613s val=3.929s
/workspace/pmp_vast/envs/pmp-author/lib/python3.10/site-packages/dgl/dataloading/dataloader.py:1076: DGLWarning: Dataloader CPU affinity opt is not enabled, consider switching it on (see enable_cpu_affinity() or CPU best practices for DGL [https://docs.dgl.ai/tutorials/cpu/cpu_best_practises.html])
  dgl_warning(
trial=06 epoch=033 loss=0.076253 val_AUPRC=0.921467 best=0.921467(33) patience=0/20 train=7.924s val=4.107s
/workspace/pmp_vast/envs/pmp-author/lib/python3.10/site-packages/dgl/dataloading/dataloader.py:1076: DGLWarning: Dataloader CPU affinity opt is not enabled, consider switching it on (see enable_cpu_affinity() or CPU best practices for DGL [https://docs.dgl.ai/tutorials/cpu/cpu_best_practises.html])
  dgl_warning(
/workspace/pmp_vast/envs/pmp-author/lib/python3.10/site-packages/dgl/dataloading/dataloader.py:1076: DGLWarning: Dataloader CPU affinity opt is not enabled, consider switching it on (see enable_cpu_affinity() or CPU best practices for DGL [https://docs.dgl.ai/tutorials/cpu/cpu_best_practises.html])
  dgl_warning(
/workspace/pmp_vast/envs/pmp-author/lib/python3.10/site-packages/dgl/dataloading/dataloader.py:1076: DGLWarning: Dataloader CPU affinity opt is not enabled, consider switching it on (see enable_cpu_affinity() or CPU best practices for DGL [https://docs.dgl.ai/tutorials/cpu/cpu_best_practises.html])
  dgl_warning(
/workspace/pmp_vast/envs/pmp-author/lib/python3.10/site-packages/dgl/dataloading/dataloader.py:1076: DGLWarning: Dataloader CPU affinity opt is not enabled, consider switching it on (see enable_cpu_affinity() or CPU best practices for DGL [https://docs.dgl.ai/tutorials/cpu/cpu_best_practises.html])
  dgl_warning(
/workspace/pmp_vast/envs/pmp-author/lib/python3.10/site-packages/dgl/dataloading/dataloader.py:1076: DGLWarning: Dataloader CPU affinity opt is not enabled, consider switching it on (see enable_cpu_affinity() or CPU best practices for DGL [https://docs.dgl.ai/tutorials/cpu/cpu_best_practises.html])
  dgl_warning(
/workspace/pmp_vast/envs/pmp-author/lib/python3.10/site-packages/dgl/dataloading/dataloader.py:1076: DGLWarning: Dataloader CPU affinity opt is not enabled, consider switching it on (see enable_cpu_affinity() or CPU best practices for DGL [https://docs.dgl.ai/tutorials/cpu/cpu_best_practises.html])
  dgl_warning(
/workspace/pmp_vast/envs/pmp-author/lib/python3.10/site-packages/dgl/dataloading/dataloader.py:1076: DGLWarning: Dataloader CPU affinity opt is not enabled, consider switching it on (see enable_cpu_affinity() or CPU best practices for DGL [https://docs.dgl.ai/tutorials/cpu/cpu_best_practises.html])
  dgl_warning(
trial=06 epoch=040 loss=0.057988 val_AUPRC=0.917263 best=0.921467(33) patience=7/20 train=7.756s val=4.175s
/workspace/pmp_vast/envs/pmp-author/lib/python3.10/site-packages/dgl/dataloading/dataloader.py:1076: DGLWarning: Dataloader CPU affinity opt is not enabled, consider switching it on (see enable_cpu_affinity() or CPU best practices for DGL [https://docs.dgl.ai/tutorials/cpu/cpu_best_practises.html])
  dgl_warning(
/workspace/pmp_vast/envs/pmp-author/lib/python3.10/site-packages/dgl/dataloading/dataloader.py:1076: DGLWarning: Dataloader CPU affinity opt is not enabled, consider switching it on (see enable_cpu_affinity() or CPU best practices for DGL [https://docs.dgl.ai/tutorials/cpu/cpu_best_practises.html])
  dgl_warning(
/workspace/pmp_vast/envs/pmp-author/lib/python3.10/site-packages/dgl/dataloading/dataloader.py:1076: DGLWarning: Dataloader CPU affinity opt is not enabled, consider switching it on (see enable_cpu_affinity() or CPU best practices for DGL [https://docs.dgl.ai/tutorials/cpu/cpu_best_practises.html])
  dgl_warning(
/workspace/pmp_vast/envs/pmp-author/lib/python3.10/site-packages/dgl/dataloading/dataloader.py:1076: DGLWarning: Dataloader CPU affinity opt is not enabled, consider switching it on (see enable_cpu_affinity() or CPU best practices for DGL [https://docs.dgl.ai/tutorials/cpu/cpu_best_practises.html])
  dgl_warning(
trial=06 epoch=044 loss=0.063298 val_AUPRC=0.923525 best=0.923525(44) patience=0/20 train=8.029s val=3.995s
/workspace/pmp_vast/envs/pmp-author/lib/python3.10/site-packages/dgl/dataloading/dataloader.py:1076: DGLWarning: Dataloader CPU affinity opt is not enabled, consider switching it on (see enable_cpu_affinity() or CPU best practices for DGL [https://docs.dgl.ai/tutorials/cpu/cpu_best_practises.html])
  dgl_warning(
/workspace/pmp_vast/envs/pmp-author/lib/python3.10/site-packages/dgl/dataloading/dataloader.py:1076: DGLWarning: Dataloader CPU affinity opt is not enabled, consider switching it on (see enable_cpu_affinity() or CPU best practices for DGL [https://docs.dgl.ai/tutorials/cpu/cpu_best_practises.html])
  dgl_warning(
/workspace/pmp_vast/envs/pmp-author/lib/python3.10/site-packages/dgl/dataloading/dataloader.py:1076: DGLWarning: Dataloader CPU affinity opt is not enabled, consider switching it on (see enable_cpu_affinity() or CPU best practices for DGL [https://docs.dgl.ai/tutorials/cpu/cpu_best_practises.html])
  dgl_warning(
/workspace/pmp_vast/envs/pmp-author/lib/python3.10/site-packages/dgl/dataloading/dataloader.py:1076: DGLWarning: Dataloader CPU affinity opt is not enabled, consider switching it on (see enable_cpu_affinity() or CPU best practices for DGL [https://docs.dgl.ai/tutorials/cpu/cpu_best_practises.html])
  dgl_warning(
/workspace/pmp_vast/envs/pmp-author/lib/python3.10/site-packages/dgl/dataloading/dataloader.py:1076: DGLWarning: Dataloader CPU affinity opt is not enabled, consider switching it on (see enable_cpu_affinity() or CPU best practices for DGL [https://docs.dgl.ai/tutorials/cpu/cpu_best_practises.html])
  dgl_warning(
/workspace/pmp_vast/envs/pmp-author/lib/python3.10/site-packages/dgl/dataloading/dataloader.py:1076: DGLWarning: Dataloader CPU affinity opt is not enabled, consider switching it on (see enable_cpu_affinity() or CPU best practices for DGL [https://docs.dgl.ai/tutorials/cpu/cpu_best_practises.html])
  dgl_warning(
trial=06 epoch=050 loss=0.059251 val_AUPRC=0.919278 best=0.923525(44) patience=6/20 train=12.445s val=6.478s
/workspace/pmp_vast/envs/pmp-author/lib/python3.10/site-packages/dgl/dataloading/dataloader.py:1076: DGLWarning: Dataloader CPU affinity opt is not enabled, consider switching it on (see enable_cpu_affinity() or CPU best practices for DGL [https://docs.dgl.ai/tutorials/cpu/cpu_best_practises.html])
  dgl_warning(
trial=06 epoch=051 loss=0.058897 val_AUPRC=0.923825 best=0.923825(51) patience=0/20 train=10.865s val=5.697s
/workspace/pmp_vast/envs/pmp-author/lib/python3.10/site-packages/dgl/dataloading/dataloader.py:1076: DGLWarning: Dataloader CPU affinity opt is not enabled, consider switching it on (see enable_cpu_affinity() or CPU best practices for DGL [https://docs.dgl.ai/tutorials/cpu/cpu_best_practises.html])
  dgl_warning(
/workspace/pmp_vast/envs/pmp-author/lib/python3.10/site-packages/dgl/dataloading/dataloader.py:1076: DGLWarning: Dataloader CPU affinity opt is not enabled, consider switching it on (see enable_cpu_affinity() or CPU best practices for DGL [https://docs.dgl.ai/tutorials/cpu/cpu_best_practises.html])
  dgl_warning(
/workspace/pmp_vast/envs/pmp-author/lib/python3.10/site-packages/dgl/dataloading/dataloader.py:1076: DGLWarning: Dataloader CPU affinity opt is not enabled, consider switching it on (see enable_cpu_affinity() or CPU best practices for DGL [https://docs.dgl.ai/tutorials/cpu/cpu_best_practises.html])
  dgl_warning(
/workspace/pmp_vast/envs/pmp-author/lib/python3.10/site-packages/dgl/dataloading/dataloader.py:1076: DGLWarning: Dataloader CPU affinity opt is not enabled, consider switching it on (see enable_cpu_affinity() or CPU best practices for DGL [https://docs.dgl.ai/tutorials/cpu/cpu_best_practises.html])
  dgl_warning(
/workspace/pmp_vast/envs/pmp-author/lib/python3.10/site-packages/dgl/dataloading/dataloader.py:1076: DGLWarning: Dataloader CPU affinity opt is not enabled, consider switching it on (see enable_cpu_affinity() or CPU best practices for DGL [https://docs.dgl.ai/tutorials/cpu/cpu_best_practises.html])
  dgl_warning(
trial=06 epoch=056 loss=0.052959 val_AUPRC=0.924421 best=0.924421(56) patience=0/20 train=11.039s val=5.902s
/workspace/pmp_vast/envs/pmp-author/lib/python3.10/site-packages/dgl/dataloading/dataloader.py:1076: DGLWarning: Dataloader CPU affinity opt is not enabled, consider switching it on (see enable_cpu_affinity() or CPU best practices for DGL [https://docs.dgl.ai/tutorials/cpu/cpu_best_practises.html])
  dgl_warning(
/workspace/pmp_vast/envs/pmp-author/lib/python3.10/site-packages/dgl/dataloading/dataloader.py:1076: DGLWarning: Dataloader CPU affinity opt is not enabled, consider switching it on (see enable_cpu_affinity() or CPU best practices for DGL [https://docs.dgl.ai/tutorials/cpu/cpu_best_practises.html])
  dgl_warning(
/workspace/pmp_vast/envs/pmp-author/lib/python3.10/site-packages/dgl/dataloading/dataloader.py:1076: DGLWarning: Dataloader CPU affinity opt is not enabled, consider switching it on (see enable_cpu_affinity() or CPU best practices for DGL [https://docs.dgl.ai/tutorials/cpu/cpu_best_practises.html])
  dgl_warning(
/workspace/pmp_vast/envs/pmp-author/lib/python3.10/site-packages/dgl/dataloading/dataloader.py:1076: DGLWarning: Dataloader CPU affinity opt is not enabled, consider switching it on (see enable_cpu_affinity() or CPU best practices for DGL [https://docs.dgl.ai/tutorials/cpu/cpu_best_practises.html])
  dgl_warning(
trial=06 epoch=060 loss=0.051110 val_AUPRC=0.912270 best=0.924421(56) patience=4/20 train=12.130s val=6.029s
/workspace/pmp_vast/envs/pmp-author/lib/python3.10/site-packages/dgl/dataloading/dataloader.py:1076: DGLWarning: Dataloader CPU affinity opt is not enabled, consider switching it on (see enable_cpu_affinity() or CPU best practices for DGL [https://docs.dgl.ai/tutorials/cpu/cpu_best_practises.html])
  dgl_warning(
/workspace/pmp_vast/envs/pmp-author/lib/python3.10/site-packages/dgl/dataloading/dataloader.py:1076: DGLWarning: Dataloader CPU affinity opt is not enabled, consider switching it on (see enable_cpu_affinity() or CPU best practices for DGL [https://docs.dgl.ai/tutorials/cpu/cpu_best_practises.html])
  dgl_warning(
/workspace/pmp_vast/envs/pmp-author/lib/python3.10/site-packages/dgl/dataloading/dataloader.py:1076: DGLWarning: Dataloader CPU affinity opt is not enabled, consider switching it on (see enable_cpu_affinity() or CPU best practices for DGL [https://docs.dgl.ai/tutorials/cpu/cpu_best_practises.html])
  dgl_warning(
/workspace/pmp_vast/envs/pmp-author/lib/python3.10/site-packages/dgl/dataloading/dataloader.py:1076: DGLWarning: Dataloader CPU affinity opt is not enabled, consider switching it on (see enable_cpu_affinity() or CPU best practices for DGL [https://docs.dgl.ai/tutorials/cpu/cpu_best_practises.html])
  dgl_warning(
/workspace/pmp_vast/envs/pmp-author/lib/python3.10/site-packages/dgl/dataloading/dataloader.py:1076: DGLWarning: Dataloader CPU affinity opt is not enabled, consider switching it on (see enable_cpu_affinity() or CPU best practices for DGL [https://docs.dgl.ai/tutorials/cpu/cpu_best_practises.html])
  dgl_warning(
/workspace/pmp_vast/envs/pmp-author/lib/python3.10/site-packages/dgl/dataloading/dataloader.py:1076: DGLWarning: Dataloader CPU affinity opt is not enabled, consider switching it on (see enable_cpu_affinity() or CPU best practices for DGL [https://docs.dgl.ai/tutorials/cpu/cpu_best_practises.html])
  dgl_warning(
/workspace/pmp_vast/envs/pmp-author/lib/python3.10/site-packages/dgl/dataloading/dataloader.py:1076: DGLWarning: Dataloader CPU affinity opt is not enabled, consider switching it on (see enable_cpu_affinity() or CPU best practices for DGL [https://docs.dgl.ai/tutorials/cpu/cpu_best_practises.html])
  dgl_warning(
/workspace/pmp_vast/envs/pmp-author/lib/python3.10/site-packages/dgl/dataloading/dataloader.py:1076: DGLWarning: Dataloader CPU affinity opt is not enabled, consider switching it on (see enable_cpu_affinity() or CPU best practices for DGL [https://docs.dgl.ai/tutorials/cpu/cpu_best_practises.html])
  dgl_warning(
/workspace/pmp_vast/envs/pmp-author/lib/python3.10/site-packages/dgl/dataloading/dataloader.py:1076: DGLWarning: Dataloader CPU affinity opt is not enabled, consider switching it on (see enable_cpu_affinity() or CPU best practices for DGL [https://docs.dgl.ai/tutorials/cpu/cpu_best_practises.html])
  dgl_warning(
/workspace/pmp_vast/envs/pmp-author/lib/python3.10/site-packages/dgl/dataloading/dataloader.py:1076: DGLWarning: Dataloader CPU affinity opt is not enabled, consider switching it on (see enable_cpu_affinity() or CPU best practices for DGL [https://docs.dgl.ai/tutorials/cpu/cpu_best_practises.html])
  dgl_warning(
trial=06 epoch=070 loss=0.044770 val_AUPRC=0.919992 best=0.924421(56) patience=14/20 train=11.915s val=5.887s
/workspace/pmp_vast/envs/pmp-author/lib/python3.10/site-packages/dgl/dataloading/dataloader.py:1076: DGLWarning: Dataloader CPU affinity opt is not enabled, consider switching it on (see enable_cpu_affinity() or CPU best practices for DGL [https://docs.dgl.ai/tutorials/cpu/cpu_best_practises.html])
  dgl_warning(
/workspace/pmp_vast/envs/pmp-author/lib/python3.10/site-packages/dgl/dataloading/dataloader.py:1076: DGLWarning: Dataloader CPU affinity opt is not enabled, consider switching it on (see enable_cpu_affinity() or CPU best practices for DGL [https://docs.dgl.ai/tutorials/cpu/cpu_best_practises.html])
  dgl_warning(
/workspace/pmp_vast/envs/pmp-author/lib/python3.10/site-packages/dgl/dataloading/dataloader.py:1076: DGLWarning: Dataloader CPU affinity opt is not enabled, consider switching it on (see enable_cpu_affinity() or CPU best practices for DGL [https://docs.dgl.ai/tutorials/cpu/cpu_best_practises.html])
  dgl_warning(
/workspace/pmp_vast/envs/pmp-author/lib/python3.10/site-packages/dgl/dataloading/dataloader.py:1076: DGLWarning: Dataloader CPU affinity opt is not enabled, consider switching it on (see enable_cpu_affinity() or CPU best practices for DGL [https://docs.dgl.ai/tutorials/cpu/cpu_best_practises.html])
  dgl_warning(
/workspace/pmp_vast/envs/pmp-author/lib/python3.10/site-packages/dgl/dataloading/dataloader.py:1076: DGLWarning: Dataloader CPU affinity opt is not enabled, consider switching it on (see enable_cpu_affinity() or CPU best practices for DGL [https://docs.dgl.ai/tutorials/cpu/cpu_best_practises.html])
  dgl_warning(
/workspace/pmp_vast/envs/pmp-author/lib/python3.10/site-packages/dgl/dataloading/dataloader.py:1076: DGLWarning: Dataloader CPU affinity opt is not enabled, consider switching it on (see enable_cpu_affinity() or CPU best practices for DGL [https://docs.dgl.ai/tutorials/cpu/cpu_best_practises.html])
  dgl_warning(
trial=06 epoch=076 loss=0.040072 val_AUPRC=0.909558 best=0.924421(56) patience=20/20 train=12.585s val=5.464s
TRIAL 06 DONE | lr=0.001 wd=1e-05 | epoch=56 | val AUPRC=0.924421
/workspace/pmp_vast/envs/pmp-author/lib/python3.10/site-packages/dgl/dataloading/dataloader.py:1076: DGLWarning: Dataloader CPU affinity opt is not enabled, consider switching it on (see enable_cpu_affinity() or CPU best practices for DGL [https://docs.dgl.ai/tutorials/cpu/cpu_best_practises.html])
  dgl_warning(
trial=07 epoch=001 loss=0.433695 val_AUPRC=0.715341 best=0.715341(1) patience=0/20 train=11.435s val=6.011s
/workspace/pmp_vast/envs/pmp-author/lib/python3.10/site-packages/dgl/dataloading/dataloader.py:1076: DGLWarning: Dataloader CPU affinity opt is not enabled, consider switching it on (see enable_cpu_affinity() or CPU best practices for DGL [https://docs.dgl.ai/tutorials/cpu/cpu_best_practises.html])
  dgl_warning(
trial=07 epoch=002 loss=0.217817 val_AUPRC=0.825108 best=0.825108(2) patience=0/20 train=11.928s val=4.738s
/workspace/pmp_vast/envs/pmp-author/lib/python3.10/site-packages/dgl/dataloading/dataloader.py:1076: DGLWarning: Dataloader CPU affinity opt is not enabled, consider switching it on (see enable_cpu_affinity() or CPU best practices for DGL [https://docs.dgl.ai/tutorials/cpu/cpu_best_practises.html])
  dgl_warning(
trial=07 epoch=003 loss=0.166841 val_AUPRC=0.863106 best=0.863106(3) patience=0/20 train=10.866s val=5.773s
/workspace/pmp_vast/envs/pmp-author/lib/python3.10/site-packages/dgl/dataloading/dataloader.py:1076: DGLWarning: Dataloader CPU affinity opt is not enabled, consider switching it on (see enable_cpu_affinity() or CPU best practices for DGL [https://docs.dgl.ai/tutorials/cpu/cpu_best_practises.html])
  dgl_warning(
trial=07 epoch=004 loss=0.141843 val_AUPRC=0.871496 best=0.871496(4) patience=0/20 train=11.483s val=5.705s
/workspace/pmp_vast/envs/pmp-author/lib/python3.10/site-packages/dgl/dataloading/dataloader.py:1076: DGLWarning: Dataloader CPU affinity opt is not enabled, consider switching it on (see enable_cpu_affinity() or CPU best practices for DGL [https://docs.dgl.ai/tutorials/cpu/cpu_best_practises.html])
  dgl_warning(
trial=07 epoch=005 loss=0.130676 val_AUPRC=0.875622 best=0.875622(5) patience=0/20 train=11.888s val=5.758s
/workspace/pmp_vast/envs/pmp-author/lib/python3.10/site-packages/dgl/dataloading/dataloader.py:1076: DGLWarning: Dataloader CPU affinity opt is not enabled, consider switching it on (see enable_cpu_affinity() or CPU best practices for DGL [https://docs.dgl.ai/tutorials/cpu/cpu_best_practises.html])
  dgl_warning(
trial=07 epoch=006 loss=0.122675 val_AUPRC=0.878887 best=0.878887(6) patience=0/20 train=11.487s val=5.883s
/workspace/pmp_vast/envs/pmp-author/lib/python3.10/site-packages/dgl/dataloading/dataloader.py:1076: DGLWarning: Dataloader CPU affinity opt is not enabled, consider switching it on (see enable_cpu_affinity() or CPU best practices for DGL [https://docs.dgl.ai/tutorials/cpu/cpu_best_practises.html])
  dgl_warning(
/workspace/pmp_vast/envs/pmp-author/lib/python3.10/site-packages/dgl/dataloading/dataloader.py:1076: DGLWarning: Dataloader CPU affinity opt is not enabled, consider switching it on (see enable_cpu_affinity() or CPU best practices for DGL [https://docs.dgl.ai/tutorials/cpu/cpu_best_practises.html])
  dgl_warning(
trial=07 epoch=008 loss=0.125671 val_AUPRC=0.882790 best=0.882790(8) patience=0/20 train=11.695s val=5.704s
/workspace/pmp_vast/envs/pmp-author/lib/python3.10/site-packages/dgl/dataloading/dataloader.py:1076: DGLWarning: Dataloader CPU affinity opt is not enabled, consider switching it on (see enable_cpu_affinity() or CPU best practices for DGL [https://docs.dgl.ai/tutorials/cpu/cpu_best_practises.html])
  dgl_warning(
/workspace/pmp_vast/envs/pmp-author/lib/python3.10/site-packages/dgl/dataloading/dataloader.py:1076: DGLWarning: Dataloader CPU affinity opt is not enabled, consider switching it on (see enable_cpu_affinity() or CPU best practices for DGL [https://docs.dgl.ai/tutorials/cpu/cpu_best_practises.html])
  dgl_warning(
trial=07 epoch=010 loss=0.111864 val_AUPRC=0.879018 best=0.882790(8) patience=2/20 train=11.493s val=5.673s
/workspace/pmp_vast/envs/pmp-author/lib/python3.10/site-packages/dgl/dataloading/dataloader.py:1076: DGLWarning: Dataloader CPU affinity opt is not enabled, consider switching it on (see enable_cpu_affinity() or CPU best practices for DGL [https://docs.dgl.ai/tutorials/cpu/cpu_best_practises.html])
  dgl_warning(
trial=07 epoch=011 loss=0.107534 val_AUPRC=0.883295 best=0.883295(11) patience=0/20 train=11.669s val=6.230s
/workspace/pmp_vast/envs/pmp-author/lib/python3.10/site-packages/dgl/dataloading/dataloader.py:1076: DGLWarning: Dataloader CPU affinity opt is not enabled, consider switching it on (see enable_cpu_affinity() or CPU best practices for DGL [https://docs.dgl.ai/tutorials/cpu/cpu_best_practises.html])
  dgl_warning(
/workspace/pmp_vast/envs/pmp-author/lib/python3.10/site-packages/dgl/dataloading/dataloader.py:1076: DGLWarning: Dataloader CPU affinity opt is not enabled, consider switching it on (see enable_cpu_affinity() or CPU best practices for DGL [https://docs.dgl.ai/tutorials/cpu/cpu_best_practises.html])
  dgl_warning(
trial=07 epoch=013 loss=0.094731 val_AUPRC=0.902898 best=0.902898(13) patience=0/20 train=13.890s val=7.257s
/workspace/pmp_vast/envs/pmp-author/lib/python3.10/site-packages/dgl/dataloading/dataloader.py:1076: DGLWarning: Dataloader CPU affinity opt is not enabled, consider switching it on (see enable_cpu_affinity() or CPU best practices for DGL [https://docs.dgl.ai/tutorials/cpu/cpu_best_practises.html])
  dgl_warning(
/workspace/pmp_vast/envs/pmp-author/lib/python3.10/site-packages/dgl/dataloading/dataloader.py:1076: DGLWarning: Dataloader CPU affinity opt is not enabled, consider switching it on (see enable_cpu_affinity() or CPU best practices for DGL [https://docs.dgl.ai/tutorials/cpu/cpu_best_practises.html])
  dgl_warning(
/workspace/pmp_vast/envs/pmp-author/lib/python3.10/site-packages/dgl/dataloading/dataloader.py:1076: DGLWarning: Dataloader CPU affinity opt is not enabled, consider switching it on (see enable_cpu_affinity() or CPU best practices for DGL [https://docs.dgl.ai/tutorials/cpu/cpu_best_practises.html])
  dgl_warning(
trial=07 epoch=016 loss=0.097312 val_AUPRC=0.902910 best=0.902910(16) patience=0/20 train=13.080s val=6.535s
/workspace/pmp_vast/envs/pmp-author/lib/python3.10/site-packages/dgl/dataloading/dataloader.py:1076: DGLWarning: Dataloader CPU affinity opt is not enabled, consider switching it on (see enable_cpu_affinity() or CPU best practices for DGL [https://docs.dgl.ai/tutorials/cpu/cpu_best_practises.html])
  dgl_warning(
/workspace/pmp_vast/envs/pmp-author/lib/python3.10/site-packages/dgl/dataloading/dataloader.py:1076: DGLWarning: Dataloader CPU affinity opt is not enabled, consider switching it on (see enable_cpu_affinity() or CPU best practices for DGL [https://docs.dgl.ai/tutorials/cpu/cpu_best_practises.html])
  dgl_warning(
trial=07 epoch=018 loss=0.092246 val_AUPRC=0.903253 best=0.903253(18) patience=0/20 train=13.385s val=6.582s
/workspace/pmp_vast/envs/pmp-author/lib/python3.10/site-packages/dgl/dataloading/dataloader.py:1076: DGLWarning: Dataloader CPU affinity opt is not enabled, consider switching it on (see enable_cpu_affinity() or CPU best practices for DGL [https://docs.dgl.ai/tutorials/cpu/cpu_best_practises.html])
  dgl_warning(
trial=07 epoch=019 loss=0.087617 val_AUPRC=0.904145 best=0.904145(19) patience=0/20 train=13.998s val=6.609s
/workspace/pmp_vast/envs/pmp-author/lib/python3.10/site-packages/dgl/dataloading/dataloader.py:1076: DGLWarning: Dataloader CPU affinity opt is not enabled, consider switching it on (see enable_cpu_affinity() or CPU best practices for DGL [https://docs.dgl.ai/tutorials/cpu/cpu_best_practises.html])
  dgl_warning(
trial=07 epoch=020 loss=0.086207 val_AUPRC=0.901168 best=0.904145(19) patience=1/20 train=14.899s val=7.396s
/workspace/pmp_vast/envs/pmp-author/lib/python3.10/site-packages/dgl/dataloading/dataloader.py:1076: DGLWarning: Dataloader CPU affinity opt is not enabled, consider switching it on (see enable_cpu_affinity() or CPU best practices for DGL [https://docs.dgl.ai/tutorials/cpu/cpu_best_practises.html])
  dgl_warning(
/workspace/pmp_vast/envs/pmp-author/lib/python3.10/site-packages/dgl/dataloading/dataloader.py:1076: DGLWarning: Dataloader CPU affinity opt is not enabled, consider switching it on (see enable_cpu_affinity() or CPU best practices for DGL [https://docs.dgl.ai/tutorials/cpu/cpu_best_practises.html])
  dgl_warning(
/workspace/pmp_vast/envs/pmp-author/lib/python3.10/site-packages/dgl/dataloading/dataloader.py:1076: DGLWarning: Dataloader CPU affinity opt is not enabled, consider switching it on (see enable_cpu_affinity() or CPU best practices for DGL [https://docs.dgl.ai/tutorials/cpu/cpu_best_practises.html])
  dgl_warning(
/workspace/pmp_vast/envs/pmp-author/lib/python3.10/site-packages/dgl/dataloading/dataloader.py:1076: DGLWarning: Dataloader CPU affinity opt is not enabled, consider switching it on (see enable_cpu_affinity() or CPU best practices for DGL [https://docs.dgl.ai/tutorials/cpu/cpu_best_practises.html])
  dgl_warning(
trial=07 epoch=024 loss=0.085048 val_AUPRC=0.908388 best=0.908388(24) patience=0/20 train=14.165s val=7.048s
/workspace/pmp_vast/envs/pmp-author/lib/python3.10/site-packages/dgl/dataloading/dataloader.py:1076: DGLWarning: Dataloader CPU affinity opt is not enabled, consider switching it on (see enable_cpu_affinity() or CPU best practices for DGL [https://docs.dgl.ai/tutorials/cpu/cpu_best_practises.html])
  dgl_warning(
/workspace/pmp_vast/envs/pmp-author/lib/python3.10/site-packages/dgl/dataloading/dataloader.py:1076: DGLWarning: Dataloader CPU affinity opt is not enabled, consider switching it on (see enable_cpu_affinity() or CPU best practices for DGL [https://docs.dgl.ai/tutorials/cpu/cpu_best_practises.html])
  dgl_warning(
/workspace/pmp_vast/envs/pmp-author/lib/python3.10/site-packages/dgl/dataloading/dataloader.py:1076: DGLWarning: Dataloader CPU affinity opt is not enabled, consider switching it on (see enable_cpu_affinity() or CPU best practices for DGL [https://docs.dgl.ai/tutorials/cpu/cpu_best_practises.html])
  dgl_warning(
trial=07 epoch=027 loss=0.080709 val_AUPRC=0.909467 best=0.909467(27) patience=0/20 train=15.313s val=6.972s
/workspace/pmp_vast/envs/pmp-author/lib/python3.10/site-packages/dgl/dataloading/dataloader.py:1076: DGLWarning: Dataloader CPU affinity opt is not enabled, consider switching it on (see enable_cpu_affinity() or CPU best practices for DGL [https://docs.dgl.ai/tutorials/cpu/cpu_best_practises.html])
  dgl_warning(
trial=07 epoch=028 loss=0.077157 val_AUPRC=0.916185 best=0.916185(28) patience=0/20 train=14.091s val=6.951s
/workspace/pmp_vast/envs/pmp-author/lib/python3.10/site-packages/dgl/dataloading/dataloader.py:1076: DGLWarning: Dataloader CPU affinity opt is not enabled, consider switching it on (see enable_cpu_affinity() or CPU best practices for DGL [https://docs.dgl.ai/tutorials/cpu/cpu_best_practises.html])
  dgl_warning(
/workspace/pmp_vast/envs/pmp-author/lib/python3.10/site-packages/dgl/dataloading/dataloader.py:1076: DGLWarning: Dataloader CPU affinity opt is not enabled, consider switching it on (see enable_cpu_affinity() or CPU best practices for DGL [https://docs.dgl.ai/tutorials/cpu/cpu_best_practises.html])
  dgl_warning(
trial=07 epoch=030 loss=0.081848 val_AUPRC=0.914045 best=0.916185(28) patience=2/20 train=17.312s val=7.442s
/workspace/pmp_vast/envs/pmp-author/lib/python3.10/site-packages/dgl/dataloading/dataloader.py:1076: DGLWarning: Dataloader CPU affinity opt is not enabled, consider switching it on (see enable_cpu_affinity() or CPU best practices for DGL [https://docs.dgl.ai/tutorials/cpu/cpu_best_practises.html])
  dgl_warning(
/workspace/pmp_vast/envs/pmp-author/lib/python3.10/site-packages/dgl/dataloading/dataloader.py:1076: DGLWarning: Dataloader CPU affinity opt is not enabled, consider switching it on (see enable_cpu_affinity() or CPU best practices for DGL [https://docs.dgl.ai/tutorials/cpu/cpu_best_practises.html])
  dgl_warning(
/workspace/pmp_vast/envs/pmp-author/lib/python3.10/site-packages/dgl/dataloading/dataloader.py:1076: DGLWarning: Dataloader CPU affinity opt is not enabled, consider switching it on (see enable_cpu_affinity() or CPU best practices for DGL [https://docs.dgl.ai/tutorials/cpu/cpu_best_practises.html])
  dgl_warning(
/workspace/pmp_vast/envs/pmp-author/lib/python3.10/site-packages/dgl/dataloading/dataloader.py:1076: DGLWarning: Dataloader CPU affinity opt is not enabled, consider switching it on (see enable_cpu_affinity() or CPU best practices for DGL [https://docs.dgl.ai/tutorials/cpu/cpu_best_practises.html])
  dgl_warning(
trial=07 epoch=034 loss=0.072271 val_AUPRC=0.916910 best=0.916910(34) patience=0/20 train=15.422s val=7.782s
/workspace/pmp_vast/envs/pmp-author/lib/python3.10/site-packages/dgl/dataloading/dataloader.py:1076: DGLWarning: Dataloader CPU affinity opt is not enabled, consider switching it on (see enable_cpu_affinity() or CPU best practices for DGL [https://docs.dgl.ai/tutorials/cpu/cpu_best_practises.html])
  dgl_warning(
/workspace/pmp_vast/envs/pmp-author/lib/python3.10/site-packages/dgl/dataloading/dataloader.py:1076: DGLWarning: Dataloader CPU affinity opt is not enabled, consider switching it on (see enable_cpu_affinity() or CPU best practices for DGL [https://docs.dgl.ai/tutorials/cpu/cpu_best_practises.html])
  dgl_warning(
/workspace/pmp_vast/envs/pmp-author/lib/python3.10/site-packages/dgl/dataloading/dataloader.py:1076: DGLWarning: Dataloader CPU affinity opt is not enabled, consider switching it on (see enable_cpu_affinity() or CPU best practices for DGL [https://docs.dgl.ai/tutorials/cpu/cpu_best_practises.html])
  dgl_warning(
/workspace/pmp_vast/envs/pmp-author/lib/python3.10/site-packages/dgl/dataloading/dataloader.py:1076: DGLWarning: Dataloader CPU affinity opt is not enabled, consider switching it on (see enable_cpu_affinity() or CPU best practices for DGL [https://docs.dgl.ai/tutorials/cpu/cpu_best_practises.html])
  dgl_warning(
trial=07 epoch=038 loss=0.073418 val_AUPRC=0.917857 best=0.917857(38) patience=0/20 train=13.566s val=7.467s
/workspace/pmp_vast/envs/pmp-author/lib/python3.10/site-packages/dgl/dataloading/dataloader.py:1076: DGLWarning: Dataloader CPU affinity opt is not enabled, consider switching it on (see enable_cpu_affinity() or CPU best practices for DGL [https://docs.dgl.ai/tutorials/cpu/cpu_best_practises.html])
  dgl_warning(
/workspace/pmp_vast/envs/pmp-author/lib/python3.10/site-packages/dgl/dataloading/dataloader.py:1076: DGLWarning: Dataloader CPU affinity opt is not enabled, consider switching it on (see enable_cpu_affinity() or CPU best practices for DGL [https://docs.dgl.ai/tutorials/cpu/cpu_best_practises.html])
  dgl_warning(
trial=07 epoch=040 loss=0.073634 val_AUPRC=0.912486 best=0.917857(38) patience=2/20 train=14.582s val=6.650s
/workspace/pmp_vast/envs/pmp-author/lib/python3.10/site-packages/dgl/dataloading/dataloader.py:1076: DGLWarning: Dataloader CPU affinity opt is not enabled, consider switching it on (see enable_cpu_affinity() or CPU best practices for DGL [https://docs.dgl.ai/tutorials/cpu/cpu_best_practises.html])
  dgl_warning(
/workspace/pmp_vast/envs/pmp-author/lib/python3.10/site-packages/dgl/dataloading/dataloader.py:1076: DGLWarning: Dataloader CPU affinity opt is not enabled, consider switching it on (see enable_cpu_affinity() or CPU best practices for DGL [https://docs.dgl.ai/tutorials/cpu/cpu_best_practises.html])
  dgl_warning(
/workspace/pmp_vast/envs/pmp-author/lib/python3.10/site-packages/dgl/dataloading/dataloader.py:1076: DGLWarning: Dataloader CPU affinity opt is not enabled, consider switching it on (see enable_cpu_affinity() or CPU best practices for DGL [https://docs.dgl.ai/tutorials/cpu/cpu_best_practises.html])
  dgl_warning(
/workspace/pmp_vast/envs/pmp-author/lib/python3.10/site-packages/dgl/dataloading/dataloader.py:1076: DGLWarning: Dataloader CPU affinity opt is not enabled, consider switching it on (see enable_cpu_affinity() or CPU best practices for DGL [https://docs.dgl.ai/tutorials/cpu/cpu_best_practises.html])
  dgl_warning(
/workspace/pmp_vast/envs/pmp-author/lib/python3.10/site-packages/dgl/dataloading/dataloader.py:1076: DGLWarning: Dataloader CPU affinity opt is not enabled, consider switching it on (see enable_cpu_affinity() or CPU best practices for DGL [https://docs.dgl.ai/tutorials/cpu/cpu_best_practises.html])
  dgl_warning(
/workspace/pmp_vast/envs/pmp-author/lib/python3.10/site-packages/dgl/dataloading/dataloader.py:1076: DGLWarning: Dataloader CPU affinity opt is not enabled, consider switching it on (see enable_cpu_affinity() or CPU best practices for DGL [https://docs.dgl.ai/tutorials/cpu/cpu_best_practises.html])
  dgl_warning(
/workspace/pmp_vast/envs/pmp-author/lib/python3.10/site-packages/dgl/dataloading/dataloader.py:1076: DGLWarning: Dataloader CPU affinity opt is not enabled, consider switching it on (see enable_cpu_affinity() or CPU best practices for DGL [https://docs.dgl.ai/tutorials/cpu/cpu_best_practises.html])
  dgl_warning(
/workspace/pmp_vast/envs/pmp-author/lib/python3.10/site-packages/dgl/dataloading/dataloader.py:1076: DGLWarning: Dataloader CPU affinity opt is not enabled, consider switching it on (see enable_cpu_affinity() or CPU best practices for DGL [https://docs.dgl.ai/tutorials/cpu/cpu_best_practises.html])
  dgl_warning(
/workspace/pmp_vast/envs/pmp-author/lib/python3.10/site-packages/dgl/dataloading/dataloader.py:1076: DGLWarning: Dataloader CPU affinity opt is not enabled, consider switching it on (see enable_cpu_affinity() or CPU best practices for DGL [https://docs.dgl.ai/tutorials/cpu/cpu_best_practises.html])
  dgl_warning(
/workspace/pmp_vast/envs/pmp-author/lib/python3.10/site-packages/dgl/dataloading/dataloader.py:1076: DGLWarning: Dataloader CPU affinity opt is not enabled, consider switching it on (see enable_cpu_affinity() or CPU best practices for DGL [https://docs.dgl.ai/tutorials/cpu/cpu_best_practises.html])
  dgl_warning(
trial=07 epoch=050 loss=0.062120 val_AUPRC=0.902167 best=0.917857(38) patience=12/20 train=16.140s val=5.343s
/workspace/pmp_vast/envs/pmp-author/lib/python3.10/site-packages/dgl/dataloading/dataloader.py:1076: DGLWarning: Dataloader CPU affinity opt is not enabled, consider switching it on (see enable_cpu_affinity() or CPU best practices for DGL [https://docs.dgl.ai/tutorials/cpu/cpu_best_practises.html])
  dgl_warning(
/workspace/pmp_vast/envs/pmp-author/lib/python3.10/site-packages/dgl/dataloading/dataloader.py:1076: DGLWarning: Dataloader CPU affinity opt is not enabled, consider switching it on (see enable_cpu_affinity() or CPU best practices for DGL [https://docs.dgl.ai/tutorials/cpu/cpu_best_practises.html])
  dgl_warning(
/workspace/pmp_vast/envs/pmp-author/lib/python3.10/site-packages/dgl/dataloading/dataloader.py:1076: DGLWarning: Dataloader CPU affinity opt is not enabled, consider switching it on (see enable_cpu_affinity() or CPU best practices for DGL [https://docs.dgl.ai/tutorials/cpu/cpu_best_practises.html])
  dgl_warning(
/workspace/pmp_vast/envs/pmp-author/lib/python3.10/site-packages/dgl/dataloading/dataloader.py:1076: DGLWarning: Dataloader CPU affinity opt is not enabled, consider switching it on (see enable_cpu_affinity() or CPU best practices for DGL [https://docs.dgl.ai/tutorials/cpu/cpu_best_practises.html])
  dgl_warning(
/workspace/pmp_vast/envs/pmp-author/lib/python3.10/site-packages/dgl/dataloading/dataloader.py:1076: DGLWarning: Dataloader CPU affinity opt is not enabled, consider switching it on (see enable_cpu_affinity() or CPU best practices for DGL [https://docs.dgl.ai/tutorials/cpu/cpu_best_practises.html])
  dgl_warning(
/workspace/pmp_vast/envs/pmp-author/lib/python3.10/site-packages/dgl/dataloading/dataloader.py:1076: DGLWarning: Dataloader CPU affinity opt is not enabled, consider switching it on (see enable_cpu_affinity() or CPU best practices for DGL [https://docs.dgl.ai/tutorials/cpu/cpu_best_practises.html])
  dgl_warning(
/workspace/pmp_vast/envs/pmp-author/lib/python3.10/site-packages/dgl/dataloading/dataloader.py:1076: DGLWarning: Dataloader CPU affinity opt is not enabled, consider switching it on (see enable_cpu_affinity() or CPU best practices for DGL [https://docs.dgl.ai/tutorials/cpu/cpu_best_practises.html])
  dgl_warning(
/workspace/pmp_vast/envs/pmp-author/lib/python3.10/site-packages/dgl/dataloading/dataloader.py:1076: DGLWarning: Dataloader CPU affinity opt is not enabled, consider switching it on (see enable_cpu_affinity() or CPU best practices for DGL [https://docs.dgl.ai/tutorials/cpu/cpu_best_practises.html])
  dgl_warning(
trial=07 epoch=058 loss=0.068630 val_AUPRC=0.900506 best=0.917857(38) patience=20/20 train=11.024s val=5.937s
TRIAL 07 DONE | lr=0.001 wd=0.0001 | epoch=38 | val AUPRC=0.917857
/workspace/pmp_vast/envs/pmp-author/lib/python3.10/site-packages/dgl/dataloading/dataloader.py:1076: DGLWarning: Dataloader CPU affinity opt is not enabled, consider switching it on (see enable_cpu_affinity() or CPU best practices for DGL [https://docs.dgl.ai/tutorials/cpu/cpu_best_practises.html])
  dgl_warning(
trial=08 epoch=001 loss=0.411931 val_AUPRC=0.732576 best=0.732576(1) patience=0/20 train=11.827s val=5.875s
/workspace/pmp_vast/envs/pmp-author/lib/python3.10/site-packages/dgl/dataloading/dataloader.py:1076: DGLWarning: Dataloader CPU affinity opt is not enabled, consider switching it on (see enable_cpu_affinity() or CPU best practices for DGL [https://docs.dgl.ai/tutorials/cpu/cpu_best_practises.html])
  dgl_warning(
trial=08 epoch=002 loss=0.216781 val_AUPRC=0.835354 best=0.835354(2) patience=0/20 train=11.116s val=5.664s
/workspace/pmp_vast/envs/pmp-author/lib/python3.10/site-packages/dgl/dataloading/dataloader.py:1076: DGLWarning: Dataloader CPU affinity opt is not enabled, consider switching it on (see enable_cpu_affinity() or CPU best practices for DGL [https://docs.dgl.ai/tutorials/cpu/cpu_best_practises.html])
  dgl_warning(
trial=08 epoch=003 loss=0.167770 val_AUPRC=0.861269 best=0.861269(3) patience=0/20 train=11.226s val=5.852s
/workspace/pmp_vast/envs/pmp-author/lib/python3.10/site-packages/dgl/dataloading/dataloader.py:1076: DGLWarning: Dataloader CPU affinity opt is not enabled, consider switching it on (see enable_cpu_affinity() or CPU best practices for DGL [https://docs.dgl.ai/tutorials/cpu/cpu_best_practises.html])
  dgl_warning(
trial=08 epoch=004 loss=0.146659 val_AUPRC=0.864642 best=0.864642(4) patience=0/20 train=10.573s val=6.095s
/workspace/pmp_vast/envs/pmp-author/lib/python3.10/site-packages/dgl/dataloading/dataloader.py:1076: DGLWarning: Dataloader CPU affinity opt is not enabled, consider switching it on (see enable_cpu_affinity() or CPU best practices for DGL [https://docs.dgl.ai/tutorials/cpu/cpu_best_practises.html])
  dgl_warning(
trial=08 epoch=005 loss=0.139730 val_AUPRC=0.867646 best=0.867646(5) patience=0/20 train=11.680s val=6.001s
/workspace/pmp_vast/envs/pmp-author/lib/python3.10/site-packages/dgl/dataloading/dataloader.py:1076: DGLWarning: Dataloader CPU affinity opt is not enabled, consider switching it on (see enable_cpu_affinity() or CPU best practices for DGL [https://docs.dgl.ai/tutorials/cpu/cpu_best_practises.html])
  dgl_warning(
/workspace/pmp_vast/envs/pmp-author/lib/python3.10/site-packages/dgl/dataloading/dataloader.py:1076: DGLWarning: Dataloader CPU affinity opt is not enabled, consider switching it on (see enable_cpu_affinity() or CPU best practices for DGL [https://docs.dgl.ai/tutorials/cpu/cpu_best_practises.html])
  dgl_warning(
trial=08 epoch=007 loss=0.126183 val_AUPRC=0.875312 best=0.875312(7) patience=0/20 train=13.032s val=6.384s
/workspace/pmp_vast/envs/pmp-author/lib/python3.10/site-packages/dgl/dataloading/dataloader.py:1076: DGLWarning: Dataloader CPU affinity opt is not enabled, consider switching it on (see enable_cpu_affinity() or CPU best practices for DGL [https://docs.dgl.ai/tutorials/cpu/cpu_best_practises.html])
  dgl_warning(
trial=08 epoch=008 loss=0.121023 val_AUPRC=0.877165 best=0.877165(8) patience=0/20 train=11.573s val=6.232s
/workspace/pmp_vast/envs/pmp-author/lib/python3.10/site-packages/dgl/dataloading/dataloader.py:1076: DGLWarning: Dataloader CPU affinity opt is not enabled, consider switching it on (see enable_cpu_affinity() or CPU best practices for DGL [https://docs.dgl.ai/tutorials/cpu/cpu_best_practises.html])
  dgl_warning(
/workspace/pmp_vast/envs/pmp-author/lib/python3.10/site-packages/dgl/dataloading/dataloader.py:1076: DGLWarning: Dataloader CPU affinity opt is not enabled, consider switching it on (see enable_cpu_affinity() or CPU best practices for DGL [https://docs.dgl.ai/tutorials/cpu/cpu_best_practises.html])
  dgl_warning(
trial=08 epoch=010 loss=0.117774 val_AUPRC=0.876507 best=0.877165(8) patience=2/20 train=12.078s val=5.324s
/workspace/pmp_vast/envs/pmp-author/lib/python3.10/site-packages/dgl/dataloading/dataloader.py:1076: DGLWarning: Dataloader CPU affinity opt is not enabled, consider switching it on (see enable_cpu_affinity() or CPU best practices for DGL [https://docs.dgl.ai/tutorials/cpu/cpu_best_practises.html])
  dgl_warning(
trial=08 epoch=011 loss=0.111110 val_AUPRC=0.887453 best=0.887453(11) patience=0/20 train=12.087s val=6.255s
/workspace/pmp_vast/envs/pmp-author/lib/python3.10/site-packages/dgl/dataloading/dataloader.py:1076: DGLWarning: Dataloader CPU affinity opt is not enabled, consider switching it on (see enable_cpu_affinity() or CPU best practices for DGL [https://docs.dgl.ai/tutorials/cpu/cpu_best_practises.html])
  dgl_warning(
trial=08 epoch=012 loss=0.118254 val_AUPRC=0.889599 best=0.889599(12) patience=0/20 train=12.321s val=5.837s
/workspace/pmp_vast/envs/pmp-author/lib/python3.10/site-packages/dgl/dataloading/dataloader.py:1076: DGLWarning: Dataloader CPU affinity opt is not enabled, consider switching it on (see enable_cpu_affinity() or CPU best practices for DGL [https://docs.dgl.ai/tutorials/cpu/cpu_best_practises.html])
  dgl_warning(
trial=08 epoch=013 loss=0.115568 val_AUPRC=0.891836 best=0.891836(13) patience=0/20 train=12.012s val=6.107s
/workspace/pmp_vast/envs/pmp-author/lib/python3.10/site-packages/dgl/dataloading/dataloader.py:1076: DGLWarning: Dataloader CPU affinity opt is not enabled, consider switching it on (see enable_cpu_affinity() or CPU best practices for DGL [https://docs.dgl.ai/tutorials/cpu/cpu_best_practises.html])
  dgl_warning(
/workspace/pmp_vast/envs/pmp-author/lib/python3.10/site-packages/dgl/dataloading/dataloader.py:1076: DGLWarning: Dataloader CPU affinity opt is not enabled, consider switching it on (see enable_cpu_affinity() or CPU best practices for DGL [https://docs.dgl.ai/tutorials/cpu/cpu_best_practises.html])
  dgl_warning(
/workspace/pmp_vast/envs/pmp-author/lib/python3.10/site-packages/dgl/dataloading/dataloader.py:1076: DGLWarning: Dataloader CPU affinity opt is not enabled, consider switching it on (see enable_cpu_affinity() or CPU best practices for DGL [https://docs.dgl.ai/tutorials/cpu/cpu_best_practises.html])
  dgl_warning(
/workspace/pmp_vast/envs/pmp-author/lib/python3.10/site-packages/dgl/dataloading/dataloader.py:1076: DGLWarning: Dataloader CPU affinity opt is not enabled, consider switching it on (see enable_cpu_affinity() or CPU best practices for DGL [https://docs.dgl.ai/tutorials/cpu/cpu_best_practises.html])
  dgl_warning(
trial=08 epoch=017 loss=0.100839 val_AUPRC=0.899823 best=0.899823(17) patience=0/20 train=11.796s val=5.714s
/workspace/pmp_vast/envs/pmp-author/lib/python3.10/site-packages/dgl/dataloading/dataloader.py:1076: DGLWarning: Dataloader CPU affinity opt is not enabled, consider switching it on (see enable_cpu_affinity() or CPU best practices for DGL [https://docs.dgl.ai/tutorials/cpu/cpu_best_practises.html])
  dgl_warning(
/workspace/pmp_vast/envs/pmp-author/lib/python3.10/site-packages/dgl/dataloading/dataloader.py:1076: DGLWarning: Dataloader CPU affinity opt is not enabled, consider switching it on (see enable_cpu_affinity() or CPU best practices for DGL [https://docs.dgl.ai/tutorials/cpu/cpu_best_practises.html])
  dgl_warning(
/workspace/pmp_vast/envs/pmp-author/lib/python3.10/site-packages/dgl/dataloading/dataloader.py:1076: DGLWarning: Dataloader CPU affinity opt is not enabled, consider switching it on (see enable_cpu_affinity() or CPU best practices for DGL [https://docs.dgl.ai/tutorials/cpu/cpu_best_practises.html])
  dgl_warning(
trial=08 epoch=020 loss=0.097241 val_AUPRC=0.902211 best=0.902211(20) patience=0/20 train=12.233s val=6.218s
/workspace/pmp_vast/envs/pmp-author/lib/python3.10/site-packages/dgl/dataloading/dataloader.py:1076: DGLWarning: Dataloader CPU affinity opt is not enabled, consider switching it on (see enable_cpu_affinity() or CPU best practices for DGL [https://docs.dgl.ai/tutorials/cpu/cpu_best_practises.html])
  dgl_warning(
/workspace/pmp_vast/envs/pmp-author/lib/python3.10/site-packages/dgl/dataloading/dataloader.py:1076: DGLWarning: Dataloader CPU affinity opt is not enabled, consider switching it on (see enable_cpu_affinity() or CPU best practices for DGL [https://docs.dgl.ai/tutorials/cpu/cpu_best_practises.html])
  dgl_warning(
trial=08 epoch=022 loss=0.094501 val_AUPRC=0.905434 best=0.905434(22) patience=0/20 train=11.765s val=6.267s
/workspace/pmp_vast/envs/pmp-author/lib/python3.10/site-packages/dgl/dataloading/dataloader.py:1076: DGLWarning: Dataloader CPU affinity opt is not enabled, consider switching it on (see enable_cpu_affinity() or CPU best practices for DGL [https://docs.dgl.ai/tutorials/cpu/cpu_best_practises.html])
  dgl_warning(
/workspace/pmp_vast/envs/pmp-author/lib/python3.10/site-packages/dgl/dataloading/dataloader.py:1076: DGLWarning: Dataloader CPU affinity opt is not enabled, consider switching it on (see enable_cpu_affinity() or CPU best practices for DGL [https://docs.dgl.ai/tutorials/cpu/cpu_best_practises.html])
  dgl_warning(
trial=08 epoch=024 loss=0.093981 val_AUPRC=0.908637 best=0.908637(24) patience=0/20 train=12.102s val=5.712s
/workspace/pmp_vast/envs/pmp-author/lib/python3.10/site-packages/dgl/dataloading/dataloader.py:1076: DGLWarning: Dataloader CPU affinity opt is not enabled, consider switching it on (see enable_cpu_affinity() or CPU best practices for DGL [https://docs.dgl.ai/tutorials/cpu/cpu_best_practises.html])
  dgl_warning(
/workspace/pmp_vast/envs/pmp-author/lib/python3.10/site-packages/dgl/dataloading/dataloader.py:1076: DGLWarning: Dataloader CPU affinity opt is not enabled, consider switching it on (see enable_cpu_affinity() or CPU best practices for DGL [https://docs.dgl.ai/tutorials/cpu/cpu_best_practises.html])
  dgl_warning(
/workspace/pmp_vast/envs/pmp-author/lib/python3.10/site-packages/dgl/dataloading/dataloader.py:1076: DGLWarning: Dataloader CPU affinity opt is not enabled, consider switching it on (see enable_cpu_affinity() or CPU best practices for DGL [https://docs.dgl.ai/tutorials/cpu/cpu_best_practises.html])
  dgl_warning(
/workspace/pmp_vast/envs/pmp-author/lib/python3.10/site-packages/dgl/dataloading/dataloader.py:1076: DGLWarning: Dataloader CPU affinity opt is not enabled, consider switching it on (see enable_cpu_affinity() or CPU best practices for DGL [https://docs.dgl.ai/tutorials/cpu/cpu_best_practises.html])
  dgl_warning(
/workspace/pmp_vast/envs/pmp-author/lib/python3.10/site-packages/dgl/dataloading/dataloader.py:1076: DGLWarning: Dataloader CPU affinity opt is not enabled, consider switching it on (see enable_cpu_affinity() or CPU best practices for DGL [https://docs.dgl.ai/tutorials/cpu/cpu_best_practises.html])
  dgl_warning(
/workspace/pmp_vast/envs/pmp-author/lib/python3.10/site-packages/dgl/dataloading/dataloader.py:1076: DGLWarning: Dataloader CPU affinity opt is not enabled, consider switching it on (see enable_cpu_affinity() or CPU best practices for DGL [https://docs.dgl.ai/tutorials/cpu/cpu_best_practises.html])
  dgl_warning(
trial=08 epoch=030 loss=0.090032 val_AUPRC=0.904739 best=0.908637(24) patience=6/20 train=11.718s val=6.218s
/workspace/pmp_vast/envs/pmp-author/lib/python3.10/site-packages/dgl/dataloading/dataloader.py:1076: DGLWarning: Dataloader CPU affinity opt is not enabled, consider switching it on (see enable_cpu_affinity() or CPU best practices for DGL [https://docs.dgl.ai/tutorials/cpu/cpu_best_practises.html])
  dgl_warning(
trial=08 epoch=031 loss=0.088437 val_AUPRC=0.911678 best=0.911678(31) patience=0/20 train=12.793s val=7.706s
/workspace/pmp_vast/envs/pmp-author/lib/python3.10/site-packages/dgl/dataloading/dataloader.py:1076: DGLWarning: Dataloader CPU affinity opt is not enabled, consider switching it on (see enable_cpu_affinity() or CPU best practices for DGL [https://docs.dgl.ai/tutorials/cpu/cpu_best_practises.html])
  dgl_warning(
/workspace/pmp_vast/envs/pmp-author/lib/python3.10/site-packages/dgl/dataloading/dataloader.py:1076: DGLWarning: Dataloader CPU affinity opt is not enabled, consider switching it on (see enable_cpu_affinity() or CPU best practices for DGL [https://docs.dgl.ai/tutorials/cpu/cpu_best_practises.html])
  dgl_warning(
/workspace/pmp_vast/envs/pmp-author/lib/python3.10/site-packages/dgl/dataloading/dataloader.py:1076: DGLWarning: Dataloader CPU affinity opt is not enabled, consider switching it on (see enable_cpu_affinity() or CPU best practices for DGL [https://docs.dgl.ai/tutorials/cpu/cpu_best_practises.html])
  dgl_warning(
/workspace/pmp_vast/envs/pmp-author/lib/python3.10/site-packages/dgl/dataloading/dataloader.py:1076: DGLWarning: Dataloader CPU affinity opt is not enabled, consider switching it on (see enable_cpu_affinity() or CPU best practices for DGL [https://docs.dgl.ai/tutorials/cpu/cpu_best_practises.html])
  dgl_warning(
/workspace/pmp_vast/envs/pmp-author/lib/python3.10/site-packages/dgl/dataloading/dataloader.py:1076: DGLWarning: Dataloader CPU affinity opt is not enabled, consider switching it on (see enable_cpu_affinity() or CPU best practices for DGL [https://docs.dgl.ai/tutorials/cpu/cpu_best_practises.html])
  dgl_warning(
/workspace/pmp_vast/envs/pmp-author/lib/python3.10/site-packages/dgl/dataloading/dataloader.py:1076: DGLWarning: Dataloader CPU affinity opt is not enabled, consider switching it on (see enable_cpu_affinity() or CPU best practices for DGL [https://docs.dgl.ai/tutorials/cpu/cpu_best_practises.html])
  dgl_warning(
/workspace/pmp_vast/envs/pmp-author/lib/python3.10/site-packages/dgl/dataloading/dataloader.py:1076: DGLWarning: Dataloader CPU affinity opt is not enabled, consider switching it on (see enable_cpu_affinity() or CPU best practices for DGL [https://docs.dgl.ai/tutorials/cpu/cpu_best_practises.html])
  dgl_warning(
/workspace/pmp_vast/envs/pmp-author/lib/python3.10/site-packages/dgl/dataloading/dataloader.py:1076: DGLWarning: Dataloader CPU affinity opt is not enabled, consider switching it on (see enable_cpu_affinity() or CPU best practices for DGL [https://docs.dgl.ai/tutorials/cpu/cpu_best_practises.html])
  dgl_warning(
/workspace/pmp_vast/envs/pmp-author/lib/python3.10/site-packages/dgl/dataloading/dataloader.py:1076: DGLWarning: Dataloader CPU affinity opt is not enabled, consider switching it on (see enable_cpu_affinity() or CPU best practices for DGL [https://docs.dgl.ai/tutorials/cpu/cpu_best_practises.html])
  dgl_warning(
trial=08 epoch=040 loss=0.082234 val_AUPRC=0.906567 best=0.911678(31) patience=9/20 train=13.945s val=6.830s
/workspace/pmp_vast/envs/pmp-author/lib/python3.10/site-packages/dgl/dataloading/dataloader.py:1076: DGLWarning: Dataloader CPU affinity opt is not enabled, consider switching it on (see enable_cpu_affinity() or CPU best practices for DGL [https://docs.dgl.ai/tutorials/cpu/cpu_best_practises.html])
  dgl_warning(
/workspace/pmp_vast/envs/pmp-author/lib/python3.10/site-packages/dgl/dataloading/dataloader.py:1076: DGLWarning: Dataloader CPU affinity opt is not enabled, consider switching it on (see enable_cpu_affinity() or CPU best practices for DGL [https://docs.dgl.ai/tutorials/cpu/cpu_best_practises.html])
  dgl_warning(
/workspace/pmp_vast/envs/pmp-author/lib/python3.10/site-packages/dgl/dataloading/dataloader.py:1076: DGLWarning: Dataloader CPU affinity opt is not enabled, consider switching it on (see enable_cpu_affinity() or CPU best practices for DGL [https://docs.dgl.ai/tutorials/cpu/cpu_best_practises.html])
  dgl_warning(
/workspace/pmp_vast/envs/pmp-author/lib/python3.10/site-packages/dgl/dataloading/dataloader.py:1076: DGLWarning: Dataloader CPU affinity opt is not enabled, consider switching it on (see enable_cpu_affinity() or CPU best practices for DGL [https://docs.dgl.ai/tutorials/cpu/cpu_best_practises.html])
  dgl_warning(
trial=08 epoch=044 loss=0.082302 val_AUPRC=0.914459 best=0.914459(44) patience=0/20 train=14.481s val=7.039s
/workspace/pmp_vast/envs/pmp-author/lib/python3.10/site-packages/dgl/dataloading/dataloader.py:1076: DGLWarning: Dataloader CPU affinity opt is not enabled, consider switching it on (see enable_cpu_affinity() or CPU best practices for DGL [https://docs.dgl.ai/tutorials/cpu/cpu_best_practises.html])
  dgl_warning(
/workspace/pmp_vast/envs/pmp-author/lib/python3.10/site-packages/dgl/dataloading/dataloader.py:1076: DGLWarning: Dataloader CPU affinity opt is not enabled, consider switching it on (see enable_cpu_affinity() or CPU best practices for DGL [https://docs.dgl.ai/tutorials/cpu/cpu_best_practises.html])
  dgl_warning(
/workspace/pmp_vast/envs/pmp-author/lib/python3.10/site-packages/dgl/dataloading/dataloader.py:1076: DGLWarning: Dataloader CPU affinity opt is not enabled, consider switching it on (see enable_cpu_affinity() or CPU best practices for DGL [https://docs.dgl.ai/tutorials/cpu/cpu_best_practises.html])
  dgl_warning(
/workspace/pmp_vast/envs/pmp-author/lib/python3.10/site-packages/dgl/dataloading/dataloader.py:1076: DGLWarning: Dataloader CPU affinity opt is not enabled, consider switching it on (see enable_cpu_affinity() or CPU best practices for DGL [https://docs.dgl.ai/tutorials/cpu/cpu_best_practises.html])
  dgl_warning(
/workspace/pmp_vast/envs/pmp-author/lib/python3.10/site-packages/dgl/dataloading/dataloader.py:1076: DGLWarning: Dataloader CPU affinity opt is not enabled, consider switching it on (see enable_cpu_affinity() or CPU best practices for DGL [https://docs.dgl.ai/tutorials/cpu/cpu_best_practises.html])
  dgl_warning(
/workspace/pmp_vast/envs/pmp-author/lib/python3.10/site-packages/dgl/dataloading/dataloader.py:1076: DGLWarning: Dataloader CPU affinity opt is not enabled, consider switching it on (see enable_cpu_affinity() or CPU best practices for DGL [https://docs.dgl.ai/tutorials/cpu/cpu_best_practises.html])
  dgl_warning(
trial=08 epoch=050 loss=0.083118 val_AUPRC=0.912909 best=0.914459(44) patience=6/20 train=14.054s val=7.104s
/workspace/pmp_vast/envs/pmp-author/lib/python3.10/site-packages/dgl/dataloading/dataloader.py:1076: DGLWarning: Dataloader CPU affinity opt is not enabled, consider switching it on (see enable_cpu_affinity() or CPU best practices for DGL [https://docs.dgl.ai/tutorials/cpu/cpu_best_practises.html])
  dgl_warning(
/workspace/pmp_vast/envs/pmp-author/lib/python3.10/site-packages/dgl/dataloading/dataloader.py:1076: DGLWarning: Dataloader CPU affinity opt is not enabled, consider switching it on (see enable_cpu_affinity() or CPU best practices for DGL [https://docs.dgl.ai/tutorials/cpu/cpu_best_practises.html])
  dgl_warning(
/workspace/pmp_vast/envs/pmp-author/lib/python3.10/site-packages/dgl/dataloading/dataloader.py:1076: DGLWarning: Dataloader CPU affinity opt is not enabled, consider switching it on (see enable_cpu_affinity() or CPU best practices for DGL [https://docs.dgl.ai/tutorials/cpu/cpu_best_practises.html])
  dgl_warning(
/workspace/pmp_vast/envs/pmp-author/lib/python3.10/site-packages/dgl/dataloading/dataloader.py:1076: DGLWarning: Dataloader CPU affinity opt is not enabled, consider switching it on (see enable_cpu_affinity() or CPU best practices for DGL [https://docs.dgl.ai/tutorials/cpu/cpu_best_practises.html])
  dgl_warning(
/workspace/pmp_vast/envs/pmp-author/lib/python3.10/site-packages/dgl/dataloading/dataloader.py:1076: DGLWarning: Dataloader CPU affinity opt is not enabled, consider switching it on (see enable_cpu_affinity() or CPU best practices for DGL [https://docs.dgl.ai/tutorials/cpu/cpu_best_practises.html])
  dgl_warning(
/workspace/pmp_vast/envs/pmp-author/lib/python3.10/site-packages/dgl/dataloading/dataloader.py:1076: DGLWarning: Dataloader CPU affinity opt is not enabled, consider switching it on (see enable_cpu_affinity() or CPU best practices for DGL [https://docs.dgl.ai/tutorials/cpu/cpu_best_practises.html])
  dgl_warning(
/workspace/pmp_vast/envs/pmp-author/lib/python3.10/site-packages/dgl/dataloading/dataloader.py:1076: DGLWarning: Dataloader CPU affinity opt is not enabled, consider switching it on (see enable_cpu_affinity() or CPU best practices for DGL [https://docs.dgl.ai/tutorials/cpu/cpu_best_practises.html])
  dgl_warning(
/workspace/pmp_vast/envs/pmp-author/lib/python3.10/site-packages/dgl/dataloading/dataloader.py:1076: DGLWarning: Dataloader CPU affinity opt is not enabled, consider switching it on (see enable_cpu_affinity() or CPU best practices for DGL [https://docs.dgl.ai/tutorials/cpu/cpu_best_practises.html])
  dgl_warning(
/workspace/pmp_vast/envs/pmp-author/lib/python3.10/site-packages/dgl/dataloading/dataloader.py:1076: DGLWarning: Dataloader CPU affinity opt is not enabled, consider switching it on (see enable_cpu_affinity() or CPU best practices for DGL [https://docs.dgl.ai/tutorials/cpu/cpu_best_practises.html])
  dgl_warning(
trial=08 epoch=059 loss=0.086124 val_AUPRC=0.915578 best=0.915578(59) patience=0/20 train=13.521s val=6.972s
/workspace/pmp_vast/envs/pmp-author/lib/python3.10/site-packages/dgl/dataloading/dataloader.py:1076: DGLWarning: Dataloader CPU affinity opt is not enabled, consider switching it on (see enable_cpu_affinity() or CPU best practices for DGL [https://docs.dgl.ai/tutorials/cpu/cpu_best_practises.html])
  dgl_warning(
trial=08 epoch=060 loss=0.081636 val_AUPRC=0.914229 best=0.915578(59) patience=1/20 train=14.294s val=7.289s
/workspace/pmp_vast/envs/pmp-author/lib/python3.10/site-packages/dgl/dataloading/dataloader.py:1076: DGLWarning: Dataloader CPU affinity opt is not enabled, consider switching it on (see enable_cpu_affinity() or CPU best practices for DGL [https://docs.dgl.ai/tutorials/cpu/cpu_best_practises.html])
  dgl_warning(
/workspace/pmp_vast/envs/pmp-author/lib/python3.10/site-packages/dgl/dataloading/dataloader.py:1076: DGLWarning: Dataloader CPU affinity opt is not enabled, consider switching it on (see enable_cpu_affinity() or CPU best practices for DGL [https://docs.dgl.ai/tutorials/cpu/cpu_best_practises.html])
  dgl_warning(
/workspace/pmp_vast/envs/pmp-author/lib/python3.10/site-packages/dgl/dataloading/dataloader.py:1076: DGLWarning: Dataloader CPU affinity opt is not enabled, consider switching it on (see enable_cpu_affinity() or CPU best practices for DGL [https://docs.dgl.ai/tutorials/cpu/cpu_best_practises.html])
  dgl_warning(
/workspace/pmp_vast/envs/pmp-author/lib/python3.10/site-packages/dgl/dataloading/dataloader.py:1076: DGLWarning: Dataloader CPU affinity opt is not enabled, consider switching it on (see enable_cpu_affinity() or CPU best practices for DGL [https://docs.dgl.ai/tutorials/cpu/cpu_best_practises.html])
  dgl_warning(
/workspace/pmp_vast/envs/pmp-author/lib/python3.10/site-packages/dgl/dataloading/dataloader.py:1076: DGLWarning: Dataloader CPU affinity opt is not enabled, consider switching it on (see enable_cpu_affinity() or CPU best practices for DGL [https://docs.dgl.ai/tutorials/cpu/cpu_best_practises.html])
  dgl_warning(
/workspace/pmp_vast/envs/pmp-author/lib/python3.10/site-packages/dgl/dataloading/dataloader.py:1076: DGLWarning: Dataloader CPU affinity opt is not enabled, consider switching it on (see enable_cpu_affinity() or CPU best practices for DGL [https://docs.dgl.ai/tutorials/cpu/cpu_best_practises.html])
  dgl_warning(
/workspace/pmp_vast/envs/pmp-author/lib/python3.10/site-packages/dgl/dataloading/dataloader.py:1076: DGLWarning: Dataloader CPU affinity opt is not enabled, consider switching it on (see enable_cpu_affinity() or CPU best practices for DGL [https://docs.dgl.ai/tutorials/cpu/cpu_best_practises.html])
  dgl_warning(
trial=08 epoch=067 loss=0.073810 val_AUPRC=0.915760 best=0.915760(67) patience=0/20 train=13.872s val=6.670s
/workspace/pmp_vast/envs/pmp-author/lib/python3.10/site-packages/dgl/dataloading/dataloader.py:1076: DGLWarning: Dataloader CPU affinity opt is not enabled, consider switching it on (see enable_cpu_affinity() or CPU best practices for DGL [https://docs.dgl.ai/tutorials/cpu/cpu_best_practises.html])
  dgl_warning(
trial=08 epoch=068 loss=0.080768 val_AUPRC=0.915853 best=0.915853(68) patience=0/20 train=13.538s val=6.180s
/workspace/pmp_vast/envs/pmp-author/lib/python3.10/site-packages/dgl/dataloading/dataloader.py:1076: DGLWarning: Dataloader CPU affinity opt is not enabled, consider switching it on (see enable_cpu_affinity() or CPU best practices for DGL [https://docs.dgl.ai/tutorials/cpu/cpu_best_practises.html])
  dgl_warning(
/workspace/pmp_vast/envs/pmp-author/lib/python3.10/site-packages/dgl/dataloading/dataloader.py:1076: DGLWarning: Dataloader CPU affinity opt is not enabled, consider switching it on (see enable_cpu_affinity() or CPU best practices for DGL [https://docs.dgl.ai/tutorials/cpu/cpu_best_practises.html])
  dgl_warning(
trial=08 epoch=070 loss=0.075696 val_AUPRC=0.906931 best=0.915853(68) patience=2/20 train=11.217s val=5.382s
/workspace/pmp_vast/envs/pmp-author/lib/python3.10/site-packages/dgl/dataloading/dataloader.py:1076: DGLWarning: Dataloader CPU affinity opt is not enabled, consider switching it on (see enable_cpu_affinity() or CPU best practices for DGL [https://docs.dgl.ai/tutorials/cpu/cpu_best_practises.html])
  dgl_warning(
/workspace/pmp_vast/envs/pmp-author/lib/python3.10/site-packages/dgl/dataloading/dataloader.py:1076: DGLWarning: Dataloader CPU affinity opt is not enabled, consider switching it on (see enable_cpu_affinity() or CPU best practices for DGL [https://docs.dgl.ai/tutorials/cpu/cpu_best_practises.html])
  dgl_warning(
/workspace/pmp_vast/envs/pmp-author/lib/python3.10/site-packages/dgl/dataloading/dataloader.py:1076: DGLWarning: Dataloader CPU affinity opt is not enabled, consider switching it on (see enable_cpu_affinity() or CPU best practices for DGL [https://docs.dgl.ai/tutorials/cpu/cpu_best_practises.html])
  dgl_warning(
/workspace/pmp_vast/envs/pmp-author/lib/python3.10/site-packages/dgl/dataloading/dataloader.py:1076: DGLWarning: Dataloader CPU affinity opt is not enabled, consider switching it on (see enable_cpu_affinity() or CPU best practices for DGL [https://docs.dgl.ai/tutorials/cpu/cpu_best_practises.html])
  dgl_warning(
/workspace/pmp_vast/envs/pmp-author/lib/python3.10/site-packages/dgl/dataloading/dataloader.py:1076: DGLWarning: Dataloader CPU affinity opt is not enabled, consider switching it on (see enable_cpu_affinity() or CPU best practices for DGL [https://docs.dgl.ai/tutorials/cpu/cpu_best_practises.html])
  dgl_warning(
/workspace/pmp_vast/envs/pmp-author/lib/python3.10/site-packages/dgl/dataloading/dataloader.py:1076: DGLWarning: Dataloader CPU affinity opt is not enabled, consider switching it on (see enable_cpu_affinity() or CPU best practices for DGL [https://docs.dgl.ai/tutorials/cpu/cpu_best_practises.html])
  dgl_warning(
/workspace/pmp_vast/envs/pmp-author/lib/python3.10/site-packages/dgl/dataloading/dataloader.py:1076: DGLWarning: Dataloader CPU affinity opt is not enabled, consider switching it on (see enable_cpu_affinity() or CPU best practices for DGL [https://docs.dgl.ai/tutorials/cpu/cpu_best_practises.html])
  dgl_warning(
trial=08 epoch=077 loss=0.071381 val_AUPRC=0.918528 best=0.918528(77) patience=0/20 train=11.614s val=5.904s
/workspace/pmp_vast/envs/pmp-author/lib/python3.10/site-packages/dgl/dataloading/dataloader.py:1076: DGLWarning: Dataloader CPU affinity opt is not enabled, consider switching it on (see enable_cpu_affinity() or CPU best practices for DGL [https://docs.dgl.ai/tutorials/cpu/cpu_best_practises.html])
  dgl_warning(
/workspace/pmp_vast/envs/pmp-author/lib/python3.10/site-packages/dgl/dataloading/dataloader.py:1076: DGLWarning: Dataloader CPU affinity opt is not enabled, consider switching it on (see enable_cpu_affinity() or CPU best practices for DGL [https://docs.dgl.ai/tutorials/cpu/cpu_best_practises.html])
  dgl_warning(
/workspace/pmp_vast/envs/pmp-author/lib/python3.10/site-packages/dgl/dataloading/dataloader.py:1076: DGLWarning: Dataloader CPU affinity opt is not enabled, consider switching it on (see enable_cpu_affinity() or CPU best practices for DGL [https://docs.dgl.ai/tutorials/cpu/cpu_best_practises.html])
  dgl_warning(
trial=08 epoch=080 loss=0.070398 val_AUPRC=0.915019 best=0.918528(77) patience=3/20 train=10.604s val=6.127s
/workspace/pmp_vast/envs/pmp-author/lib/python3.10/site-packages/dgl/dataloading/dataloader.py:1076: DGLWarning: Dataloader CPU affinity opt is not enabled, consider switching it on (see enable_cpu_affinity() or CPU best practices for DGL [https://docs.dgl.ai/tutorials/cpu/cpu_best_practises.html])
  dgl_warning(
/workspace/pmp_vast/envs/pmp-author/lib/python3.10/site-packages/dgl/dataloading/dataloader.py:1076: DGLWarning: Dataloader CPU affinity opt is not enabled, consider switching it on (see enable_cpu_affinity() or CPU best practices for DGL [https://docs.dgl.ai/tutorials/cpu/cpu_best_practises.html])
  dgl_warning(
/workspace/pmp_vast/envs/pmp-author/lib/python3.10/site-packages/dgl/dataloading/dataloader.py:1076: DGLWarning: Dataloader CPU affinity opt is not enabled, consider switching it on (see enable_cpu_affinity() or CPU best practices for DGL [https://docs.dgl.ai/tutorials/cpu/cpu_best_practises.html])
  dgl_warning(
/workspace/pmp_vast/envs/pmp-author/lib/python3.10/site-packages/dgl/dataloading/dataloader.py:1076: DGLWarning: Dataloader CPU affinity opt is not enabled, consider switching it on (see enable_cpu_affinity() or CPU best practices for DGL [https://docs.dgl.ai/tutorials/cpu/cpu_best_practises.html])
  dgl_warning(
/workspace/pmp_vast/envs/pmp-author/lib/python3.10/site-packages/dgl/dataloading/dataloader.py:1076: DGLWarning: Dataloader CPU affinity opt is not enabled, consider switching it on (see enable_cpu_affinity() or CPU best practices for DGL [https://docs.dgl.ai/tutorials/cpu/cpu_best_practises.html])
  dgl_warning(
/workspace/pmp_vast/envs/pmp-author/lib/python3.10/site-packages/dgl/dataloading/dataloader.py:1076: DGLWarning: Dataloader CPU affinity opt is not enabled, consider switching it on (see enable_cpu_affinity() or CPU best practices for DGL [https://docs.dgl.ai/tutorials/cpu/cpu_best_practises.html])
  dgl_warning(
/workspace/pmp_vast/envs/pmp-author/lib/python3.10/site-packages/dgl/dataloading/dataloader.py:1076: DGLWarning: Dataloader CPU affinity opt is not enabled, consider switching it on (see enable_cpu_affinity() or CPU best practices for DGL [https://docs.dgl.ai/tutorials/cpu/cpu_best_practises.html])
  dgl_warning(
/workspace/pmp_vast/envs/pmp-author/lib/python3.10/site-packages/dgl/dataloading/dataloader.py:1076: DGLWarning: Dataloader CPU affinity opt is not enabled, consider switching it on (see enable_cpu_affinity() or CPU best practices for DGL [https://docs.dgl.ai/tutorials/cpu/cpu_best_practises.html])
  dgl_warning(
/workspace/pmp_vast/envs/pmp-author/lib/python3.10/site-packages/dgl/dataloading/dataloader.py:1076: DGLWarning: Dataloader CPU affinity opt is not enabled, consider switching it on (see enable_cpu_affinity() or CPU best practices for DGL [https://docs.dgl.ai/tutorials/cpu/cpu_best_practises.html])
  dgl_warning(
/workspace/pmp_vast/envs/pmp-author/lib/python3.10/site-packages/dgl/dataloading/dataloader.py:1076: DGLWarning: Dataloader CPU affinity opt is not enabled, consider switching it on (see enable_cpu_affinity() or CPU best practices for DGL [https://docs.dgl.ai/tutorials/cpu/cpu_best_practises.html])
  dgl_warning(
trial=08 epoch=090 loss=0.069581 val_AUPRC=0.917842 best=0.918528(77) patience=13/20 train=11.886s val=5.902s
/workspace/pmp_vast/envs/pmp-author/lib/python3.10/site-packages/dgl/dataloading/dataloader.py:1076: DGLWarning: Dataloader CPU affinity opt is not enabled, consider switching it on (see enable_cpu_affinity() or CPU best practices for DGL [https://docs.dgl.ai/tutorials/cpu/cpu_best_practises.html])
  dgl_warning(
/workspace/pmp_vast/envs/pmp-author/lib/python3.10/site-packages/dgl/dataloading/dataloader.py:1076: DGLWarning: Dataloader CPU affinity opt is not enabled, consider switching it on (see enable_cpu_affinity() or CPU best practices for DGL [https://docs.dgl.ai/tutorials/cpu/cpu_best_practises.html])
  dgl_warning(
/workspace/pmp_vast/envs/pmp-author/lib/python3.10/site-packages/dgl/dataloading/dataloader.py:1076: DGLWarning: Dataloader CPU affinity opt is not enabled, consider switching it on (see enable_cpu_affinity() or CPU best practices for DGL [https://docs.dgl.ai/tutorials/cpu/cpu_best_practises.html])
  dgl_warning(
/workspace/pmp_vast/envs/pmp-author/lib/python3.10/site-packages/dgl/dataloading/dataloader.py:1076: DGLWarning: Dataloader CPU affinity opt is not enabled, consider switching it on (see enable_cpu_affinity() or CPU best practices for DGL [https://docs.dgl.ai/tutorials/cpu/cpu_best_practises.html])
  dgl_warning(
/workspace/pmp_vast/envs/pmp-author/lib/python3.10/site-packages/dgl/dataloading/dataloader.py:1076: DGLWarning: Dataloader CPU affinity opt is not enabled, consider switching it on (see enable_cpu_affinity() or CPU best practices for DGL [https://docs.dgl.ai/tutorials/cpu/cpu_best_practises.html])
  dgl_warning(
/workspace/pmp_vast/envs/pmp-author/lib/python3.10/site-packages/dgl/dataloading/dataloader.py:1076: DGLWarning: Dataloader CPU affinity opt is not enabled, consider switching it on (see enable_cpu_affinity() or CPU best practices for DGL [https://docs.dgl.ai/tutorials/cpu/cpu_best_practises.html])
  dgl_warning(
/workspace/pmp_vast/envs/pmp-author/lib/python3.10/site-packages/dgl/dataloading/dataloader.py:1076: DGLWarning: Dataloader CPU affinity opt is not enabled, consider switching it on (see enable_cpu_affinity() or CPU best practices for DGL [https://docs.dgl.ai/tutorials/cpu/cpu_best_practises.html])
  dgl_warning(
trial=08 epoch=097 loss=0.073492 val_AUPRC=0.919672 best=0.919672(97) patience=0/20 train=14.540s val=6.552s
/workspace/pmp_vast/envs/pmp-author/lib/python3.10/site-packages/dgl/dataloading/dataloader.py:1076: DGLWarning: Dataloader CPU affinity opt is not enabled, consider switching it on (see enable_cpu_affinity() or CPU best practices for DGL [https://docs.dgl.ai/tutorials/cpu/cpu_best_practises.html])
  dgl_warning(
/workspace/pmp_vast/envs/pmp-author/lib/python3.10/site-packages/dgl/dataloading/dataloader.py:1076: DGLWarning: Dataloader CPU affinity opt is not enabled, consider switching it on (see enable_cpu_affinity() or CPU best practices for DGL [https://docs.dgl.ai/tutorials/cpu/cpu_best_practises.html])
  dgl_warning(
/workspace/pmp_vast/envs/pmp-author/lib/python3.10/site-packages/dgl/dataloading/dataloader.py:1076: DGLWarning: Dataloader CPU affinity opt is not enabled, consider switching it on (see enable_cpu_affinity() or CPU best practices for DGL [https://docs.dgl.ai/tutorials/cpu/cpu_best_practises.html])
  dgl_warning(
trial=08 epoch=100 loss=0.067971 val_AUPRC=0.915000 best=0.919672(97) patience=3/20 train=12.312s val=6.064s
TRIAL 08 DONE | lr=0.001 wd=0.001 | epoch=97 | val AUPRC=0.919672
/workspace/pmp_vast/envs/pmp-author/lib/python3.10/site-packages/dgl/dataloading/dataloader.py:1076: DGLWarning: Dataloader CPU affinity opt is not enabled, consider switching it on (see enable_cpu_affinity() or CPU best practices for DGL [https://docs.dgl.ai/tutorials/cpu/cpu_best_practises.html])
  dgl_warning(
trial=09 epoch=001 loss=0.309381 val_AUPRC=0.565783 best=0.565783(1) patience=0/20 train=12.293s val=6.390s
/workspace/pmp_vast/envs/pmp-author/lib/python3.10/site-packages/dgl/dataloading/dataloader.py:1076: DGLWarning: Dataloader CPU affinity opt is not enabled, consider switching it on (see enable_cpu_affinity() or CPU best practices for DGL [https://docs.dgl.ai/tutorials/cpu/cpu_best_practises.html])
  dgl_warning(
trial=09 epoch=002 loss=0.268511 val_AUPRC=0.708345 best=0.708345(2) patience=0/20 train=11.922s val=5.839s
/workspace/pmp_vast/envs/pmp-author/lib/python3.10/site-packages/dgl/dataloading/dataloader.py:1076: DGLWarning: Dataloader CPU affinity opt is not enabled, consider switching it on (see enable_cpu_affinity() or CPU best practices for DGL [https://docs.dgl.ai/tutorials/cpu/cpu_best_practises.html])
  dgl_warning(
trial=09 epoch=003 loss=0.258551 val_AUPRC=0.748682 best=0.748682(3) patience=0/20 train=12.160s val=5.695s
/workspace/pmp_vast/envs/pmp-author/lib/python3.10/site-packages/dgl/dataloading/dataloader.py:1076: DGLWarning: Dataloader CPU affinity opt is not enabled, consider switching it on (see enable_cpu_affinity() or CPU best practices for DGL [https://docs.dgl.ai/tutorials/cpu/cpu_best_practises.html])
  dgl_warning(
trial=09 epoch=004 loss=0.243558 val_AUPRC=0.788228 best=0.788228(4) patience=0/20 train=11.326s val=5.866s
/workspace/pmp_vast/envs/pmp-author/lib/python3.10/site-packages/dgl/dataloading/dataloader.py:1076: DGLWarning: Dataloader CPU affinity opt is not enabled, consider switching it on (see enable_cpu_affinity() or CPU best practices for DGL [https://docs.dgl.ai/tutorials/cpu/cpu_best_practises.html])
  dgl_warning(
trial=09 epoch=005 loss=0.227545 val_AUPRC=0.807644 best=0.807644(5) patience=0/20 train=11.239s val=5.758s
/workspace/pmp_vast/envs/pmp-author/lib/python3.10/site-packages/dgl/dataloading/dataloader.py:1076: DGLWarning: Dataloader CPU affinity opt is not enabled, consider switching it on (see enable_cpu_affinity() or CPU best practices for DGL [https://docs.dgl.ai/tutorials/cpu/cpu_best_practises.html])
  dgl_warning(
trial=09 epoch=006 loss=0.215155 val_AUPRC=0.815767 best=0.815767(6) patience=0/20 train=11.697s val=6.581s
/workspace/pmp_vast/envs/pmp-author/lib/python3.10/site-packages/dgl/dataloading/dataloader.py:1076: DGLWarning: Dataloader CPU affinity opt is not enabled, consider switching it on (see enable_cpu_affinity() or CPU best practices for DGL [https://docs.dgl.ai/tutorials/cpu/cpu_best_practises.html])
  dgl_warning(
trial=09 epoch=007 loss=0.201296 val_AUPRC=0.823131 best=0.823131(7) patience=0/20 train=12.050s val=5.953s
/workspace/pmp_vast/envs/pmp-author/lib/python3.10/site-packages/dgl/dataloading/dataloader.py:1076: DGLWarning: Dataloader CPU affinity opt is not enabled, consider switching it on (see enable_cpu_affinity() or CPU best practices for DGL [https://docs.dgl.ai/tutorials/cpu/cpu_best_practises.html])
  dgl_warning(
trial=09 epoch=008 loss=0.188299 val_AUPRC=0.832181 best=0.832181(8) patience=0/20 train=11.047s val=6.921s
/workspace/pmp_vast/envs/pmp-author/lib/python3.10/site-packages/dgl/dataloading/dataloader.py:1076: DGLWarning: Dataloader CPU affinity opt is not enabled, consider switching it on (see enable_cpu_affinity() or CPU best practices for DGL [https://docs.dgl.ai/tutorials/cpu/cpu_best_practises.html])
  dgl_warning(
trial=09 epoch=009 loss=0.183292 val_AUPRC=0.840470 best=0.840470(9) patience=0/20 train=12.452s val=7.408s
/workspace/pmp_vast/envs/pmp-author/lib/python3.10/site-packages/dgl/dataloading/dataloader.py:1076: DGLWarning: Dataloader CPU affinity opt is not enabled, consider switching it on (see enable_cpu_affinity() or CPU best practices for DGL [https://docs.dgl.ai/tutorials/cpu/cpu_best_practises.html])
  dgl_warning(
trial=09 epoch=010 loss=0.170631 val_AUPRC=0.837983 best=0.840470(9) patience=1/20 train=15.766s val=8.050s
/workspace/pmp_vast/envs/pmp-author/lib/python3.10/site-packages/dgl/dataloading/dataloader.py:1076: DGLWarning: Dataloader CPU affinity opt is not enabled, consider switching it on (see enable_cpu_affinity() or CPU best practices for DGL [https://docs.dgl.ai/tutorials/cpu/cpu_best_practises.html])
  dgl_warning(
trial=09 epoch=011 loss=0.168639 val_AUPRC=0.848590 best=0.848590(11) patience=0/20 train=13.130s val=7.068s
/workspace/pmp_vast/envs/pmp-author/lib/python3.10/site-packages/dgl/dataloading/dataloader.py:1076: DGLWarning: Dataloader CPU affinity opt is not enabled, consider switching it on (see enable_cpu_affinity() or CPU best practices for DGL [https://docs.dgl.ai/tutorials/cpu/cpu_best_practises.html])
  dgl_warning(
trial=09 epoch=012 loss=0.155656 val_AUPRC=0.852633 best=0.852633(12) patience=0/20 train=13.913s val=6.991s
/workspace/pmp_vast/envs/pmp-author/lib/python3.10/site-packages/dgl/dataloading/dataloader.py:1076: DGLWarning: Dataloader CPU affinity opt is not enabled, consider switching it on (see enable_cpu_affinity() or CPU best practices for DGL [https://docs.dgl.ai/tutorials/cpu/cpu_best_practises.html])
  dgl_warning(
trial=09 epoch=013 loss=0.149187 val_AUPRC=0.863498 best=0.863498(13) patience=0/20 train=15.059s val=7.347s
/workspace/pmp_vast/envs/pmp-author/lib/python3.10/site-packages/dgl/dataloading/dataloader.py:1076: DGLWarning: Dataloader CPU affinity opt is not enabled, consider switching it on (see enable_cpu_affinity() or CPU best practices for DGL [https://docs.dgl.ai/tutorials/cpu/cpu_best_practises.html])
  dgl_warning(
trial=09 epoch=014 loss=0.145656 val_AUPRC=0.868224 best=0.868224(14) patience=0/20 train=14.045s val=7.046s
/workspace/pmp_vast/envs/pmp-author/lib/python3.10/site-packages/dgl/dataloading/dataloader.py:1076: DGLWarning: Dataloader CPU affinity opt is not enabled, consider switching it on (see enable_cpu_affinity() or CPU best practices for DGL [https://docs.dgl.ai/tutorials/cpu/cpu_best_practises.html])
  dgl_warning(
/workspace/pmp_vast/envs/pmp-author/lib/python3.10/site-packages/dgl/dataloading/dataloader.py:1076: DGLWarning: Dataloader CPU affinity opt is not enabled, consider switching it on (see enable_cpu_affinity() or CPU best practices for DGL [https://docs.dgl.ai/tutorials/cpu/cpu_best_practises.html])
  dgl_warning(
/workspace/pmp_vast/envs/pmp-author/lib/python3.10/site-packages/dgl/dataloading/dataloader.py:1076: DGLWarning: Dataloader CPU affinity opt is not enabled, consider switching it on (see enable_cpu_affinity() or CPU best practices for DGL [https://docs.dgl.ai/tutorials/cpu/cpu_best_practises.html])
  dgl_warning(
trial=09 epoch=017 loss=0.139093 val_AUPRC=0.873436 best=0.873436(17) patience=0/20 train=14.394s val=7.506s
/workspace/pmp_vast/envs/pmp-author/lib/python3.10/site-packages/dgl/dataloading/dataloader.py:1076: DGLWarning: Dataloader CPU affinity opt is not enabled, consider switching it on (see enable_cpu_affinity() or CPU best practices for DGL [https://docs.dgl.ai/tutorials/cpu/cpu_best_practises.html])
  dgl_warning(
trial=09 epoch=018 loss=0.136260 val_AUPRC=0.874265 best=0.874265(18) patience=0/20 train=13.911s val=7.158s
/workspace/pmp_vast/envs/pmp-author/lib/python3.10/site-packages/dgl/dataloading/dataloader.py:1076: DGLWarning: Dataloader CPU affinity opt is not enabled, consider switching it on (see enable_cpu_affinity() or CPU best practices for DGL [https://docs.dgl.ai/tutorials/cpu/cpu_best_practises.html])
  dgl_warning(
/workspace/pmp_vast/envs/pmp-author/lib/python3.10/site-packages/dgl/dataloading/dataloader.py:1076: DGLWarning: Dataloader CPU affinity opt is not enabled, consider switching it on (see enable_cpu_affinity() or CPU best practices for DGL [https://docs.dgl.ai/tutorials/cpu/cpu_best_practises.html])
  dgl_warning(
trial=09 epoch=020 loss=0.129327 val_AUPRC=0.876106 best=0.876106(20) patience=0/20 train=13.513s val=6.725s
/workspace/pmp_vast/envs/pmp-author/lib/python3.10/site-packages/dgl/dataloading/dataloader.py:1076: DGLWarning: Dataloader CPU affinity opt is not enabled, consider switching it on (see enable_cpu_affinity() or CPU best practices for DGL [https://docs.dgl.ai/tutorials/cpu/cpu_best_practises.html])
  dgl_warning(
trial=09 epoch=021 loss=0.129510 val_AUPRC=0.879423 best=0.879423(21) patience=0/20 train=13.640s val=6.471s
/workspace/pmp_vast/envs/pmp-author/lib/python3.10/site-packages/dgl/dataloading/dataloader.py:1076: DGLWarning: Dataloader CPU affinity opt is not enabled, consider switching it on (see enable_cpu_affinity() or CPU best practices for DGL [https://docs.dgl.ai/tutorials/cpu/cpu_best_practises.html])
  dgl_warning(
/workspace/pmp_vast/envs/pmp-author/lib/python3.10/site-packages/dgl/dataloading/dataloader.py:1076: DGLWarning: Dataloader CPU affinity opt is not enabled, consider switching it on (see enable_cpu_affinity() or CPU best practices for DGL [https://docs.dgl.ai/tutorials/cpu/cpu_best_practises.html])
  dgl_warning(
/workspace/pmp_vast/envs/pmp-author/lib/python3.10/site-packages/dgl/dataloading/dataloader.py:1076: DGLWarning: Dataloader CPU affinity opt is not enabled, consider switching it on (see enable_cpu_affinity() or CPU best practices for DGL [https://docs.dgl.ai/tutorials/cpu/cpu_best_practises.html])
  dgl_warning(
trial=09 epoch=024 loss=0.121557 val_AUPRC=0.883875 best=0.883875(24) patience=0/20 train=13.096s val=6.920s
/workspace/pmp_vast/envs/pmp-author/lib/python3.10/site-packages/dgl/dataloading/dataloader.py:1076: DGLWarning: Dataloader CPU affinity opt is not enabled, consider switching it on (see enable_cpu_affinity() or CPU best practices for DGL [https://docs.dgl.ai/tutorials/cpu/cpu_best_practises.html])
  dgl_warning(
/workspace/pmp_vast/envs/pmp-author/lib/python3.10/site-packages/dgl/dataloading/dataloader.py:1076: DGLWarning: Dataloader CPU affinity opt is not enabled, consider switching it on (see enable_cpu_affinity() or CPU best practices for DGL [https://docs.dgl.ai/tutorials/cpu/cpu_best_practises.html])
  dgl_warning(
/workspace/pmp_vast/envs/pmp-author/lib/python3.10/site-packages/dgl/dataloading/dataloader.py:1076: DGLWarning: Dataloader CPU affinity opt is not enabled, consider switching it on (see enable_cpu_affinity() or CPU best practices for DGL [https://docs.dgl.ai/tutorials/cpu/cpu_best_practises.html])
  dgl_warning(
/workspace/pmp_vast/envs/pmp-author/lib/python3.10/site-packages/dgl/dataloading/dataloader.py:1076: DGLWarning: Dataloader CPU affinity opt is not enabled, consider switching it on (see enable_cpu_affinity() or CPU best practices for DGL [https://docs.dgl.ai/tutorials/cpu/cpu_best_practises.html])
  dgl_warning(
/workspace/pmp_vast/envs/pmp-author/lib/python3.10/site-packages/dgl/dataloading/dataloader.py:1076: DGLWarning: Dataloader CPU affinity opt is not enabled, consider switching it on (see enable_cpu_affinity() or CPU best practices for DGL [https://docs.dgl.ai/tutorials/cpu/cpu_best_practises.html])
  dgl_warning(
trial=09 epoch=029 loss=0.115772 val_AUPRC=0.885786 best=0.885786(29) patience=0/20 train=13.943s val=6.810s
/workspace/pmp_vast/envs/pmp-author/lib/python3.10/site-packages/dgl/dataloading/dataloader.py:1076: DGLWarning: Dataloader CPU affinity opt is not enabled, consider switching it on (see enable_cpu_affinity() or CPU best practices for DGL [https://docs.dgl.ai/tutorials/cpu/cpu_best_practises.html])
  dgl_warning(
trial=09 epoch=030 loss=0.116437 val_AUPRC=0.881894 best=0.885786(29) patience=1/20 train=14.471s val=7.290s
/workspace/pmp_vast/envs/pmp-author/lib/python3.10/site-packages/dgl/dataloading/dataloader.py:1076: DGLWarning: Dataloader CPU affinity opt is not enabled, consider switching it on (see enable_cpu_affinity() or CPU best practices for DGL [https://docs.dgl.ai/tutorials/cpu/cpu_best_practises.html])
  dgl_warning(
/workspace/pmp_vast/envs/pmp-author/lib/python3.10/site-packages/dgl/dataloading/dataloader.py:1076: DGLWarning: Dataloader CPU affinity opt is not enabled, consider switching it on (see enable_cpu_affinity() or CPU best practices for DGL [https://docs.dgl.ai/tutorials/cpu/cpu_best_practises.html])
  dgl_warning(
/workspace/pmp_vast/envs/pmp-author/lib/python3.10/site-packages/dgl/dataloading/dataloader.py:1076: DGLWarning: Dataloader CPU affinity opt is not enabled, consider switching it on (see enable_cpu_affinity() or CPU best practices for DGL [https://docs.dgl.ai/tutorials/cpu/cpu_best_practises.html])
  dgl_warning(
trial=09 epoch=033 loss=0.115016 val_AUPRC=0.885948 best=0.885948(33) patience=0/20 train=14.097s val=6.792s
/workspace/pmp_vast/envs/pmp-author/lib/python3.10/site-packages/dgl/dataloading/dataloader.py:1076: DGLWarning: Dataloader CPU affinity opt is not enabled, consider switching it on (see enable_cpu_affinity() or CPU best practices for DGL [https://docs.dgl.ai/tutorials/cpu/cpu_best_practises.html])
  dgl_warning(
trial=09 epoch=034 loss=0.115247 val_AUPRC=0.887561 best=0.887561(34) patience=0/20 train=13.689s val=7.356s
/workspace/pmp_vast/envs/pmp-author/lib/python3.10/site-packages/dgl/dataloading/dataloader.py:1076: DGLWarning: Dataloader CPU affinity opt is not enabled, consider switching it on (see enable_cpu_affinity() or CPU best practices for DGL [https://docs.dgl.ai/tutorials/cpu/cpu_best_practises.html])
  dgl_warning(
/workspace/pmp_vast/envs/pmp-author/lib/python3.10/site-packages/dgl/dataloading/dataloader.py:1076: DGLWarning: Dataloader CPU affinity opt is not enabled, consider switching it on (see enable_cpu_affinity() or CPU best practices for DGL [https://docs.dgl.ai/tutorials/cpu/cpu_best_practises.html])
  dgl_warning(
trial=09 epoch=036 loss=0.112767 val_AUPRC=0.887889 best=0.887889(36) patience=0/20 train=13.308s val=7.220s
/workspace/pmp_vast/envs/pmp-author/lib/python3.10/site-packages/dgl/dataloading/dataloader.py:1076: DGLWarning: Dataloader CPU affinity opt is not enabled, consider switching it on (see enable_cpu_affinity() or CPU best practices for DGL [https://docs.dgl.ai/tutorials/cpu/cpu_best_practises.html])
  dgl_warning(
/workspace/pmp_vast/envs/pmp-author/lib/python3.10/site-packages/dgl/dataloading/dataloader.py:1076: DGLWarning: Dataloader CPU affinity opt is not enabled, consider switching it on (see enable_cpu_affinity() or CPU best practices for DGL [https://docs.dgl.ai/tutorials/cpu/cpu_best_practises.html])
  dgl_warning(
/workspace/pmp_vast/envs/pmp-author/lib/python3.10/site-packages/dgl/dataloading/dataloader.py:1076: DGLWarning: Dataloader CPU affinity opt is not enabled, consider switching it on (see enable_cpu_affinity() or CPU best practices for DGL [https://docs.dgl.ai/tutorials/cpu/cpu_best_practises.html])
  dgl_warning(
/workspace/pmp_vast/envs/pmp-author/lib/python3.10/site-packages/dgl/dataloading/dataloader.py:1076: DGLWarning: Dataloader CPU affinity opt is not enabled, consider switching it on (see enable_cpu_affinity() or CPU best practices for DGL [https://docs.dgl.ai/tutorials/cpu/cpu_best_practises.html])
  dgl_warning(
trial=09 epoch=040 loss=0.109787 val_AUPRC=0.887961 best=0.887961(40) patience=0/20 train=14.909s val=7.253s
/workspace/pmp_vast/envs/pmp-author/lib/python3.10/site-packages/dgl/dataloading/dataloader.py:1076: DGLWarning: Dataloader CPU affinity opt is not enabled, consider switching it on (see enable_cpu_affinity() or CPU best practices for DGL [https://docs.dgl.ai/tutorials/cpu/cpu_best_practises.html])
  dgl_warning(
/workspace/pmp_vast/envs/pmp-author/lib/python3.10/site-packages/dgl/dataloading/dataloader.py:1076: DGLWarning: Dataloader CPU affinity opt is not enabled, consider switching it on (see enable_cpu_affinity() or CPU best practices for DGL [https://docs.dgl.ai/tutorials/cpu/cpu_best_practises.html])
  dgl_warning(
/workspace/pmp_vast/envs/pmp-author/lib/python3.10/site-packages/dgl/dataloading/dataloader.py:1076: DGLWarning: Dataloader CPU affinity opt is not enabled, consider switching it on (see enable_cpu_affinity() or CPU best practices for DGL [https://docs.dgl.ai/tutorials/cpu/cpu_best_practises.html])
  dgl_warning(
/workspace/pmp_vast/envs/pmp-author/lib/python3.10/site-packages/dgl/dataloading/dataloader.py:1076: DGLWarning: Dataloader CPU affinity opt is not enabled, consider switching it on (see enable_cpu_affinity() or CPU best practices for DGL [https://docs.dgl.ai/tutorials/cpu/cpu_best_practises.html])
  dgl_warning(
/workspace/pmp_vast/envs/pmp-author/lib/python3.10/site-packages/dgl/dataloading/dataloader.py:1076: DGLWarning: Dataloader CPU affinity opt is not enabled, consider switching it on (see enable_cpu_affinity() or CPU best practices for DGL [https://docs.dgl.ai/tutorials/cpu/cpu_best_practises.html])
  dgl_warning(
/workspace/pmp_vast/envs/pmp-author/lib/python3.10/site-packages/dgl/dataloading/dataloader.py:1076: DGLWarning: Dataloader CPU affinity opt is not enabled, consider switching it on (see enable_cpu_affinity() or CPU best practices for DGL [https://docs.dgl.ai/tutorials/cpu/cpu_best_practises.html])
  dgl_warning(
/workspace/pmp_vast/envs/pmp-author/lib/python3.10/site-packages/dgl/dataloading/dataloader.py:1076: DGLWarning: Dataloader CPU affinity opt is not enabled, consider switching it on (see enable_cpu_affinity() or CPU best practices for DGL [https://docs.dgl.ai/tutorials/cpu/cpu_best_practises.html])
  dgl_warning(
/workspace/pmp_vast/envs/pmp-author/lib/python3.10/site-packages/dgl/dataloading/dataloader.py:1076: DGLWarning: Dataloader CPU affinity opt is not enabled, consider switching it on (see enable_cpu_affinity() or CPU best practices for DGL [https://docs.dgl.ai/tutorials/cpu/cpu_best_practises.html])
  dgl_warning(
/workspace/pmp_vast/envs/pmp-author/lib/python3.10/site-packages/dgl/dataloading/dataloader.py:1076: DGLWarning: Dataloader CPU affinity opt is not enabled, consider switching it on (see enable_cpu_affinity() or CPU best practices for DGL [https://docs.dgl.ai/tutorials/cpu/cpu_best_practises.html])
  dgl_warning(
trial=09 epoch=049 loss=0.102773 val_AUPRC=0.894944 best=0.894944(49) patience=0/20 train=11.633s val=7.176s
/workspace/pmp_vast/envs/pmp-author/lib/python3.10/site-packages/dgl/dataloading/dataloader.py:1076: DGLWarning: Dataloader CPU affinity opt is not enabled, consider switching it on (see enable_cpu_affinity() or CPU best practices for DGL [https://docs.dgl.ai/tutorials/cpu/cpu_best_practises.html])
  dgl_warning(
trial=09 epoch=050 loss=0.101322 val_AUPRC=0.892028 best=0.894944(49) patience=1/20 train=11.974s val=5.960s
/workspace/pmp_vast/envs/pmp-author/lib/python3.10/site-packages/dgl/dataloading/dataloader.py:1076: DGLWarning: Dataloader CPU affinity opt is not enabled, consider switching it on (see enable_cpu_affinity() or CPU best practices for DGL [https://docs.dgl.ai/tutorials/cpu/cpu_best_practises.html])
  dgl_warning(
/workspace/pmp_vast/envs/pmp-author/lib/python3.10/site-packages/dgl/dataloading/dataloader.py:1076: DGLWarning: Dataloader CPU affinity opt is not enabled, consider switching it on (see enable_cpu_affinity() or CPU best practices for DGL [https://docs.dgl.ai/tutorials/cpu/cpu_best_practises.html])
  dgl_warning(
/workspace/pmp_vast/envs/pmp-author/lib/python3.10/site-packages/dgl/dataloading/dataloader.py:1076: DGLWarning: Dataloader CPU affinity opt is not enabled, consider switching it on (see enable_cpu_affinity() or CPU best practices for DGL [https://docs.dgl.ai/tutorials/cpu/cpu_best_practises.html])
  dgl_warning(
/workspace/pmp_vast/envs/pmp-author/lib/python3.10/site-packages/dgl/dataloading/dataloader.py:1076: DGLWarning: Dataloader CPU affinity opt is not enabled, consider switching it on (see enable_cpu_affinity() or CPU best practices for DGL [https://docs.dgl.ai/tutorials/cpu/cpu_best_practises.html])
  dgl_warning(
/workspace/pmp_vast/envs/pmp-author/lib/python3.10/site-packages/dgl/dataloading/dataloader.py:1076: DGLWarning: Dataloader CPU affinity opt is not enabled, consider switching it on (see enable_cpu_affinity() or CPU best practices for DGL [https://docs.dgl.ai/tutorials/cpu/cpu_best_practises.html])
  dgl_warning(
/workspace/pmp_vast/envs/pmp-author/lib/python3.10/site-packages/dgl/dataloading/dataloader.py:1076: DGLWarning: Dataloader CPU affinity opt is not enabled, consider switching it on (see enable_cpu_affinity() or CPU best practices for DGL [https://docs.dgl.ai/tutorials/cpu/cpu_best_practises.html])
  dgl_warning(
/workspace/pmp_vast/envs/pmp-author/lib/python3.10/site-packages/dgl/dataloading/dataloader.py:1076: DGLWarning: Dataloader CPU affinity opt is not enabled, consider switching it on (see enable_cpu_affinity() or CPU best practices for DGL [https://docs.dgl.ai/tutorials/cpu/cpu_best_practises.html])
  dgl_warning(
/workspace/pmp_vast/envs/pmp-author/lib/python3.10/site-packages/dgl/dataloading/dataloader.py:1076: DGLWarning: Dataloader CPU affinity opt is not enabled, consider switching it on (see enable_cpu_affinity() or CPU best practices for DGL [https://docs.dgl.ai/tutorials/cpu/cpu_best_practises.html])
  dgl_warning(
/workspace/pmp_vast/envs/pmp-author/lib/python3.10/site-packages/dgl/dataloading/dataloader.py:1076: DGLWarning: Dataloader CPU affinity opt is not enabled, consider switching it on (see enable_cpu_affinity() or CPU best practices for DGL [https://docs.dgl.ai/tutorials/cpu/cpu_best_practises.html])
  dgl_warning(
/workspace/pmp_vast/envs/pmp-author/lib/python3.10/site-packages/dgl/dataloading/dataloader.py:1076: DGLWarning: Dataloader CPU affinity opt is not enabled, consider switching it on (see enable_cpu_affinity() or CPU best practices for DGL [https://docs.dgl.ai/tutorials/cpu/cpu_best_practises.html])
  dgl_warning(
trial=09 epoch=060 loss=0.094022 val_AUPRC=0.885534 best=0.894944(49) patience=11/20 train=11.973s val=5.853s
/workspace/pmp_vast/envs/pmp-author/lib/python3.10/site-packages/dgl/dataloading/dataloader.py:1076: DGLWarning: Dataloader CPU affinity opt is not enabled, consider switching it on (see enable_cpu_affinity() or CPU best practices for DGL [https://docs.dgl.ai/tutorials/cpu/cpu_best_practises.html])
  dgl_warning(
/workspace/pmp_vast/envs/pmp-author/lib/python3.10/site-packages/dgl/dataloading/dataloader.py:1076: DGLWarning: Dataloader CPU affinity opt is not enabled, consider switching it on (see enable_cpu_affinity() or CPU best practices for DGL [https://docs.dgl.ai/tutorials/cpu/cpu_best_practises.html])
  dgl_warning(
/workspace/pmp_vast/envs/pmp-author/lib/python3.10/site-packages/dgl/dataloading/dataloader.py:1076: DGLWarning: Dataloader CPU affinity opt is not enabled, consider switching it on (see enable_cpu_affinity() or CPU best practices for DGL [https://docs.dgl.ai/tutorials/cpu/cpu_best_practises.html])
  dgl_warning(
/workspace/pmp_vast/envs/pmp-author/lib/python3.10/site-packages/dgl/dataloading/dataloader.py:1076: DGLWarning: Dataloader CPU affinity opt is not enabled, consider switching it on (see enable_cpu_affinity() or CPU best practices for DGL [https://docs.dgl.ai/tutorials/cpu/cpu_best_practises.html])
  dgl_warning(
/workspace/pmp_vast/envs/pmp-author/lib/python3.10/site-packages/dgl/dataloading/dataloader.py:1076: DGLWarning: Dataloader CPU affinity opt is not enabled, consider switching it on (see enable_cpu_affinity() or CPU best practices for DGL [https://docs.dgl.ai/tutorials/cpu/cpu_best_practises.html])
  dgl_warning(
/workspace/pmp_vast/envs/pmp-author/lib/python3.10/site-packages/dgl/dataloading/dataloader.py:1076: DGLWarning: Dataloader CPU affinity opt is not enabled, consider switching it on (see enable_cpu_affinity() or CPU best practices for DGL [https://docs.dgl.ai/tutorials/cpu/cpu_best_practises.html])
  dgl_warning(
/workspace/pmp_vast/envs/pmp-author/lib/python3.10/site-packages/dgl/dataloading/dataloader.py:1076: DGLWarning: Dataloader CPU affinity opt is not enabled, consider switching it on (see enable_cpu_affinity() or CPU best practices for DGL [https://docs.dgl.ai/tutorials/cpu/cpu_best_practises.html])
  dgl_warning(
/workspace/pmp_vast/envs/pmp-author/lib/python3.10/site-packages/dgl/dataloading/dataloader.py:1076: DGLWarning: Dataloader CPU affinity opt is not enabled, consider switching it on (see enable_cpu_affinity() or CPU best practices for DGL [https://docs.dgl.ai/tutorials/cpu/cpu_best_practises.html])
  dgl_warning(
/workspace/pmp_vast/envs/pmp-author/lib/python3.10/site-packages/dgl/dataloading/dataloader.py:1076: DGLWarning: Dataloader CPU affinity opt is not enabled, consider switching it on (see enable_cpu_affinity() or CPU best practices for DGL [https://docs.dgl.ai/tutorials/cpu/cpu_best_practises.html])
  dgl_warning(
trial=09 epoch=069 loss=0.090809 val_AUPRC=0.877132 best=0.894944(49) patience=20/20 train=12.348s val=6.372s
TRIAL 09 DONE | lr=0.0001 wd=0.0 | epoch=49 | val AUPRC=0.894944
/workspace/pmp_vast/envs/pmp-author/lib/python3.10/site-packages/dgl/dataloading/dataloader.py:1076: DGLWarning: Dataloader CPU affinity opt is not enabled, consider switching it on (see enable_cpu_affinity() or CPU best practices for DGL [https://docs.dgl.ai/tutorials/cpu/cpu_best_practises.html])
  dgl_warning(
trial=10 epoch=001 loss=0.315428 val_AUPRC=0.558158 best=0.558158(1) patience=0/20 train=12.707s val=5.958s
/workspace/pmp_vast/envs/pmp-author/lib/python3.10/site-packages/dgl/dataloading/dataloader.py:1076: DGLWarning: Dataloader CPU affinity opt is not enabled, consider switching it on (see enable_cpu_affinity() or CPU best practices for DGL [https://docs.dgl.ai/tutorials/cpu/cpu_best_practises.html])
  dgl_warning(
trial=10 epoch=002 loss=0.274845 val_AUPRC=0.702005 best=0.702005(2) patience=0/20 train=12.104s val=6.102s
/workspace/pmp_vast/envs/pmp-author/lib/python3.10/site-packages/dgl/dataloading/dataloader.py:1076: DGLWarning: Dataloader CPU affinity opt is not enabled, consider switching it on (see enable_cpu_affinity() or CPU best practices for DGL [https://docs.dgl.ai/tutorials/cpu/cpu_best_practises.html])
  dgl_warning(
trial=10 epoch=003 loss=0.261175 val_AUPRC=0.729777 best=0.729777(3) patience=0/20 train=11.845s val=6.351s
/workspace/pmp_vast/envs/pmp-author/lib/python3.10/site-packages/dgl/dataloading/dataloader.py:1076: DGLWarning: Dataloader CPU affinity opt is not enabled, consider switching it on (see enable_cpu_affinity() or CPU best practices for DGL [https://docs.dgl.ai/tutorials/cpu/cpu_best_practises.html])
  dgl_warning(
trial=10 epoch=004 loss=0.244826 val_AUPRC=0.782689 best=0.782689(4) patience=0/20 train=11.653s val=6.045s
/workspace/pmp_vast/envs/pmp-author/lib/python3.10/site-packages/dgl/dataloading/dataloader.py:1076: DGLWarning: Dataloader CPU affinity opt is not enabled, consider switching it on (see enable_cpu_affinity() or CPU best practices for DGL [https://docs.dgl.ai/tutorials/cpu/cpu_best_practises.html])
  dgl_warning(
trial=10 epoch=005 loss=0.231139 val_AUPRC=0.793324 best=0.793324(5) patience=0/20 train=11.377s val=6.224s
/workspace/pmp_vast/envs/pmp-author/lib/python3.10/site-packages/dgl/dataloading/dataloader.py:1076: DGLWarning: Dataloader CPU affinity opt is not enabled, consider switching it on (see enable_cpu_affinity() or CPU best practices for DGL [https://docs.dgl.ai/tutorials/cpu/cpu_best_practises.html])
  dgl_warning(
trial=10 epoch=006 loss=0.213923 val_AUPRC=0.807960 best=0.807960(6) patience=0/20 train=12.198s val=6.186s
/workspace/pmp_vast/envs/pmp-author/lib/python3.10/site-packages/dgl/dataloading/dataloader.py:1076: DGLWarning: Dataloader CPU affinity opt is not enabled, consider switching it on (see enable_cpu_affinity() or CPU best practices for DGL [https://docs.dgl.ai/tutorials/cpu/cpu_best_practises.html])
  dgl_warning(
trial=10 epoch=007 loss=0.204423 val_AUPRC=0.816003 best=0.816003(7) patience=0/20 train=11.984s val=6.464s
/workspace/pmp_vast/envs/pmp-author/lib/python3.10/site-packages/dgl/dataloading/dataloader.py:1076: DGLWarning: Dataloader CPU affinity opt is not enabled, consider switching it on (see enable_cpu_affinity() or CPU best practices for DGL [https://docs.dgl.ai/tutorials/cpu/cpu_best_practises.html])
  dgl_warning(
trial=10 epoch=008 loss=0.197488 val_AUPRC=0.831153 best=0.831153(8) patience=0/20 train=12.306s val=6.029s
/workspace/pmp_vast/envs/pmp-author/lib/python3.10/site-packages/dgl/dataloading/dataloader.py:1076: DGLWarning: Dataloader CPU affinity opt is not enabled, consider switching it on (see enable_cpu_affinity() or CPU best practices for DGL [https://docs.dgl.ai/tutorials/cpu/cpu_best_practises.html])
  dgl_warning(
trial=10 epoch=009 loss=0.183254 val_AUPRC=0.836883 best=0.836883(9) patience=0/20 train=11.898s val=6.076s
/workspace/pmp_vast/envs/pmp-author/lib/python3.10/site-packages/dgl/dataloading/dataloader.py:1076: DGLWarning: Dataloader CPU affinity opt is not enabled, consider switching it on (see enable_cpu_affinity() or CPU best practices for DGL [https://docs.dgl.ai/tutorials/cpu/cpu_best_practises.html])
  dgl_warning(
trial=10 epoch=010 loss=0.171086 val_AUPRC=0.846631 best=0.846631(10) patience=0/20 train=12.101s val=6.085s
/workspace/pmp_vast/envs/pmp-author/lib/python3.10/site-packages/dgl/dataloading/dataloader.py:1076: DGLWarning: Dataloader CPU affinity opt is not enabled, consider switching it on (see enable_cpu_affinity() or CPU best practices for DGL [https://docs.dgl.ai/tutorials/cpu/cpu_best_practises.html])
  dgl_warning(
/workspace/pmp_vast/envs/pmp-author/lib/python3.10/site-packages/dgl/dataloading/dataloader.py:1076: DGLWarning: Dataloader CPU affinity opt is not enabled, consider switching it on (see enable_cpu_affinity() or CPU best practices for DGL [https://docs.dgl.ai/tutorials/cpu/cpu_best_practises.html])
  dgl_warning(
trial=10 epoch=012 loss=0.157992 val_AUPRC=0.851661 best=0.851661(12) patience=0/20 train=12.399s val=5.522s
/workspace/pmp_vast/envs/pmp-author/lib/python3.10/site-packages/dgl/dataloading/dataloader.py:1076: DGLWarning: Dataloader CPU affinity opt is not enabled, consider switching it on (see enable_cpu_affinity() or CPU best practices for DGL [https://docs.dgl.ai/tutorials/cpu/cpu_best_practises.html])
  dgl_warning(
trial=10 epoch=013 loss=0.153730 val_AUPRC=0.857972 best=0.857972(13) patience=0/20 train=11.756s val=6.566s
/workspace/pmp_vast/envs/pmp-author/lib/python3.10/site-packages/dgl/dataloading/dataloader.py:1076: DGLWarning: Dataloader CPU affinity opt is not enabled, consider switching it on (see enable_cpu_affinity() or CPU best practices for DGL [https://docs.dgl.ai/tutorials/cpu/cpu_best_practises.html])
  dgl_warning(
trial=10 epoch=014 loss=0.142000 val_AUPRC=0.866184 best=0.866184(14) patience=0/20 train=12.641s val=5.617s
/workspace/pmp_vast/envs/pmp-author/lib/python3.10/site-packages/dgl/dataloading/dataloader.py:1076: DGLWarning: Dataloader CPU affinity opt is not enabled, consider switching it on (see enable_cpu_affinity() or CPU best practices for DGL [https://docs.dgl.ai/tutorials/cpu/cpu_best_practises.html])
  dgl_warning(
/workspace/pmp_vast/envs/pmp-author/lib/python3.10/site-packages/dgl/dataloading/dataloader.py:1076: DGLWarning: Dataloader CPU affinity opt is not enabled, consider switching it on (see enable_cpu_affinity() or CPU best practices for DGL [https://docs.dgl.ai/tutorials/cpu/cpu_best_practises.html])
  dgl_warning(
/workspace/pmp_vast/envs/pmp-author/lib/python3.10/site-packages/dgl/dataloading/dataloader.py:1076: DGLWarning: Dataloader CPU affinity opt is not enabled, consider switching it on (see enable_cpu_affinity() or CPU best practices for DGL [https://docs.dgl.ai/tutorials/cpu/cpu_best_practises.html])
  dgl_warning(
/workspace/pmp_vast/envs/pmp-author/lib/python3.10/site-packages/dgl/dataloading/dataloader.py:1076: DGLWarning: Dataloader CPU affinity opt is not enabled, consider switching it on (see enable_cpu_affinity() or CPU best practices for DGL [https://docs.dgl.ai/tutorials/cpu/cpu_best_practises.html])
  dgl_warning(
/workspace/pmp_vast/envs/pmp-author/lib/python3.10/site-packages/dgl/dataloading/dataloader.py:1076: DGLWarning: Dataloader CPU affinity opt is not enabled, consider switching it on (see enable_cpu_affinity() or CPU best practices for DGL [https://docs.dgl.ai/tutorials/cpu/cpu_best_practises.html])
  dgl_warning(
trial=10 epoch=019 loss=0.129883 val_AUPRC=0.871264 best=0.871264(19) patience=0/20 train=17.875s val=8.255s
/workspace/pmp_vast/envs/pmp-author/lib/python3.10/site-packages/dgl/dataloading/dataloader.py:1076: DGLWarning: Dataloader CPU affinity opt is not enabled, consider switching it on (see enable_cpu_affinity() or CPU best practices for DGL [https://docs.dgl.ai/tutorials/cpu/cpu_best_practises.html])
  dgl_warning(
trial=10 epoch=020 loss=0.128555 val_AUPRC=0.867990 best=0.871264(19) patience=1/20 train=15.492s val=7.244s
/workspace/pmp_vast/envs/pmp-author/lib/python3.10/site-packages/dgl/dataloading/dataloader.py:1076: DGLWarning: Dataloader CPU affinity opt is not enabled, consider switching it on (see enable_cpu_affinity() or CPU best practices for DGL [https://docs.dgl.ai/tutorials/cpu/cpu_best_practises.html])
  dgl_warning(
/workspace/pmp_vast/envs/pmp-author/lib/python3.10/site-packages/dgl/dataloading/dataloader.py:1076: DGLWarning: Dataloader CPU affinity opt is not enabled, consider switching it on (see enable_cpu_affinity() or CPU best practices for DGL [https://docs.dgl.ai/tutorials/cpu/cpu_best_practises.html])
  dgl_warning(
trial=10 epoch=022 loss=0.125460 val_AUPRC=0.880084 best=0.880084(22) patience=0/20 train=14.974s val=7.560s
/workspace/pmp_vast/envs/pmp-author/lib/python3.10/site-packages/dgl/dataloading/dataloader.py:1076: DGLWarning: Dataloader CPU affinity opt is not enabled, consider switching it on (see enable_cpu_affinity() or CPU best practices for DGL [https://docs.dgl.ai/tutorials/cpu/cpu_best_practises.html])
  dgl_warning(
/workspace/pmp_vast/envs/pmp-author/lib/python3.10/site-packages/dgl/dataloading/dataloader.py:1076: DGLWarning: Dataloader CPU affinity opt is not enabled, consider switching it on (see enable_cpu_affinity() or CPU best practices for DGL [https://docs.dgl.ai/tutorials/cpu/cpu_best_practises.html])
  dgl_warning(
trial=10 epoch=024 loss=0.124276 val_AUPRC=0.880626 best=0.880626(24) patience=0/20 train=14.855s val=6.986s
/workspace/pmp_vast/envs/pmp-author/lib/python3.10/site-packages/dgl/dataloading/dataloader.py:1076: DGLWarning: Dataloader CPU affinity opt is not enabled, consider switching it on (see enable_cpu_affinity() or CPU best practices for DGL [https://docs.dgl.ai/tutorials/cpu/cpu_best_practises.html])
  dgl_warning(
trial=10 epoch=025 loss=0.120218 val_AUPRC=0.881133 best=0.881133(25) patience=0/20 train=14.931s val=9.075s
/workspace/pmp_vast/envs/pmp-author/lib/python3.10/site-packages/dgl/dataloading/dataloader.py:1076: DGLWarning: Dataloader CPU affinity opt is not enabled, consider switching it on (see enable_cpu_affinity() or CPU best practices for DGL [https://docs.dgl.ai/tutorials/cpu/cpu_best_practises.html])
  dgl_warning(
/workspace/pmp_vast/envs/pmp-author/lib/python3.10/site-packages/dgl/dataloading/dataloader.py:1076: DGLWarning: Dataloader CPU affinity opt is not enabled, consider switching it on (see enable_cpu_affinity() or CPU best practices for DGL [https://docs.dgl.ai/tutorials/cpu/cpu_best_practises.html])
  dgl_warning(
trial=10 epoch=027 loss=0.118720 val_AUPRC=0.882842 best=0.882842(27) patience=0/20 train=15.131s val=9.384s
/workspace/pmp_vast/envs/pmp-author/lib/python3.10/site-packages/dgl/dataloading/dataloader.py:1076: DGLWarning: Dataloader CPU affinity opt is not enabled, consider switching it on (see enable_cpu_affinity() or CPU best practices for DGL [https://docs.dgl.ai/tutorials/cpu/cpu_best_practises.html])
  dgl_warning(
trial=10 epoch=028 loss=0.119037 val_AUPRC=0.884849 best=0.884849(28) patience=0/20 train=16.984s val=8.040s
/workspace/pmp_vast/envs/pmp-author/lib/python3.10/site-packages/dgl/dataloading/dataloader.py:1076: DGLWarning: Dataloader CPU affinity opt is not enabled, consider switching it on (see enable_cpu_affinity() or CPU best practices for DGL [https://docs.dgl.ai/tutorials/cpu/cpu_best_practises.html])
  dgl_warning(
/workspace/pmp_vast/envs/pmp-author/lib/python3.10/site-packages/dgl/dataloading/dataloader.py:1076: DGLWarning: Dataloader CPU affinity opt is not enabled, consider switching it on (see enable_cpu_affinity() or CPU best practices for DGL [https://docs.dgl.ai/tutorials/cpu/cpu_best_practises.html])
  dgl_warning(
trial=10 epoch=030 loss=0.115743 val_AUPRC=0.873924 best=0.884849(28) patience=2/20 train=19.539s val=9.099s
/workspace/pmp_vast/envs/pmp-author/lib/python3.10/site-packages/dgl/dataloading/dataloader.py:1076: DGLWarning: Dataloader CPU affinity opt is not enabled, consider switching it on (see enable_cpu_affinity() or CPU best practices for DGL [https://docs.dgl.ai/tutorials/cpu/cpu_best_practises.html])
  dgl_warning(
/workspace/pmp_vast/envs/pmp-author/lib/python3.10/site-packages/dgl/dataloading/dataloader.py:1076: DGLWarning: Dataloader CPU affinity opt is not enabled, consider switching it on (see enable_cpu_affinity() or CPU best practices for DGL [https://docs.dgl.ai/tutorials/cpu/cpu_best_practises.html])
  dgl_warning(
/workspace/pmp_vast/envs/pmp-author/lib/python3.10/site-packages/dgl/dataloading/dataloader.py:1076: DGLWarning: Dataloader CPU affinity opt is not enabled, consider switching it on (see enable_cpu_affinity() or CPU best practices for DGL [https://docs.dgl.ai/tutorials/cpu/cpu_best_practises.html])
  dgl_warning(
/workspace/pmp_vast/envs/pmp-author/lib/python3.10/site-packages/dgl/dataloading/dataloader.py:1076: DGLWarning: Dataloader CPU affinity opt is not enabled, consider switching it on (see enable_cpu_affinity() or CPU best practices for DGL [https://docs.dgl.ai/tutorials/cpu/cpu_best_practises.html])
  dgl_warning(
/workspace/pmp_vast/envs/pmp-author/lib/python3.10/site-packages/dgl/dataloading/dataloader.py:1076: DGLWarning: Dataloader CPU affinity opt is not enabled, consider switching it on (see enable_cpu_affinity() or CPU best practices for DGL [https://docs.dgl.ai/tutorials/cpu/cpu_best_practises.html])
  dgl_warning(
/workspace/pmp_vast/envs/pmp-author/lib/python3.10/site-packages/dgl/dataloading/dataloader.py:1076: DGLWarning: Dataloader CPU affinity opt is not enabled, consider switching it on (see enable_cpu_affinity() or CPU best practices for DGL [https://docs.dgl.ai/tutorials/cpu/cpu_best_practises.html])
  dgl_warning(
/workspace/pmp_vast/envs/pmp-author/lib/python3.10/site-packages/dgl/dataloading/dataloader.py:1076: DGLWarning: Dataloader CPU affinity opt is not enabled, consider switching it on (see enable_cpu_affinity() or CPU best practices for DGL [https://docs.dgl.ai/tutorials/cpu/cpu_best_practises.html])
  dgl_warning(
/workspace/pmp_vast/envs/pmp-author/lib/python3.10/site-packages/dgl/dataloading/dataloader.py:1076: DGLWarning: Dataloader CPU affinity opt is not enabled, consider switching it on (see enable_cpu_affinity() or CPU best practices for DGL [https://docs.dgl.ai/tutorials/cpu/cpu_best_practises.html])
  dgl_warning(
/workspace/pmp_vast/envs/pmp-author/lib/python3.10/site-packages/dgl/dataloading/dataloader.py:1076: DGLWarning: Dataloader CPU affinity opt is not enabled, consider switching it on (see enable_cpu_affinity() or CPU best practices for DGL [https://docs.dgl.ai/tutorials/cpu/cpu_best_practises.html])
  dgl_warning(
trial=10 epoch=039 loss=0.106832 val_AUPRC=0.888147 best=0.888147(39) patience=0/20 train=14.148s val=8.359s
/workspace/pmp_vast/envs/pmp-author/lib/python3.10/site-packages/dgl/dataloading/dataloader.py:1076: DGLWarning: Dataloader CPU affinity opt is not enabled, consider switching it on (see enable_cpu_affinity() or CPU best practices for DGL [https://docs.dgl.ai/tutorials/cpu/cpu_best_practises.html])
  dgl_warning(
trial=10 epoch=040 loss=0.105737 val_AUPRC=0.886082 best=0.888147(39) patience=1/20 train=15.451s val=7.908s
/workspace/pmp_vast/envs/pmp-author/lib/python3.10/site-packages/dgl/dataloading/dataloader.py:1076: DGLWarning: Dataloader CPU affinity opt is not enabled, consider switching it on (see enable_cpu_affinity() or CPU best practices for DGL [https://docs.dgl.ai/tutorials/cpu/cpu_best_practises.html])
  dgl_warning(
trial=10 epoch=041 loss=0.108677 val_AUPRC=0.888680 best=0.888680(41) patience=0/20 train=15.750s val=8.110s
/workspace/pmp_vast/envs/pmp-author/lib/python3.10/site-packages/dgl/dataloading/dataloader.py:1076: DGLWarning: Dataloader CPU affinity opt is not enabled, consider switching it on (see enable_cpu_affinity() or CPU best practices for DGL [https://docs.dgl.ai/tutorials/cpu/cpu_best_practises.html])
  dgl_warning(
/workspace/pmp_vast/envs/pmp-author/lib/python3.10/site-packages/dgl/dataloading/dataloader.py:1076: DGLWarning: Dataloader CPU affinity opt is not enabled, consider switching it on (see enable_cpu_affinity() or CPU best practices for DGL [https://docs.dgl.ai/tutorials/cpu/cpu_best_practises.html])
  dgl_warning(
trial=10 epoch=043 loss=0.103390 val_AUPRC=0.890264 best=0.890264(43) patience=0/20 train=15.590s val=7.330s
/workspace/pmp_vast/envs/pmp-author/lib/python3.10/site-packages/dgl/dataloading/dataloader.py:1076: DGLWarning: Dataloader CPU affinity opt is not enabled, consider switching it on (see enable_cpu_affinity() or CPU best practices for DGL [https://docs.dgl.ai/tutorials/cpu/cpu_best_practises.html])
  dgl_warning(
trial=10 epoch=044 loss=0.104563 val_AUPRC=0.892474 best=0.892474(44) patience=0/20 train=16.206s val=10.213s
/workspace/pmp_vast/envs/pmp-author/lib/python3.10/site-packages/dgl/dataloading/dataloader.py:1076: DGLWarning: Dataloader CPU affinity opt is not enabled, consider switching it on (see enable_cpu_affinity() or CPU best practices for DGL [https://docs.dgl.ai/tutorials/cpu/cpu_best_practises.html])
  dgl_warning(
/workspace/pmp_vast/envs/pmp-author/lib/python3.10/site-packages/dgl/dataloading/dataloader.py:1076: DGLWarning: Dataloader CPU affinity opt is not enabled, consider switching it on (see enable_cpu_affinity() or CPU best practices for DGL [https://docs.dgl.ai/tutorials/cpu/cpu_best_practises.html])
  dgl_warning(
/workspace/pmp_vast/envs/pmp-author/lib/python3.10/site-packages/dgl/dataloading/dataloader.py:1076: DGLWarning: Dataloader CPU affinity opt is not enabled, consider switching it on (see enable_cpu_affinity() or CPU best practices for DGL [https://docs.dgl.ai/tutorials/cpu/cpu_best_practises.html])
  dgl_warning(
/workspace/pmp_vast/envs/pmp-author/lib/python3.10/site-packages/dgl/dataloading/dataloader.py:1076: DGLWarning: Dataloader CPU affinity opt is not enabled, consider switching it on (see enable_cpu_affinity() or CPU best practices for DGL [https://docs.dgl.ai/tutorials/cpu/cpu_best_practises.html])
  dgl_warning(
trial=10 epoch=048 loss=0.101552 val_AUPRC=0.892906 best=0.892906(48) patience=0/20 train=15.061s val=7.414s
/workspace/pmp_vast/envs/pmp-author/lib/python3.10/site-packages/dgl/dataloading/dataloader.py:1076: DGLWarning: Dataloader CPU affinity opt is not enabled, consider switching it on (see enable_cpu_affinity() or CPU best practices for DGL [https://docs.dgl.ai/tutorials/cpu/cpu_best_practises.html])
  dgl_warning(
/workspace/pmp_vast/envs/pmp-author/lib/python3.10/site-packages/dgl/dataloading/dataloader.py:1076: DGLWarning: Dataloader CPU affinity opt is not enabled, consider switching it on (see enable_cpu_affinity() or CPU best practices for DGL [https://docs.dgl.ai/tutorials/cpu/cpu_best_practises.html])
  dgl_warning(
trial=10 epoch=050 loss=0.105798 val_AUPRC=0.891696 best=0.892906(48) patience=2/20 train=12.398s val=4.711s
/workspace/pmp_vast/envs/pmp-author/lib/python3.10/site-packages/dgl/dataloading/dataloader.py:1076: DGLWarning: Dataloader CPU affinity opt is not enabled, consider switching it on (see enable_cpu_affinity() or CPU best practices for DGL [https://docs.dgl.ai/tutorials/cpu/cpu_best_practises.html])
  dgl_warning(
/workspace/pmp_vast/envs/pmp-author/lib/python3.10/site-packages/dgl/dataloading/dataloader.py:1076: DGLWarning: Dataloader CPU affinity opt is not enabled, consider switching it on (see enable_cpu_affinity() or CPU best practices for DGL [https://docs.dgl.ai/tutorials/cpu/cpu_best_practises.html])
  dgl_warning(
/workspace/pmp_vast/envs/pmp-author/lib/python3.10/site-packages/dgl/dataloading/dataloader.py:1076: DGLWarning: Dataloader CPU affinity opt is not enabled, consider switching it on (see enable_cpu_affinity() or CPU best practices for DGL [https://docs.dgl.ai/tutorials/cpu/cpu_best_practises.html])
  dgl_warning(
/workspace/pmp_vast/envs/pmp-author/lib/python3.10/site-packages/dgl/dataloading/dataloader.py:1076: DGLWarning: Dataloader CPU affinity opt is not enabled, consider switching it on (see enable_cpu_affinity() or CPU best practices for DGL [https://docs.dgl.ai/tutorials/cpu/cpu_best_practises.html])
  dgl_warning(
/workspace/pmp_vast/envs/pmp-author/lib/python3.10/site-packages/dgl/dataloading/dataloader.py:1076: DGLWarning: Dataloader CPU affinity opt is not enabled, consider switching it on (see enable_cpu_affinity() or CPU best practices for DGL [https://docs.dgl.ai/tutorials/cpu/cpu_best_practises.html])
  dgl_warning(
/workspace/pmp_vast/envs/pmp-author/lib/python3.10/site-packages/dgl/dataloading/dataloader.py:1076: DGLWarning: Dataloader CPU affinity opt is not enabled, consider switching it on (see enable_cpu_affinity() or CPU best practices for DGL [https://docs.dgl.ai/tutorials/cpu/cpu_best_practises.html])
  dgl_warning(
/workspace/pmp_vast/envs/pmp-author/lib/python3.10/site-packages/dgl/dataloading/dataloader.py:1076: DGLWarning: Dataloader CPU affinity opt is not enabled, consider switching it on (see enable_cpu_affinity() or CPU best practices for DGL [https://docs.dgl.ai/tutorials/cpu/cpu_best_practises.html])
  dgl_warning(
/workspace/pmp_vast/envs/pmp-author/lib/python3.10/site-packages/dgl/dataloading/dataloader.py:1076: DGLWarning: Dataloader CPU affinity opt is not enabled, consider switching it on (see enable_cpu_affinity() or CPU best practices for DGL [https://docs.dgl.ai/tutorials/cpu/cpu_best_practises.html])
  dgl_warning(
/workspace/pmp_vast/envs/pmp-author/lib/python3.10/site-packages/dgl/dataloading/dataloader.py:1076: DGLWarning: Dataloader CPU affinity opt is not enabled, consider switching it on (see enable_cpu_affinity() or CPU best practices for DGL [https://docs.dgl.ai/tutorials/cpu/cpu_best_practises.html])
  dgl_warning(
/workspace/pmp_vast/envs/pmp-author/lib/python3.10/site-packages/dgl/dataloading/dataloader.py:1076: DGLWarning: Dataloader CPU affinity opt is not enabled, consider switching it on (see enable_cpu_affinity() or CPU best practices for DGL [https://docs.dgl.ai/tutorials/cpu/cpu_best_practises.html])
  dgl_warning(
trial=10 epoch=060 loss=0.096071 val_AUPRC=0.887937 best=0.892906(48) patience=12/20 train=12.012s val=6.333s
/workspace/pmp_vast/envs/pmp-author/lib/python3.10/site-packages/dgl/dataloading/dataloader.py:1076: DGLWarning: Dataloader CPU affinity opt is not enabled, consider switching it on (see enable_cpu_affinity() or CPU best practices for DGL [https://docs.dgl.ai/tutorials/cpu/cpu_best_practises.html])
  dgl_warning(
/workspace/pmp_vast/envs/pmp-author/lib/python3.10/site-packages/dgl/dataloading/dataloader.py:1076: DGLWarning: Dataloader CPU affinity opt is not enabled, consider switching it on (see enable_cpu_affinity() or CPU best practices for DGL [https://docs.dgl.ai/tutorials/cpu/cpu_best_practises.html])
  dgl_warning(
/workspace/pmp_vast/envs/pmp-author/lib/python3.10/site-packages/dgl/dataloading/dataloader.py:1076: DGLWarning: Dataloader CPU affinity opt is not enabled, consider switching it on (see enable_cpu_affinity() or CPU best practices for DGL [https://docs.dgl.ai/tutorials/cpu/cpu_best_practises.html])
  dgl_warning(
trial=10 epoch=063 loss=0.095684 val_AUPRC=0.892944 best=0.892944(63) patience=0/20 train=12.016s val=5.724s
/workspace/pmp_vast/envs/pmp-author/lib/python3.10/site-packages/dgl/dataloading/dataloader.py:1076: DGLWarning: Dataloader CPU affinity opt is not enabled, consider switching it on (see enable_cpu_affinity() or CPU best practices for DGL [https://docs.dgl.ai/tutorials/cpu/cpu_best_practises.html])
  dgl_warning(
/workspace/pmp_vast/envs/pmp-author/lib/python3.10/site-packages/dgl/dataloading/dataloader.py:1076: DGLWarning: Dataloader CPU affinity opt is not enabled, consider switching it on (see enable_cpu_affinity() or CPU best practices for DGL [https://docs.dgl.ai/tutorials/cpu/cpu_best_practises.html])
  dgl_warning(
/workspace/pmp_vast/envs/pmp-author/lib/python3.10/site-packages/dgl/dataloading/dataloader.py:1076: DGLWarning: Dataloader CPU affinity opt is not enabled, consider switching it on (see enable_cpu_affinity() or CPU best practices for DGL [https://docs.dgl.ai/tutorials/cpu/cpu_best_practises.html])
  dgl_warning(
/workspace/pmp_vast/envs/pmp-author/lib/python3.10/site-packages/dgl/dataloading/dataloader.py:1076: DGLWarning: Dataloader CPU affinity opt is not enabled, consider switching it on (see enable_cpu_affinity() or CPU best practices for DGL [https://docs.dgl.ai/tutorials/cpu/cpu_best_practises.html])
  dgl_warning(
trial=10 epoch=067 loss=0.091505 val_AUPRC=0.896956 best=0.896956(67) patience=0/20 train=11.897s val=6.100s
/workspace/pmp_vast/envs/pmp-author/lib/python3.10/site-packages/dgl/dataloading/dataloader.py:1076: DGLWarning: Dataloader CPU affinity opt is not enabled, consider switching it on (see enable_cpu_affinity() or CPU best practices for DGL [https://docs.dgl.ai/tutorials/cpu/cpu_best_practises.html])
  dgl_warning(
/workspace/pmp_vast/envs/pmp-author/lib/python3.10/site-packages/dgl/dataloading/dataloader.py:1076: DGLWarning: Dataloader CPU affinity opt is not enabled, consider switching it on (see enable_cpu_affinity() or CPU best practices for DGL [https://docs.dgl.ai/tutorials/cpu/cpu_best_practises.html])
  dgl_warning(
/workspace/pmp_vast/envs/pmp-author/lib/python3.10/site-packages/dgl/dataloading/dataloader.py:1076: DGLWarning: Dataloader CPU affinity opt is not enabled, consider switching it on (see enable_cpu_affinity() or CPU best practices for DGL [https://docs.dgl.ai/tutorials/cpu/cpu_best_practises.html])
  dgl_warning(
trial=10 epoch=070 loss=0.091318 val_AUPRC=0.889412 best=0.896956(67) patience=3/20 train=13.482s val=6.133s
/workspace/pmp_vast/envs/pmp-author/lib/python3.10/site-packages/dgl/dataloading/dataloader.py:1076: DGLWarning: Dataloader CPU affinity opt is not enabled, consider switching it on (see enable_cpu_affinity() or CPU best practices for DGL [https://docs.dgl.ai/tutorials/cpu/cpu_best_practises.html])
  dgl_warning(
/workspace/pmp_vast/envs/pmp-author/lib/python3.10/site-packages/dgl/dataloading/dataloader.py:1076: DGLWarning: Dataloader CPU affinity opt is not enabled, consider switching it on (see enable_cpu_affinity() or CPU best practices for DGL [https://docs.dgl.ai/tutorials/cpu/cpu_best_practises.html])
  dgl_warning(
/workspace/pmp_vast/envs/pmp-author/lib/python3.10/site-packages/dgl/dataloading/dataloader.py:1076: DGLWarning: Dataloader CPU affinity opt is not enabled, consider switching it on (see enable_cpu_affinity() or CPU best practices for DGL [https://docs.dgl.ai/tutorials/cpu/cpu_best_practises.html])
  dgl_warning(
/workspace/pmp_vast/envs/pmp-author/lib/python3.10/site-packages/dgl/dataloading/dataloader.py:1076: DGLWarning: Dataloader CPU affinity opt is not enabled, consider switching it on (see enable_cpu_affinity() or CPU best practices for DGL [https://docs.dgl.ai/tutorials/cpu/cpu_best_practises.html])
  dgl_warning(
/workspace/pmp_vast/envs/pmp-author/lib/python3.10/site-packages/dgl/dataloading/dataloader.py:1076: DGLWarning: Dataloader CPU affinity opt is not enabled, consider switching it on (see enable_cpu_affinity() or CPU best practices for DGL [https://docs.dgl.ai/tutorials/cpu/cpu_best_practises.html])
  dgl_warning(
/workspace/pmp_vast/envs/pmp-author/lib/python3.10/site-packages/dgl/dataloading/dataloader.py:1076: DGLWarning: Dataloader CPU affinity opt is not enabled, consider switching it on (see enable_cpu_affinity() or CPU best practices for DGL [https://docs.dgl.ai/tutorials/cpu/cpu_best_practises.html])
  dgl_warning(
/workspace/pmp_vast/envs/pmp-author/lib/python3.10/site-packages/dgl/dataloading/dataloader.py:1076: DGLWarning: Dataloader CPU affinity opt is not enabled, consider switching it on (see enable_cpu_affinity() or CPU best practices for DGL [https://docs.dgl.ai/tutorials/cpu/cpu_best_practises.html])
  dgl_warning(
/workspace/pmp_vast/envs/pmp-author/lib/python3.10/site-packages/dgl/dataloading/dataloader.py:1076: DGLWarning: Dataloader CPU affinity opt is not enabled, consider switching it on (see enable_cpu_affinity() or CPU best practices for DGL [https://docs.dgl.ai/tutorials/cpu/cpu_best_practises.html])
  dgl_warning(
trial=10 epoch=078 loss=0.089595 val_AUPRC=0.899970 best=0.899970(78) patience=0/20 train=12.177s val=6.092s
/workspace/pmp_vast/envs/pmp-author/lib/python3.10/site-packages/dgl/dataloading/dataloader.py:1076: DGLWarning: Dataloader CPU affinity opt is not enabled, consider switching it on (see enable_cpu_affinity() or CPU best practices for DGL [https://docs.dgl.ai/tutorials/cpu/cpu_best_practises.html])
  dgl_warning(
/workspace/pmp_vast/envs/pmp-author/lib/python3.10/site-packages/dgl/dataloading/dataloader.py:1076: DGLWarning: Dataloader CPU affinity opt is not enabled, consider switching it on (see enable_cpu_affinity() or CPU best practices for DGL [https://docs.dgl.ai/tutorials/cpu/cpu_best_practises.html])
  dgl_warning(
trial=10 epoch=080 loss=0.088247 val_AUPRC=0.894567 best=0.899970(78) patience=2/20 train=12.202s val=5.998s
/workspace/pmp_vast/envs/pmp-author/lib/python3.10/site-packages/dgl/dataloading/dataloader.py:1076: DGLWarning: Dataloader CPU affinity opt is not enabled, consider switching it on (see enable_cpu_affinity() or CPU best practices for DGL [https://docs.dgl.ai/tutorials/cpu/cpu_best_practises.html])
  dgl_warning(
/workspace/pmp_vast/envs/pmp-author/lib/python3.10/site-packages/dgl/dataloading/dataloader.py:1076: DGLWarning: Dataloader CPU affinity opt is not enabled, consider switching it on (see enable_cpu_affinity() or CPU best practices for DGL [https://docs.dgl.ai/tutorials/cpu/cpu_best_practises.html])
  dgl_warning(
/workspace/pmp_vast/envs/pmp-author/lib/python3.10/site-packages/dgl/dataloading/dataloader.py:1076: DGLWarning: Dataloader CPU affinity opt is not enabled, consider switching it on (see enable_cpu_affinity() or CPU best practices for DGL [https://docs.dgl.ai/tutorials/cpu/cpu_best_practises.html])
  dgl_warning(
trial=10 epoch=083 loss=0.089100 val_AUPRC=0.901702 best=0.901702(83) patience=0/20 train=11.097s val=5.682s
/workspace/pmp_vast/envs/pmp-author/lib/python3.10/site-packages/dgl/dataloading/dataloader.py:1076: DGLWarning: Dataloader CPU affinity opt is not enabled, consider switching it on (see enable_cpu_affinity() or CPU best practices for DGL [https://docs.dgl.ai/tutorials/cpu/cpu_best_practises.html])
  dgl_warning(
/workspace/pmp_vast/envs/pmp-author/lib/python3.10/site-packages/dgl/dataloading/dataloader.py:1076: DGLWarning: Dataloader CPU affinity opt is not enabled, consider switching it on (see enable_cpu_affinity() or CPU best practices for DGL [https://docs.dgl.ai/tutorials/cpu/cpu_best_practises.html])
  dgl_warning(
trial=10 epoch=085 loss=0.086243 val_AUPRC=0.903035 best=0.903035(85) patience=0/20 train=12.177s val=6.315s
/workspace/pmp_vast/envs/pmp-author/lib/python3.10/site-packages/dgl/dataloading/dataloader.py:1076: DGLWarning: Dataloader CPU affinity opt is not enabled, consider switching it on (see enable_cpu_affinity() or CPU best practices for DGL [https://docs.dgl.ai/tutorials/cpu/cpu_best_practises.html])
  dgl_warning(
/workspace/pmp_vast/envs/pmp-author/lib/python3.10/site-packages/dgl/dataloading/dataloader.py:1076: DGLWarning: Dataloader CPU affinity opt is not enabled, consider switching it on (see enable_cpu_affinity() or CPU best practices for DGL [https://docs.dgl.ai/tutorials/cpu/cpu_best_practises.html])
  dgl_warning(
/workspace/pmp_vast/envs/pmp-author/lib/python3.10/site-packages/dgl/dataloading/dataloader.py:1076: DGLWarning: Dataloader CPU affinity opt is not enabled, consider switching it on (see enable_cpu_affinity() or CPU best practices for DGL [https://docs.dgl.ai/tutorials/cpu/cpu_best_practises.html])
  dgl_warning(
/workspace/pmp_vast/envs/pmp-author/lib/python3.10/site-packages/dgl/dataloading/dataloader.py:1076: DGLWarning: Dataloader CPU affinity opt is not enabled, consider switching it on (see enable_cpu_affinity() or CPU best practices for DGL [https://docs.dgl.ai/tutorials/cpu/cpu_best_practises.html])
  dgl_warning(
/workspace/pmp_vast/envs/pmp-author/lib/python3.10/site-packages/dgl/dataloading/dataloader.py:1076: DGLWarning: Dataloader CPU affinity opt is not enabled, consider switching it on (see enable_cpu_affinity() or CPU best practices for DGL [https://docs.dgl.ai/tutorials/cpu/cpu_best_practises.html])
  dgl_warning(
trial=10 epoch=090 loss=0.083341 val_AUPRC=0.898912 best=0.903035(85) patience=5/20 train=13.624s val=7.056s
/workspace/pmp_vast/envs/pmp-author/lib/python3.10/site-packages/dgl/dataloading/dataloader.py:1076: DGLWarning: Dataloader CPU affinity opt is not enabled, consider switching it on (see enable_cpu_affinity() or CPU best practices for DGL [https://docs.dgl.ai/tutorials/cpu/cpu_best_practises.html])
  dgl_warning(
/workspace/pmp_vast/envs/pmp-author/lib/python3.10/site-packages/dgl/dataloading/dataloader.py:1076: DGLWarning: Dataloader CPU affinity opt is not enabled, consider switching it on (see enable_cpu_affinity() or CPU best practices for DGL [https://docs.dgl.ai/tutorials/cpu/cpu_best_practises.html])
  dgl_warning(
/workspace/pmp_vast/envs/pmp-author/lib/python3.10/site-packages/dgl/dataloading/dataloader.py:1076: DGLWarning: Dataloader CPU affinity opt is not enabled, consider switching it on (see enable_cpu_affinity() or CPU best practices for DGL [https://docs.dgl.ai/tutorials/cpu/cpu_best_practises.html])
  dgl_warning(
/workspace/pmp_vast/envs/pmp-author/lib/python3.10/site-packages/dgl/dataloading/dataloader.py:1076: DGLWarning: Dataloader CPU affinity opt is not enabled, consider switching it on (see enable_cpu_affinity() or CPU best practices for DGL [https://docs.dgl.ai/tutorials/cpu/cpu_best_practises.html])
  dgl_warning(
/workspace/pmp_vast/envs/pmp-author/lib/python3.10/site-packages/dgl/dataloading/dataloader.py:1076: DGLWarning: Dataloader CPU affinity opt is not enabled, consider switching it on (see enable_cpu_affinity() or CPU best practices for DGL [https://docs.dgl.ai/tutorials/cpu/cpu_best_practises.html])
  dgl_warning(
/workspace/pmp_vast/envs/pmp-author/lib/python3.10/site-packages/dgl/dataloading/dataloader.py:1076: DGLWarning: Dataloader CPU affinity opt is not enabled, consider switching it on (see enable_cpu_affinity() or CPU best practices for DGL [https://docs.dgl.ai/tutorials/cpu/cpu_best_practises.html])
  dgl_warning(
/workspace/pmp_vast/envs/pmp-author/lib/python3.10/site-packages/dgl/dataloading/dataloader.py:1076: DGLWarning: Dataloader CPU affinity opt is not enabled, consider switching it on (see enable_cpu_affinity() or CPU best practices for DGL [https://docs.dgl.ai/tutorials/cpu/cpu_best_practises.html])
  dgl_warning(
/workspace/pmp_vast/envs/pmp-author/lib/python3.10/site-packages/dgl/dataloading/dataloader.py:1076: DGLWarning: Dataloader CPU affinity opt is not enabled, consider switching it on (see enable_cpu_affinity() or CPU best practices for DGL [https://docs.dgl.ai/tutorials/cpu/cpu_best_practises.html])
  dgl_warning(
/workspace/pmp_vast/envs/pmp-author/lib/python3.10/site-packages/dgl/dataloading/dataloader.py:1076: DGLWarning: Dataloader CPU affinity opt is not enabled, consider switching it on (see enable_cpu_affinity() or CPU best practices for DGL [https://docs.dgl.ai/tutorials/cpu/cpu_best_practises.html])
  dgl_warning(
/workspace/pmp_vast/envs/pmp-author/lib/python3.10/site-packages/dgl/dataloading/dataloader.py:1076: DGLWarning: Dataloader CPU affinity opt is not enabled, consider switching it on (see enable_cpu_affinity() or CPU best practices for DGL [https://docs.dgl.ai/tutorials/cpu/cpu_best_practises.html])
  dgl_warning(
trial=10 epoch=100 loss=0.081700 val_AUPRC=0.900777 best=0.903035(85) patience=15/20 train=14.104s val=7.330s
TRIAL 10 DONE | lr=0.0001 wd=1e-05 | epoch=85 | val AUPRC=0.903035
/workspace/pmp_vast/envs/pmp-author/lib/python3.10/site-packages/dgl/dataloading/dataloader.py:1076: DGLWarning: Dataloader CPU affinity opt is not enabled, consider switching it on (see enable_cpu_affinity() or CPU best practices for DGL [https://docs.dgl.ai/tutorials/cpu/cpu_best_practises.html])
  dgl_warning(
trial=11 epoch=001 loss=0.305039 val_AUPRC=0.530560 best=0.530560(1) patience=0/20 train=15.182s val=7.278s
/workspace/pmp_vast/envs/pmp-author/lib/python3.10/site-packages/dgl/dataloading/dataloader.py:1076: DGLWarning: Dataloader CPU affinity opt is not enabled, consider switching it on (see enable_cpu_affinity() or CPU best practices for DGL [https://docs.dgl.ai/tutorials/cpu/cpu_best_practises.html])
  dgl_warning(
trial=11 epoch=002 loss=0.276411 val_AUPRC=0.690992 best=0.690992(2) patience=0/20 train=14.315s val=6.962s
/workspace/pmp_vast/envs/pmp-author/lib/python3.10/site-packages/dgl/dataloading/dataloader.py:1076: DGLWarning: Dataloader CPU affinity opt is not enabled, consider switching it on (see enable_cpu_affinity() or CPU best practices for DGL [https://docs.dgl.ai/tutorials/cpu/cpu_best_practises.html])
  dgl_warning(
trial=11 epoch=003 loss=0.260980 val_AUPRC=0.763156 best=0.763156(3) patience=0/20 train=14.166s val=6.615s
/workspace/pmp_vast/envs/pmp-author/lib/python3.10/site-packages/dgl/dataloading/dataloader.py:1076: DGLWarning: Dataloader CPU affinity opt is not enabled, consider switching it on (see enable_cpu_affinity() or CPU best practices for DGL [https://docs.dgl.ai/tutorials/cpu/cpu_best_practises.html])
  dgl_warning(
trial=11 epoch=004 loss=0.248894 val_AUPRC=0.795736 best=0.795736(4) patience=0/20 train=14.510s val=7.315s
/workspace/pmp_vast/envs/pmp-author/lib/python3.10/site-packages/dgl/dataloading/dataloader.py:1076: DGLWarning: Dataloader CPU affinity opt is not enabled, consider switching it on (see enable_cpu_affinity() or CPU best practices for DGL [https://docs.dgl.ai/tutorials/cpu/cpu_best_practises.html])
  dgl_warning(
trial=11 epoch=005 loss=0.228830 val_AUPRC=0.807679 best=0.807679(5) patience=0/20 train=14.197s val=7.172s
/workspace/pmp_vast/envs/pmp-author/lib/python3.10/site-packages/dgl/dataloading/dataloader.py:1076: DGLWarning: Dataloader CPU affinity opt is not enabled, consider switching it on (see enable_cpu_affinity() or CPU best practices for DGL [https://docs.dgl.ai/tutorials/cpu/cpu_best_practises.html])
  dgl_warning(
trial=11 epoch=006 loss=0.214089 val_AUPRC=0.818976 best=0.818976(6) patience=0/20 train=13.908s val=6.997s
/workspace/pmp_vast/envs/pmp-author/lib/python3.10/site-packages/dgl/dataloading/dataloader.py:1076: DGLWarning: Dataloader CPU affinity opt is not enabled, consider switching it on (see enable_cpu_affinity() or CPU best practices for DGL [https://docs.dgl.ai/tutorials/cpu/cpu_best_practises.html])
  dgl_warning(
/workspace/pmp_vast/envs/pmp-author/lib/python3.10/site-packages/dgl/dataloading/dataloader.py:1076: DGLWarning: Dataloader CPU affinity opt is not enabled, consider switching it on (see enable_cpu_affinity() or CPU best practices for DGL [https://docs.dgl.ai/tutorials/cpu/cpu_best_practises.html])
  dgl_warning(
trial=11 epoch=008 loss=0.193588 val_AUPRC=0.833546 best=0.833546(8) patience=0/20 train=15.541s val=7.408s
/workspace/pmp_vast/envs/pmp-author/lib/python3.10/site-packages/dgl/dataloading/dataloader.py:1076: DGLWarning: Dataloader CPU affinity opt is not enabled, consider switching it on (see enable_cpu_affinity() or CPU best practices for DGL [https://docs.dgl.ai/tutorials/cpu/cpu_best_practises.html])
  dgl_warning(
trial=11 epoch=009 loss=0.175587 val_AUPRC=0.840867 best=0.840867(9) patience=0/20 train=14.382s val=7.585s
/workspace/pmp_vast/envs/pmp-author/lib/python3.10/site-packages/dgl/dataloading/dataloader.py:1076: DGLWarning: Dataloader CPU affinity opt is not enabled, consider switching it on (see enable_cpu_affinity() or CPU best practices for DGL [https://docs.dgl.ai/tutorials/cpu/cpu_best_practises.html])
  dgl_warning(
trial=11 epoch=010 loss=0.169015 val_AUPRC=0.840848 best=0.840867(9) patience=1/20 train=16.385s val=7.311s
/workspace/pmp_vast/envs/pmp-author/lib/python3.10/site-packages/dgl/dataloading/dataloader.py:1076: DGLWarning: Dataloader CPU affinity opt is not enabled, consider switching it on (see enable_cpu_affinity() or CPU best practices for DGL [https://docs.dgl.ai/tutorials/cpu/cpu_best_practises.html])
  dgl_warning(
trial=11 epoch=011 loss=0.158669 val_AUPRC=0.847506 best=0.847506(11) patience=0/20 train=16.414s val=7.005s
/workspace/pmp_vast/envs/pmp-author/lib/python3.10/site-packages/dgl/dataloading/dataloader.py:1076: DGLWarning: Dataloader CPU affinity opt is not enabled, consider switching it on (see enable_cpu_affinity() or CPU best practices for DGL [https://docs.dgl.ai/tutorials/cpu/cpu_best_practises.html])
  dgl_warning(
trial=11 epoch=012 loss=0.156800 val_AUPRC=0.851232 best=0.851232(12) patience=0/20 train=17.944s val=6.699s
/workspace/pmp_vast/envs/pmp-author/lib/python3.10/site-packages/dgl/dataloading/dataloader.py:1076: DGLWarning: Dataloader CPU affinity opt is not enabled, consider switching it on (see enable_cpu_affinity() or CPU best practices for DGL [https://docs.dgl.ai/tutorials/cpu/cpu_best_practises.html])
  dgl_warning(
trial=11 epoch=013 loss=0.146674 val_AUPRC=0.859316 best=0.859316(13) patience=0/20 train=15.497s val=6.766s
/workspace/pmp_vast/envs/pmp-author/lib/python3.10/site-packages/dgl/dataloading/dataloader.py:1076: DGLWarning: Dataloader CPU affinity opt is not enabled, consider switching it on (see enable_cpu_affinity() or CPU best practices for DGL [https://docs.dgl.ai/tutorials/cpu/cpu_best_practises.html])
  dgl_warning(
trial=11 epoch=014 loss=0.147646 val_AUPRC=0.859869 best=0.859869(14) patience=0/20 train=13.856s val=7.564s
/workspace/pmp_vast/envs/pmp-author/lib/python3.10/site-packages/dgl/dataloading/dataloader.py:1076: DGLWarning: Dataloader CPU affinity opt is not enabled, consider switching it on (see enable_cpu_affinity() or CPU best practices for DGL [https://docs.dgl.ai/tutorials/cpu/cpu_best_practises.html])
  dgl_warning(
trial=11 epoch=015 loss=0.137022 val_AUPRC=0.861638 best=0.861638(15) patience=0/20 train=13.600s val=8.228s
/workspace/pmp_vast/envs/pmp-author/lib/python3.10/site-packages/dgl/dataloading/dataloader.py:1076: DGLWarning: Dataloader CPU affinity opt is not enabled, consider switching it on (see enable_cpu_affinity() or CPU best practices for DGL [https://docs.dgl.ai/tutorials/cpu/cpu_best_practises.html])
  dgl_warning(
/workspace/pmp_vast/envs/pmp-author/lib/python3.10/site-packages/dgl/dataloading/dataloader.py:1076: DGLWarning: Dataloader CPU affinity opt is not enabled, consider switching it on (see enable_cpu_affinity() or CPU best practices for DGL [https://docs.dgl.ai/tutorials/cpu/cpu_best_practises.html])
  dgl_warning(
trial=11 epoch=017 loss=0.136174 val_AUPRC=0.864586 best=0.864586(17) patience=0/20 train=15.419s val=7.283s
/workspace/pmp_vast/envs/pmp-author/lib/python3.10/site-packages/dgl/dataloading/dataloader.py:1076: DGLWarning: Dataloader CPU affinity opt is not enabled, consider switching it on (see enable_cpu_affinity() or CPU best practices for DGL [https://docs.dgl.ai/tutorials/cpu/cpu_best_practises.html])
  dgl_warning(
/workspace/pmp_vast/envs/pmp-author/lib/python3.10/site-packages/dgl/dataloading/dataloader.py:1076: DGLWarning: Dataloader CPU affinity opt is not enabled, consider switching it on (see enable_cpu_affinity() or CPU best practices for DGL [https://docs.dgl.ai/tutorials/cpu/cpu_best_practises.html])
  dgl_warning(
trial=11 epoch=019 loss=0.132262 val_AUPRC=0.867881 best=0.867881(19) patience=0/20 train=14.862s val=7.464s
/workspace/pmp_vast/envs/pmp-author/lib/python3.10/site-packages/dgl/dataloading/dataloader.py:1076: DGLWarning: Dataloader CPU affinity opt is not enabled, consider switching it on (see enable_cpu_affinity() or CPU best practices for DGL [https://docs.dgl.ai/tutorials/cpu/cpu_best_practises.html])
  dgl_warning(
trial=11 epoch=020 loss=0.128975 val_AUPRC=0.868186 best=0.868186(20) patience=0/20 train=15.222s val=9.708s
/workspace/pmp_vast/envs/pmp-author/lib/python3.10/site-packages/dgl/dataloading/dataloader.py:1076: DGLWarning: Dataloader CPU affinity opt is not enabled, consider switching it on (see enable_cpu_affinity() or CPU best practices for DGL [https://docs.dgl.ai/tutorials/cpu/cpu_best_practises.html])
  dgl_warning(
trial=11 epoch=021 loss=0.127565 val_AUPRC=0.878530 best=0.878530(21) patience=0/20 train=14.708s val=7.884s
/workspace/pmp_vast/envs/pmp-author/lib/python3.10/site-packages/dgl/dataloading/dataloader.py:1076: DGLWarning: Dataloader CPU affinity opt is not enabled, consider switching it on (see enable_cpu_affinity() or CPU best practices for DGL [https://docs.dgl.ai/tutorials/cpu/cpu_best_practises.html])
  dgl_warning(
/workspace/pmp_vast/envs/pmp-author/lib/python3.10/site-packages/dgl/dataloading/dataloader.py:1076: DGLWarning: Dataloader CPU affinity opt is not enabled, consider switching it on (see enable_cpu_affinity() or CPU best practices for DGL [https://docs.dgl.ai/tutorials/cpu/cpu_best_practises.html])
  dgl_warning(
trial=11 epoch=023 loss=0.122053 val_AUPRC=0.881701 best=0.881701(23) patience=0/20 train=14.128s val=7.471s
/workspace/pmp_vast/envs/pmp-author/lib/python3.10/site-packages/dgl/dataloading/dataloader.py:1076: DGLWarning: Dataloader CPU affinity opt is not enabled, consider switching it on (see enable_cpu_affinity() or CPU best practices for DGL [https://docs.dgl.ai/tutorials/cpu/cpu_best_practises.html])
  dgl_warning(
/workspace/pmp_vast/envs/pmp-author/lib/python3.10/site-packages/dgl/dataloading/dataloader.py:1076: DGLWarning: Dataloader CPU affinity opt is not enabled, consider switching it on (see enable_cpu_affinity() or CPU best practices for DGL [https://docs.dgl.ai/tutorials/cpu/cpu_best_practises.html])
  dgl_warning(
/workspace/pmp_vast/envs/pmp-author/lib/python3.10/site-packages/dgl/dataloading/dataloader.py:1076: DGLWarning: Dataloader CPU affinity opt is not enabled, consider switching it on (see enable_cpu_affinity() or CPU best practices for DGL [https://docs.dgl.ai/tutorials/cpu/cpu_best_practises.html])
  dgl_warning(
/workspace/pmp_vast/envs/pmp-author/lib/python3.10/site-packages/dgl/dataloading/dataloader.py:1076: DGLWarning: Dataloader CPU affinity opt is not enabled, consider switching it on (see enable_cpu_affinity() or CPU best practices for DGL [https://docs.dgl.ai/tutorials/cpu/cpu_best_practises.html])
  dgl_warning(
/workspace/pmp_vast/envs/pmp-author/lib/python3.10/site-packages/dgl/dataloading/dataloader.py:1076: DGLWarning: Dataloader CPU affinity opt is not enabled, consider switching it on (see enable_cpu_affinity() or CPU best practices for DGL [https://docs.dgl.ai/tutorials/cpu/cpu_best_practises.html])
  dgl_warning(
trial=11 epoch=028 loss=0.118182 val_AUPRC=0.882874 best=0.882874(28) patience=0/20 train=20.048s val=12.486s
/workspace/pmp_vast/envs/pmp-author/lib/python3.10/site-packages/dgl/dataloading/dataloader.py:1076: DGLWarning: Dataloader CPU affinity opt is not enabled, consider switching it on (see enable_cpu_affinity() or CPU best practices for DGL [https://docs.dgl.ai/tutorials/cpu/cpu_best_practises.html])
  dgl_warning(
/workspace/pmp_vast/envs/pmp-author/lib/python3.10/site-packages/dgl/dataloading/dataloader.py:1076: DGLWarning: Dataloader CPU affinity opt is not enabled, consider switching it on (see enable_cpu_affinity() or CPU best practices for DGL [https://docs.dgl.ai/tutorials/cpu/cpu_best_practises.html])
  dgl_warning(
trial=11 epoch=030 loss=0.116274 val_AUPRC=0.880664 best=0.882874(28) patience=2/20 train=20.356s val=10.526s
/workspace/pmp_vast/envs/pmp-author/lib/python3.10/site-packages/dgl/dataloading/dataloader.py:1076: DGLWarning: Dataloader CPU affinity opt is not enabled, consider switching it on (see enable_cpu_affinity() or CPU best practices for DGL [https://docs.dgl.ai/tutorials/cpu/cpu_best_practises.html])
  dgl_warning(
/workspace/pmp_vast/envs/pmp-author/lib/python3.10/site-packages/dgl/dataloading/dataloader.py:1076: DGLWarning: Dataloader CPU affinity opt is not enabled, consider switching it on (see enable_cpu_affinity() or CPU best practices for DGL [https://docs.dgl.ai/tutorials/cpu/cpu_best_practises.html])
  dgl_warning(
/workspace/pmp_vast/envs/pmp-author/lib/python3.10/site-packages/dgl/dataloading/dataloader.py:1076: DGLWarning: Dataloader CPU affinity opt is not enabled, consider switching it on (see enable_cpu_affinity() or CPU best practices for DGL [https://docs.dgl.ai/tutorials/cpu/cpu_best_practises.html])
  dgl_warning(
/workspace/pmp_vast/envs/pmp-author/lib/python3.10/site-packages/dgl/dataloading/dataloader.py:1076: DGLWarning: Dataloader CPU affinity opt is not enabled, consider switching it on (see enable_cpu_affinity() or CPU best practices for DGL [https://docs.dgl.ai/tutorials/cpu/cpu_best_practises.html])
  dgl_warning(
/workspace/pmp_vast/envs/pmp-author/lib/python3.10/site-packages/dgl/dataloading/dataloader.py:1076: DGLWarning: Dataloader CPU affinity opt is not enabled, consider switching it on (see enable_cpu_affinity() or CPU best practices for DGL [https://docs.dgl.ai/tutorials/cpu/cpu_best_practises.html])
  dgl_warning(
trial=11 epoch=035 loss=0.109374 val_AUPRC=0.884604 best=0.884604(35) patience=0/20 train=12.460s val=5.982s
/workspace/pmp_vast/envs/pmp-author/lib/python3.10/site-packages/dgl/dataloading/dataloader.py:1076: DGLWarning: Dataloader CPU affinity opt is not enabled, consider switching it on (see enable_cpu_affinity() or CPU best practices for DGL [https://docs.dgl.ai/tutorials/cpu/cpu_best_practises.html])
  dgl_warning(
/workspace/pmp_vast/envs/pmp-author/lib/python3.10/site-packages/dgl/dataloading/dataloader.py:1076: DGLWarning: Dataloader CPU affinity opt is not enabled, consider switching it on (see enable_cpu_affinity() or CPU best practices for DGL [https://docs.dgl.ai/tutorials/cpu/cpu_best_practises.html])
  dgl_warning(
/workspace/pmp_vast/envs/pmp-author/lib/python3.10/site-packages/dgl/dataloading/dataloader.py:1076: DGLWarning: Dataloader CPU affinity opt is not enabled, consider switching it on (see enable_cpu_affinity() or CPU best practices for DGL [https://docs.dgl.ai/tutorials/cpu/cpu_best_practises.html])
  dgl_warning(
/workspace/pmp_vast/envs/pmp-author/lib/python3.10/site-packages/dgl/dataloading/dataloader.py:1076: DGLWarning: Dataloader CPU affinity opt is not enabled, consider switching it on (see enable_cpu_affinity() or CPU best practices for DGL [https://docs.dgl.ai/tutorials/cpu/cpu_best_practises.html])
  dgl_warning(
/workspace/pmp_vast/envs/pmp-author/lib/python3.10/site-packages/dgl/dataloading/dataloader.py:1076: DGLWarning: Dataloader CPU affinity opt is not enabled, consider switching it on (see enable_cpu_affinity() or CPU best practices for DGL [https://docs.dgl.ai/tutorials/cpu/cpu_best_practises.html])
  dgl_warning(
trial=11 epoch=040 loss=0.109525 val_AUPRC=0.884512 best=0.884604(35) patience=5/20 train=13.658s val=7.390s
/workspace/pmp_vast/envs/pmp-author/lib/python3.10/site-packages/dgl/dataloading/dataloader.py:1076: DGLWarning: Dataloader CPU affinity opt is not enabled, consider switching it on (see enable_cpu_affinity() or CPU best practices for DGL [https://docs.dgl.ai/tutorials/cpu/cpu_best_practises.html])
  dgl_warning(
trial=11 epoch=041 loss=0.107195 val_AUPRC=0.886287 best=0.886287(41) patience=0/20 train=13.637s val=6.983s
/workspace/pmp_vast/envs/pmp-author/lib/python3.10/site-packages/dgl/dataloading/dataloader.py:1076: DGLWarning: Dataloader CPU affinity opt is not enabled, consider switching it on (see enable_cpu_affinity() or CPU best practices for DGL [https://docs.dgl.ai/tutorials/cpu/cpu_best_practises.html])
  dgl_warning(
/workspace/pmp_vast/envs/pmp-author/lib/python3.10/site-packages/dgl/dataloading/dataloader.py:1076: DGLWarning: Dataloader CPU affinity opt is not enabled, consider switching it on (see enable_cpu_affinity() or CPU best practices for DGL [https://docs.dgl.ai/tutorials/cpu/cpu_best_practises.html])
  dgl_warning(
trial=11 epoch=043 loss=0.107179 val_AUPRC=0.887337 best=0.887337(43) patience=0/20 train=14.161s val=7.137s
/workspace/pmp_vast/envs/pmp-author/lib/python3.10/site-packages/dgl/dataloading/dataloader.py:1076: DGLWarning: Dataloader CPU affinity opt is not enabled, consider switching it on (see enable_cpu_affinity() or CPU best practices for DGL [https://docs.dgl.ai/tutorials/cpu/cpu_best_practises.html])
  dgl_warning(
trial=11 epoch=044 loss=0.104797 val_AUPRC=0.887685 best=0.887685(44) patience=0/20 train=15.051s val=6.577s
/workspace/pmp_vast/envs/pmp-author/lib/python3.10/site-packages/dgl/dataloading/dataloader.py:1076: DGLWarning: Dataloader CPU affinity opt is not enabled, consider switching it on (see enable_cpu_affinity() or CPU best practices for DGL [https://docs.dgl.ai/tutorials/cpu/cpu_best_practises.html])
  dgl_warning(
/workspace/pmp_vast/envs/pmp-author/lib/python3.10/site-packages/dgl/dataloading/dataloader.py:1076: DGLWarning: Dataloader CPU affinity opt is not enabled, consider switching it on (see enable_cpu_affinity() or CPU best practices for DGL [https://docs.dgl.ai/tutorials/cpu/cpu_best_practises.html])
  dgl_warning(
/workspace/pmp_vast/envs/pmp-author/lib/python3.10/site-packages/dgl/dataloading/dataloader.py:1076: DGLWarning: Dataloader CPU affinity opt is not enabled, consider switching it on (see enable_cpu_affinity() or CPU best practices for DGL [https://docs.dgl.ai/tutorials/cpu/cpu_best_practises.html])
  dgl_warning(
/workspace/pmp_vast/envs/pmp-author/lib/python3.10/site-packages/dgl/dataloading/dataloader.py:1076: DGLWarning: Dataloader CPU affinity opt is not enabled, consider switching it on (see enable_cpu_affinity() or CPU best practices for DGL [https://docs.dgl.ai/tutorials/cpu/cpu_best_practises.html])
  dgl_warning(
/workspace/pmp_vast/envs/pmp-author/lib/python3.10/site-packages/dgl/dataloading/dataloader.py:1076: DGLWarning: Dataloader CPU affinity opt is not enabled, consider switching it on (see enable_cpu_affinity() or CPU best practices for DGL [https://docs.dgl.ai/tutorials/cpu/cpu_best_practises.html])
  dgl_warning(
/workspace/pmp_vast/envs/pmp-author/lib/python3.10/site-packages/dgl/dataloading/dataloader.py:1076: DGLWarning: Dataloader CPU affinity opt is not enabled, consider switching it on (see enable_cpu_affinity() or CPU best practices for DGL [https://docs.dgl.ai/tutorials/cpu/cpu_best_practises.html])
  dgl_warning(
trial=11 epoch=050 loss=0.101392 val_AUPRC=0.883337 best=0.887685(44) patience=6/20 train=13.715s val=6.257s
/workspace/pmp_vast/envs/pmp-author/lib/python3.10/site-packages/dgl/dataloading/dataloader.py:1076: DGLWarning: Dataloader CPU affinity opt is not enabled, consider switching it on (see enable_cpu_affinity() or CPU best practices for DGL [https://docs.dgl.ai/tutorials/cpu/cpu_best_practises.html])
  dgl_warning(
/workspace/pmp_vast/envs/pmp-author/lib/python3.10/site-packages/dgl/dataloading/dataloader.py:1076: DGLWarning: Dataloader CPU affinity opt is not enabled, consider switching it on (see enable_cpu_affinity() or CPU best practices for DGL [https://docs.dgl.ai/tutorials/cpu/cpu_best_practises.html])
  dgl_warning(
/workspace/pmp_vast/envs/pmp-author/lib/python3.10/site-packages/dgl/dataloading/dataloader.py:1076: DGLWarning: Dataloader CPU affinity opt is not enabled, consider switching it on (see enable_cpu_affinity() or CPU best practices for DGL [https://docs.dgl.ai/tutorials/cpu/cpu_best_practises.html])
  dgl_warning(
trial=11 epoch=053 loss=0.105318 val_AUPRC=0.890109 best=0.890109(53) patience=0/20 train=12.958s val=6.882s
/workspace/pmp_vast/envs/pmp-author/lib/python3.10/site-packages/dgl/dataloading/dataloader.py:1076: DGLWarning: Dataloader CPU affinity opt is not enabled, consider switching it on (see enable_cpu_affinity() or CPU best practices for DGL [https://docs.dgl.ai/tutorials/cpu/cpu_best_practises.html])
  dgl_warning(
/workspace/pmp_vast/envs/pmp-author/lib/python3.10/site-packages/dgl/dataloading/dataloader.py:1076: DGLWarning: Dataloader CPU affinity opt is not enabled, consider switching it on (see enable_cpu_affinity() or CPU best practices for DGL [https://docs.dgl.ai/tutorials/cpu/cpu_best_practises.html])
  dgl_warning(
/workspace/pmp_vast/envs/pmp-author/lib/python3.10/site-packages/dgl/dataloading/dataloader.py:1076: DGLWarning: Dataloader CPU affinity opt is not enabled, consider switching it on (see enable_cpu_affinity() or CPU best practices for DGL [https://docs.dgl.ai/tutorials/cpu/cpu_best_practises.html])
  dgl_warning(
/workspace/pmp_vast/envs/pmp-author/lib/python3.10/site-packages/dgl/dataloading/dataloader.py:1076: DGLWarning: Dataloader CPU affinity opt is not enabled, consider switching it on (see enable_cpu_affinity() or CPU best practices for DGL [https://docs.dgl.ai/tutorials/cpu/cpu_best_practises.html])
  dgl_warning(
/workspace/pmp_vast/envs/pmp-author/lib/python3.10/site-packages/dgl/dataloading/dataloader.py:1076: DGLWarning: Dataloader CPU affinity opt is not enabled, consider switching it on (see enable_cpu_affinity() or CPU best practices for DGL [https://docs.dgl.ai/tutorials/cpu/cpu_best_practises.html])
  dgl_warning(
/workspace/pmp_vast/envs/pmp-author/lib/python3.10/site-packages/dgl/dataloading/dataloader.py:1076: DGLWarning: Dataloader CPU affinity opt is not enabled, consider switching it on (see enable_cpu_affinity() or CPU best practices for DGL [https://docs.dgl.ai/tutorials/cpu/cpu_best_practises.html])
  dgl_warning(
/workspace/pmp_vast/envs/pmp-author/lib/python3.10/site-packages/dgl/dataloading/dataloader.py:1076: DGLWarning: Dataloader CPU affinity opt is not enabled, consider switching it on (see enable_cpu_affinity() or CPU best practices for DGL [https://docs.dgl.ai/tutorials/cpu/cpu_best_practises.html])
  dgl_warning(
trial=11 epoch=060 loss=0.094020 val_AUPRC=0.884629 best=0.890109(53) patience=7/20 train=11.383s val=5.706s
/workspace/pmp_vast/envs/pmp-author/lib/python3.10/site-packages/dgl/dataloading/dataloader.py:1076: DGLWarning: Dataloader CPU affinity opt is not enabled, consider switching it on (see enable_cpu_affinity() or CPU best practices for DGL [https://docs.dgl.ai/tutorials/cpu/cpu_best_practises.html])
  dgl_warning(
/workspace/pmp_vast/envs/pmp-author/lib/python3.10/site-packages/dgl/dataloading/dataloader.py:1076: DGLWarning: Dataloader CPU affinity opt is not enabled, consider switching it on (see enable_cpu_affinity() or CPU best practices for DGL [https://docs.dgl.ai/tutorials/cpu/cpu_best_practises.html])
  dgl_warning(
/workspace/pmp_vast/envs/pmp-author/lib/python3.10/site-packages/dgl/dataloading/dataloader.py:1076: DGLWarning: Dataloader CPU affinity opt is not enabled, consider switching it on (see enable_cpu_affinity() or CPU best practices for DGL [https://docs.dgl.ai/tutorials/cpu/cpu_best_practises.html])
  dgl_warning(
/workspace/pmp_vast/envs/pmp-author/lib/python3.10/site-packages/dgl/dataloading/dataloader.py:1076: DGLWarning: Dataloader CPU affinity opt is not enabled, consider switching it on (see enable_cpu_affinity() or CPU best practices for DGL [https://docs.dgl.ai/tutorials/cpu/cpu_best_practises.html])
  dgl_warning(
/workspace/pmp_vast/envs/pmp-author/lib/python3.10/site-packages/dgl/dataloading/dataloader.py:1076: DGLWarning: Dataloader CPU affinity opt is not enabled, consider switching it on (see enable_cpu_affinity() or CPU best practices for DGL [https://docs.dgl.ai/tutorials/cpu/cpu_best_practises.html])
  dgl_warning(
/workspace/pmp_vast/envs/pmp-author/lib/python3.10/site-packages/dgl/dataloading/dataloader.py:1076: DGLWarning: Dataloader CPU affinity opt is not enabled, consider switching it on (see enable_cpu_affinity() or CPU best practices for DGL [https://docs.dgl.ai/tutorials/cpu/cpu_best_practises.html])
  dgl_warning(
/workspace/pmp_vast/envs/pmp-author/lib/python3.10/site-packages/dgl/dataloading/dataloader.py:1076: DGLWarning: Dataloader CPU affinity opt is not enabled, consider switching it on (see enable_cpu_affinity() or CPU best practices for DGL [https://docs.dgl.ai/tutorials/cpu/cpu_best_practises.html])
  dgl_warning(
/workspace/pmp_vast/envs/pmp-author/lib/python3.10/site-packages/dgl/dataloading/dataloader.py:1076: DGLWarning: Dataloader CPU affinity opt is not enabled, consider switching it on (see enable_cpu_affinity() or CPU best practices for DGL [https://docs.dgl.ai/tutorials/cpu/cpu_best_practises.html])
  dgl_warning(
/workspace/pmp_vast/envs/pmp-author/lib/python3.10/site-packages/dgl/dataloading/dataloader.py:1076: DGLWarning: Dataloader CPU affinity opt is not enabled, consider switching it on (see enable_cpu_affinity() or CPU best practices for DGL [https://docs.dgl.ai/tutorials/cpu/cpu_best_practises.html])
  dgl_warning(
trial=11 epoch=069 loss=0.095403 val_AUPRC=0.891783 best=0.891783(69) patience=0/20 train=11.675s val=5.082s
/workspace/pmp_vast/envs/pmp-author/lib/python3.10/site-packages/dgl/dataloading/dataloader.py:1076: DGLWarning: Dataloader CPU affinity opt is not enabled, consider switching it on (see enable_cpu_affinity() or CPU best practices for DGL [https://docs.dgl.ai/tutorials/cpu/cpu_best_practises.html])
  dgl_warning(
trial=11 epoch=070 loss=0.093398 val_AUPRC=0.891279 best=0.891783(69) patience=1/20 train=10.608s val=5.873s
/workspace/pmp_vast/envs/pmp-author/lib/python3.10/site-packages/dgl/dataloading/dataloader.py:1076: DGLWarning: Dataloader CPU affinity opt is not enabled, consider switching it on (see enable_cpu_affinity() or CPU best practices for DGL [https://docs.dgl.ai/tutorials/cpu/cpu_best_practises.html])
  dgl_warning(
/workspace/pmp_vast/envs/pmp-author/lib/python3.10/site-packages/dgl/dataloading/dataloader.py:1076: DGLWarning: Dataloader CPU affinity opt is not enabled, consider switching it on (see enable_cpu_affinity() or CPU best practices for DGL [https://docs.dgl.ai/tutorials/cpu/cpu_best_practises.html])
  dgl_warning(
trial=11 epoch=072 loss=0.093153 val_AUPRC=0.895019 best=0.895019(72) patience=0/20 train=18.419s val=9.536s
/workspace/pmp_vast/envs/pmp-author/lib/python3.10/site-packages/dgl/dataloading/dataloader.py:1076: DGLWarning: Dataloader CPU affinity opt is not enabled, consider switching it on (see enable_cpu_affinity() or CPU best practices for DGL [https://docs.dgl.ai/tutorials/cpu/cpu_best_practises.html])
  dgl_warning(
/workspace/pmp_vast/envs/pmp-author/lib/python3.10/site-packages/dgl/dataloading/dataloader.py:1076: DGLWarning: Dataloader CPU affinity opt is not enabled, consider switching it on (see enable_cpu_affinity() or CPU best practices for DGL [https://docs.dgl.ai/tutorials/cpu/cpu_best_practises.html])
  dgl_warning(
/workspace/pmp_vast/envs/pmp-author/lib/python3.10/site-packages/dgl/dataloading/dataloader.py:1076: DGLWarning: Dataloader CPU affinity opt is not enabled, consider switching it on (see enable_cpu_affinity() or CPU best practices for DGL [https://docs.dgl.ai/tutorials/cpu/cpu_best_practises.html])
  dgl_warning(
/workspace/pmp_vast/envs/pmp-author/lib/python3.10/site-packages/dgl/dataloading/dataloader.py:1076: DGLWarning: Dataloader CPU affinity opt is not enabled, consider switching it on (see enable_cpu_affinity() or CPU best practices for DGL [https://docs.dgl.ai/tutorials/cpu/cpu_best_practises.html])
  dgl_warning(
/workspace/pmp_vast/envs/pmp-author/lib/python3.10/site-packages/dgl/dataloading/dataloader.py:1076: DGLWarning: Dataloader CPU affinity opt is not enabled, consider switching it on (see enable_cpu_affinity() or CPU best practices for DGL [https://docs.dgl.ai/tutorials/cpu/cpu_best_practises.html])
  dgl_warning(
/workspace/pmp_vast/envs/pmp-author/lib/python3.10/site-packages/dgl/dataloading/dataloader.py:1076: DGLWarning: Dataloader CPU affinity opt is not enabled, consider switching it on (see enable_cpu_affinity() or CPU best practices for DGL [https://docs.dgl.ai/tutorials/cpu/cpu_best_practises.html])
  dgl_warning(
/workspace/pmp_vast/envs/pmp-author/lib/python3.10/site-packages/dgl/dataloading/dataloader.py:1076: DGLWarning: Dataloader CPU affinity opt is not enabled, consider switching it on (see enable_cpu_affinity() or CPU best practices for DGL [https://docs.dgl.ai/tutorials/cpu/cpu_best_practises.html])
  dgl_warning(
/workspace/pmp_vast/envs/pmp-author/lib/python3.10/site-packages/dgl/dataloading/dataloader.py:1076: DGLWarning: Dataloader CPU affinity opt is not enabled, consider switching it on (see enable_cpu_affinity() or CPU best practices for DGL [https://docs.dgl.ai/tutorials/cpu/cpu_best_practises.html])
  dgl_warning(
trial=11 epoch=080 loss=0.089166 val_AUPRC=0.894368 best=0.895019(72) patience=8/20 train=12.983s val=7.694s
/workspace/pmp_vast/envs/pmp-author/lib/python3.10/site-packages/dgl/dataloading/dataloader.py:1076: DGLWarning: Dataloader CPU affinity opt is not enabled, consider switching it on (see enable_cpu_affinity() or CPU best practices for DGL [https://docs.dgl.ai/tutorials/cpu/cpu_best_practises.html])
  dgl_warning(
/workspace/pmp_vast/envs/pmp-author/lib/python3.10/site-packages/dgl/dataloading/dataloader.py:1076: DGLWarning: Dataloader CPU affinity opt is not enabled, consider switching it on (see enable_cpu_affinity() or CPU best practices for DGL [https://docs.dgl.ai/tutorials/cpu/cpu_best_practises.html])
  dgl_warning(
trial=11 epoch=082 loss=0.085399 val_AUPRC=0.896413 best=0.896413(82) patience=0/20 train=16.772s val=11.120s
/workspace/pmp_vast/envs/pmp-author/lib/python3.10/site-packages/dgl/dataloading/dataloader.py:1076: DGLWarning: Dataloader CPU affinity opt is not enabled, consider switching it on (see enable_cpu_affinity() or CPU best practices for DGL [https://docs.dgl.ai/tutorials/cpu/cpu_best_practises.html])
  dgl_warning(
trial=11 epoch=083 loss=0.086393 val_AUPRC=0.899061 best=0.899061(83) patience=0/20 train=13.020s val=5.613s
/workspace/pmp_vast/envs/pmp-author/lib/python3.10/site-packages/dgl/dataloading/dataloader.py:1076: DGLWarning: Dataloader CPU affinity opt is not enabled, consider switching it on (see enable_cpu_affinity() or CPU best practices for DGL [https://docs.dgl.ai/tutorials/cpu/cpu_best_practises.html])
  dgl_warning(
/workspace/pmp_vast/envs/pmp-author/lib/python3.10/site-packages/dgl/dataloading/dataloader.py:1076: DGLWarning: Dataloader CPU affinity opt is not enabled, consider switching it on (see enable_cpu_affinity() or CPU best practices for DGL [https://docs.dgl.ai/tutorials/cpu/cpu_best_practises.html])
  dgl_warning(
/workspace/pmp_vast/envs/pmp-author/lib/python3.10/site-packages/dgl/dataloading/dataloader.py:1076: DGLWarning: Dataloader CPU affinity opt is not enabled, consider switching it on (see enable_cpu_affinity() or CPU best practices for DGL [https://docs.dgl.ai/tutorials/cpu/cpu_best_practises.html])
  dgl_warning(
/workspace/pmp_vast/envs/pmp-author/lib/python3.10/site-packages/dgl/dataloading/dataloader.py:1076: DGLWarning: Dataloader CPU affinity opt is not enabled, consider switching it on (see enable_cpu_affinity() or CPU best practices for DGL [https://docs.dgl.ai/tutorials/cpu/cpu_best_practises.html])
  dgl_warning(
/workspace/pmp_vast/envs/pmp-author/lib/python3.10/site-packages/dgl/dataloading/dataloader.py:1076: DGLWarning: Dataloader CPU affinity opt is not enabled, consider switching it on (see enable_cpu_affinity() or CPU best practices for DGL [https://docs.dgl.ai/tutorials/cpu/cpu_best_practises.html])
  dgl_warning(
trial=11 epoch=088 loss=0.090250 val_AUPRC=0.899950 best=0.899950(88) patience=0/20 train=16.152s val=9.239s
/workspace/pmp_vast/envs/pmp-author/lib/python3.10/site-packages/dgl/dataloading/dataloader.py:1076: DGLWarning: Dataloader CPU affinity opt is not enabled, consider switching it on (see enable_cpu_affinity() or CPU best practices for DGL [https://docs.dgl.ai/tutorials/cpu/cpu_best_practises.html])
  dgl_warning(
trial=11 epoch=089 loss=0.087795 val_AUPRC=0.900061 best=0.900061(89) patience=0/20 train=16.580s val=6.418s
/workspace/pmp_vast/envs/pmp-author/lib/python3.10/site-packages/dgl/dataloading/dataloader.py:1076: DGLWarning: Dataloader CPU affinity opt is not enabled, consider switching it on (see enable_cpu_affinity() or CPU best practices for DGL [https://docs.dgl.ai/tutorials/cpu/cpu_best_practises.html])
  dgl_warning(
trial=11 epoch=090 loss=0.083914 val_AUPRC=0.899852 best=0.900061(89) patience=1/20 train=17.167s val=7.696s
/workspace/pmp_vast/envs/pmp-author/lib/python3.10/site-packages/dgl/dataloading/dataloader.py:1076: DGLWarning: Dataloader CPU affinity opt is not enabled, consider switching it on (see enable_cpu_affinity() or CPU best practices for DGL [https://docs.dgl.ai/tutorials/cpu/cpu_best_practises.html])
  dgl_warning(
/workspace/pmp_vast/envs/pmp-author/lib/python3.10/site-packages/dgl/dataloading/dataloader.py:1076: DGLWarning: Dataloader CPU affinity opt is not enabled, consider switching it on (see enable_cpu_affinity() or CPU best practices for DGL [https://docs.dgl.ai/tutorials/cpu/cpu_best_practises.html])
  dgl_warning(
/workspace/pmp_vast/envs/pmp-author/lib/python3.10/site-packages/dgl/dataloading/dataloader.py:1076: DGLWarning: Dataloader CPU affinity opt is not enabled, consider switching it on (see enable_cpu_affinity() or CPU best practices for DGL [https://docs.dgl.ai/tutorials/cpu/cpu_best_practises.html])
  dgl_warning(
/workspace/pmp_vast/envs/pmp-author/lib/python3.10/site-packages/dgl/dataloading/dataloader.py:1076: DGLWarning: Dataloader CPU affinity opt is not enabled, consider switching it on (see enable_cpu_affinity() or CPU best practices for DGL [https://docs.dgl.ai/tutorials/cpu/cpu_best_practises.html])
  dgl_warning(
/workspace/pmp_vast/envs/pmp-author/lib/python3.10/site-packages/dgl/dataloading/dataloader.py:1076: DGLWarning: Dataloader CPU affinity opt is not enabled, consider switching it on (see enable_cpu_affinity() or CPU best practices for DGL [https://docs.dgl.ai/tutorials/cpu/cpu_best_practises.html])
  dgl_warning(
/workspace/pmp_vast/envs/pmp-author/lib/python3.10/site-packages/dgl/dataloading/dataloader.py:1076: DGLWarning: Dataloader CPU affinity opt is not enabled, consider switching it on (see enable_cpu_affinity() or CPU best practices for DGL [https://docs.dgl.ai/tutorials/cpu/cpu_best_practises.html])
  dgl_warning(
/workspace/pmp_vast/envs/pmp-author/lib/python3.10/site-packages/dgl/dataloading/dataloader.py:1076: DGLWarning: Dataloader CPU affinity opt is not enabled, consider switching it on (see enable_cpu_affinity() or CPU best practices for DGL [https://docs.dgl.ai/tutorials/cpu/cpu_best_practises.html])
  dgl_warning(
trial=11 epoch=097 loss=0.082086 val_AUPRC=0.903911 best=0.903911(97) patience=0/20 train=10.457s val=5.337s
/workspace/pmp_vast/envs/pmp-author/lib/python3.10/site-packages/dgl/dataloading/dataloader.py:1076: DGLWarning: Dataloader CPU affinity opt is not enabled, consider switching it on (see enable_cpu_affinity() or CPU best practices for DGL [https://docs.dgl.ai/tutorials/cpu/cpu_best_practises.html])
  dgl_warning(
/workspace/pmp_vast/envs/pmp-author/lib/python3.10/site-packages/dgl/dataloading/dataloader.py:1076: DGLWarning: Dataloader CPU affinity opt is not enabled, consider switching it on (see enable_cpu_affinity() or CPU best practices for DGL [https://docs.dgl.ai/tutorials/cpu/cpu_best_practises.html])
  dgl_warning(
/workspace/pmp_vast/envs/pmp-author/lib/python3.10/site-packages/dgl/dataloading/dataloader.py:1076: DGLWarning: Dataloader CPU affinity opt is not enabled, consider switching it on (see enable_cpu_affinity() or CPU best practices for DGL [https://docs.dgl.ai/tutorials/cpu/cpu_best_practises.html])
  dgl_warning(
trial=11 epoch=100 loss=0.082897 val_AUPRC=0.903471 best=0.903911(97) patience=3/20 train=11.222s val=5.647s
TRIAL 11 DONE | lr=0.0001 wd=0.0001 | epoch=97 | val AUPRC=0.903911
/workspace/pmp_vast/envs/pmp-author/lib/python3.10/site-packages/dgl/dataloading/dataloader.py:1076: DGLWarning: Dataloader CPU affinity opt is not enabled, consider switching it on (see enable_cpu_affinity() or CPU best practices for DGL [https://docs.dgl.ai/tutorials/cpu/cpu_best_practises.html])
  dgl_warning(
trial=12 epoch=001 loss=0.308853 val_AUPRC=0.606076 best=0.606076(1) patience=0/20 train=10.219s val=5.452s
/workspace/pmp_vast/envs/pmp-author/lib/python3.10/site-packages/dgl/dataloading/dataloader.py:1076: DGLWarning: Dataloader CPU affinity opt is not enabled, consider switching it on (see enable_cpu_affinity() or CPU best practices for DGL [https://docs.dgl.ai/tutorials/cpu/cpu_best_practises.html])
  dgl_warning(
trial=12 epoch=002 loss=0.275209 val_AUPRC=0.712945 best=0.712945(2) patience=0/20 train=12.102s val=5.985s
/workspace/pmp_vast/envs/pmp-author/lib/python3.10/site-packages/dgl/dataloading/dataloader.py:1076: DGLWarning: Dataloader CPU affinity opt is not enabled, consider switching it on (see enable_cpu_affinity() or CPU best practices for DGL [https://docs.dgl.ai/tutorials/cpu/cpu_best_practises.html])
  dgl_warning(
trial=12 epoch=003 loss=0.250378 val_AUPRC=0.760511 best=0.760511(3) patience=0/20 train=11.400s val=5.584s
/workspace/pmp_vast/envs/pmp-author/lib/python3.10/site-packages/dgl/dataloading/dataloader.py:1076: DGLWarning: Dataloader CPU affinity opt is not enabled, consider switching it on (see enable_cpu_affinity() or CPU best practices for DGL [https://docs.dgl.ai/tutorials/cpu/cpu_best_practises.html])
  dgl_warning(
trial=12 epoch=004 loss=0.242924 val_AUPRC=0.786332 best=0.786332(4) patience=0/20 train=11.270s val=6.481s
/workspace/pmp_vast/envs/pmp-author/lib/python3.10/site-packages/dgl/dataloading/dataloader.py:1076: DGLWarning: Dataloader CPU affinity opt is not enabled, consider switching it on (see enable_cpu_affinity() or CPU best practices for DGL [https://docs.dgl.ai/tutorials/cpu/cpu_best_practises.html])
  dgl_warning(
trial=12 epoch=005 loss=0.233718 val_AUPRC=0.797444 best=0.797444(5) patience=0/20 train=11.064s val=5.718s
/workspace/pmp_vast/envs/pmp-author/lib/python3.10/site-packages/dgl/dataloading/dataloader.py:1076: DGLWarning: Dataloader CPU affinity opt is not enabled, consider switching it on (see enable_cpu_affinity() or CPU best practices for DGL [https://docs.dgl.ai/tutorials/cpu/cpu_best_practises.html])
  dgl_warning(
trial=12 epoch=006 loss=0.217929 val_AUPRC=0.810759 best=0.810759(6) patience=0/20 train=11.037s val=6.135s
/workspace/pmp_vast/envs/pmp-author/lib/python3.10/site-packages/dgl/dataloading/dataloader.py:1076: DGLWarning: Dataloader CPU affinity opt is not enabled, consider switching it on (see enable_cpu_affinity() or CPU best practices for DGL [https://docs.dgl.ai/tutorials/cpu/cpu_best_practises.html])
  dgl_warning(
trial=12 epoch=007 loss=0.205657 val_AUPRC=0.820039 best=0.820039(7) patience=0/20 train=10.727s val=4.897s
/workspace/pmp_vast/envs/pmp-author/lib/python3.10/site-packages/dgl/dataloading/dataloader.py:1076: DGLWarning: Dataloader CPU affinity opt is not enabled, consider switching it on (see enable_cpu_affinity() or CPU best practices for DGL [https://docs.dgl.ai/tutorials/cpu/cpu_best_practises.html])
  dgl_warning(
trial=12 epoch=008 loss=0.196331 val_AUPRC=0.829232 best=0.829232(8) patience=0/20 train=8.458s val=5.820s
/workspace/pmp_vast/envs/pmp-author/lib/python3.10/site-packages/dgl/dataloading/dataloader.py:1076: DGLWarning: Dataloader CPU affinity opt is not enabled, consider switching it on (see enable_cpu_affinity() or CPU best practices for DGL [https://docs.dgl.ai/tutorials/cpu/cpu_best_practises.html])
  dgl_warning(
/workspace/pmp_vast/envs/pmp-author/lib/python3.10/site-packages/dgl/dataloading/dataloader.py:1076: DGLWarning: Dataloader CPU affinity opt is not enabled, consider switching it on (see enable_cpu_affinity() or CPU best practices for DGL [https://docs.dgl.ai/tutorials/cpu/cpu_best_practises.html])
  dgl_warning(
trial=12 epoch=010 loss=0.176277 val_AUPRC=0.836005 best=0.836005(10) patience=0/20 train=16.758s val=6.298s
/workspace/pmp_vast/envs/pmp-author/lib/python3.10/site-packages/dgl/dataloading/dataloader.py:1076: DGLWarning: Dataloader CPU affinity opt is not enabled, consider switching it on (see enable_cpu_affinity() or CPU best practices for DGL [https://docs.dgl.ai/tutorials/cpu/cpu_best_practises.html])
  dgl_warning(
trial=12 epoch=011 loss=0.166690 val_AUPRC=0.851166 best=0.851166(11) patience=0/20 train=12.221s val=6.474s
/workspace/pmp_vast/envs/pmp-author/lib/python3.10/site-packages/dgl/dataloading/dataloader.py:1076: DGLWarning: Dataloader CPU affinity opt is not enabled, consider switching it on (see enable_cpu_affinity() or CPU best practices for DGL [https://docs.dgl.ai/tutorials/cpu/cpu_best_practises.html])
  dgl_warning(
/workspace/pmp_vast/envs/pmp-author/lib/python3.10/site-packages/dgl/dataloading/dataloader.py:1076: DGLWarning: Dataloader CPU affinity opt is not enabled, consider switching it on (see enable_cpu_affinity() or CPU best practices for DGL [https://docs.dgl.ai/tutorials/cpu/cpu_best_practises.html])
  dgl_warning(
trial=12 epoch=013 loss=0.155605 val_AUPRC=0.857534 best=0.857534(13) patience=0/20 train=154.967s val=99.083s
/workspace/pmp_vast/envs/pmp-author/lib/python3.10/site-packages/dgl/dataloading/dataloader.py:1076: DGLWarning: Dataloader CPU affinity opt is not enabled, consider switching it on (see enable_cpu_affinity() or CPU best practices for DGL [https://docs.dgl.ai/tutorials/cpu/cpu_best_practises.html])
  dgl_warning(
trial=12 epoch=014 loss=0.148478 val_AUPRC=0.862548 best=0.862548(14) patience=0/20 train=151.305s val=77.430s
/workspace/pmp_vast/envs/pmp-author/lib/python3.10/site-packages/dgl/dataloading/dataloader.py:1076: DGLWarning: Dataloader CPU affinity opt is not enabled, consider switching it on (see enable_cpu_affinity() or CPU best practices for DGL [https://docs.dgl.ai/tutorials/cpu/cpu_best_practises.html])
  dgl_warning(
trial=12 epoch=015 loss=0.148227 val_AUPRC=0.862751 best=0.862751(15) patience=0/20 train=185.074s val=46.570s
/workspace/pmp_vast/envs/pmp-author/lib/python3.10/site-packages/dgl/dataloading/dataloader.py:1076: DGLWarning: Dataloader CPU affinity opt is not enabled, consider switching it on (see enable_cpu_affinity() or CPU best practices for DGL [https://docs.dgl.ai/tutorials/cpu/cpu_best_practises.html])
  dgl_warning(
/workspace/pmp_vast/envs/pmp-author/lib/python3.10/site-packages/dgl/dataloading/dataloader.py:1076: DGLWarning: Dataloader CPU affinity opt is not enabled, consider switching it on (see enable_cpu_affinity() or CPU best practices for DGL [https://docs.dgl.ai/tutorials/cpu/cpu_best_practises.html])
  dgl_warning(
/workspace/pmp_vast/envs/pmp-author/lib/python3.10/site-packages/dgl/dataloading/dataloader.py:1076: DGLWarning: Dataloader CPU affinity opt is not enabled, consider switching it on (see enable_cpu_affinity() or CPU best practices for DGL [https://docs.dgl.ai/tutorials/cpu/cpu_best_practises.html])
  dgl_warning(
/workspace/pmp_vast/envs/pmp-author/lib/python3.10/site-packages/dgl/dataloading/dataloader.py:1076: DGLWarning: Dataloader CPU affinity opt is not enabled, consider switching it on (see enable_cpu_affinity() or CPU best practices for DGL [https://docs.dgl.ai/tutorials/cpu/cpu_best_practises.html])
  dgl_warning(
trial=12 epoch=019 loss=0.136784 val_AUPRC=0.871109 best=0.871109(19) patience=0/20 train=196.352s val=58.975s
/workspace/pmp_vast/envs/pmp-author/lib/python3.10/site-packages/dgl/dataloading/dataloader.py:1076: DGLWarning: Dataloader CPU affinity opt is not enabled, consider switching it on (see enable_cpu_affinity() or CPU best practices for DGL [https://docs.dgl.ai/tutorials/cpu/cpu_best_practises.html])
  dgl_warning(
trial=12 epoch=020 loss=0.140373 val_AUPRC=0.854029 best=0.871109(19) patience=1/20 train=155.484s val=43.401s
/workspace/pmp_vast/envs/pmp-author/lib/python3.10/site-packages/dgl/dataloading/dataloader.py:1076: DGLWarning: Dataloader CPU affinity opt is not enabled, consider switching it on (see enable_cpu_affinity() or CPU best practices for DGL [https://docs.dgl.ai/tutorials/cpu/cpu_best_practises.html])
  dgl_warning(
trial=12 epoch=021 loss=0.135647 val_AUPRC=0.871201 best=0.871201(21) patience=0/20 train=119.132s val=77.077s
/workspace/pmp_vast/envs/pmp-author/lib/python3.10/site-packages/dgl/dataloading/dataloader.py:1076: DGLWarning: Dataloader CPU affinity opt is not enabled, consider switching it on (see enable_cpu_affinity() or CPU best practices for DGL [https://docs.dgl.ai/tutorials/cpu/cpu_best_practises.html])
  dgl_warning(
trial=12 epoch=022 loss=0.129914 val_AUPRC=0.873926 best=0.873926(22) patience=0/20 train=158.727s val=89.300s
/workspace/pmp_vast/envs/pmp-author/lib/python3.10/site-packages/dgl/dataloading/dataloader.py:1076: DGLWarning: Dataloader CPU affinity opt is not enabled, consider switching it on (see enable_cpu_affinity() or CPU best practices for DGL [https://docs.dgl.ai/tutorials/cpu/cpu_best_practises.html])
  dgl_warning(
/workspace/pmp_vast/envs/pmp-author/lib/python3.10/site-packages/dgl/dataloading/dataloader.py:1076: DGLWarning: Dataloader CPU affinity opt is not enabled, consider switching it on (see enable_cpu_affinity() or CPU best practices for DGL [https://docs.dgl.ai/tutorials/cpu/cpu_best_practises.html])
  dgl_warning(
/workspace/pmp_vast/envs/pmp-author/lib/python3.10/site-packages/dgl/dataloading/dataloader.py:1076: DGLWarning: Dataloader CPU affinity opt is not enabled, consider switching it on (see enable_cpu_affinity() or CPU best practices for DGL [https://docs.dgl.ai/tutorials/cpu/cpu_best_practises.html])
  dgl_warning(
/workspace/pmp_vast/envs/pmp-author/lib/python3.10/site-packages/dgl/dataloading/dataloader.py:1076: DGLWarning: Dataloader CPU affinity opt is not enabled, consider switching it on (see enable_cpu_affinity() or CPU best practices for DGL [https://docs.dgl.ai/tutorials/cpu/cpu_best_practises.html])
  dgl_warning(
/workspace/pmp_vast/envs/pmp-author/lib/python3.10/site-packages/dgl/dataloading/dataloader.py:1076: DGLWarning: Dataloader CPU affinity opt is not enabled, consider switching it on (see enable_cpu_affinity() or CPU best practices for DGL [https://docs.dgl.ai/tutorials/cpu/cpu_best_practises.html])
  dgl_warning(
trial=12 epoch=027 loss=0.128379 val_AUPRC=0.879975 best=0.879975(27) patience=0/20 train=59.506s val=20.455s
/workspace/pmp_vast/envs/pmp-author/lib/python3.10/site-packages/dgl/dataloading/dataloader.py:1076: DGLWarning: Dataloader CPU affinity opt is not enabled, consider switching it on (see enable_cpu_affinity() or CPU best practices for DGL [https://docs.dgl.ai/tutorials/cpu/cpu_best_practises.html])
  dgl_warning(
/workspace/pmp_vast/envs/pmp-author/lib/python3.10/site-packages/dgl/dataloading/dataloader.py:1076: DGLWarning: Dataloader CPU affinity opt is not enabled, consider switching it on (see enable_cpu_affinity() or CPU best practices for DGL [https://docs.dgl.ai/tutorials/cpu/cpu_best_practises.html])
  dgl_warning(
trial=12 epoch=029 loss=0.123134 val_AUPRC=0.881899 best=0.881899(29) patience=0/20 train=22.168s val=10.169s
/workspace/pmp_vast/envs/pmp-author/lib/python3.10/site-packages/dgl/dataloading/dataloader.py:1076: DGLWarning: Dataloader CPU affinity opt is not enabled, consider switching it on (see enable_cpu_affinity() or CPU best practices for DGL [https://docs.dgl.ai/tutorials/cpu/cpu_best_practises.html])
  dgl_warning(
trial=12 epoch=030 loss=0.122261 val_AUPRC=0.882834 best=0.882834(30) patience=0/20 train=26.553s val=9.925s
/workspace/pmp_vast/envs/pmp-author/lib/python3.10/site-packages/dgl/dataloading/dataloader.py:1076: DGLWarning: Dataloader CPU affinity opt is not enabled, consider switching it on (see enable_cpu_affinity() or CPU best practices for DGL [https://docs.dgl.ai/tutorials/cpu/cpu_best_practises.html])
  dgl_warning(
trial=12 epoch=031 loss=0.125863 val_AUPRC=0.883458 best=0.883458(31) patience=0/20 train=22.589s val=12.560s
/workspace/pmp_vast/envs/pmp-author/lib/python3.10/site-packages/dgl/dataloading/dataloader.py:1076: DGLWarning: Dataloader CPU affinity opt is not enabled, consider switching it on (see enable_cpu_affinity() or CPU best practices for DGL [https://docs.dgl.ai/tutorials/cpu/cpu_best_practises.html])
  dgl_warning(
/workspace/pmp_vast/envs/pmp-author/lib/python3.10/site-packages/dgl/dataloading/dataloader.py:1076: DGLWarning: Dataloader CPU affinity opt is not enabled, consider switching it on (see enable_cpu_affinity() or CPU best practices for DGL [https://docs.dgl.ai/tutorials/cpu/cpu_best_practises.html])
  dgl_warning(
trial=12 epoch=033 loss=0.122947 val_AUPRC=0.885322 best=0.885322(33) patience=0/20 train=21.518s val=11.481s
/workspace/pmp_vast/envs/pmp-author/lib/python3.10/site-packages/dgl/dataloading/dataloader.py:1076: DGLWarning: Dataloader CPU affinity opt is not enabled, consider switching it on (see enable_cpu_affinity() or CPU best practices for DGL [https://docs.dgl.ai/tutorials/cpu/cpu_best_practises.html])
  dgl_warning(
/workspace/pmp_vast/envs/pmp-author/lib/python3.10/site-packages/dgl/dataloading/dataloader.py:1076: DGLWarning: Dataloader CPU affinity opt is not enabled, consider switching it on (see enable_cpu_affinity() or CPU best practices for DGL [https://docs.dgl.ai/tutorials/cpu/cpu_best_practises.html])
  dgl_warning(
/workspace/pmp_vast/envs/pmp-author/lib/python3.10/site-packages/dgl/dataloading/dataloader.py:1076: DGLWarning: Dataloader CPU affinity opt is not enabled, consider switching it on (see enable_cpu_affinity() or CPU best practices for DGL [https://docs.dgl.ai/tutorials/cpu/cpu_best_practises.html])
  dgl_warning(
/workspace/pmp_vast/envs/pmp-author/lib/python3.10/site-packages/dgl/dataloading/dataloader.py:1076: DGLWarning: Dataloader CPU affinity opt is not enabled, consider switching it on (see enable_cpu_affinity() or CPU best practices for DGL [https://docs.dgl.ai/tutorials/cpu/cpu_best_practises.html])
  dgl_warning(
trial=12 epoch=037 loss=0.116464 val_AUPRC=0.887344 best=0.887344(37) patience=0/20 train=21.396s val=12.109s
/workspace/pmp_vast/envs/pmp-author/lib/python3.10/site-packages/dgl/dataloading/dataloader.py:1076: DGLWarning: Dataloader CPU affinity opt is not enabled, consider switching it on (see enable_cpu_affinity() or CPU best practices for DGL [https://docs.dgl.ai/tutorials/cpu/cpu_best_practises.html])
  dgl_warning(
/workspace/pmp_vast/envs/pmp-author/lib/python3.10/site-packages/dgl/dataloading/dataloader.py:1076: DGLWarning: Dataloader CPU affinity opt is not enabled, consider switching it on (see enable_cpu_affinity() or CPU best practices for DGL [https://docs.dgl.ai/tutorials/cpu/cpu_best_practises.html])
  dgl_warning(
/workspace/pmp_vast/envs/pmp-author/lib/python3.10/site-packages/dgl/dataloading/dataloader.py:1076: DGLWarning: Dataloader CPU affinity opt is not enabled, consider switching it on (see enable_cpu_affinity() or CPU best practices for DGL [https://docs.dgl.ai/tutorials/cpu/cpu_best_practises.html])
  dgl_warning(
trial=12 epoch=040 loss=0.117418 val_AUPRC=0.882653 best=0.887344(37) patience=3/20 train=19.630s val=11.143s
/workspace/pmp_vast/envs/pmp-author/lib/python3.10/site-packages/dgl/dataloading/dataloader.py:1076: DGLWarning: Dataloader CPU affinity opt is not enabled, consider switching it on (see enable_cpu_affinity() or CPU best practices for DGL [https://docs.dgl.ai/tutorials/cpu/cpu_best_practises.html])
  dgl_warning(
/workspace/pmp_vast/envs/pmp-author/lib/python3.10/site-packages/dgl/dataloading/dataloader.py:1076: DGLWarning: Dataloader CPU affinity opt is not enabled, consider switching it on (see enable_cpu_affinity() or CPU best practices for DGL [https://docs.dgl.ai/tutorials/cpu/cpu_best_practises.html])
  dgl_warning(
/workspace/pmp_vast/envs/pmp-author/lib/python3.10/site-packages/dgl/dataloading/dataloader.py:1076: DGLWarning: Dataloader CPU affinity opt is not enabled, consider switching it on (see enable_cpu_affinity() or CPU best practices for DGL [https://docs.dgl.ai/tutorials/cpu/cpu_best_practises.html])
  dgl_warning(
/workspace/pmp_vast/envs/pmp-author/lib/python3.10/site-packages/dgl/dataloading/dataloader.py:1076: DGLWarning: Dataloader CPU affinity opt is not enabled, consider switching it on (see enable_cpu_affinity() or CPU best practices for DGL [https://docs.dgl.ai/tutorials/cpu/cpu_best_practises.html])
  dgl_warning(
/workspace/pmp_vast/envs/pmp-author/lib/python3.10/site-packages/dgl/dataloading/dataloader.py:1076: DGLWarning: Dataloader CPU affinity opt is not enabled, consider switching it on (see enable_cpu_affinity() or CPU best practices for DGL [https://docs.dgl.ai/tutorials/cpu/cpu_best_practises.html])
  dgl_warning(
/workspace/pmp_vast/envs/pmp-author/lib/python3.10/site-packages/dgl/dataloading/dataloader.py:1076: DGLWarning: Dataloader CPU affinity opt is not enabled, consider switching it on (see enable_cpu_affinity() or CPU best practices for DGL [https://docs.dgl.ai/tutorials/cpu/cpu_best_practises.html])
  dgl_warning(
/workspace/pmp_vast/envs/pmp-author/lib/python3.10/site-packages/dgl/dataloading/dataloader.py:1076: DGLWarning: Dataloader CPU affinity opt is not enabled, consider switching it on (see enable_cpu_affinity() or CPU best practices for DGL [https://docs.dgl.ai/tutorials/cpu/cpu_best_practises.html])
  dgl_warning(
/workspace/pmp_vast/envs/pmp-author/lib/python3.10/site-packages/dgl/dataloading/dataloader.py:1076: DGLWarning: Dataloader CPU affinity opt is not enabled, consider switching it on (see enable_cpu_affinity() or CPU best practices for DGL [https://docs.dgl.ai/tutorials/cpu/cpu_best_practises.html])
  dgl_warning(
/workspace/pmp_vast/envs/pmp-author/lib/python3.10/site-packages/dgl/dataloading/dataloader.py:1076: DGLWarning: Dataloader CPU affinity opt is not enabled, consider switching it on (see enable_cpu_affinity() or CPU best practices for DGL [https://docs.dgl.ai/tutorials/cpu/cpu_best_practises.html])
  dgl_warning(
trial=12 epoch=049 loss=0.107431 val_AUPRC=0.887782 best=0.887782(49) patience=0/20 train=22.217s val=11.784s
/workspace/pmp_vast/envs/pmp-author/lib/python3.10/site-packages/dgl/dataloading/dataloader.py:1076: DGLWarning: Dataloader CPU affinity opt is not enabled, consider switching it on (see enable_cpu_affinity() or CPU best practices for DGL [https://docs.dgl.ai/tutorials/cpu/cpu_best_practises.html])
  dgl_warning(
trial=12 epoch=050 loss=0.107145 val_AUPRC=0.883786 best=0.887782(49) patience=1/20 train=18.911s val=11.217s
/workspace/pmp_vast/envs/pmp-author/lib/python3.10/site-packages/dgl/dataloading/dataloader.py:1076: DGLWarning: Dataloader CPU affinity opt is not enabled, consider switching it on (see enable_cpu_affinity() or CPU best practices for DGL [https://docs.dgl.ai/tutorials/cpu/cpu_best_practises.html])
  dgl_warning(
/workspace/pmp_vast/envs/pmp-author/lib/python3.10/site-packages/dgl/dataloading/dataloader.py:1076: DGLWarning: Dataloader CPU affinity opt is not enabled, consider switching it on (see enable_cpu_affinity() or CPU best practices for DGL [https://docs.dgl.ai/tutorials/cpu/cpu_best_practises.html])
  dgl_warning(
/workspace/pmp_vast/envs/pmp-author/lib/python3.10/site-packages/dgl/dataloading/dataloader.py:1076: DGLWarning: Dataloader CPU affinity opt is not enabled, consider switching it on (see enable_cpu_affinity() or CPU best practices for DGL [https://docs.dgl.ai/tutorials/cpu/cpu_best_practises.html])
  dgl_warning(
/workspace/pmp_vast/envs/pmp-author/lib/python3.10/site-packages/dgl/dataloading/dataloader.py:1076: DGLWarning: Dataloader CPU affinity opt is not enabled, consider switching it on (see enable_cpu_affinity() or CPU best practices for DGL [https://docs.dgl.ai/tutorials/cpu/cpu_best_practises.html])
  dgl_warning(
/workspace/pmp_vast/envs/pmp-author/lib/python3.10/site-packages/dgl/dataloading/dataloader.py:1076: DGLWarning: Dataloader CPU affinity opt is not enabled, consider switching it on (see enable_cpu_affinity() or CPU best practices for DGL [https://docs.dgl.ai/tutorials/cpu/cpu_best_practises.html])
  dgl_warning(
/workspace/pmp_vast/envs/pmp-author/lib/python3.10/site-packages/dgl/dataloading/dataloader.py:1076: DGLWarning: Dataloader CPU affinity opt is not enabled, consider switching it on (see enable_cpu_affinity() or CPU best practices for DGL [https://docs.dgl.ai/tutorials/cpu/cpu_best_practises.html])
  dgl_warning(
/workspace/pmp_vast/envs/pmp-author/lib/python3.10/site-packages/dgl/dataloading/dataloader.py:1076: DGLWarning: Dataloader CPU affinity opt is not enabled, consider switching it on (see enable_cpu_affinity() or CPU best practices for DGL [https://docs.dgl.ai/tutorials/cpu/cpu_best_practises.html])
  dgl_warning(
/workspace/pmp_vast/envs/pmp-author/lib/python3.10/site-packages/dgl/dataloading/dataloader.py:1076: DGLWarning: Dataloader CPU affinity opt is not enabled, consider switching it on (see enable_cpu_affinity() or CPU best practices for DGL [https://docs.dgl.ai/tutorials/cpu/cpu_best_practises.html])
  dgl_warning(
/workspace/pmp_vast/envs/pmp-author/lib/python3.10/site-packages/dgl/dataloading/dataloader.py:1076: DGLWarning: Dataloader CPU affinity opt is not enabled, consider switching it on (see enable_cpu_affinity() or CPU best practices for DGL [https://docs.dgl.ai/tutorials/cpu/cpu_best_practises.html])
  dgl_warning(
/workspace/pmp_vast/envs/pmp-author/lib/python3.10/site-packages/dgl/dataloading/dataloader.py:1076: DGLWarning: Dataloader CPU affinity opt is not enabled, consider switching it on (see enable_cpu_affinity() or CPU best practices for DGL [https://docs.dgl.ai/tutorials/cpu/cpu_best_practises.html])
  dgl_warning(
trial=12 epoch=060 loss=0.106467 val_AUPRC=0.882269 best=0.887782(49) patience=11/20 train=21.516s val=10.869s
/workspace/pmp_vast/envs/pmp-author/lib/python3.10/site-packages/dgl/dataloading/dataloader.py:1076: DGLWarning: Dataloader CPU affinity opt is not enabled, consider switching it on (see enable_cpu_affinity() or CPU best practices for DGL [https://docs.dgl.ai/tutorials/cpu/cpu_best_practises.html])
  dgl_warning(
/workspace/pmp_vast/envs/pmp-author/lib/python3.10/site-packages/dgl/dataloading/dataloader.py:1076: DGLWarning: Dataloader CPU affinity opt is not enabled, consider switching it on (see enable_cpu_affinity() or CPU best practices for DGL [https://docs.dgl.ai/tutorials/cpu/cpu_best_practises.html])
  dgl_warning(
/workspace/pmp_vast/envs/pmp-author/lib/python3.10/site-packages/dgl/dataloading/dataloader.py:1076: DGLWarning: Dataloader CPU affinity opt is not enabled, consider switching it on (see enable_cpu_affinity() or CPU best practices for DGL [https://docs.dgl.ai/tutorials/cpu/cpu_best_practises.html])
  dgl_warning(
/workspace/pmp_vast/envs/pmp-author/lib/python3.10/site-packages/dgl/dataloading/dataloader.py:1076: DGLWarning: Dataloader CPU affinity opt is not enabled, consider switching it on (see enable_cpu_affinity() or CPU best practices for DGL [https://docs.dgl.ai/tutorials/cpu/cpu_best_practises.html])
  dgl_warning(
/workspace/pmp_vast/envs/pmp-author/lib/python3.10/site-packages/dgl/dataloading/dataloader.py:1076: DGLWarning: Dataloader CPU affinity opt is not enabled, consider switching it on (see enable_cpu_affinity() or CPU best practices for DGL [https://docs.dgl.ai/tutorials/cpu/cpu_best_practises.html])
  dgl_warning(
/workspace/pmp_vast/envs/pmp-author/lib/python3.10/site-packages/dgl/dataloading/dataloader.py:1076: DGLWarning: Dataloader CPU affinity opt is not enabled, consider switching it on (see enable_cpu_affinity() or CPU best practices for DGL [https://docs.dgl.ai/tutorials/cpu/cpu_best_practises.html])
  dgl_warning(
/workspace/pmp_vast/envs/pmp-author/lib/python3.10/site-packages/dgl/dataloading/dataloader.py:1076: DGLWarning: Dataloader CPU affinity opt is not enabled, consider switching it on (see enable_cpu_affinity() or CPU best practices for DGL [https://docs.dgl.ai/tutorials/cpu/cpu_best_practises.html])
  dgl_warning(
/workspace/pmp_vast/envs/pmp-author/lib/python3.10/site-packages/dgl/dataloading/dataloader.py:1076: DGLWarning: Dataloader CPU affinity opt is not enabled, consider switching it on (see enable_cpu_affinity() or CPU best practices for DGL [https://docs.dgl.ai/tutorials/cpu/cpu_best_practises.html])
  dgl_warning(
/workspace/pmp_vast/envs/pmp-author/lib/python3.10/site-packages/dgl/dataloading/dataloader.py:1076: DGLWarning: Dataloader CPU affinity opt is not enabled, consider switching it on (see enable_cpu_affinity() or CPU best practices for DGL [https://docs.dgl.ai/tutorials/cpu/cpu_best_practises.html])
  dgl_warning(
trial=12 epoch=069 loss=0.101947 val_AUPRC=0.880188 best=0.887782(49) patience=20/20 train=30.015s val=11.605s
TRIAL 12 DONE | lr=0.0001 wd=0.001 | epoch=49 | val AUPRC=0.887782

===== PMP AMAZON TR40 TUNING RESULTS =====
trial=02 | lr=0.01 | wd=1e-05 | epoch= 27 | val AUPRC=0.928494
trial=01 | lr=0.01 | wd=0 | epoch= 18 | val AUPRC=0.926649
trial=03 | lr=0.01 | wd=0.0001 | epoch= 35 | val AUPRC=0.925402
trial=06 | lr=0.001 | wd=1e-05 | epoch= 56 | val AUPRC=0.924421
trial=05 | lr=0.001 | wd=0 | epoch= 49 | val AUPRC=0.920762
trial=08 | lr=0.001 | wd=0.001 | epoch= 97 | val AUPRC=0.919672
trial=07 | lr=0.001 | wd=0.0001 | epoch= 38 | val AUPRC=0.917857
trial=04 | lr=0.01 | wd=0.001 | epoch= 50 | val AUPRC=0.909049
trial=11 | lr=0.0001 | wd=0.0001 | epoch= 97 | val AUPRC=0.903911
trial=10 | lr=0.0001 | wd=1e-05 | epoch= 85 | val AUPRC=0.903035
trial=09 | lr=0.0001 | wd=0 | epoch= 49 | val AUPRC=0.894944
trial=12 | lr=0.0001 | wd=0.001 | epoch= 49 | val AUPRC=0.887782
===== FROZEN WINNER =====
winner trial   : 2
learning rate  : 0.01
weight decay   : 1e-05
hidden/dropout : 256 / 0.6 (official Amazon settings)
best epoch     : 27
best val AUPRC : 0.9284944462600302
TEST_SET_ACCESSED_DURING_TUNING=NO
PMP_AMAZON_TR40_TUNING=PASS

===== FINAL amazon_tr40_seed2 =====
/workspace/pmp_vast/envs/pmp-author/lib/python3.10/site-packages/dgl/dataloading/dataloader.py:1076: DGLWarning: Dataloader CPU affinity opt is not enabled, consider switching it on (see enable_cpu_affinity() or CPU best practices for DGL [https://docs.dgl.ai/tutorials/cpu/cpu_best_practises.html])
  dgl_warning(
amazon_tr40_seed2 epoch=001 loss=0.758108 val_AUPRC=0.850888 best=0.850888(1) patience=0/20 train=30.180s val=11.583s
/workspace/pmp_vast/envs/pmp-author/lib/python3.10/site-packages/dgl/dataloading/dataloader.py:1076: DGLWarning: Dataloader CPU affinity opt is not enabled, consider switching it on (see enable_cpu_affinity() or CPU best practices for DGL [https://docs.dgl.ai/tutorials/cpu/cpu_best_practises.html])
  dgl_warning(
amazon_tr40_seed2 epoch=002 loss=0.136026 val_AUPRC=0.874955 best=0.874955(2) patience=0/20 train=31.764s val=15.781s
/workspace/pmp_vast/envs/pmp-author/lib/python3.10/site-packages/dgl/dataloading/dataloader.py:1076: DGLWarning: Dataloader CPU affinity opt is not enabled, consider switching it on (see enable_cpu_affinity() or CPU best practices for DGL [https://docs.dgl.ai/tutorials/cpu/cpu_best_practises.html])
  dgl_warning(
amazon_tr40_seed2 epoch=003 loss=0.133518 val_AUPRC=0.892732 best=0.892732(3) patience=0/20 train=34.321s val=17.155s
/workspace/pmp_vast/envs/pmp-author/lib/python3.10/site-packages/dgl/dataloading/dataloader.py:1076: DGLWarning: Dataloader CPU affinity opt is not enabled, consider switching it on (see enable_cpu_affinity() or CPU best practices for DGL [https://docs.dgl.ai/tutorials/cpu/cpu_best_practises.html])
  dgl_warning(
amazon_tr40_seed2 epoch=004 loss=0.112763 val_AUPRC=0.896034 best=0.896034(4) patience=0/20 train=24.949s val=19.908s
/workspace/pmp_vast/envs/pmp-author/lib/python3.10/site-packages/dgl/dataloading/dataloader.py:1076: DGLWarning: Dataloader CPU affinity opt is not enabled, consider switching it on (see enable_cpu_affinity() or CPU best practices for DGL [https://docs.dgl.ai/tutorials/cpu/cpu_best_practises.html])
  dgl_warning(
/workspace/pmp_vast/envs/pmp-author/lib/python3.10/site-packages/dgl/dataloading/dataloader.py:1076: DGLWarning: Dataloader CPU affinity opt is not enabled, consider switching it on (see enable_cpu_affinity() or CPU best practices for DGL [https://docs.dgl.ai/tutorials/cpu/cpu_best_practises.html])
  dgl_warning(
amazon_tr40_seed2 epoch=006 loss=0.096274 val_AUPRC=0.903543 best=0.903543(6) patience=0/20 train=22.583s val=14.937s
/workspace/pmp_vast/envs/pmp-author/lib/python3.10/site-packages/dgl/dataloading/dataloader.py:1076: DGLWarning: Dataloader CPU affinity opt is not enabled, consider switching it on (see enable_cpu_affinity() or CPU best practices for DGL [https://docs.dgl.ai/tutorials/cpu/cpu_best_practises.html])
  dgl_warning(
amazon_tr40_seed2 epoch=007 loss=0.091417 val_AUPRC=0.911515 best=0.911515(7) patience=0/20 train=25.573s val=13.303s
/workspace/pmp_vast/envs/pmp-author/lib/python3.10/site-packages/dgl/dataloading/dataloader.py:1076: DGLWarning: Dataloader CPU affinity opt is not enabled, consider switching it on (see enable_cpu_affinity() or CPU best practices for DGL [https://docs.dgl.ai/tutorials/cpu/cpu_best_practises.html])
  dgl_warning(
amazon_tr40_seed2 epoch=008 loss=0.098242 val_AUPRC=0.912394 best=0.912394(8) patience=0/20 train=22.110s val=10.740s
/workspace/pmp_vast/envs/pmp-author/lib/python3.10/site-packages/dgl/dataloading/dataloader.py:1076: DGLWarning: Dataloader CPU affinity opt is not enabled, consider switching it on (see enable_cpu_affinity() or CPU best practices for DGL [https://docs.dgl.ai/tutorials/cpu/cpu_best_practises.html])
  dgl_warning(
/workspace/pmp_vast/envs/pmp-author/lib/python3.10/site-packages/dgl/dataloading/dataloader.py:1076: DGLWarning: Dataloader CPU affinity opt is not enabled, consider switching it on (see enable_cpu_affinity() or CPU best practices for DGL [https://docs.dgl.ai/tutorials/cpu/cpu_best_practises.html])
  dgl_warning(
amazon_tr40_seed2 epoch=010 loss=0.087816 val_AUPRC=0.904965 best=0.912394(8) patience=2/20 train=23.556s val=11.700s
/workspace/pmp_vast/envs/pmp-author/lib/python3.10/site-packages/dgl/dataloading/dataloader.py:1076: DGLWarning: Dataloader CPU affinity opt is not enabled, consider switching it on (see enable_cpu_affinity() or CPU best practices for DGL [https://docs.dgl.ai/tutorials/cpu/cpu_best_practises.html])
  dgl_warning(
/workspace/pmp_vast/envs/pmp-author/lib/python3.10/site-packages/dgl/dataloading/dataloader.py:1076: DGLWarning: Dataloader CPU affinity opt is not enabled, consider switching it on (see enable_cpu_affinity() or CPU best practices for DGL [https://docs.dgl.ai/tutorials/cpu/cpu_best_practises.html])
  dgl_warning(
amazon_tr40_seed2 epoch=012 loss=0.083220 val_AUPRC=0.916531 best=0.916531(12) patience=0/20 train=20.413s val=12.690s
/workspace/pmp_vast/envs/pmp-author/lib/python3.10/site-packages/dgl/dataloading/dataloader.py:1076: DGLWarning: Dataloader CPU affinity opt is not enabled, consider switching it on (see enable_cpu_affinity() or CPU best practices for DGL [https://docs.dgl.ai/tutorials/cpu/cpu_best_practises.html])
  dgl_warning(
amazon_tr40_seed2 epoch=013 loss=0.083974 val_AUPRC=0.920033 best=0.920033(13) patience=0/20 train=26.802s val=13.426s
/workspace/pmp_vast/envs/pmp-author/lib/python3.10/site-packages/dgl/dataloading/dataloader.py:1076: DGLWarning: Dataloader CPU affinity opt is not enabled, consider switching it on (see enable_cpu_affinity() or CPU best practices for DGL [https://docs.dgl.ai/tutorials/cpu/cpu_best_practises.html])
  dgl_warning(
/workspace/pmp_vast/envs/pmp-author/lib/python3.10/site-packages/dgl/dataloading/dataloader.py:1076: DGLWarning: Dataloader CPU affinity opt is not enabled, consider switching it on (see enable_cpu_affinity() or CPU best practices for DGL [https://docs.dgl.ai/tutorials/cpu/cpu_best_practises.html])
  dgl_warning(
/workspace/pmp_vast/envs/pmp-author/lib/python3.10/site-packages/dgl/dataloading/dataloader.py:1076: DGLWarning: Dataloader CPU affinity opt is not enabled, consider switching it on (see enable_cpu_affinity() or CPU best practices for DGL [https://docs.dgl.ai/tutorials/cpu/cpu_best_practises.html])
  dgl_warning(
/workspace/pmp_vast/envs/pmp-author/lib/python3.10/site-packages/dgl/dataloading/dataloader.py:1076: DGLWarning: Dataloader CPU affinity opt is not enabled, consider switching it on (see enable_cpu_affinity() or CPU best practices for DGL [https://docs.dgl.ai/tutorials/cpu/cpu_best_practises.html])
  dgl_warning(
/workspace/pmp_vast/envs/pmp-author/lib/python3.10/site-packages/dgl/dataloading/dataloader.py:1076: DGLWarning: Dataloader CPU affinity opt is not enabled, consider switching it on (see enable_cpu_affinity() or CPU best practices for DGL [https://docs.dgl.ai/tutorials/cpu/cpu_best_practises.html])
  dgl_warning(
/workspace/pmp_vast/envs/pmp-author/lib/python3.10/site-packages/dgl/dataloading/dataloader.py:1076: DGLWarning: Dataloader CPU affinity opt is not enabled, consider switching it on (see enable_cpu_affinity() or CPU best practices for DGL [https://docs.dgl.ai/tutorials/cpu/cpu_best_practises.html])
  dgl_warning(
/workspace/pmp_vast/envs/pmp-author/lib/python3.10/site-packages/dgl/dataloading/dataloader.py:1076: DGLWarning: Dataloader CPU affinity opt is not enabled, consider switching it on (see enable_cpu_affinity() or CPU best practices for DGL [https://docs.dgl.ai/tutorials/cpu/cpu_best_practises.html])
  dgl_warning(
amazon_tr40_seed2 epoch=020 loss=0.308437 val_AUPRC=0.870826 best=0.920033(13) patience=7/20 train=19.207s val=10.857s
/workspace/pmp_vast/envs/pmp-author/lib/python3.10/site-packages/dgl/dataloading/dataloader.py:1076: DGLWarning: Dataloader CPU affinity opt is not enabled, consider switching it on (see enable_cpu_affinity() or CPU best practices for DGL [https://docs.dgl.ai/tutorials/cpu/cpu_best_practises.html])
  dgl_warning(
/workspace/pmp_vast/envs/pmp-author/lib/python3.10/site-packages/dgl/dataloading/dataloader.py:1076: DGLWarning: Dataloader CPU affinity opt is not enabled, consider switching it on (see enable_cpu_affinity() or CPU best practices for DGL [https://docs.dgl.ai/tutorials/cpu/cpu_best_practises.html])
  dgl_warning(
/workspace/pmp_vast/envs/pmp-author/lib/python3.10/site-packages/dgl/dataloading/dataloader.py:1076: DGLWarning: Dataloader CPU affinity opt is not enabled, consider switching it on (see enable_cpu_affinity() or CPU best practices for DGL [https://docs.dgl.ai/tutorials/cpu/cpu_best_practises.html])
  dgl_warning(
/workspace/pmp_vast/envs/pmp-author/lib/python3.10/site-packages/dgl/dataloading/dataloader.py:1076: DGLWarning: Dataloader CPU affinity opt is not enabled, consider switching it on (see enable_cpu_affinity() or CPU best practices for DGL [https://docs.dgl.ai/tutorials/cpu/cpu_best_practises.html])
  dgl_warning(
/workspace/pmp_vast/envs/pmp-author/lib/python3.10/site-packages/dgl/dataloading/dataloader.py:1076: DGLWarning: Dataloader CPU affinity opt is not enabled, consider switching it on (see enable_cpu_affinity() or CPU best practices for DGL [https://docs.dgl.ai/tutorials/cpu/cpu_best_practises.html])
  dgl_warning(
/workspace/pmp_vast/envs/pmp-author/lib/python3.10/site-packages/dgl/dataloading/dataloader.py:1076: DGLWarning: Dataloader CPU affinity opt is not enabled, consider switching it on (see enable_cpu_affinity() or CPU best practices for DGL [https://docs.dgl.ai/tutorials/cpu/cpu_best_practises.html])
  dgl_warning(
/workspace/pmp_vast/envs/pmp-author/lib/python3.10/site-packages/dgl/dataloading/dataloader.py:1076: DGLWarning: Dataloader CPU affinity opt is not enabled, consider switching it on (see enable_cpu_affinity() or CPU best practices for DGL [https://docs.dgl.ai/tutorials/cpu/cpu_best_practises.html])
  dgl_warning(
/workspace/pmp_vast/envs/pmp-author/lib/python3.10/site-packages/dgl/dataloading/dataloader.py:1076: DGLWarning: Dataloader CPU affinity opt is not enabled, consider switching it on (see enable_cpu_affinity() or CPU best practices for DGL [https://docs.dgl.ai/tutorials/cpu/cpu_best_practises.html])
  dgl_warning(
/workspace/pmp_vast/envs/pmp-author/lib/python3.10/site-packages/dgl/dataloading/dataloader.py:1076: DGLWarning: Dataloader CPU affinity opt is not enabled, consider switching it on (see enable_cpu_affinity() or CPU best practices for DGL [https://docs.dgl.ai/tutorials/cpu/cpu_best_practises.html])
  dgl_warning(
/workspace/pmp_vast/envs/pmp-author/lib/python3.10/site-packages/dgl/dataloading/dataloader.py:1076: DGLWarning: Dataloader CPU affinity opt is not enabled, consider switching it on (see enable_cpu_affinity() or CPU best practices for DGL [https://docs.dgl.ai/tutorials/cpu/cpu_best_practises.html])
  dgl_warning(
amazon_tr40_seed2 epoch=030 loss=0.076067 val_AUPRC=0.915552 best=0.920033(13) patience=17/20 train=17.095s val=9.875s
/workspace/pmp_vast/envs/pmp-author/lib/python3.10/site-packages/dgl/dataloading/dataloader.py:1076: DGLWarning: Dataloader CPU affinity opt is not enabled, consider switching it on (see enable_cpu_affinity() or CPU best practices for DGL [https://docs.dgl.ai/tutorials/cpu/cpu_best_practises.html])
  dgl_warning(
amazon_tr40_seed2 epoch=031 loss=0.073388 val_AUPRC=0.921068 best=0.921068(31) patience=0/20 train=17.668s val=6.593s
/workspace/pmp_vast/envs/pmp-author/lib/python3.10/site-packages/dgl/dataloading/dataloader.py:1076: DGLWarning: Dataloader CPU affinity opt is not enabled, consider switching it on (see enable_cpu_affinity() or CPU best practices for DGL [https://docs.dgl.ai/tutorials/cpu/cpu_best_practises.html])
  dgl_warning(
/workspace/pmp_vast/envs/pmp-author/lib/python3.10/site-packages/dgl/dataloading/dataloader.py:1076: DGLWarning: Dataloader CPU affinity opt is not enabled, consider switching it on (see enable_cpu_affinity() or CPU best practices for DGL [https://docs.dgl.ai/tutorials/cpu/cpu_best_practises.html])
  dgl_warning(
/workspace/pmp_vast/envs/pmp-author/lib/python3.10/site-packages/dgl/dataloading/dataloader.py:1076: DGLWarning: Dataloader CPU affinity opt is not enabled, consider switching it on (see enable_cpu_affinity() or CPU best practices for DGL [https://docs.dgl.ai/tutorials/cpu/cpu_best_practises.html])
  dgl_warning(
/workspace/pmp_vast/envs/pmp-author/lib/python3.10/site-packages/dgl/dataloading/dataloader.py:1076: DGLWarning: Dataloader CPU affinity opt is not enabled, consider switching it on (see enable_cpu_affinity() or CPU best practices for DGL [https://docs.dgl.ai/tutorials/cpu/cpu_best_practises.html])
  dgl_warning(
/workspace/pmp_vast/envs/pmp-author/lib/python3.10/site-packages/dgl/dataloading/dataloader.py:1076: DGLWarning: Dataloader CPU affinity opt is not enabled, consider switching it on (see enable_cpu_affinity() or CPU best practices for DGL [https://docs.dgl.ai/tutorials/cpu/cpu_best_practises.html])
  dgl_warning(
/workspace/pmp_vast/envs/pmp-author/lib/python3.10/site-packages/dgl/dataloading/dataloader.py:1076: DGLWarning: Dataloader CPU affinity opt is not enabled, consider switching it on (see enable_cpu_affinity() or CPU best practices for DGL [https://docs.dgl.ai/tutorials/cpu/cpu_best_practises.html])
  dgl_warning(
amazon_tr40_seed2 epoch=037 loss=0.067588 val_AUPRC=0.925963 best=0.925963(37) patience=0/20 train=16.647s val=9.726s
/workspace/pmp_vast/envs/pmp-author/lib/python3.10/site-packages/dgl/dataloading/dataloader.py:1076: DGLWarning: Dataloader CPU affinity opt is not enabled, consider switching it on (see enable_cpu_affinity() or CPU best practices for DGL [https://docs.dgl.ai/tutorials/cpu/cpu_best_practises.html])
  dgl_warning(
/workspace/pmp_vast/envs/pmp-author/lib/python3.10/site-packages/dgl/dataloading/dataloader.py:1076: DGLWarning: Dataloader CPU affinity opt is not enabled, consider switching it on (see enable_cpu_affinity() or CPU best practices for DGL [https://docs.dgl.ai/tutorials/cpu/cpu_best_practises.html])
  dgl_warning(
/workspace/pmp_vast/envs/pmp-author/lib/python3.10/site-packages/dgl/dataloading/dataloader.py:1076: DGLWarning: Dataloader CPU affinity opt is not enabled, consider switching it on (see enable_cpu_affinity() or CPU best practices for DGL [https://docs.dgl.ai/tutorials/cpu/cpu_best_practises.html])
  dgl_warning(
amazon_tr40_seed2 epoch=040 loss=0.067392 val_AUPRC=0.920753 best=0.925963(37) patience=3/20 train=17.838s val=9.771s
/workspace/pmp_vast/envs/pmp-author/lib/python3.10/site-packages/dgl/dataloading/dataloader.py:1076: DGLWarning: Dataloader CPU affinity opt is not enabled, consider switching it on (see enable_cpu_affinity() or CPU best practices for DGL [https://docs.dgl.ai/tutorials/cpu/cpu_best_practises.html])
  dgl_warning(
/workspace/pmp_vast/envs/pmp-author/lib/python3.10/site-packages/dgl/dataloading/dataloader.py:1076: DGLWarning: Dataloader CPU affinity opt is not enabled, consider switching it on (see enable_cpu_affinity() or CPU best practices for DGL [https://docs.dgl.ai/tutorials/cpu/cpu_best_practises.html])
  dgl_warning(
/workspace/pmp_vast/envs/pmp-author/lib/python3.10/site-packages/dgl/dataloading/dataloader.py:1076: DGLWarning: Dataloader CPU affinity opt is not enabled, consider switching it on (see enable_cpu_affinity() or CPU best practices for DGL [https://docs.dgl.ai/tutorials/cpu/cpu_best_practises.html])
  dgl_warning(
/workspace/pmp_vast/envs/pmp-author/lib/python3.10/site-packages/dgl/dataloading/dataloader.py:1076: DGLWarning: Dataloader CPU affinity opt is not enabled, consider switching it on (see enable_cpu_affinity() or CPU best practices for DGL [https://docs.dgl.ai/tutorials/cpu/cpu_best_practises.html])
  dgl_warning(
/workspace/pmp_vast/envs/pmp-author/lib/python3.10/site-packages/dgl/dataloading/dataloader.py:1076: DGLWarning: Dataloader CPU affinity opt is not enabled, consider switching it on (see enable_cpu_affinity() or CPU best practices for DGL [https://docs.dgl.ai/tutorials/cpu/cpu_best_practises.html])
  dgl_warning(
/workspace/pmp_vast/envs/pmp-author/lib/python3.10/site-packages/dgl/dataloading/dataloader.py:1076: DGLWarning: Dataloader CPU affinity opt is not enabled, consider switching it on (see enable_cpu_affinity() or CPU best practices for DGL [https://docs.dgl.ai/tutorials/cpu/cpu_best_practises.html])
  dgl_warning(
/workspace/pmp_vast/envs/pmp-author/lib/python3.10/site-packages/dgl/dataloading/dataloader.py:1076: DGLWarning: Dataloader CPU affinity opt is not enabled, consider switching it on (see enable_cpu_affinity() or CPU best practices for DGL [https://docs.dgl.ai/tutorials/cpu/cpu_best_practises.html])
  dgl_warning(
/workspace/pmp_vast/envs/pmp-author/lib/python3.10/site-packages/dgl/dataloading/dataloader.py:1076: DGLWarning: Dataloader CPU affinity opt is not enabled, consider switching it on (see enable_cpu_affinity() or CPU best practices for DGL [https://docs.dgl.ai/tutorials/cpu/cpu_best_practises.html])
  dgl_warning(
/workspace/pmp_vast/envs/pmp-author/lib/python3.10/site-packages/dgl/dataloading/dataloader.py:1076: DGLWarning: Dataloader CPU affinity opt is not enabled, consider switching it on (see enable_cpu_affinity() or CPU best practices for DGL [https://docs.dgl.ai/tutorials/cpu/cpu_best_practises.html])
  dgl_warning(
/workspace/pmp_vast/envs/pmp-author/lib/python3.10/site-packages/dgl/dataloading/dataloader.py:1076: DGLWarning: Dataloader CPU affinity opt is not enabled, consider switching it on (see enable_cpu_affinity() or CPU best practices for DGL [https://docs.dgl.ai/tutorials/cpu/cpu_best_practises.html])
  dgl_warning(
amazon_tr40_seed2 epoch=050 loss=0.058024 val_AUPRC=0.920858 best=0.925963(37) patience=13/20 train=16.664s val=9.897s
/workspace/pmp_vast/envs/pmp-author/lib/python3.10/site-packages/dgl/dataloading/dataloader.py:1076: DGLWarning: Dataloader CPU affinity opt is not enabled, consider switching it on (see enable_cpu_affinity() or CPU best practices for DGL [https://docs.dgl.ai/tutorials/cpu/cpu_best_practises.html])
  dgl_warning(
/workspace/pmp_vast/envs/pmp-author/lib/python3.10/site-packages/dgl/dataloading/dataloader.py:1076: DGLWarning: Dataloader CPU affinity opt is not enabled, consider switching it on (see enable_cpu_affinity() or CPU best practices for DGL [https://docs.dgl.ai/tutorials/cpu/cpu_best_practises.html])
  dgl_warning(
/workspace/pmp_vast/envs/pmp-author/lib/python3.10/site-packages/dgl/dataloading/dataloader.py:1076: DGLWarning: Dataloader CPU affinity opt is not enabled, consider switching it on (see enable_cpu_affinity() or CPU best practices for DGL [https://docs.dgl.ai/tutorials/cpu/cpu_best_practises.html])
  dgl_warning(
/workspace/pmp_vast/envs/pmp-author/lib/python3.10/site-packages/dgl/dataloading/dataloader.py:1076: DGLWarning: Dataloader CPU affinity opt is not enabled, consider switching it on (see enable_cpu_affinity() or CPU best practices for DGL [https://docs.dgl.ai/tutorials/cpu/cpu_best_practises.html])
  dgl_warning(
/workspace/pmp_vast/envs/pmp-author/lib/python3.10/site-packages/dgl/dataloading/dataloader.py:1076: DGLWarning: Dataloader CPU affinity opt is not enabled, consider switching it on (see enable_cpu_affinity() or CPU best practices for DGL [https://docs.dgl.ai/tutorials/cpu/cpu_best_practises.html])
  dgl_warning(
/workspace/pmp_vast/envs/pmp-author/lib/python3.10/site-packages/dgl/dataloading/dataloader.py:1076: DGLWarning: Dataloader CPU affinity opt is not enabled, consider switching it on (see enable_cpu_affinity() or CPU best practices for DGL [https://docs.dgl.ai/tutorials/cpu/cpu_best_practises.html])
  dgl_warning(
/workspace/pmp_vast/envs/pmp-author/lib/python3.10/site-packages/dgl/dataloading/dataloader.py:1076: DGLWarning: Dataloader CPU affinity opt is not enabled, consider switching it on (see enable_cpu_affinity() or CPU best practices for DGL [https://docs.dgl.ai/tutorials/cpu/cpu_best_practises.html])
  dgl_warning(
amazon_tr40_seed2 epoch=057 loss=0.070362 val_AUPRC=0.913242 best=0.925963(37) patience=20/20 train=18.795s val=11.205s
/workspace/pmp_vast/envs/pmp-author/lib/python3.10/site-packages/dgl/dataloading/dataloader.py:1076: DGLWarning: Dataloader CPU affinity opt is not enabled, consider switching it on (see enable_cpu_affinity() or CPU best practices for DGL [https://docs.dgl.ai/tutorials/cpu/cpu_best_practises.html])
  dgl_warning(
/workspace/pmp_vast/envs/pmp-author/lib/python3.10/site-packages/dgl/dataloading/dataloader.py:1076: DGLWarning: Dataloader CPU affinity opt is not enabled, consider switching it on (see enable_cpu_affinity() or CPU best practices for DGL [https://docs.dgl.ai/tutorials/cpu/cpu_best_practises.html])
  dgl_warning(
FINAL amazon_tr40_seed2 PASS | AUPRC=0.912101 AUROC=0.976145 MacroF1=0.922813 Recall=0.810976

===== FINAL amazon_tr40_seed42 =====
/workspace/pmp_vast/envs/pmp-author/lib/python3.10/site-packages/dgl/dataloading/dataloader.py:1076: DGLWarning: Dataloader CPU affinity opt is not enabled, consider switching it on (see enable_cpu_affinity() or CPU best practices for DGL [https://docs.dgl.ai/tutorials/cpu/cpu_best_practises.html])
  dgl_warning(
amazon_tr40_seed42 epoch=001 loss=0.619605 val_AUPRC=0.871389 best=0.871389(1) patience=0/20 train=19.447s val=12.921s
/workspace/pmp_vast/envs/pmp-author/lib/python3.10/site-packages/dgl/dataloading/dataloader.py:1076: DGLWarning: Dataloader CPU affinity opt is not enabled, consider switching it on (see enable_cpu_affinity() or CPU best practices for DGL [https://docs.dgl.ai/tutorials/cpu/cpu_best_practises.html])
  dgl_warning(
amazon_tr40_seed42 epoch=002 loss=0.137813 val_AUPRC=0.877780 best=0.877780(2) patience=0/20 train=18.604s val=10.290s
/workspace/pmp_vast/envs/pmp-author/lib/python3.10/site-packages/dgl/dataloading/dataloader.py:1076: DGLWarning: Dataloader CPU affinity opt is not enabled, consider switching it on (see enable_cpu_affinity() or CPU best practices for DGL [https://docs.dgl.ai/tutorials/cpu/cpu_best_practises.html])
  dgl_warning(
amazon_tr40_seed42 epoch=003 loss=0.116167 val_AUPRC=0.883239 best=0.883239(3) patience=0/20 train=18.607s val=10.701s
/workspace/pmp_vast/envs/pmp-author/lib/python3.10/site-packages/dgl/dataloading/dataloader.py:1076: DGLWarning: Dataloader CPU affinity opt is not enabled, consider switching it on (see enable_cpu_affinity() or CPU best practices for DGL [https://docs.dgl.ai/tutorials/cpu/cpu_best_practises.html])
  dgl_warning(
/workspace/pmp_vast/envs/pmp-author/lib/python3.10/site-packages/dgl/dataloading/dataloader.py:1076: DGLWarning: Dataloader CPU affinity opt is not enabled, consider switching it on (see enable_cpu_affinity() or CPU best practices for DGL [https://docs.dgl.ai/tutorials/cpu/cpu_best_practises.html])
  dgl_warning(
amazon_tr40_seed42 epoch=005 loss=0.107225 val_AUPRC=0.892429 best=0.892429(5) patience=0/20 train=17.652s val=9.576s
/workspace/pmp_vast/envs/pmp-author/lib/python3.10/site-packages/dgl/dataloading/dataloader.py:1076: DGLWarning: Dataloader CPU affinity opt is not enabled, consider switching it on (see enable_cpu_affinity() or CPU best practices for DGL [https://docs.dgl.ai/tutorials/cpu/cpu_best_practises.html])
  dgl_warning(
/workspace/pmp_vast/envs/pmp-author/lib/python3.10/site-packages/dgl/dataloading/dataloader.py:1076: DGLWarning: Dataloader CPU affinity opt is not enabled, consider switching it on (see enable_cpu_affinity() or CPU best practices for DGL [https://docs.dgl.ai/tutorials/cpu/cpu_best_practises.html])
  dgl_warning(
/workspace/pmp_vast/envs/pmp-author/lib/python3.10/site-packages/dgl/dataloading/dataloader.py:1076: DGLWarning: Dataloader CPU affinity opt is not enabled, consider switching it on (see enable_cpu_affinity() or CPU best practices for DGL [https://docs.dgl.ai/tutorials/cpu/cpu_best_practises.html])
  dgl_warning(
/workspace/pmp_vast/envs/pmp-author/lib/python3.10/site-packages/dgl/dataloading/dataloader.py:1076: DGLWarning: Dataloader CPU affinity opt is not enabled, consider switching it on (see enable_cpu_affinity() or CPU best practices for DGL [https://docs.dgl.ai/tutorials/cpu/cpu_best_practises.html])
  dgl_warning(
amazon_tr40_seed42 epoch=009 loss=0.097210 val_AUPRC=0.899209 best=0.899209(9) patience=0/20 train=22.765s val=14.462s
/workspace/pmp_vast/envs/pmp-author/lib/python3.10/site-packages/dgl/dataloading/dataloader.py:1076: DGLWarning: Dataloader CPU affinity opt is not enabled, consider switching it on (see enable_cpu_affinity() or CPU best practices for DGL [https://docs.dgl.ai/tutorials/cpu/cpu_best_practises.html])
  dgl_warning(
amazon_tr40_seed42 epoch=010 loss=0.091077 val_AUPRC=0.897818 best=0.899209(9) patience=1/20 train=23.874s val=12.764s
/workspace/pmp_vast/envs/pmp-author/lib/python3.10/site-packages/dgl/dataloading/dataloader.py:1076: DGLWarning: Dataloader CPU affinity opt is not enabled, consider switching it on (see enable_cpu_affinity() or CPU best practices for DGL [https://docs.dgl.ai/tutorials/cpu/cpu_best_practises.html])
  dgl_warning(
amazon_tr40_seed42 epoch=011 loss=0.090394 val_AUPRC=0.899772 best=0.899772(11) patience=0/20 train=18.555s val=11.124s
/workspace/pmp_vast/envs/pmp-author/lib/python3.10/site-packages/dgl/dataloading/dataloader.py:1076: DGLWarning: Dataloader CPU affinity opt is not enabled, consider switching it on (see enable_cpu_affinity() or CPU best practices for DGL [https://docs.dgl.ai/tutorials/cpu/cpu_best_practises.html])
  dgl_warning(
amazon_tr40_seed42 epoch=012 loss=0.088114 val_AUPRC=0.907232 best=0.907232(12) patience=0/20 train=16.139s val=9.503s
/workspace/pmp_vast/envs/pmp-author/lib/python3.10/site-packages/dgl/dataloading/dataloader.py:1076: DGLWarning: Dataloader CPU affinity opt is not enabled, consider switching it on (see enable_cpu_affinity() or CPU best practices for DGL [https://docs.dgl.ai/tutorials/cpu/cpu_best_practises.html])
  dgl_warning(
/workspace/pmp_vast/envs/pmp-author/lib/python3.10/site-packages/dgl/dataloading/dataloader.py:1076: DGLWarning: Dataloader CPU affinity opt is not enabled, consider switching it on (see enable_cpu_affinity() or CPU best practices for DGL [https://docs.dgl.ai/tutorials/cpu/cpu_best_practises.html])
  dgl_warning(
/workspace/pmp_vast/envs/pmp-author/lib/python3.10/site-packages/dgl/dataloading/dataloader.py:1076: DGLWarning: Dataloader CPU affinity opt is not enabled, consider switching it on (see enable_cpu_affinity() or CPU best practices for DGL [https://docs.dgl.ai/tutorials/cpu/cpu_best_practises.html])
  dgl_warning(
/workspace/pmp_vast/envs/pmp-author/lib/python3.10/site-packages/dgl/dataloading/dataloader.py:1076: DGLWarning: Dataloader CPU affinity opt is not enabled, consider switching it on (see enable_cpu_affinity() or CPU best practices for DGL [https://docs.dgl.ai/tutorials/cpu/cpu_best_practises.html])
  dgl_warning(
/workspace/pmp_vast/envs/pmp-author/lib/python3.10/site-packages/dgl/dataloading/dataloader.py:1076: DGLWarning: Dataloader CPU affinity opt is not enabled, consider switching it on (see enable_cpu_affinity() or CPU best practices for DGL [https://docs.dgl.ai/tutorials/cpu/cpu_best_practises.html])
  dgl_warning(
/workspace/pmp_vast/envs/pmp-author/lib/python3.10/site-packages/dgl/dataloading/dataloader.py:1076: DGLWarning: Dataloader CPU affinity opt is not enabled, consider switching it on (see enable_cpu_affinity() or CPU best practices for DGL [https://docs.dgl.ai/tutorials/cpu/cpu_best_practises.html])
  dgl_warning(
/workspace/pmp_vast/envs/pmp-author/lib/python3.10/site-packages/dgl/dataloading/dataloader.py:1076: DGLWarning: Dataloader CPU affinity opt is not enabled, consider switching it on (see enable_cpu_affinity() or CPU best practices for DGL [https://docs.dgl.ai/tutorials/cpu/cpu_best_practises.html])
  dgl_warning(
/workspace/pmp_vast/envs/pmp-author/lib/python3.10/site-packages/dgl/dataloading/dataloader.py:1076: DGLWarning: Dataloader CPU affinity opt is not enabled, consider switching it on (see enable_cpu_affinity() or CPU best practices for DGL [https://docs.dgl.ai/tutorials/cpu/cpu_best_practises.html])
  dgl_warning(
amazon_tr40_seed42 epoch=020 loss=0.083250 val_AUPRC=0.895656 best=0.907232(12) patience=8/20 train=20.782s val=9.838s
/workspace/pmp_vast/envs/pmp-author/lib/python3.10/site-packages/dgl/dataloading/dataloader.py:1076: DGLWarning: Dataloader CPU affinity opt is not enabled, consider switching it on (see enable_cpu_affinity() or CPU best practices for DGL [https://docs.dgl.ai/tutorials/cpu/cpu_best_practises.html])
  dgl_warning(
/workspace/pmp_vast/envs/pmp-author/lib/python3.10/site-packages/dgl/dataloading/dataloader.py:1076: DGLWarning: Dataloader CPU affinity opt is not enabled, consider switching it on (see enable_cpu_affinity() or CPU best practices for DGL [https://docs.dgl.ai/tutorials/cpu/cpu_best_practises.html])
  dgl_warning(
/workspace/pmp_vast/envs/pmp-author/lib/python3.10/site-packages/dgl/dataloading/dataloader.py:1076: DGLWarning: Dataloader CPU affinity opt is not enabled, consider switching it on (see enable_cpu_affinity() or CPU best practices for DGL [https://docs.dgl.ai/tutorials/cpu/cpu_best_practises.html])
  dgl_warning(
/workspace/pmp_vast/envs/pmp-author/lib/python3.10/site-packages/dgl/dataloading/dataloader.py:1076: DGLWarning: Dataloader CPU affinity opt is not enabled, consider switching it on (see enable_cpu_affinity() or CPU best practices for DGL [https://docs.dgl.ai/tutorials/cpu/cpu_best_practises.html])
  dgl_warning(
amazon_tr40_seed42 epoch=024 loss=0.080652 val_AUPRC=0.908767 best=0.908767(24) patience=0/20 train=20.143s val=11.317s
/workspace/pmp_vast/envs/pmp-author/lib/python3.10/site-packages/dgl/dataloading/dataloader.py:1076: DGLWarning: Dataloader CPU affinity opt is not enabled, consider switching it on (see enable_cpu_affinity() or CPU best practices for DGL [https://docs.dgl.ai/tutorials/cpu/cpu_best_practises.html])
  dgl_warning(
amazon_tr40_seed42 epoch=025 loss=0.079754 val_AUPRC=0.909394 best=0.909394(25) patience=0/20 train=16.507s val=11.428s
/workspace/pmp_vast/envs/pmp-author/lib/python3.10/site-packages/dgl/dataloading/dataloader.py:1076: DGLWarning: Dataloader CPU affinity opt is not enabled, consider switching it on (see enable_cpu_affinity() or CPU best practices for DGL [https://docs.dgl.ai/tutorials/cpu/cpu_best_practises.html])
  dgl_warning(
/workspace/pmp_vast/envs/pmp-author/lib/python3.10/site-packages/dgl/dataloading/dataloader.py:1076: DGLWarning: Dataloader CPU affinity opt is not enabled, consider switching it on (see enable_cpu_affinity() or CPU best practices for DGL [https://docs.dgl.ai/tutorials/cpu/cpu_best_practises.html])
  dgl_warning(
/workspace/pmp_vast/envs/pmp-author/lib/python3.10/site-packages/dgl/dataloading/dataloader.py:1076: DGLWarning: Dataloader CPU affinity opt is not enabled, consider switching it on (see enable_cpu_affinity() or CPU best practices for DGL [https://docs.dgl.ai/tutorials/cpu/cpu_best_practises.html])
  dgl_warning(
/workspace/pmp_vast/envs/pmp-author/lib/python3.10/site-packages/dgl/dataloading/dataloader.py:1076: DGLWarning: Dataloader CPU affinity opt is not enabled, consider switching it on (see enable_cpu_affinity() or CPU best practices for DGL [https://docs.dgl.ai/tutorials/cpu/cpu_best_practises.html])
  dgl_warning(
amazon_tr40_seed42 epoch=029 loss=0.080961 val_AUPRC=0.912060 best=0.912060(29) patience=0/20 train=20.664s val=12.276s
/workspace/pmp_vast/envs/pmp-author/lib/python3.10/site-packages/dgl/dataloading/dataloader.py:1076: DGLWarning: Dataloader CPU affinity opt is not enabled, consider switching it on (see enable_cpu_affinity() or CPU best practices for DGL [https://docs.dgl.ai/tutorials/cpu/cpu_best_practises.html])
  dgl_warning(
amazon_tr40_seed42 epoch=030 loss=0.073453 val_AUPRC=0.910626 best=0.912060(29) patience=1/20 train=20.922s val=13.573s
/workspace/pmp_vast/envs/pmp-author/lib/python3.10/site-packages/dgl/dataloading/dataloader.py:1076: DGLWarning: Dataloader CPU affinity opt is not enabled, consider switching it on (see enable_cpu_affinity() or CPU best practices for DGL [https://docs.dgl.ai/tutorials/cpu/cpu_best_practises.html])
  dgl_warning(
amazon_tr40_seed42 epoch=031 loss=0.079402 val_AUPRC=0.914462 best=0.914462(31) patience=0/20 train=24.654s val=11.495s
/workspace/pmp_vast/envs/pmp-author/lib/python3.10/site-packages/dgl/dataloading/dataloader.py:1076: DGLWarning: Dataloader CPU affinity opt is not enabled, consider switching it on (see enable_cpu_affinity() or CPU best practices for DGL [https://docs.dgl.ai/tutorials/cpu/cpu_best_practises.html])
  dgl_warning(
/workspace/pmp_vast/envs/pmp-author/lib/python3.10/site-packages/dgl/dataloading/dataloader.py:1076: DGLWarning: Dataloader CPU affinity opt is not enabled, consider switching it on (see enable_cpu_affinity() or CPU best practices for DGL [https://docs.dgl.ai/tutorials/cpu/cpu_best_practises.html])
  dgl_warning(
/workspace/pmp_vast/envs/pmp-author/lib/python3.10/site-packages/dgl/dataloading/dataloader.py:1076: DGLWarning: Dataloader CPU affinity opt is not enabled, consider switching it on (see enable_cpu_affinity() or CPU best practices for DGL [https://docs.dgl.ai/tutorials/cpu/cpu_best_practises.html])
  dgl_warning(
/workspace/pmp_vast/envs/pmp-author/lib/python3.10/site-packages/dgl/dataloading/dataloader.py:1076: DGLWarning: Dataloader CPU affinity opt is not enabled, consider switching it on (see enable_cpu_affinity() or CPU best practices for DGL [https://docs.dgl.ai/tutorials/cpu/cpu_best_practises.html])
  dgl_warning(
/workspace/pmp_vast/envs/pmp-author/lib/python3.10/site-packages/dgl/dataloading/dataloader.py:1076: DGLWarning: Dataloader CPU affinity opt is not enabled, consider switching it on (see enable_cpu_affinity() or CPU best practices for DGL [https://docs.dgl.ai/tutorials/cpu/cpu_best_practises.html])
  dgl_warning(
/workspace/pmp_vast/envs/pmp-author/lib/python3.10/site-packages/dgl/dataloading/dataloader.py:1076: DGLWarning: Dataloader CPU affinity opt is not enabled, consider switching it on (see enable_cpu_affinity() or CPU best practices for DGL [https://docs.dgl.ai/tutorials/cpu/cpu_best_practises.html])
  dgl_warning(
/workspace/pmp_vast/envs/pmp-author/lib/python3.10/site-packages/dgl/dataloading/dataloader.py:1076: DGLWarning: Dataloader CPU affinity opt is not enabled, consider switching it on (see enable_cpu_affinity() or CPU best practices for DGL [https://docs.dgl.ai/tutorials/cpu/cpu_best_practises.html])
  dgl_warning(
/workspace/pmp_vast/envs/pmp-author/lib/python3.10/site-packages/dgl/dataloading/dataloader.py:1076: DGLWarning: Dataloader CPU affinity opt is not enabled, consider switching it on (see enable_cpu_affinity() or CPU best practices for DGL [https://docs.dgl.ai/tutorials/cpu/cpu_best_practises.html])
  dgl_warning(
/workspace/pmp_vast/envs/pmp-author/lib/python3.10/site-packages/dgl/dataloading/dataloader.py:1076: DGLWarning: Dataloader CPU affinity opt is not enabled, consider switching it on (see enable_cpu_affinity() or CPU best practices for DGL [https://docs.dgl.ai/tutorials/cpu/cpu_best_practises.html])
  dgl_warning(
amazon_tr40_seed42 epoch=040 loss=0.106559 val_AUPRC=0.877641 best=0.914462(31) patience=9/20 train=17.713s val=8.996s
/workspace/pmp_vast/envs/pmp-author/lib/python3.10/site-packages/dgl/dataloading/dataloader.py:1076: DGLWarning: Dataloader CPU affinity opt is not enabled, consider switching it on (see enable_cpu_affinity() or CPU best practices for DGL [https://docs.dgl.ai/tutorials/cpu/cpu_best_practises.html])
  dgl_warning(
/workspace/pmp_vast/envs/pmp-author/lib/python3.10/site-packages/dgl/dataloading/dataloader.py:1076: DGLWarning: Dataloader CPU affinity opt is not enabled, consider switching it on (see enable_cpu_affinity() or CPU best practices for DGL [https://docs.dgl.ai/tutorials/cpu/cpu_best_practises.html])
  dgl_warning(
/workspace/pmp_vast/envs/pmp-author/lib/python3.10/site-packages/dgl/dataloading/dataloader.py:1076: DGLWarning: Dataloader CPU affinity opt is not enabled, consider switching it on (see enable_cpu_affinity() or CPU best practices for DGL [https://docs.dgl.ai/tutorials/cpu/cpu_best_practises.html])
  dgl_warning(
/workspace/pmp_vast/envs/pmp-author/lib/python3.10/site-packages/dgl/dataloading/dataloader.py:1076: DGLWarning: Dataloader CPU affinity opt is not enabled, consider switching it on (see enable_cpu_affinity() or CPU best practices for DGL [https://docs.dgl.ai/tutorials/cpu/cpu_best_practises.html])
  dgl_warning(
/workspace/pmp_vast/envs/pmp-author/lib/python3.10/site-packages/dgl/dataloading/dataloader.py:1076: DGLWarning: Dataloader CPU affinity opt is not enabled, consider switching it on (see enable_cpu_affinity() or CPU best practices for DGL [https://docs.dgl.ai/tutorials/cpu/cpu_best_practises.html])
  dgl_warning(
/workspace/pmp_vast/envs/pmp-author/lib/python3.10/site-packages/dgl/dataloading/dataloader.py:1076: DGLWarning: Dataloader CPU affinity opt is not enabled, consider switching it on (see enable_cpu_affinity() or CPU best practices for DGL [https://docs.dgl.ai/tutorials/cpu/cpu_best_practises.html])
  dgl_warning(
/workspace/pmp_vast/envs/pmp-author/lib/python3.10/site-packages/dgl/dataloading/dataloader.py:1076: DGLWarning: Dataloader CPU affinity opt is not enabled, consider switching it on (see enable_cpu_affinity() or CPU best practices for DGL [https://docs.dgl.ai/tutorials/cpu/cpu_best_practises.html])
  dgl_warning(
/workspace/pmp_vast/envs/pmp-author/lib/python3.10/site-packages/dgl/dataloading/dataloader.py:1076: DGLWarning: Dataloader CPU affinity opt is not enabled, consider switching it on (see enable_cpu_affinity() or CPU best practices for DGL [https://docs.dgl.ai/tutorials/cpu/cpu_best_practises.html])
  dgl_warning(
/workspace/pmp_vast/envs/pmp-author/lib/python3.10/site-packages/dgl/dataloading/dataloader.py:1076: DGLWarning: Dataloader CPU affinity opt is not enabled, consider switching it on (see enable_cpu_affinity() or CPU best practices for DGL [https://docs.dgl.ai/tutorials/cpu/cpu_best_practises.html])
  dgl_warning(
/workspace/pmp_vast/envs/pmp-author/lib/python3.10/site-packages/dgl/dataloading/dataloader.py:1076: DGLWarning: Dataloader CPU affinity opt is not enabled, consider switching it on (see enable_cpu_affinity() or CPU best practices for DGL [https://docs.dgl.ai/tutorials/cpu/cpu_best_practises.html])
  dgl_warning(
amazon_tr40_seed42 epoch=050 loss=0.095156 val_AUPRC=0.864161 best=0.914462(31) patience=19/20 train=11.725s val=7.368s
/workspace/pmp_vast/envs/pmp-author/lib/python3.10/site-packages/dgl/dataloading/dataloader.py:1076: DGLWarning: Dataloader CPU affinity opt is not enabled, consider switching it on (see enable_cpu_affinity() or CPU best practices for DGL [https://docs.dgl.ai/tutorials/cpu/cpu_best_practises.html])
  dgl_warning(
amazon_tr40_seed42 epoch=051 loss=0.098362 val_AUPRC=0.861530 best=0.914462(31) patience=20/20 train=11.156s val=6.017s
/workspace/pmp_vast/envs/pmp-author/lib/python3.10/site-packages/dgl/dataloading/dataloader.py:1076: DGLWarning: Dataloader CPU affinity opt is not enabled, consider switching it on (see enable_cpu_affinity() or CPU best practices for DGL [https://docs.dgl.ai/tutorials/cpu/cpu_best_practises.html])
  dgl_warning(
/workspace/pmp_vast/envs/pmp-author/lib/python3.10/site-packages/dgl/dataloading/dataloader.py:1076: DGLWarning: Dataloader CPU affinity opt is not enabled, consider switching it on (see enable_cpu_affinity() or CPU best practices for DGL [https://docs.dgl.ai/tutorials/cpu/cpu_best_practises.html])
  dgl_warning(
FINAL amazon_tr40_seed42 PASS | AUPRC=0.903413 AUROC=0.970674 MacroF1=0.913171 Recall=0.759146

===== FINAL amazon_tr40_seed72 =====
/workspace/pmp_vast/envs/pmp-author/lib/python3.10/site-packages/dgl/dataloading/dataloader.py:1076: DGLWarning: Dataloader CPU affinity opt is not enabled, consider switching it on (see enable_cpu_affinity() or CPU best practices for DGL [https://docs.dgl.ai/tutorials/cpu/cpu_best_practises.html])
  dgl_warning(
amazon_tr40_seed72 epoch=001 loss=0.657790 val_AUPRC=0.860319 best=0.860319(1) patience=0/20 train=11.139s val=6.508s
/workspace/pmp_vast/envs/pmp-author/lib/python3.10/site-packages/dgl/dataloading/dataloader.py:1076: DGLWarning: Dataloader CPU affinity opt is not enabled, consider switching it on (see enable_cpu_affinity() or CPU best practices for DGL [https://docs.dgl.ai/tutorials/cpu/cpu_best_practises.html])
  dgl_warning(
/workspace/pmp_vast/envs/pmp-author/lib/python3.10/site-packages/dgl/dataloading/dataloader.py:1076: DGLWarning: Dataloader CPU affinity opt is not enabled, consider switching it on (see enable_cpu_affinity() or CPU best practices for DGL [https://docs.dgl.ai/tutorials/cpu/cpu_best_practises.html])
  dgl_warning(
amazon_tr40_seed72 epoch=003 loss=0.164104 val_AUPRC=0.880962 best=0.880962(3) patience=0/20 train=12.714s val=5.373s
/workspace/pmp_vast/envs/pmp-author/lib/python3.10/site-packages/dgl/dataloading/dataloader.py:1076: DGLWarning: Dataloader CPU affinity opt is not enabled, consider switching it on (see enable_cpu_affinity() or CPU best practices for DGL [https://docs.dgl.ai/tutorials/cpu/cpu_best_practises.html])
  dgl_warning(
amazon_tr40_seed72 epoch=004 loss=0.122373 val_AUPRC=0.881852 best=0.881852(4) patience=0/20 train=11.293s val=6.870s
/workspace/pmp_vast/envs/pmp-author/lib/python3.10/site-packages/dgl/dataloading/dataloader.py:1076: DGLWarning: Dataloader CPU affinity opt is not enabled, consider switching it on (see enable_cpu_affinity() or CPU best practices for DGL [https://docs.dgl.ai/tutorials/cpu/cpu_best_practises.html])
  dgl_warning(
amazon_tr40_seed72 epoch=005 loss=0.110702 val_AUPRC=0.888623 best=0.888623(5) patience=0/20 train=11.857s val=6.218s
/workspace/pmp_vast/envs/pmp-author/lib/python3.10/site-packages/dgl/dataloading/dataloader.py:1076: DGLWarning: Dataloader CPU affinity opt is not enabled, consider switching it on (see enable_cpu_affinity() or CPU best practices for DGL [https://docs.dgl.ai/tutorials/cpu/cpu_best_practises.html])
  dgl_warning(
amazon_tr40_seed72 epoch=006 loss=0.103900 val_AUPRC=0.891675 best=0.891675(6) patience=0/20 train=12.178s val=5.945s
/workspace/pmp_vast/envs/pmp-author/lib/python3.10/site-packages/dgl/dataloading/dataloader.py:1076: DGLWarning: Dataloader CPU affinity opt is not enabled, consider switching it on (see enable_cpu_affinity() or CPU best practices for DGL [https://docs.dgl.ai/tutorials/cpu/cpu_best_practises.html])
  dgl_warning(
amazon_tr40_seed72 epoch=007 loss=0.102790 val_AUPRC=0.894567 best=0.894567(7) patience=0/20 train=11.579s val=5.775s
/workspace/pmp_vast/envs/pmp-author/lib/python3.10/site-packages/dgl/dataloading/dataloader.py:1076: DGLWarning: Dataloader CPU affinity opt is not enabled, consider switching it on (see enable_cpu_affinity() or CPU best practices for DGL [https://docs.dgl.ai/tutorials/cpu/cpu_best_practises.html])
  dgl_warning(
amazon_tr40_seed72 epoch=008 loss=0.097053 val_AUPRC=0.899551 best=0.899551(8) patience=0/20 train=11.745s val=6.359s
/workspace/pmp_vast/envs/pmp-author/lib/python3.10/site-packages/dgl/dataloading/dataloader.py:1076: DGLWarning: Dataloader CPU affinity opt is not enabled, consider switching it on (see enable_cpu_affinity() or CPU best practices for DGL [https://docs.dgl.ai/tutorials/cpu/cpu_best_practises.html])
  dgl_warning(
/workspace/pmp_vast/envs/pmp-author/lib/python3.10/site-packages/dgl/dataloading/dataloader.py:1076: DGLWarning: Dataloader CPU affinity opt is not enabled, consider switching it on (see enable_cpu_affinity() or CPU best practices for DGL [https://docs.dgl.ai/tutorials/cpu/cpu_best_practises.html])
  dgl_warning(
amazon_tr40_seed72 epoch=010 loss=0.102348 val_AUPRC=0.899551 best=0.899551(10) patience=0/20 train=11.472s val=5.549s
/workspace/pmp_vast/envs/pmp-author/lib/python3.10/site-packages/dgl/dataloading/dataloader.py:1076: DGLWarning: Dataloader CPU affinity opt is not enabled, consider switching it on (see enable_cpu_affinity() or CPU best practices for DGL [https://docs.dgl.ai/tutorials/cpu/cpu_best_practises.html])
  dgl_warning(
amazon_tr40_seed72 epoch=011 loss=0.089372 val_AUPRC=0.903073 best=0.903073(11) patience=0/20 train=11.717s val=5.265s
/workspace/pmp_vast/envs/pmp-author/lib/python3.10/site-packages/dgl/dataloading/dataloader.py:1076: DGLWarning: Dataloader CPU affinity opt is not enabled, consider switching it on (see enable_cpu_affinity() or CPU best practices for DGL [https://docs.dgl.ai/tutorials/cpu/cpu_best_practises.html])
  dgl_warning(
amazon_tr40_seed72 epoch=012 loss=0.088264 val_AUPRC=0.909761 best=0.909761(12) patience=0/20 train=11.485s val=5.602s
/workspace/pmp_vast/envs/pmp-author/lib/python3.10/site-packages/dgl/dataloading/dataloader.py:1076: DGLWarning: Dataloader CPU affinity opt is not enabled, consider switching it on (see enable_cpu_affinity() or CPU best practices for DGL [https://docs.dgl.ai/tutorials/cpu/cpu_best_practises.html])
  dgl_warning(
amazon_tr40_seed72 epoch=013 loss=0.084036 val_AUPRC=0.910092 best=0.910092(13) patience=0/20 train=11.611s val=5.497s
/workspace/pmp_vast/envs/pmp-author/lib/python3.10/site-packages/dgl/dataloading/dataloader.py:1076: DGLWarning: Dataloader CPU affinity opt is not enabled, consider switching it on (see enable_cpu_affinity() or CPU best practices for DGL [https://docs.dgl.ai/tutorials/cpu/cpu_best_practises.html])
  dgl_warning(
/workspace/pmp_vast/envs/pmp-author/lib/python3.10/site-packages/dgl/dataloading/dataloader.py:1076: DGLWarning: Dataloader CPU affinity opt is not enabled, consider switching it on (see enable_cpu_affinity() or CPU best practices for DGL [https://docs.dgl.ai/tutorials/cpu/cpu_best_practises.html])
  dgl_warning(
/workspace/pmp_vast/envs/pmp-author/lib/python3.10/site-packages/dgl/dataloading/dataloader.py:1076: DGLWarning: Dataloader CPU affinity opt is not enabled, consider switching it on (see enable_cpu_affinity() or CPU best practices for DGL [https://docs.dgl.ai/tutorials/cpu/cpu_best_practises.html])
  dgl_warning(
/workspace/pmp_vast/envs/pmp-author/lib/python3.10/site-packages/dgl/dataloading/dataloader.py:1076: DGLWarning: Dataloader CPU affinity opt is not enabled, consider switching it on (see enable_cpu_affinity() or CPU best practices for DGL [https://docs.dgl.ai/tutorials/cpu/cpu_best_practises.html])
  dgl_warning(
amazon_tr40_seed72 epoch=017 loss=0.078657 val_AUPRC=0.913333 best=0.913333(17) patience=0/20 train=10.953s val=6.004s
/workspace/pmp_vast/envs/pmp-author/lib/python3.10/site-packages/dgl/dataloading/dataloader.py:1076: DGLWarning: Dataloader CPU affinity opt is not enabled, consider switching it on (see enable_cpu_affinity() or CPU best practices for DGL [https://docs.dgl.ai/tutorials/cpu/cpu_best_practises.html])
  dgl_warning(
/workspace/pmp_vast/envs/pmp-author/lib/python3.10/site-packages/dgl/dataloading/dataloader.py:1076: DGLWarning: Dataloader CPU affinity opt is not enabled, consider switching it on (see enable_cpu_affinity() or CPU best practices for DGL [https://docs.dgl.ai/tutorials/cpu/cpu_best_practises.html])
  dgl_warning(
/workspace/pmp_vast/envs/pmp-author/lib/python3.10/site-packages/dgl/dataloading/dataloader.py:1076: DGLWarning: Dataloader CPU affinity opt is not enabled, consider switching it on (see enable_cpu_affinity() or CPU best practices for DGL [https://docs.dgl.ai/tutorials/cpu/cpu_best_practises.html])
  dgl_warning(
amazon_tr40_seed72 epoch=020 loss=0.094415 val_AUPRC=0.893765 best=0.913333(17) patience=3/20 train=18.843s val=5.502s
/workspace/pmp_vast/envs/pmp-author/lib/python3.10/site-packages/dgl/dataloading/dataloader.py:1076: DGLWarning: Dataloader CPU affinity opt is not enabled, consider switching it on (see enable_cpu_affinity() or CPU best practices for DGL [https://docs.dgl.ai/tutorials/cpu/cpu_best_practises.html])
  dgl_warning(
/workspace/pmp_vast/envs/pmp-author/lib/python3.10/site-packages/dgl/dataloading/dataloader.py:1076: DGLWarning: Dataloader CPU affinity opt is not enabled, consider switching it on (see enable_cpu_affinity() or CPU best practices for DGL [https://docs.dgl.ai/tutorials/cpu/cpu_best_practises.html])
  dgl_warning(
/workspace/pmp_vast/envs/pmp-author/lib/python3.10/site-packages/dgl/dataloading/dataloader.py:1076: DGLWarning: Dataloader CPU affinity opt is not enabled, consider switching it on (see enable_cpu_affinity() or CPU best practices for DGL [https://docs.dgl.ai/tutorials/cpu/cpu_best_practises.html])
  dgl_warning(
/workspace/pmp_vast/envs/pmp-author/lib/python3.10/site-packages/dgl/dataloading/dataloader.py:1076: DGLWarning: Dataloader CPU affinity opt is not enabled, consider switching it on (see enable_cpu_affinity() or CPU best practices for DGL [https://docs.dgl.ai/tutorials/cpu/cpu_best_practises.html])
  dgl_warning(
/workspace/pmp_vast/envs/pmp-author/lib/python3.10/site-packages/dgl/dataloading/dataloader.py:1076: DGLWarning: Dataloader CPU affinity opt is not enabled, consider switching it on (see enable_cpu_affinity() or CPU best practices for DGL [https://docs.dgl.ai/tutorials/cpu/cpu_best_practises.html])
  dgl_warning(
/workspace/pmp_vast/envs/pmp-author/lib/python3.10/site-packages/dgl/dataloading/dataloader.py:1076: DGLWarning: Dataloader CPU affinity opt is not enabled, consider switching it on (see enable_cpu_affinity() or CPU best practices for DGL [https://docs.dgl.ai/tutorials/cpu/cpu_best_practises.html])
  dgl_warning(
amazon_tr40_seed72 epoch=026 loss=0.083485 val_AUPRC=0.914039 best=0.914039(26) patience=0/20 train=26.922s val=24.077s
/workspace/pmp_vast/envs/pmp-author/lib/python3.10/site-packages/dgl/dataloading/dataloader.py:1076: DGLWarning: Dataloader CPU affinity opt is not enabled, consider switching it on (see enable_cpu_affinity() or CPU best practices for DGL [https://docs.dgl.ai/tutorials/cpu/cpu_best_practises.html])
  dgl_warning(
/workspace/pmp_vast/envs/pmp-author/lib/python3.10/site-packages/dgl/dataloading/dataloader.py:1076: DGLWarning: Dataloader CPU affinity opt is not enabled, consider switching it on (see enable_cpu_affinity() or CPU best practices for DGL [https://docs.dgl.ai/tutorials/cpu/cpu_best_practises.html])
  dgl_warning(
/workspace/pmp_vast/envs/pmp-author/lib/python3.10/site-packages/dgl/dataloading/dataloader.py:1076: DGLWarning: Dataloader CPU affinity opt is not enabled, consider switching it on (see enable_cpu_affinity() or CPU best practices for DGL [https://docs.dgl.ai/tutorials/cpu/cpu_best_practises.html])
  dgl_warning(
/workspace/pmp_vast/envs/pmp-author/lib/python3.10/site-packages/dgl/dataloading/dataloader.py:1076: DGLWarning: Dataloader CPU affinity opt is not enabled, consider switching it on (see enable_cpu_affinity() or CPU best practices for DGL [https://docs.dgl.ai/tutorials/cpu/cpu_best_practises.html])
  dgl_warning(
amazon_tr40_seed72 epoch=030 loss=0.076198 val_AUPRC=0.913587 best=0.914039(26) patience=4/20 train=15.015s val=8.205s
/workspace/pmp_vast/envs/pmp-author/lib/python3.10/site-packages/dgl/dataloading/dataloader.py:1076: DGLWarning: Dataloader CPU affinity opt is not enabled, consider switching it on (see enable_cpu_affinity() or CPU best practices for DGL [https://docs.dgl.ai/tutorials/cpu/cpu_best_practises.html])
  dgl_warning(
amazon_tr40_seed72 epoch=031 loss=0.072751 val_AUPRC=0.914301 best=0.914301(31) patience=0/20 train=16.916s val=7.990s
/workspace/pmp_vast/envs/pmp-author/lib/python3.10/site-packages/dgl/dataloading/dataloader.py:1076: DGLWarning: Dataloader CPU affinity opt is not enabled, consider switching it on (see enable_cpu_affinity() or CPU best practices for DGL [https://docs.dgl.ai/tutorials/cpu/cpu_best_practises.html])
  dgl_warning(
amazon_tr40_seed72 epoch=032 loss=0.068392 val_AUPRC=0.919730 best=0.919730(32) patience=0/20 train=15.453s val=8.070s
/workspace/pmp_vast/envs/pmp-author/lib/python3.10/site-packages/dgl/dataloading/dataloader.py:1076: DGLWarning: Dataloader CPU affinity opt is not enabled, consider switching it on (see enable_cpu_affinity() or CPU best practices for DGL [https://docs.dgl.ai/tutorials/cpu/cpu_best_practises.html])
  dgl_warning(
/workspace/pmp_vast/envs/pmp-author/lib/python3.10/site-packages/dgl/dataloading/dataloader.py:1076: DGLWarning: Dataloader CPU affinity opt is not enabled, consider switching it on (see enable_cpu_affinity() or CPU best practices for DGL [https://docs.dgl.ai/tutorials/cpu/cpu_best_practises.html])
  dgl_warning(
amazon_tr40_seed72 epoch=034 loss=0.061932 val_AUPRC=0.922554 best=0.922554(34) patience=0/20 train=16.594s val=7.994s
/workspace/pmp_vast/envs/pmp-author/lib/python3.10/site-packages/dgl/dataloading/dataloader.py:1076: DGLWarning: Dataloader CPU affinity opt is not enabled, consider switching it on (see enable_cpu_affinity() or CPU best practices for DGL [https://docs.dgl.ai/tutorials/cpu/cpu_best_practises.html])
  dgl_warning(
/workspace/pmp_vast/envs/pmp-author/lib/python3.10/site-packages/dgl/dataloading/dataloader.py:1076: DGLWarning: Dataloader CPU affinity opt is not enabled, consider switching it on (see enable_cpu_affinity() or CPU best practices for DGL [https://docs.dgl.ai/tutorials/cpu/cpu_best_practises.html])
  dgl_warning(
/workspace/pmp_vast/envs/pmp-author/lib/python3.10/site-packages/dgl/dataloading/dataloader.py:1076: DGLWarning: Dataloader CPU affinity opt is not enabled, consider switching it on (see enable_cpu_affinity() or CPU best practices for DGL [https://docs.dgl.ai/tutorials/cpu/cpu_best_practises.html])
  dgl_warning(
/workspace/pmp_vast/envs/pmp-author/lib/python3.10/site-packages/dgl/dataloading/dataloader.py:1076: DGLWarning: Dataloader CPU affinity opt is not enabled, consider switching it on (see enable_cpu_affinity() or CPU best practices for DGL [https://docs.dgl.ai/tutorials/cpu/cpu_best_practises.html])
  dgl_warning(
/workspace/pmp_vast/envs/pmp-author/lib/python3.10/site-packages/dgl/dataloading/dataloader.py:1076: DGLWarning: Dataloader CPU affinity opt is not enabled, consider switching it on (see enable_cpu_affinity() or CPU best practices for DGL [https://docs.dgl.ai/tutorials/cpu/cpu_best_practises.html])
  dgl_warning(
/workspace/pmp_vast/envs/pmp-author/lib/python3.10/site-packages/dgl/dataloading/dataloader.py:1076: DGLWarning: Dataloader CPU affinity opt is not enabled, consider switching it on (see enable_cpu_affinity() or CPU best practices for DGL [https://docs.dgl.ai/tutorials/cpu/cpu_best_practises.html])
  dgl_warning(
amazon_tr40_seed72 epoch=040 loss=0.068085 val_AUPRC=0.918361 best=0.922554(34) patience=6/20 train=15.292s val=9.704s
/workspace/pmp_vast/envs/pmp-author/lib/python3.10/site-packages/dgl/dataloading/dataloader.py:1076: DGLWarning: Dataloader CPU affinity opt is not enabled, consider switching it on (see enable_cpu_affinity() or CPU best practices for DGL [https://docs.dgl.ai/tutorials/cpu/cpu_best_practises.html])
  dgl_warning(
/workspace/pmp_vast/envs/pmp-author/lib/python3.10/site-packages/dgl/dataloading/dataloader.py:1076: DGLWarning: Dataloader CPU affinity opt is not enabled, consider switching it on (see enable_cpu_affinity() or CPU best practices for DGL [https://docs.dgl.ai/tutorials/cpu/cpu_best_practises.html])
  dgl_warning(
/workspace/pmp_vast/envs/pmp-author/lib/python3.10/site-packages/dgl/dataloading/dataloader.py:1076: DGLWarning: Dataloader CPU affinity opt is not enabled, consider switching it on (see enable_cpu_affinity() or CPU best practices for DGL [https://docs.dgl.ai/tutorials/cpu/cpu_best_practises.html])
  dgl_warning(
/workspace/pmp_vast/envs/pmp-author/lib/python3.10/site-packages/dgl/dataloading/dataloader.py:1076: DGLWarning: Dataloader CPU affinity opt is not enabled, consider switching it on (see enable_cpu_affinity() or CPU best practices for DGL [https://docs.dgl.ai/tutorials/cpu/cpu_best_practises.html])
  dgl_warning(
/workspace/pmp_vast/envs/pmp-author/lib/python3.10/site-packages/dgl/dataloading/dataloader.py:1076: DGLWarning: Dataloader CPU affinity opt is not enabled, consider switching it on (see enable_cpu_affinity() or CPU best practices for DGL [https://docs.dgl.ai/tutorials/cpu/cpu_best_practises.html])
  dgl_warning(
/workspace/pmp_vast/envs/pmp-author/lib/python3.10/site-packages/dgl/dataloading/dataloader.py:1076: DGLWarning: Dataloader CPU affinity opt is not enabled, consider switching it on (see enable_cpu_affinity() or CPU best practices for DGL [https://docs.dgl.ai/tutorials/cpu/cpu_best_practises.html])
  dgl_warning(
/workspace/pmp_vast/envs/pmp-author/lib/python3.10/site-packages/dgl/dataloading/dataloader.py:1076: DGLWarning: Dataloader CPU affinity opt is not enabled, consider switching it on (see enable_cpu_affinity() or CPU best practices for DGL [https://docs.dgl.ai/tutorials/cpu/cpu_best_practises.html])
  dgl_warning(
amazon_tr40_seed72 epoch=047 loss=0.067742 val_AUPRC=0.924679 best=0.924679(47) patience=0/20 train=16.284s val=8.332s
/workspace/pmp_vast/envs/pmp-author/lib/python3.10/site-packages/dgl/dataloading/dataloader.py:1076: DGLWarning: Dataloader CPU affinity opt is not enabled, consider switching it on (see enable_cpu_affinity() or CPU best practices for DGL [https://docs.dgl.ai/tutorials/cpu/cpu_best_practises.html])
  dgl_warning(
/workspace/pmp_vast/envs/pmp-author/lib/python3.10/site-packages/dgl/dataloading/dataloader.py:1076: DGLWarning: Dataloader CPU affinity opt is not enabled, consider switching it on (see enable_cpu_affinity() or CPU best practices for DGL [https://docs.dgl.ai/tutorials/cpu/cpu_best_practises.html])
  dgl_warning(
/workspace/pmp_vast/envs/pmp-author/lib/python3.10/site-packages/dgl/dataloading/dataloader.py:1076: DGLWarning: Dataloader CPU affinity opt is not enabled, consider switching it on (see enable_cpu_affinity() or CPU best practices for DGL [https://docs.dgl.ai/tutorials/cpu/cpu_best_practises.html])
  dgl_warning(
amazon_tr40_seed72 epoch=050 loss=0.066509 val_AUPRC=0.919228 best=0.924679(47) patience=3/20 train=15.179s val=9.244s
/workspace/pmp_vast/envs/pmp-author/lib/python3.10/site-packages/dgl/dataloading/dataloader.py:1076: DGLWarning: Dataloader CPU affinity opt is not enabled, consider switching it on (see enable_cpu_affinity() or CPU best practices for DGL [https://docs.dgl.ai/tutorials/cpu/cpu_best_practises.html])
  dgl_warning(
/workspace/pmp_vast/envs/pmp-author/lib/python3.10/site-packages/dgl/dataloading/dataloader.py:1076: DGLWarning: Dataloader CPU affinity opt is not enabled, consider switching it on (see enable_cpu_affinity() or CPU best practices for DGL [https://docs.dgl.ai/tutorials/cpu/cpu_best_practises.html])
  dgl_warning(
/workspace/pmp_vast/envs/pmp-author/lib/python3.10/site-packages/dgl/dataloading/dataloader.py:1076: DGLWarning: Dataloader CPU affinity opt is not enabled, consider switching it on (see enable_cpu_affinity() or CPU best practices for DGL [https://docs.dgl.ai/tutorials/cpu/cpu_best_practises.html])
  dgl_warning(
/workspace/pmp_vast/envs/pmp-author/lib/python3.10/site-packages/dgl/dataloading/dataloader.py:1076: DGLWarning: Dataloader CPU affinity opt is not enabled, consider switching it on (see enable_cpu_affinity() or CPU best practices for DGL [https://docs.dgl.ai/tutorials/cpu/cpu_best_practises.html])
  dgl_warning(
/workspace/pmp_vast/envs/pmp-author/lib/python3.10/site-packages/dgl/dataloading/dataloader.py:1076: DGLWarning: Dataloader CPU affinity opt is not enabled, consider switching it on (see enable_cpu_affinity() or CPU best practices for DGL [https://docs.dgl.ai/tutorials/cpu/cpu_best_practises.html])
  dgl_warning(
/workspace/pmp_vast/envs/pmp-author/lib/python3.10/site-packages/dgl/dataloading/dataloader.py:1076: DGLWarning: Dataloader CPU affinity opt is not enabled, consider switching it on (see enable_cpu_affinity() or CPU best practices for DGL [https://docs.dgl.ai/tutorials/cpu/cpu_best_practises.html])
  dgl_warning(
/workspace/pmp_vast/envs/pmp-author/lib/python3.10/site-packages/dgl/dataloading/dataloader.py:1076: DGLWarning: Dataloader CPU affinity opt is not enabled, consider switching it on (see enable_cpu_affinity() or CPU best practices for DGL [https://docs.dgl.ai/tutorials/cpu/cpu_best_practises.html])
  dgl_warning(
/workspace/pmp_vast/envs/pmp-author/lib/python3.10/site-packages/dgl/dataloading/dataloader.py:1076: DGLWarning: Dataloader CPU affinity opt is not enabled, consider switching it on (see enable_cpu_affinity() or CPU best practices for DGL [https://docs.dgl.ai/tutorials/cpu/cpu_best_practises.html])
  dgl_warning(
/workspace/pmp_vast/envs/pmp-author/lib/python3.10/site-packages/dgl/dataloading/dataloader.py:1076: DGLWarning: Dataloader CPU affinity opt is not enabled, consider switching it on (see enable_cpu_affinity() or CPU best practices for DGL [https://docs.dgl.ai/tutorials/cpu/cpu_best_practises.html])
  dgl_warning(
amazon_tr40_seed72 epoch=059 loss=0.067698 val_AUPRC=0.924799 best=0.924799(59) patience=0/20 train=17.159s val=9.907s
/workspace/pmp_vast/envs/pmp-author/lib/python3.10/site-packages/dgl/dataloading/dataloader.py:1076: DGLWarning: Dataloader CPU affinity opt is not enabled, consider switching it on (see enable_cpu_affinity() or CPU best practices for DGL [https://docs.dgl.ai/tutorials/cpu/cpu_best_practises.html])
  dgl_warning(
amazon_tr40_seed72 epoch=060 loss=0.064269 val_AUPRC=0.922977 best=0.924799(59) patience=1/20 train=15.204s val=8.486s
/workspace/pmp_vast/envs/pmp-author/lib/python3.10/site-packages/dgl/dataloading/dataloader.py:1076: DGLWarning: Dataloader CPU affinity opt is not enabled, consider switching it on (see enable_cpu_affinity() or CPU best practices for DGL [https://docs.dgl.ai/tutorials/cpu/cpu_best_practises.html])
  dgl_warning(
/workspace/pmp_vast/envs/pmp-author/lib/python3.10/site-packages/dgl/dataloading/dataloader.py:1076: DGLWarning: Dataloader CPU affinity opt is not enabled, consider switching it on (see enable_cpu_affinity() or CPU best practices for DGL [https://docs.dgl.ai/tutorials/cpu/cpu_best_practises.html])
  dgl_warning(
/workspace/pmp_vast/envs/pmp-author/lib/python3.10/site-packages/dgl/dataloading/dataloader.py:1076: DGLWarning: Dataloader CPU affinity opt is not enabled, consider switching it on (see enable_cpu_affinity() or CPU best practices for DGL [https://docs.dgl.ai/tutorials/cpu/cpu_best_practises.html])
  dgl_warning(
/workspace/pmp_vast/envs/pmp-author/lib/python3.10/site-packages/dgl/dataloading/dataloader.py:1076: DGLWarning: Dataloader CPU affinity opt is not enabled, consider switching it on (see enable_cpu_affinity() or CPU best practices for DGL [https://docs.dgl.ai/tutorials/cpu/cpu_best_practises.html])
  dgl_warning(
/workspace/pmp_vast/envs/pmp-author/lib/python3.10/site-packages/dgl/dataloading/dataloader.py:1076: DGLWarning: Dataloader CPU affinity opt is not enabled, consider switching it on (see enable_cpu_affinity() or CPU best practices for DGL [https://docs.dgl.ai/tutorials/cpu/cpu_best_practises.html])
  dgl_warning(
/workspace/pmp_vast/envs/pmp-author/lib/python3.10/site-packages/dgl/dataloading/dataloader.py:1076: DGLWarning: Dataloader CPU affinity opt is not enabled, consider switching it on (see enable_cpu_affinity() or CPU best practices for DGL [https://docs.dgl.ai/tutorials/cpu/cpu_best_practises.html])
  dgl_warning(
/workspace/pmp_vast/envs/pmp-author/lib/python3.10/site-packages/dgl/dataloading/dataloader.py:1076: DGLWarning: Dataloader CPU affinity opt is not enabled, consider switching it on (see enable_cpu_affinity() or CPU best practices for DGL [https://docs.dgl.ai/tutorials/cpu/cpu_best_practises.html])
  dgl_warning(
/workspace/pmp_vast/envs/pmp-author/lib/python3.10/site-packages/dgl/dataloading/dataloader.py:1076: DGLWarning: Dataloader CPU affinity opt is not enabled, consider switching it on (see enable_cpu_affinity() or CPU best practices for DGL [https://docs.dgl.ai/tutorials/cpu/cpu_best_practises.html])
  dgl_warning(
/workspace/pmp_vast/envs/pmp-author/lib/python3.10/site-packages/dgl/dataloading/dataloader.py:1076: DGLWarning: Dataloader CPU affinity opt is not enabled, consider switching it on (see enable_cpu_affinity() or CPU best practices for DGL [https://docs.dgl.ai/tutorials/cpu/cpu_best_practises.html])
  dgl_warning(
/workspace/pmp_vast/envs/pmp-author/lib/python3.10/site-packages/dgl/dataloading/dataloader.py:1076: DGLWarning: Dataloader CPU affinity opt is not enabled, consider switching it on (see enable_cpu_affinity() or CPU best practices for DGL [https://docs.dgl.ai/tutorials/cpu/cpu_best_practises.html])
  dgl_warning(
amazon_tr40_seed72 epoch=070 loss=0.069930 val_AUPRC=0.919760 best=0.924799(59) patience=11/20 train=16.407s val=8.267s
/workspace/pmp_vast/envs/pmp-author/lib/python3.10/site-packages/dgl/dataloading/dataloader.py:1076: DGLWarning: Dataloader CPU affinity opt is not enabled, consider switching it on (see enable_cpu_affinity() or CPU best practices for DGL [https://docs.dgl.ai/tutorials/cpu/cpu_best_practises.html])
  dgl_warning(
amazon_tr40_seed72 epoch=071 loss=0.065904 val_AUPRC=0.929435 best=0.929435(71) patience=0/20 train=16.011s val=7.660s
/workspace/pmp_vast/envs/pmp-author/lib/python3.10/site-packages/dgl/dataloading/dataloader.py:1076: DGLWarning: Dataloader CPU affinity opt is not enabled, consider switching it on (see enable_cpu_affinity() or CPU best practices for DGL [https://docs.dgl.ai/tutorials/cpu/cpu_best_practises.html])
  dgl_warning(
/workspace/pmp_vast/envs/pmp-author/lib/python3.10/site-packages/dgl/dataloading/dataloader.py:1076: DGLWarning: Dataloader CPU affinity opt is not enabled, consider switching it on (see enable_cpu_affinity() or CPU best practices for DGL [https://docs.dgl.ai/tutorials/cpu/cpu_best_practises.html])
  dgl_warning(
/workspace/pmp_vast/envs/pmp-author/lib/python3.10/site-packages/dgl/dataloading/dataloader.py:1076: DGLWarning: Dataloader CPU affinity opt is not enabled, consider switching it on (see enable_cpu_affinity() or CPU best practices for DGL [https://docs.dgl.ai/tutorials/cpu/cpu_best_practises.html])
  dgl_warning(
/workspace/pmp_vast/envs/pmp-author/lib/python3.10/site-packages/dgl/dataloading/dataloader.py:1076: DGLWarning: Dataloader CPU affinity opt is not enabled, consider switching it on (see enable_cpu_affinity() or CPU best practices for DGL [https://docs.dgl.ai/tutorials/cpu/cpu_best_practises.html])
  dgl_warning(
/workspace/pmp_vast/envs/pmp-author/lib/python3.10/site-packages/dgl/dataloading/dataloader.py:1076: DGLWarning: Dataloader CPU affinity opt is not enabled, consider switching it on (see enable_cpu_affinity() or CPU best practices for DGL [https://docs.dgl.ai/tutorials/cpu/cpu_best_practises.html])
  dgl_warning(
/workspace/pmp_vast/envs/pmp-author/lib/python3.10/site-packages/dgl/dataloading/dataloader.py:1076: DGLWarning: Dataloader CPU affinity opt is not enabled, consider switching it on (see enable_cpu_affinity() or CPU best practices for DGL [https://docs.dgl.ai/tutorials/cpu/cpu_best_practises.html])
  dgl_warning(
/workspace/pmp_vast/envs/pmp-author/lib/python3.10/site-packages/dgl/dataloading/dataloader.py:1076: DGLWarning: Dataloader CPU affinity opt is not enabled, consider switching it on (see enable_cpu_affinity() or CPU best practices for DGL [https://docs.dgl.ai/tutorials/cpu/cpu_best_practises.html])
  dgl_warning(
/workspace/pmp_vast/envs/pmp-author/lib/python3.10/site-packages/dgl/dataloading/dataloader.py:1076: DGLWarning: Dataloader CPU affinity opt is not enabled, consider switching it on (see enable_cpu_affinity() or CPU best practices for DGL [https://docs.dgl.ai/tutorials/cpu/cpu_best_practises.html])
  dgl_warning(
/workspace/pmp_vast/envs/pmp-author/lib/python3.10/site-packages/dgl/dataloading/dataloader.py:1076: DGLWarning: Dataloader CPU affinity opt is not enabled, consider switching it on (see enable_cpu_affinity() or CPU best practices for DGL [https://docs.dgl.ai/tutorials/cpu/cpu_best_practises.html])
  dgl_warning(
amazon_tr40_seed72 epoch=080 loss=0.064987 val_AUPRC=0.913393 best=0.929435(71) patience=9/20 train=20.647s val=16.927s
/workspace/pmp_vast/envs/pmp-author/lib/python3.10/site-packages/dgl/dataloading/dataloader.py:1076: DGLWarning: Dataloader CPU affinity opt is not enabled, consider switching it on (see enable_cpu_affinity() or CPU best practices for DGL [https://docs.dgl.ai/tutorials/cpu/cpu_best_practises.html])
  dgl_warning(
/workspace/pmp_vast/envs/pmp-author/lib/python3.10/site-packages/dgl/dataloading/dataloader.py:1076: DGLWarning: Dataloader CPU affinity opt is not enabled, consider switching it on (see enable_cpu_affinity() or CPU best practices for DGL [https://docs.dgl.ai/tutorials/cpu/cpu_best_practises.html])
  dgl_warning(
/workspace/pmp_vast/envs/pmp-author/lib/python3.10/site-packages/dgl/dataloading/dataloader.py:1076: DGLWarning: Dataloader CPU affinity opt is not enabled, consider switching it on (see enable_cpu_affinity() or CPU best practices for DGL [https://docs.dgl.ai/tutorials/cpu/cpu_best_practises.html])
  dgl_warning(
/workspace/pmp_vast/envs/pmp-author/lib/python3.10/site-packages/dgl/dataloading/dataloader.py:1076: DGLWarning: Dataloader CPU affinity opt is not enabled, consider switching it on (see enable_cpu_affinity() or CPU best practices for DGL [https://docs.dgl.ai/tutorials/cpu/cpu_best_practises.html])
  dgl_warning(
/workspace/pmp_vast/envs/pmp-author/lib/python3.10/site-packages/dgl/dataloading/dataloader.py:1076: DGLWarning: Dataloader CPU affinity opt is not enabled, consider switching it on (see enable_cpu_affinity() or CPU best practices for DGL [https://docs.dgl.ai/tutorials/cpu/cpu_best_practises.html])
  dgl_warning(
/workspace/pmp_vast/envs/pmp-author/lib/python3.10/site-packages/dgl/dataloading/dataloader.py:1076: DGLWarning: Dataloader CPU affinity opt is not enabled, consider switching it on (see enable_cpu_affinity() or CPU best practices for DGL [https://docs.dgl.ai/tutorials/cpu/cpu_best_practises.html])
  dgl_warning(
/workspace/pmp_vast/envs/pmp-author/lib/python3.10/site-packages/dgl/dataloading/dataloader.py:1076: DGLWarning: Dataloader CPU affinity opt is not enabled, consider switching it on (see enable_cpu_affinity() or CPU best practices for DGL [https://docs.dgl.ai/tutorials/cpu/cpu_best_practises.html])
  dgl_warning(
/workspace/pmp_vast/envs/pmp-author/lib/python3.10/site-packages/dgl/dataloading/dataloader.py:1076: DGLWarning: Dataloader CPU affinity opt is not enabled, consider switching it on (see enable_cpu_affinity() or CPU best practices for DGL [https://docs.dgl.ai/tutorials/cpu/cpu_best_practises.html])
  dgl_warning(
/workspace/pmp_vast/envs/pmp-author/lib/python3.10/site-packages/dgl/dataloading/dataloader.py:1076: DGLWarning: Dataloader CPU affinity opt is not enabled, consider switching it on (see enable_cpu_affinity() or CPU best practices for DGL [https://docs.dgl.ai/tutorials/cpu/cpu_best_practises.html])
  dgl_warning(
/workspace/pmp_vast/envs/pmp-author/lib/python3.10/site-packages/dgl/dataloading/dataloader.py:1076: DGLWarning: Dataloader CPU affinity opt is not enabled, consider switching it on (see enable_cpu_affinity() or CPU best practices for DGL [https://docs.dgl.ai/tutorials/cpu/cpu_best_practises.html])
  dgl_warning(
amazon_tr40_seed72 epoch=090 loss=0.080108 val_AUPRC=0.921561 best=0.929435(71) patience=19/20 train=24.034s val=12.243s
/workspace/pmp_vast/envs/pmp-author/lib/python3.10/site-packages/dgl/dataloading/dataloader.py:1076: DGLWarning: Dataloader CPU affinity opt is not enabled, consider switching it on (see enable_cpu_affinity() or CPU best practices for DGL [https://docs.dgl.ai/tutorials/cpu/cpu_best_practises.html])
  dgl_warning(
amazon_tr40_seed72 epoch=091 loss=0.070048 val_AUPRC=0.923555 best=0.929435(71) patience=20/20 train=28.171s val=14.219s
/workspace/pmp_vast/envs/pmp-author/lib/python3.10/site-packages/dgl/dataloading/dataloader.py:1076: DGLWarning: Dataloader CPU affinity opt is not enabled, consider switching it on (see enable_cpu_affinity() or CPU best practices for DGL [https://docs.dgl.ai/tutorials/cpu/cpu_best_practises.html])
  dgl_warning(
/workspace/pmp_vast/envs/pmp-author/lib/python3.10/site-packages/dgl/dataloading/dataloader.py:1076: DGLWarning: Dataloader CPU affinity opt is not enabled, consider switching it on (see enable_cpu_affinity() or CPU best practices for DGL [https://docs.dgl.ai/tutorials/cpu/cpu_best_practises.html])
  dgl_warning(
FINAL amazon_tr40_seed72 PASS | AUPRC=0.907486 AUROC=0.974933 MacroF1=0.918069 Recall=0.789634

===== FINAL amazon_tr30_seed2 =====
/workspace/pmp_vast/envs/pmp-author/lib/python3.10/site-packages/dgl/dataloading/dataloader.py:1076: DGLWarning: Dataloader CPU affinity opt is not enabled, consider switching it on (see enable_cpu_affinity() or CPU best practices for DGL [https://docs.dgl.ai/tutorials/cpu/cpu_best_practises.html])
  dgl_warning(
amazon_tr30_seed2 epoch=001 loss=0.997725 val_AUPRC=0.791990 best=0.791990(1) patience=0/20 train=19.022s val=16.590s
/workspace/pmp_vast/envs/pmp-author/lib/python3.10/site-packages/dgl/dataloading/dataloader.py:1076: DGLWarning: Dataloader CPU affinity opt is not enabled, consider switching it on (see enable_cpu_affinity() or CPU best practices for DGL [https://docs.dgl.ai/tutorials/cpu/cpu_best_practises.html])
  dgl_warning(
amazon_tr30_seed2 epoch=002 loss=0.142636 val_AUPRC=0.861453 best=0.861453(2) patience=0/20 train=14.249s val=8.567s
/workspace/pmp_vast/envs/pmp-author/lib/python3.10/site-packages/dgl/dataloading/dataloader.py:1076: DGLWarning: Dataloader CPU affinity opt is not enabled, consider switching it on (see enable_cpu_affinity() or CPU best practices for DGL [https://docs.dgl.ai/tutorials/cpu/cpu_best_practises.html])
  dgl_warning(
amazon_tr30_seed2 epoch=003 loss=0.118913 val_AUPRC=0.877161 best=0.877161(3) patience=0/20 train=14.628s val=11.949s
/workspace/pmp_vast/envs/pmp-author/lib/python3.10/site-packages/dgl/dataloading/dataloader.py:1076: DGLWarning: Dataloader CPU affinity opt is not enabled, consider switching it on (see enable_cpu_affinity() or CPU best practices for DGL [https://docs.dgl.ai/tutorials/cpu/cpu_best_practises.html])
  dgl_warning(
/workspace/pmp_vast/envs/pmp-author/lib/python3.10/site-packages/dgl/dataloading/dataloader.py:1076: DGLWarning: Dataloader CPU affinity opt is not enabled, consider switching it on (see enable_cpu_affinity() or CPU best practices for DGL [https://docs.dgl.ai/tutorials/cpu/cpu_best_practises.html])
  dgl_warning(
amazon_tr30_seed2 epoch=005 loss=0.095797 val_AUPRC=0.881532 best=0.881532(5) patience=0/20 train=13.424s val=11.159s
/workspace/pmp_vast/envs/pmp-author/lib/python3.10/site-packages/dgl/dataloading/dataloader.py:1076: DGLWarning: Dataloader CPU affinity opt is not enabled, consider switching it on (see enable_cpu_affinity() or CPU best practices for DGL [https://docs.dgl.ai/tutorials/cpu/cpu_best_practises.html])
  dgl_warning(
amazon_tr30_seed2 epoch=006 loss=0.093092 val_AUPRC=0.890315 best=0.890315(6) patience=0/20 train=14.971s val=10.026s
/workspace/pmp_vast/envs/pmp-author/lib/python3.10/site-packages/dgl/dataloading/dataloader.py:1076: DGLWarning: Dataloader CPU affinity opt is not enabled, consider switching it on (see enable_cpu_affinity() or CPU best practices for DGL [https://docs.dgl.ai/tutorials/cpu/cpu_best_practises.html])
  dgl_warning(
/workspace/pmp_vast/envs/pmp-author/lib/python3.10/site-packages/dgl/dataloading/dataloader.py:1076: DGLWarning: Dataloader CPU affinity opt is not enabled, consider switching it on (see enable_cpu_affinity() or CPU best practices for DGL [https://docs.dgl.ai/tutorials/cpu/cpu_best_practises.html])
  dgl_warning(
/workspace/pmp_vast/envs/pmp-author/lib/python3.10/site-packages/dgl/dataloading/dataloader.py:1076: DGLWarning: Dataloader CPU affinity opt is not enabled, consider switching it on (see enable_cpu_affinity() or CPU best practices for DGL [https://docs.dgl.ai/tutorials/cpu/cpu_best_practises.html])
  dgl_warning(
/workspace/pmp_vast/envs/pmp-author/lib/python3.10/site-packages/dgl/dataloading/dataloader.py:1076: DGLWarning: Dataloader CPU affinity opt is not enabled, consider switching it on (see enable_cpu_affinity() or CPU best practices for DGL [https://docs.dgl.ai/tutorials/cpu/cpu_best_practises.html])
  dgl_warning(
amazon_tr30_seed2 epoch=010 loss=0.095223 val_AUPRC=0.893436 best=0.893436(10) patience=0/20 train=14.429s val=12.823s
/workspace/pmp_vast/envs/pmp-author/lib/python3.10/site-packages/dgl/dataloading/dataloader.py:1076: DGLWarning: Dataloader CPU affinity opt is not enabled, consider switching it on (see enable_cpu_affinity() or CPU best practices for DGL [https://docs.dgl.ai/tutorials/cpu/cpu_best_practises.html])
  dgl_warning(
/workspace/pmp_vast/envs/pmp-author/lib/python3.10/site-packages/dgl/dataloading/dataloader.py:1076: DGLWarning: Dataloader CPU affinity opt is not enabled, consider switching it on (see enable_cpu_affinity() or CPU best practices for DGL [https://docs.dgl.ai/tutorials/cpu/cpu_best_practises.html])
  dgl_warning(
amazon_tr30_seed2 epoch=012 loss=0.094369 val_AUPRC=0.899667 best=0.899667(12) patience=0/20 train=17.318s val=14.919s
/workspace/pmp_vast/envs/pmp-author/lib/python3.10/site-packages/dgl/dataloading/dataloader.py:1076: DGLWarning: Dataloader CPU affinity opt is not enabled, consider switching it on (see enable_cpu_affinity() or CPU best practices for DGL [https://docs.dgl.ai/tutorials/cpu/cpu_best_practises.html])
  dgl_warning(
amazon_tr30_seed2 epoch=013 loss=0.082203 val_AUPRC=0.907923 best=0.907923(13) patience=0/20 train=20.877s val=12.046s
/workspace/pmp_vast/envs/pmp-author/lib/python3.10/site-packages/dgl/dataloading/dataloader.py:1076: DGLWarning: Dataloader CPU affinity opt is not enabled, consider switching it on (see enable_cpu_affinity() or CPU best practices for DGL [https://docs.dgl.ai/tutorials/cpu/cpu_best_practises.html])
  dgl_warning(
/workspace/pmp_vast/envs/pmp-author/lib/python3.10/site-packages/dgl/dataloading/dataloader.py:1076: DGLWarning: Dataloader CPU affinity opt is not enabled, consider switching it on (see enable_cpu_affinity() or CPU best practices for DGL [https://docs.dgl.ai/tutorials/cpu/cpu_best_practises.html])
  dgl_warning(
amazon_tr30_seed2 epoch=015 loss=0.080683 val_AUPRC=0.911245 best=0.911245(15) patience=0/20 train=13.671s val=8.781s
/workspace/pmp_vast/envs/pmp-author/lib/python3.10/site-packages/dgl/dataloading/dataloader.py:1076: DGLWarning: Dataloader CPU affinity opt is not enabled, consider switching it on (see enable_cpu_affinity() or CPU best practices for DGL [https://docs.dgl.ai/tutorials/cpu/cpu_best_practises.html])
  dgl_warning(
/workspace/pmp_vast/envs/pmp-author/lib/python3.10/site-packages/dgl/dataloading/dataloader.py:1076: DGLWarning: Dataloader CPU affinity opt is not enabled, consider switching it on (see enable_cpu_affinity() or CPU best practices for DGL [https://docs.dgl.ai/tutorials/cpu/cpu_best_practises.html])
  dgl_warning(
amazon_tr30_seed2 epoch=017 loss=0.073020 val_AUPRC=0.911667 best=0.911667(17) patience=0/20 train=18.150s val=10.088s
/workspace/pmp_vast/envs/pmp-author/lib/python3.10/site-packages/dgl/dataloading/dataloader.py:1076: DGLWarning: Dataloader CPU affinity opt is not enabled, consider switching it on (see enable_cpu_affinity() or CPU best practices for DGL [https://docs.dgl.ai/tutorials/cpu/cpu_best_practises.html])
  dgl_warning(
/workspace/pmp_vast/envs/pmp-author/lib/python3.10/site-packages/dgl/dataloading/dataloader.py:1076: DGLWarning: Dataloader CPU affinity opt is not enabled, consider switching it on (see enable_cpu_affinity() or CPU best practices for DGL [https://docs.dgl.ai/tutorials/cpu/cpu_best_practises.html])
  dgl_warning(
/workspace/pmp_vast/envs/pmp-author/lib/python3.10/site-packages/dgl/dataloading/dataloader.py:1076: DGLWarning: Dataloader CPU affinity opt is not enabled, consider switching it on (see enable_cpu_affinity() or CPU best practices for DGL [https://docs.dgl.ai/tutorials/cpu/cpu_best_practises.html])
  dgl_warning(
amazon_tr30_seed2 epoch=020 loss=0.071472 val_AUPRC=0.910009 best=0.911667(17) patience=3/20 train=14.626s val=10.098s
/workspace/pmp_vast/envs/pmp-author/lib/python3.10/site-packages/dgl/dataloading/dataloader.py:1076: DGLWarning: Dataloader CPU affinity opt is not enabled, consider switching it on (see enable_cpu_affinity() or CPU best practices for DGL [https://docs.dgl.ai/tutorials/cpu/cpu_best_practises.html])
  dgl_warning(
/workspace/pmp_vast/envs/pmp-author/lib/python3.10/site-packages/dgl/dataloading/dataloader.py:1076: DGLWarning: Dataloader CPU affinity opt is not enabled, consider switching it on (see enable_cpu_affinity() or CPU best practices for DGL [https://docs.dgl.ai/tutorials/cpu/cpu_best_practises.html])
  dgl_warning(
amazon_tr30_seed2 epoch=022 loss=0.065250 val_AUPRC=0.916042 best=0.916042(22) patience=0/20 train=12.837s val=9.806s
/workspace/pmp_vast/envs/pmp-author/lib/python3.10/site-packages/dgl/dataloading/dataloader.py:1076: DGLWarning: Dataloader CPU affinity opt is not enabled, consider switching it on (see enable_cpu_affinity() or CPU best practices for DGL [https://docs.dgl.ai/tutorials/cpu/cpu_best_practises.html])
  dgl_warning(
/workspace/pmp_vast/envs/pmp-author/lib/python3.10/site-packages/dgl/dataloading/dataloader.py:1076: DGLWarning: Dataloader CPU affinity opt is not enabled, consider switching it on (see enable_cpu_affinity() or CPU best practices for DGL [https://docs.dgl.ai/tutorials/cpu/cpu_best_practises.html])
  dgl_warning(
amazon_tr30_seed2 epoch=024 loss=0.065213 val_AUPRC=0.916879 best=0.916879(24) patience=0/20 train=15.944s val=13.297s
/workspace/pmp_vast/envs/pmp-author/lib/python3.10/site-packages/dgl/dataloading/dataloader.py:1076: DGLWarning: Dataloader CPU affinity opt is not enabled, consider switching it on (see enable_cpu_affinity() or CPU best practices for DGL [https://docs.dgl.ai/tutorials/cpu/cpu_best_practises.html])
  dgl_warning(
amazon_tr30_seed2 epoch=025 loss=0.060759 val_AUPRC=0.919316 best=0.919316(25) patience=0/20 train=18.251s val=23.872s
/workspace/pmp_vast/envs/pmp-author/lib/python3.10/site-packages/dgl/dataloading/dataloader.py:1076: DGLWarning: Dataloader CPU affinity opt is not enabled, consider switching it on (see enable_cpu_affinity() or CPU best practices for DGL [https://docs.dgl.ai/tutorials/cpu/cpu_best_practises.html])
  dgl_warning(
/workspace/pmp_vast/envs/pmp-author/lib/python3.10/site-packages/dgl/dataloading/dataloader.py:1076: DGLWarning: Dataloader CPU affinity opt is not enabled, consider switching it on (see enable_cpu_affinity() or CPU best practices for DGL [https://docs.dgl.ai/tutorials/cpu/cpu_best_practises.html])
  dgl_warning(
/workspace/pmp_vast/envs/pmp-author/lib/python3.10/site-packages/dgl/dataloading/dataloader.py:1076: DGLWarning: Dataloader CPU affinity opt is not enabled, consider switching it on (see enable_cpu_affinity() or CPU best practices for DGL [https://docs.dgl.ai/tutorials/cpu/cpu_best_practises.html])
  dgl_warning(
amazon_tr30_seed2 epoch=028 loss=0.065601 val_AUPRC=0.919655 best=0.919655(28) patience=0/20 train=14.805s val=8.988s
/workspace/pmp_vast/envs/pmp-author/lib/python3.10/site-packages/dgl/dataloading/dataloader.py:1076: DGLWarning: Dataloader CPU affinity opt is not enabled, consider switching it on (see enable_cpu_affinity() or CPU best practices for DGL [https://docs.dgl.ai/tutorials/cpu/cpu_best_practises.html])
  dgl_warning(
/workspace/pmp_vast/envs/pmp-author/lib/python3.10/site-packages/dgl/dataloading/dataloader.py:1076: DGLWarning: Dataloader CPU affinity opt is not enabled, consider switching it on (see enable_cpu_affinity() or CPU best practices for DGL [https://docs.dgl.ai/tutorials/cpu/cpu_best_practises.html])
  dgl_warning(
amazon_tr30_seed2 epoch=030 loss=0.068711 val_AUPRC=0.910324 best=0.919655(28) patience=2/20 train=15.122s val=9.051s
/workspace/pmp_vast/envs/pmp-author/lib/python3.10/site-packages/dgl/dataloading/dataloader.py:1076: DGLWarning: Dataloader CPU affinity opt is not enabled, consider switching it on (see enable_cpu_affinity() or CPU best practices for DGL [https://docs.dgl.ai/tutorials/cpu/cpu_best_practises.html])
  dgl_warning(
/workspace/pmp_vast/envs/pmp-author/lib/python3.10/site-packages/dgl/dataloading/dataloader.py:1076: DGLWarning: Dataloader CPU affinity opt is not enabled, consider switching it on (see enable_cpu_affinity() or CPU best practices for DGL [https://docs.dgl.ai/tutorials/cpu/cpu_best_practises.html])
  dgl_warning(
/workspace/pmp_vast/envs/pmp-author/lib/python3.10/site-packages/dgl/dataloading/dataloader.py:1076: DGLWarning: Dataloader CPU affinity opt is not enabled, consider switching it on (see enable_cpu_affinity() or CPU best practices for DGL [https://docs.dgl.ai/tutorials/cpu/cpu_best_practises.html])
  dgl_warning(
amazon_tr30_seed2 epoch=033 loss=0.073739 val_AUPRC=0.923899 best=0.923899(33) patience=0/20 train=12.692s val=6.903s
/workspace/pmp_vast/envs/pmp-author/lib/python3.10/site-packages/dgl/dataloading/dataloader.py:1076: DGLWarning: Dataloader CPU affinity opt is not enabled, consider switching it on (see enable_cpu_affinity() or CPU best practices for DGL [https://docs.dgl.ai/tutorials/cpu/cpu_best_practises.html])
  dgl_warning(
/workspace/pmp_vast/envs/pmp-author/lib/python3.10/site-packages/dgl/dataloading/dataloader.py:1076: DGLWarning: Dataloader CPU affinity opt is not enabled, consider switching it on (see enable_cpu_affinity() or CPU best practices for DGL [https://docs.dgl.ai/tutorials/cpu/cpu_best_practises.html])
  dgl_warning(
/workspace/pmp_vast/envs/pmp-author/lib/python3.10/site-packages/dgl/dataloading/dataloader.py:1076: DGLWarning: Dataloader CPU affinity opt is not enabled, consider switching it on (see enable_cpu_affinity() or CPU best practices for DGL [https://docs.dgl.ai/tutorials/cpu/cpu_best_practises.html])
  dgl_warning(
/workspace/pmp_vast/envs/pmp-author/lib/python3.10/site-packages/dgl/dataloading/dataloader.py:1076: DGLWarning: Dataloader CPU affinity opt is not enabled, consider switching it on (see enable_cpu_affinity() or CPU best practices for DGL [https://docs.dgl.ai/tutorials/cpu/cpu_best_practises.html])
  dgl_warning(
/workspace/pmp_vast/envs/pmp-author/lib/python3.10/site-packages/dgl/dataloading/dataloader.py:1076: DGLWarning: Dataloader CPU affinity opt is not enabled, consider switching it on (see enable_cpu_affinity() or CPU best practices for DGL [https://docs.dgl.ai/tutorials/cpu/cpu_best_practises.html])
  dgl_warning(
/workspace/pmp_vast/envs/pmp-author/lib/python3.10/site-packages/dgl/dataloading/dataloader.py:1076: DGLWarning: Dataloader CPU affinity opt is not enabled, consider switching it on (see enable_cpu_affinity() or CPU best practices for DGL [https://docs.dgl.ai/tutorials/cpu/cpu_best_practises.html])
  dgl_warning(
/workspace/pmp_vast/envs/pmp-author/lib/python3.10/site-packages/dgl/dataloading/dataloader.py:1076: DGLWarning: Dataloader CPU affinity opt is not enabled, consider switching it on (see enable_cpu_affinity() or CPU best practices for DGL [https://docs.dgl.ai/tutorials/cpu/cpu_best_practises.html])
  dgl_warning(
amazon_tr30_seed2 epoch=040 loss=0.061111 val_AUPRC=0.916421 best=0.923899(33) patience=7/20 train=14.018s val=10.379s
/workspace/pmp_vast/envs/pmp-author/lib/python3.10/site-packages/dgl/dataloading/dataloader.py:1076: DGLWarning: Dataloader CPU affinity opt is not enabled, consider switching it on (see enable_cpu_affinity() or CPU best practices for DGL [https://docs.dgl.ai/tutorials/cpu/cpu_best_practises.html])
  dgl_warning(
/workspace/pmp_vast/envs/pmp-author/lib/python3.10/site-packages/dgl/dataloading/dataloader.py:1076: DGLWarning: Dataloader CPU affinity opt is not enabled, consider switching it on (see enable_cpu_affinity() or CPU best practices for DGL [https://docs.dgl.ai/tutorials/cpu/cpu_best_practises.html])
  dgl_warning(
/workspace/pmp_vast/envs/pmp-author/lib/python3.10/site-packages/dgl/dataloading/dataloader.py:1076: DGLWarning: Dataloader CPU affinity opt is not enabled, consider switching it on (see enable_cpu_affinity() or CPU best practices for DGL [https://docs.dgl.ai/tutorials/cpu/cpu_best_practises.html])
  dgl_warning(
/workspace/pmp_vast/envs/pmp-author/lib/python3.10/site-packages/dgl/dataloading/dataloader.py:1076: DGLWarning: Dataloader CPU affinity opt is not enabled, consider switching it on (see enable_cpu_affinity() or CPU best practices for DGL [https://docs.dgl.ai/tutorials/cpu/cpu_best_practises.html])
  dgl_warning(
/workspace/pmp_vast/envs/pmp-author/lib/python3.10/site-packages/dgl/dataloading/dataloader.py:1076: DGLWarning: Dataloader CPU affinity opt is not enabled, consider switching it on (see enable_cpu_affinity() or CPU best practices for DGL [https://docs.dgl.ai/tutorials/cpu/cpu_best_practises.html])
  dgl_warning(
/workspace/pmp_vast/envs/pmp-author/lib/python3.10/site-packages/dgl/dataloading/dataloader.py:1076: DGLWarning: Dataloader CPU affinity opt is not enabled, consider switching it on (see enable_cpu_affinity() or CPU best practices for DGL [https://docs.dgl.ai/tutorials/cpu/cpu_best_practises.html])
  dgl_warning(
/workspace/pmp_vast/envs/pmp-author/lib/python3.10/site-packages/dgl/dataloading/dataloader.py:1076: DGLWarning: Dataloader CPU affinity opt is not enabled, consider switching it on (see enable_cpu_affinity() or CPU best practices for DGL [https://docs.dgl.ai/tutorials/cpu/cpu_best_practises.html])
  dgl_warning(
/workspace/pmp_vast/envs/pmp-author/lib/python3.10/site-packages/dgl/dataloading/dataloader.py:1076: DGLWarning: Dataloader CPU affinity opt is not enabled, consider switching it on (see enable_cpu_affinity() or CPU best practices for DGL [https://docs.dgl.ai/tutorials/cpu/cpu_best_practises.html])
  dgl_warning(
/workspace/pmp_vast/envs/pmp-author/lib/python3.10/site-packages/dgl/dataloading/dataloader.py:1076: DGLWarning: Dataloader CPU affinity opt is not enabled, consider switching it on (see enable_cpu_affinity() or CPU best practices for DGL [https://docs.dgl.ai/tutorials/cpu/cpu_best_practises.html])
  dgl_warning(
/workspace/pmp_vast/envs/pmp-author/lib/python3.10/site-packages/dgl/dataloading/dataloader.py:1076: DGLWarning: Dataloader CPU affinity opt is not enabled, consider switching it on (see enable_cpu_affinity() or CPU best practices for DGL [https://docs.dgl.ai/tutorials/cpu/cpu_best_practises.html])
  dgl_warning(
amazon_tr30_seed2 epoch=050 loss=0.056563 val_AUPRC=0.898373 best=0.923899(33) patience=17/20 train=14.935s val=8.654s
/workspace/pmp_vast/envs/pmp-author/lib/python3.10/site-packages/dgl/dataloading/dataloader.py:1076: DGLWarning: Dataloader CPU affinity opt is not enabled, consider switching it on (see enable_cpu_affinity() or CPU best practices for DGL [https://docs.dgl.ai/tutorials/cpu/cpu_best_practises.html])
  dgl_warning(
/workspace/pmp_vast/envs/pmp-author/lib/python3.10/site-packages/dgl/dataloading/dataloader.py:1076: DGLWarning: Dataloader CPU affinity opt is not enabled, consider switching it on (see enable_cpu_affinity() or CPU best practices for DGL [https://docs.dgl.ai/tutorials/cpu/cpu_best_practises.html])
  dgl_warning(
/workspace/pmp_vast/envs/pmp-author/lib/python3.10/site-packages/dgl/dataloading/dataloader.py:1076: DGLWarning: Dataloader CPU affinity opt is not enabled, consider switching it on (see enable_cpu_affinity() or CPU best practices for DGL [https://docs.dgl.ai/tutorials/cpu/cpu_best_practises.html])
  dgl_warning(
amazon_tr30_seed2 epoch=053 loss=0.049846 val_AUPRC=0.916115 best=0.923899(33) patience=20/20 train=17.113s val=9.155s
/workspace/pmp_vast/envs/pmp-author/lib/python3.10/site-packages/dgl/dataloading/dataloader.py:1076: DGLWarning: Dataloader CPU affinity opt is not enabled, consider switching it on (see enable_cpu_affinity() or CPU best practices for DGL [https://docs.dgl.ai/tutorials/cpu/cpu_best_practises.html])
  dgl_warning(
/workspace/pmp_vast/envs/pmp-author/lib/python3.10/site-packages/dgl/dataloading/dataloader.py:1076: DGLWarning: Dataloader CPU affinity opt is not enabled, consider switching it on (see enable_cpu_affinity() or CPU best practices for DGL [https://docs.dgl.ai/tutorials/cpu/cpu_best_practises.html])
  dgl_warning(
FINAL amazon_tr30_seed2 PASS | AUPRC=0.896080 AUROC=0.970426 MacroF1=0.922455 Recall=0.795732

===== FINAL amazon_tr30_seed42 =====
/workspace/pmp_vast/envs/pmp-author/lib/python3.10/site-packages/dgl/dataloading/dataloader.py:1076: DGLWarning: Dataloader CPU affinity opt is not enabled, consider switching it on (see enable_cpu_affinity() or CPU best practices for DGL [https://docs.dgl.ai/tutorials/cpu/cpu_best_practises.html])
  dgl_warning(
amazon_tr30_seed42 epoch=001 loss=0.632962 val_AUPRC=0.875808 best=0.875808(1) patience=0/20 train=14.017s val=11.314s
/workspace/pmp_vast/envs/pmp-author/lib/python3.10/site-packages/dgl/dataloading/dataloader.py:1076: DGLWarning: Dataloader CPU affinity opt is not enabled, consider switching it on (see enable_cpu_affinity() or CPU best practices for DGL [https://docs.dgl.ai/tutorials/cpu/cpu_best_practises.html])
  dgl_warning(
/workspace/pmp_vast/envs/pmp-author/lib/python3.10/site-packages/dgl/dataloading/dataloader.py:1076: DGLWarning: Dataloader CPU affinity opt is not enabled, consider switching it on (see enable_cpu_affinity() or CPU best practices for DGL [https://docs.dgl.ai/tutorials/cpu/cpu_best_practises.html])
  dgl_warning(
amazon_tr30_seed42 epoch=003 loss=0.129707 val_AUPRC=0.884527 best=0.884527(3) patience=0/20 train=13.577s val=7.919s
/workspace/pmp_vast/envs/pmp-author/lib/python3.10/site-packages/dgl/dataloading/dataloader.py:1076: DGLWarning: Dataloader CPU affinity opt is not enabled, consider switching it on (see enable_cpu_affinity() or CPU best practices for DGL [https://docs.dgl.ai/tutorials/cpu/cpu_best_practises.html])
  dgl_warning(
amazon_tr30_seed42 epoch=004 loss=0.111581 val_AUPRC=0.888369 best=0.888369(4) patience=0/20 train=9.698s val=8.740s
/workspace/pmp_vast/envs/pmp-author/lib/python3.10/site-packages/dgl/dataloading/dataloader.py:1076: DGLWarning: Dataloader CPU affinity opt is not enabled, consider switching it on (see enable_cpu_affinity() or CPU best practices for DGL [https://docs.dgl.ai/tutorials/cpu/cpu_best_practises.html])
  dgl_warning(
amazon_tr30_seed42 epoch=005 loss=0.098208 val_AUPRC=0.895509 best=0.895509(5) patience=0/20 train=11.524s val=7.599s
/workspace/pmp_vast/envs/pmp-author/lib/python3.10/site-packages/dgl/dataloading/dataloader.py:1076: DGLWarning: Dataloader CPU affinity opt is not enabled, consider switching it on (see enable_cpu_affinity() or CPU best practices for DGL [https://docs.dgl.ai/tutorials/cpu/cpu_best_practises.html])
  dgl_warning(
/workspace/pmp_vast/envs/pmp-author/lib/python3.10/site-packages/dgl/dataloading/dataloader.py:1076: DGLWarning: Dataloader CPU affinity opt is not enabled, consider switching it on (see enable_cpu_affinity() or CPU best practices for DGL [https://docs.dgl.ai/tutorials/cpu/cpu_best_practises.html])
  dgl_warning(
/workspace/pmp_vast/envs/pmp-author/lib/python3.10/site-packages/dgl/dataloading/dataloader.py:1076: DGLWarning: Dataloader CPU affinity opt is not enabled, consider switching it on (see enable_cpu_affinity() or CPU best practices for DGL [https://docs.dgl.ai/tutorials/cpu/cpu_best_practises.html])
  dgl_warning(
/workspace/pmp_vast/envs/pmp-author/lib/python3.10/site-packages/dgl/dataloading/dataloader.py:1076: DGLWarning: Dataloader CPU affinity opt is not enabled, consider switching it on (see enable_cpu_affinity() or CPU best practices for DGL [https://docs.dgl.ai/tutorials/cpu/cpu_best_practises.html])
  dgl_warning(
/workspace/pmp_vast/envs/pmp-author/lib/python3.10/site-packages/dgl/dataloading/dataloader.py:1076: DGLWarning: Dataloader CPU affinity opt is not enabled, consider switching it on (see enable_cpu_affinity() or CPU best practices for DGL [https://docs.dgl.ai/tutorials/cpu/cpu_best_practises.html])
  dgl_warning(
amazon_tr30_seed42 epoch=010 loss=0.096437 val_AUPRC=0.894433 best=0.895509(5) patience=5/20 train=12.231s val=8.296s
/workspace/pmp_vast/envs/pmp-author/lib/python3.10/site-packages/dgl/dataloading/dataloader.py:1076: DGLWarning: Dataloader CPU affinity opt is not enabled, consider switching it on (see enable_cpu_affinity() or CPU best practices for DGL [https://docs.dgl.ai/tutorials/cpu/cpu_best_practises.html])
  dgl_warning(
/workspace/pmp_vast/envs/pmp-author/lib/python3.10/site-packages/dgl/dataloading/dataloader.py:1076: DGLWarning: Dataloader CPU affinity opt is not enabled, consider switching it on (see enable_cpu_affinity() or CPU best practices for DGL [https://docs.dgl.ai/tutorials/cpu/cpu_best_practises.html])
  dgl_warning(
amazon_tr30_seed42 epoch=012 loss=0.084981 val_AUPRC=0.899212 best=0.899212(12) patience=0/20 train=13.528s val=8.864s
/workspace/pmp_vast/envs/pmp-author/lib/python3.10/site-packages/dgl/dataloading/dataloader.py:1076: DGLWarning: Dataloader CPU affinity opt is not enabled, consider switching it on (see enable_cpu_affinity() or CPU best practices for DGL [https://docs.dgl.ai/tutorials/cpu/cpu_best_practises.html])
  dgl_warning(
amazon_tr30_seed42 epoch=013 loss=0.084476 val_AUPRC=0.900482 best=0.900482(13) patience=0/20 train=15.330s val=11.998s
/workspace/pmp_vast/envs/pmp-author/lib/python3.10/site-packages/dgl/dataloading/dataloader.py:1076: DGLWarning: Dataloader CPU affinity opt is not enabled, consider switching it on (see enable_cpu_affinity() or CPU best practices for DGL [https://docs.dgl.ai/tutorials/cpu/cpu_best_practises.html])
  dgl_warning(
amazon_tr30_seed42 epoch=014 loss=0.080790 val_AUPRC=0.901907 best=0.901907(14) patience=0/20 train=14.439s val=13.076s
/workspace/pmp_vast/envs/pmp-author/lib/python3.10/site-packages/dgl/dataloading/dataloader.py:1076: DGLWarning: Dataloader CPU affinity opt is not enabled, consider switching it on (see enable_cpu_affinity() or CPU best practices for DGL [https://docs.dgl.ai/tutorials/cpu/cpu_best_practises.html])
  dgl_warning(
/workspace/pmp_vast/envs/pmp-author/lib/python3.10/site-packages/dgl/dataloading/dataloader.py:1076: DGLWarning: Dataloader CPU affinity opt is not enabled, consider switching it on (see enable_cpu_affinity() or CPU best practices for DGL [https://docs.dgl.ai/tutorials/cpu/cpu_best_practises.html])
  dgl_warning(
/workspace/pmp_vast/envs/pmp-author/lib/python3.10/site-packages/dgl/dataloading/dataloader.py:1076: DGLWarning: Dataloader CPU affinity opt is not enabled, consider switching it on (see enable_cpu_affinity() or CPU best practices for DGL [https://docs.dgl.ai/tutorials/cpu/cpu_best_practises.html])
  dgl_warning(
/workspace/pmp_vast/envs/pmp-author/lib/python3.10/site-packages/dgl/dataloading/dataloader.py:1076: DGLWarning: Dataloader CPU affinity opt is not enabled, consider switching it on (see enable_cpu_affinity() or CPU best practices for DGL [https://docs.dgl.ai/tutorials/cpu/cpu_best_practises.html])
  dgl_warning(
/workspace/pmp_vast/envs/pmp-author/lib/python3.10/site-packages/dgl/dataloading/dataloader.py:1076: DGLWarning: Dataloader CPU affinity opt is not enabled, consider switching it on (see enable_cpu_affinity() or CPU best practices for DGL [https://docs.dgl.ai/tutorials/cpu/cpu_best_practises.html])
  dgl_warning(
amazon_tr30_seed42 epoch=019 loss=0.074878 val_AUPRC=0.904153 best=0.904153(19) patience=0/20 train=15.290s val=10.168s
/workspace/pmp_vast/envs/pmp-author/lib/python3.10/site-packages/dgl/dataloading/dataloader.py:1076: DGLWarning: Dataloader CPU affinity opt is not enabled, consider switching it on (see enable_cpu_affinity() or CPU best practices for DGL [https://docs.dgl.ai/tutorials/cpu/cpu_best_practises.html])
  dgl_warning(
amazon_tr30_seed42 epoch=020 loss=0.072785 val_AUPRC=0.902141 best=0.904153(19) patience=1/20 train=16.031s val=11.917s
/workspace/pmp_vast/envs/pmp-author/lib/python3.10/site-packages/dgl/dataloading/dataloader.py:1076: DGLWarning: Dataloader CPU affinity opt is not enabled, consider switching it on (see enable_cpu_affinity() or CPU best practices for DGL [https://docs.dgl.ai/tutorials/cpu/cpu_best_practises.html])
  dgl_warning(
/workspace/pmp_vast/envs/pmp-author/lib/python3.10/site-packages/dgl/dataloading/dataloader.py:1076: DGLWarning: Dataloader CPU affinity opt is not enabled, consider switching it on (see enable_cpu_affinity() or CPU best practices for DGL [https://docs.dgl.ai/tutorials/cpu/cpu_best_practises.html])
  dgl_warning(
/workspace/pmp_vast/envs/pmp-author/lib/python3.10/site-packages/dgl/dataloading/dataloader.py:1076: DGLWarning: Dataloader CPU affinity opt is not enabled, consider switching it on (see enable_cpu_affinity() or CPU best practices for DGL [https://docs.dgl.ai/tutorials/cpu/cpu_best_practises.html])
  dgl_warning(
amazon_tr30_seed42 epoch=023 loss=0.083023 val_AUPRC=0.905018 best=0.905018(23) patience=0/20 train=13.491s val=7.477s
/workspace/pmp_vast/envs/pmp-author/lib/python3.10/site-packages/dgl/dataloading/dataloader.py:1076: DGLWarning: Dataloader CPU affinity opt is not enabled, consider switching it on (see enable_cpu_affinity() or CPU best practices for DGL [https://docs.dgl.ai/tutorials/cpu/cpu_best_practises.html])
  dgl_warning(
amazon_tr30_seed42 epoch=024 loss=0.074656 val_AUPRC=0.906926 best=0.906926(24) patience=0/20 train=11.608s val=9.456s
/workspace/pmp_vast/envs/pmp-author/lib/python3.10/site-packages/dgl/dataloading/dataloader.py:1076: DGLWarning: Dataloader CPU affinity opt is not enabled, consider switching it on (see enable_cpu_affinity() or CPU best practices for DGL [https://docs.dgl.ai/tutorials/cpu/cpu_best_practises.html])
  dgl_warning(
/workspace/pmp_vast/envs/pmp-author/lib/python3.10/site-packages/dgl/dataloading/dataloader.py:1076: DGLWarning: Dataloader CPU affinity opt is not enabled, consider switching it on (see enable_cpu_affinity() or CPU best practices for DGL [https://docs.dgl.ai/tutorials/cpu/cpu_best_practises.html])
  dgl_warning(
amazon_tr30_seed42 epoch=026 loss=0.071647 val_AUPRC=0.909649 best=0.909649(26) patience=0/20 train=9.747s val=7.303s
/workspace/pmp_vast/envs/pmp-author/lib/python3.10/site-packages/dgl/dataloading/dataloader.py:1076: DGLWarning: Dataloader CPU affinity opt is not enabled, consider switching it on (see enable_cpu_affinity() or CPU best practices for DGL [https://docs.dgl.ai/tutorials/cpu/cpu_best_practises.html])
  dgl_warning(
/workspace/pmp_vast/envs/pmp-author/lib/python3.10/site-packages/dgl/dataloading/dataloader.py:1076: DGLWarning: Dataloader CPU affinity opt is not enabled, consider switching it on (see enable_cpu_affinity() or CPU best practices for DGL [https://docs.dgl.ai/tutorials/cpu/cpu_best_practises.html])
  dgl_warning(
/workspace/pmp_vast/envs/pmp-author/lib/python3.10/site-packages/dgl/dataloading/dataloader.py:1076: DGLWarning: Dataloader CPU affinity opt is not enabled, consider switching it on (see enable_cpu_affinity() or CPU best practices for DGL [https://docs.dgl.ai/tutorials/cpu/cpu_best_practises.html])
  dgl_warning(
/workspace/pmp_vast/envs/pmp-author/lib/python3.10/site-packages/dgl/dataloading/dataloader.py:1076: DGLWarning: Dataloader CPU affinity opt is not enabled, consider switching it on (see enable_cpu_affinity() or CPU best practices for DGL [https://docs.dgl.ai/tutorials/cpu/cpu_best_practises.html])
  dgl_warning(
amazon_tr30_seed42 epoch=030 loss=0.065818 val_AUPRC=0.911454 best=0.911454(30) patience=0/20 train=9.713s val=6.372s
/workspace/pmp_vast/envs/pmp-author/lib/python3.10/site-packages/dgl/dataloading/dataloader.py:1076: DGLWarning: Dataloader CPU affinity opt is not enabled, consider switching it on (see enable_cpu_affinity() or CPU best practices for DGL [https://docs.dgl.ai/tutorials/cpu/cpu_best_practises.html])
  dgl_warning(
amazon_tr30_seed42 epoch=031 loss=0.064376 val_AUPRC=0.912433 best=0.912433(31) patience=0/20 train=8.776s val=6.255s
/workspace/pmp_vast/envs/pmp-author/lib/python3.10/site-packages/dgl/dataloading/dataloader.py:1076: DGLWarning: Dataloader CPU affinity opt is not enabled, consider switching it on (see enable_cpu_affinity() or CPU best practices for DGL [https://docs.dgl.ai/tutorials/cpu/cpu_best_practises.html])
  dgl_warning(
/workspace/pmp_vast/envs/pmp-author/lib/python3.10/site-packages/dgl/dataloading/dataloader.py:1076: DGLWarning: Dataloader CPU affinity opt is not enabled, consider switching it on (see enable_cpu_affinity() or CPU best practices for DGL [https://docs.dgl.ai/tutorials/cpu/cpu_best_practises.html])
  dgl_warning(
/workspace/pmp_vast/envs/pmp-author/lib/python3.10/site-packages/dgl/dataloading/dataloader.py:1076: DGLWarning: Dataloader CPU affinity opt is not enabled, consider switching it on (see enable_cpu_affinity() or CPU best practices for DGL [https://docs.dgl.ai/tutorials/cpu/cpu_best_practises.html])
  dgl_warning(
/workspace/pmp_vast/envs/pmp-author/lib/python3.10/site-packages/dgl/dataloading/dataloader.py:1076: DGLWarning: Dataloader CPU affinity opt is not enabled, consider switching it on (see enable_cpu_affinity() or CPU best practices for DGL [https://docs.dgl.ai/tutorials/cpu/cpu_best_practises.html])
  dgl_warning(
/workspace/pmp_vast/envs/pmp-author/lib/python3.10/site-packages/dgl/dataloading/dataloader.py:1076: DGLWarning: Dataloader CPU affinity opt is not enabled, consider switching it on (see enable_cpu_affinity() or CPU best practices for DGL [https://docs.dgl.ai/tutorials/cpu/cpu_best_practises.html])
  dgl_warning(
/workspace/pmp_vast/envs/pmp-author/lib/python3.10/site-packages/dgl/dataloading/dataloader.py:1076: DGLWarning: Dataloader CPU affinity opt is not enabled, consider switching it on (see enable_cpu_affinity() or CPU best practices for DGL [https://docs.dgl.ai/tutorials/cpu/cpu_best_practises.html])
  dgl_warning(
/workspace/pmp_vast/envs/pmp-author/lib/python3.10/site-packages/dgl/dataloading/dataloader.py:1076: DGLWarning: Dataloader CPU affinity opt is not enabled, consider switching it on (see enable_cpu_affinity() or CPU best practices for DGL [https://docs.dgl.ai/tutorials/cpu/cpu_best_practises.html])
  dgl_warning(
/workspace/pmp_vast/envs/pmp-author/lib/python3.10/site-packages/dgl/dataloading/dataloader.py:1076: DGLWarning: Dataloader CPU affinity opt is not enabled, consider switching it on (see enable_cpu_affinity() or CPU best practices for DGL [https://docs.dgl.ai/tutorials/cpu/cpu_best_practises.html])
  dgl_warning(
amazon_tr30_seed42 epoch=039 loss=0.064795 val_AUPRC=0.915180 best=0.915180(39) patience=0/20 train=8.457s val=5.426s
/workspace/pmp_vast/envs/pmp-author/lib/python3.10/site-packages/dgl/dataloading/dataloader.py:1076: DGLWarning: Dataloader CPU affinity opt is not enabled, consider switching it on (see enable_cpu_affinity() or CPU best practices for DGL [https://docs.dgl.ai/tutorials/cpu/cpu_best_practises.html])
  dgl_warning(
amazon_tr30_seed42 epoch=040 loss=0.062174 val_AUPRC=0.912086 best=0.915180(39) patience=1/20 train=8.450s val=5.548s
/workspace/pmp_vast/envs/pmp-author/lib/python3.10/site-packages/dgl/dataloading/dataloader.py:1076: DGLWarning: Dataloader CPU affinity opt is not enabled, consider switching it on (see enable_cpu_affinity() or CPU best practices for DGL [https://docs.dgl.ai/tutorials/cpu/cpu_best_practises.html])
  dgl_warning(
/workspace/pmp_vast/envs/pmp-author/lib/python3.10/site-packages/dgl/dataloading/dataloader.py:1076: DGLWarning: Dataloader CPU affinity opt is not enabled, consider switching it on (see enable_cpu_affinity() or CPU best practices for DGL [https://docs.dgl.ai/tutorials/cpu/cpu_best_practises.html])
  dgl_warning(
/workspace/pmp_vast/envs/pmp-author/lib/python3.10/site-packages/dgl/dataloading/dataloader.py:1076: DGLWarning: Dataloader CPU affinity opt is not enabled, consider switching it on (see enable_cpu_affinity() or CPU best practices for DGL [https://docs.dgl.ai/tutorials/cpu/cpu_best_practises.html])
  dgl_warning(
/workspace/pmp_vast/envs/pmp-author/lib/python3.10/site-packages/dgl/dataloading/dataloader.py:1076: DGLWarning: Dataloader CPU affinity opt is not enabled, consider switching it on (see enable_cpu_affinity() or CPU best practices for DGL [https://docs.dgl.ai/tutorials/cpu/cpu_best_practises.html])
  dgl_warning(
/workspace/pmp_vast/envs/pmp-author/lib/python3.10/site-packages/dgl/dataloading/dataloader.py:1076: DGLWarning: Dataloader CPU affinity opt is not enabled, consider switching it on (see enable_cpu_affinity() or CPU best practices for DGL [https://docs.dgl.ai/tutorials/cpu/cpu_best_practises.html])
  dgl_warning(
/workspace/pmp_vast/envs/pmp-author/lib/python3.10/site-packages/dgl/dataloading/dataloader.py:1076: DGLWarning: Dataloader CPU affinity opt is not enabled, consider switching it on (see enable_cpu_affinity() or CPU best practices for DGL [https://docs.dgl.ai/tutorials/cpu/cpu_best_practises.html])
  dgl_warning(
/workspace/pmp_vast/envs/pmp-author/lib/python3.10/site-packages/dgl/dataloading/dataloader.py:1076: DGLWarning: Dataloader CPU affinity opt is not enabled, consider switching it on (see enable_cpu_affinity() or CPU best practices for DGL [https://docs.dgl.ai/tutorials/cpu/cpu_best_practises.html])
  dgl_warning(
/workspace/pmp_vast/envs/pmp-author/lib/python3.10/site-packages/dgl/dataloading/dataloader.py:1076: DGLWarning: Dataloader CPU affinity opt is not enabled, consider switching it on (see enable_cpu_affinity() or CPU best practices for DGL [https://docs.dgl.ai/tutorials/cpu/cpu_best_practises.html])
  dgl_warning(
/workspace/pmp_vast/envs/pmp-author/lib/python3.10/site-packages/dgl/dataloading/dataloader.py:1076: DGLWarning: Dataloader CPU affinity opt is not enabled, consider switching it on (see enable_cpu_affinity() or CPU best practices for DGL [https://docs.dgl.ai/tutorials/cpu/cpu_best_practises.html])
  dgl_warning(
amazon_tr30_seed42 epoch=049 loss=0.059303 val_AUPRC=0.918213 best=0.918213(49) patience=0/20 train=8.165s val=6.799s
/workspace/pmp_vast/envs/pmp-author/lib/python3.10/site-packages/dgl/dataloading/dataloader.py:1076: DGLWarning: Dataloader CPU affinity opt is not enabled, consider switching it on (see enable_cpu_affinity() or CPU best practices for DGL [https://docs.dgl.ai/tutorials/cpu/cpu_best_practises.html])
  dgl_warning(
amazon_tr30_seed42 epoch=050 loss=0.064654 val_AUPRC=0.912361 best=0.918213(49) patience=1/20 train=9.574s val=5.551s
/workspace/pmp_vast/envs/pmp-author/lib/python3.10/site-packages/dgl/dataloading/dataloader.py:1076: DGLWarning: Dataloader CPU affinity opt is not enabled, consider switching it on (see enable_cpu_affinity() or CPU best practices for DGL [https://docs.dgl.ai/tutorials/cpu/cpu_best_practises.html])
  dgl_warning(
amazon_tr30_seed42 epoch=051 loss=0.062839 val_AUPRC=0.920317 best=0.920317(51) patience=0/20 train=8.320s val=5.674s
/workspace/pmp_vast/envs/pmp-author/lib/python3.10/site-packages/dgl/dataloading/dataloader.py:1076: DGLWarning: Dataloader CPU affinity opt is not enabled, consider switching it on (see enable_cpu_affinity() or CPU best practices for DGL [https://docs.dgl.ai/tutorials/cpu/cpu_best_practises.html])
  dgl_warning(
/workspace/pmp_vast/envs/pmp-author/lib/python3.10/site-packages/dgl/dataloading/dataloader.py:1076: DGLWarning: Dataloader CPU affinity opt is not enabled, consider switching it on (see enable_cpu_affinity() or CPU best practices for DGL [https://docs.dgl.ai/tutorials/cpu/cpu_best_practises.html])
  dgl_warning(
/workspace/pmp_vast/envs/pmp-author/lib/python3.10/site-packages/dgl/dataloading/dataloader.py:1076: DGLWarning: Dataloader CPU affinity opt is not enabled, consider switching it on (see enable_cpu_affinity() or CPU best practices for DGL [https://docs.dgl.ai/tutorials/cpu/cpu_best_practises.html])
  dgl_warning(
/workspace/pmp_vast/envs/pmp-author/lib/python3.10/site-packages/dgl/dataloading/dataloader.py:1076: DGLWarning: Dataloader CPU affinity opt is not enabled, consider switching it on (see enable_cpu_affinity() or CPU best practices for DGL [https://docs.dgl.ai/tutorials/cpu/cpu_best_practises.html])
  dgl_warning(
/workspace/pmp_vast/envs/pmp-author/lib/python3.10/site-packages/dgl/dataloading/dataloader.py:1076: DGLWarning: Dataloader CPU affinity opt is not enabled, consider switching it on (see enable_cpu_affinity() or CPU best practices for DGL [https://docs.dgl.ai/tutorials/cpu/cpu_best_practises.html])
  dgl_warning(
/workspace/pmp_vast/envs/pmp-author/lib/python3.10/site-packages/dgl/dataloading/dataloader.py:1076: DGLWarning: Dataloader CPU affinity opt is not enabled, consider switching it on (see enable_cpu_affinity() or CPU best practices for DGL [https://docs.dgl.ai/tutorials/cpu/cpu_best_practises.html])
  dgl_warning(
/workspace/pmp_vast/envs/pmp-author/lib/python3.10/site-packages/dgl/dataloading/dataloader.py:1076: DGLWarning: Dataloader CPU affinity opt is not enabled, consider switching it on (see enable_cpu_affinity() or CPU best practices for DGL [https://docs.dgl.ai/tutorials/cpu/cpu_best_practises.html])
  dgl_warning(
/workspace/pmp_vast/envs/pmp-author/lib/python3.10/site-packages/dgl/dataloading/dataloader.py:1076: DGLWarning: Dataloader CPU affinity opt is not enabled, consider switching it on (see enable_cpu_affinity() or CPU best practices for DGL [https://docs.dgl.ai/tutorials/cpu/cpu_best_practises.html])
  dgl_warning(
/workspace/pmp_vast/envs/pmp-author/lib/python3.10/site-packages/dgl/dataloading/dataloader.py:1076: DGLWarning: Dataloader CPU affinity opt is not enabled, consider switching it on (see enable_cpu_affinity() or CPU best practices for DGL [https://docs.dgl.ai/tutorials/cpu/cpu_best_practises.html])
  dgl_warning(
amazon_tr30_seed42 epoch=060 loss=0.091275 val_AUPRC=0.863306 best=0.920317(51) patience=9/20 train=8.058s val=5.997s
/workspace/pmp_vast/envs/pmp-author/lib/python3.10/site-packages/dgl/dataloading/dataloader.py:1076: DGLWarning: Dataloader CPU affinity opt is not enabled, consider switching it on (see enable_cpu_affinity() or CPU best practices for DGL [https://docs.dgl.ai/tutorials/cpu/cpu_best_practises.html])
  dgl_warning(
/workspace/pmp_vast/envs/pmp-author/lib/python3.10/site-packages/dgl/dataloading/dataloader.py:1076: DGLWarning: Dataloader CPU affinity opt is not enabled, consider switching it on (see enable_cpu_affinity() or CPU best practices for DGL [https://docs.dgl.ai/tutorials/cpu/cpu_best_practises.html])
  dgl_warning(
/workspace/pmp_vast/envs/pmp-author/lib/python3.10/site-packages/dgl/dataloading/dataloader.py:1076: DGLWarning: Dataloader CPU affinity opt is not enabled, consider switching it on (see enable_cpu_affinity() or CPU best practices for DGL [https://docs.dgl.ai/tutorials/cpu/cpu_best_practises.html])
  dgl_warning(
/workspace/pmp_vast/envs/pmp-author/lib/python3.10/site-packages/dgl/dataloading/dataloader.py:1076: DGLWarning: Dataloader CPU affinity opt is not enabled, consider switching it on (see enable_cpu_affinity() or CPU best practices for DGL [https://docs.dgl.ai/tutorials/cpu/cpu_best_practises.html])
  dgl_warning(
/workspace/pmp_vast/envs/pmp-author/lib/python3.10/site-packages/dgl/dataloading/dataloader.py:1076: DGLWarning: Dataloader CPU affinity opt is not enabled, consider switching it on (see enable_cpu_affinity() or CPU best practices for DGL [https://docs.dgl.ai/tutorials/cpu/cpu_best_practises.html])
  dgl_warning(
/workspace/pmp_vast/envs/pmp-author/lib/python3.10/site-packages/dgl/dataloading/dataloader.py:1076: DGLWarning: Dataloader CPU affinity opt is not enabled, consider switching it on (see enable_cpu_affinity() or CPU best practices for DGL [https://docs.dgl.ai/tutorials/cpu/cpu_best_practises.html])
  dgl_warning(
/workspace/pmp_vast/envs/pmp-author/lib/python3.10/site-packages/dgl/dataloading/dataloader.py:1076: DGLWarning: Dataloader CPU affinity opt is not enabled, consider switching it on (see enable_cpu_affinity() or CPU best practices for DGL [https://docs.dgl.ai/tutorials/cpu/cpu_best_practises.html])
  dgl_warning(
/workspace/pmp_vast/envs/pmp-author/lib/python3.10/site-packages/dgl/dataloading/dataloader.py:1076: DGLWarning: Dataloader CPU affinity opt is not enabled, consider switching it on (see enable_cpu_affinity() or CPU best practices for DGL [https://docs.dgl.ai/tutorials/cpu/cpu_best_practises.html])
  dgl_warning(
/workspace/pmp_vast/envs/pmp-author/lib/python3.10/site-packages/dgl/dataloading/dataloader.py:1076: DGLWarning: Dataloader CPU affinity opt is not enabled, consider switching it on (see enable_cpu_affinity() or CPU best practices for DGL [https://docs.dgl.ai/tutorials/cpu/cpu_best_practises.html])
  dgl_warning(
/workspace/pmp_vast/envs/pmp-author/lib/python3.10/site-packages/dgl/dataloading/dataloader.py:1076: DGLWarning: Dataloader CPU affinity opt is not enabled, consider switching it on (see enable_cpu_affinity() or CPU best practices for DGL [https://docs.dgl.ai/tutorials/cpu/cpu_best_practises.html])
  dgl_warning(
amazon_tr30_seed42 epoch=070 loss=0.073300 val_AUPRC=0.909321 best=0.920317(51) patience=19/20 train=9.241s val=4.956s
/workspace/pmp_vast/envs/pmp-author/lib/python3.10/site-packages/dgl/dataloading/dataloader.py:1076: DGLWarning: Dataloader CPU affinity opt is not enabled, consider switching it on (see enable_cpu_affinity() or CPU best practices for DGL [https://docs.dgl.ai/tutorials/cpu/cpu_best_practises.html])
  dgl_warning(
amazon_tr30_seed42 epoch=071 loss=0.078078 val_AUPRC=0.889875 best=0.920317(51) patience=20/20 train=8.136s val=5.583s
/workspace/pmp_vast/envs/pmp-author/lib/python3.10/site-packages/dgl/dataloading/dataloader.py:1076: DGLWarning: Dataloader CPU affinity opt is not enabled, consider switching it on (see enable_cpu_affinity() or CPU best practices for DGL [https://docs.dgl.ai/tutorials/cpu/cpu_best_practises.html])
  dgl_warning(
/workspace/pmp_vast/envs/pmp-author/lib/python3.10/site-packages/dgl/dataloading/dataloader.py:1076: DGLWarning: Dataloader CPU affinity opt is not enabled, consider switching it on (see enable_cpu_affinity() or CPU best practices for DGL [https://docs.dgl.ai/tutorials/cpu/cpu_best_practises.html])
  dgl_warning(
FINAL amazon_tr30_seed42 PASS | AUPRC=0.895330 AUROC=0.972378 MacroF1=0.924144 Recall=0.786585

===== FINAL amazon_tr30_seed72 =====
/workspace/pmp_vast/envs/pmp-author/lib/python3.10/site-packages/dgl/dataloading/dataloader.py:1076: DGLWarning: Dataloader CPU affinity opt is not enabled, consider switching it on (see enable_cpu_affinity() or CPU best practices for DGL [https://docs.dgl.ai/tutorials/cpu/cpu_best_practises.html])
  dgl_warning(
amazon_tr30_seed72 epoch=001 loss=0.788475 val_AUPRC=0.851473 best=0.851473(1) patience=0/20 train=8.610s val=6.550s
/workspace/pmp_vast/envs/pmp-author/lib/python3.10/site-packages/dgl/dataloading/dataloader.py:1076: DGLWarning: Dataloader CPU affinity opt is not enabled, consider switching it on (see enable_cpu_affinity() or CPU best practices for DGL [https://docs.dgl.ai/tutorials/cpu/cpu_best_practises.html])
  dgl_warning(
amazon_tr30_seed72 epoch=002 loss=0.153398 val_AUPRC=0.881512 best=0.881512(2) patience=0/20 train=8.192s val=5.518s
/workspace/pmp_vast/envs/pmp-author/lib/python3.10/site-packages/dgl/dataloading/dataloader.py:1076: DGLWarning: Dataloader CPU affinity opt is not enabled, consider switching it on (see enable_cpu_affinity() or CPU best practices for DGL [https://docs.dgl.ai/tutorials/cpu/cpu_best_practises.html])
  dgl_warning(
amazon_tr30_seed72 epoch=003 loss=0.127670 val_AUPRC=0.887667 best=0.887667(3) patience=0/20 train=8.765s val=7.435s
/workspace/pmp_vast/envs/pmp-author/lib/python3.10/site-packages/dgl/dataloading/dataloader.py:1076: DGLWarning: Dataloader CPU affinity opt is not enabled, consider switching it on (see enable_cpu_affinity() or CPU best practices for DGL [https://docs.dgl.ai/tutorials/cpu/cpu_best_practises.html])
  dgl_warning(
/workspace/pmp_vast/envs/pmp-author/lib/python3.10/site-packages/dgl/dataloading/dataloader.py:1076: DGLWarning: Dataloader CPU affinity opt is not enabled, consider switching it on (see enable_cpu_affinity() or CPU best practices for DGL [https://docs.dgl.ai/tutorials/cpu/cpu_best_practises.html])
  dgl_warning(
amazon_tr30_seed72 epoch=005 loss=0.115138 val_AUPRC=0.894065 best=0.894065(5) patience=0/20 train=7.967s val=5.632s
/workspace/pmp_vast/envs/pmp-author/lib/python3.10/site-packages/dgl/dataloading/dataloader.py:1076: DGLWarning: Dataloader CPU affinity opt is not enabled, consider switching it on (see enable_cpu_affinity() or CPU best practices for DGL [https://docs.dgl.ai/tutorials/cpu/cpu_best_practises.html])
  dgl_warning(
/workspace/pmp_vast/envs/pmp-author/lib/python3.10/site-packages/dgl/dataloading/dataloader.py:1076: DGLWarning: Dataloader CPU affinity opt is not enabled, consider switching it on (see enable_cpu_affinity() or CPU best practices for DGL [https://docs.dgl.ai/tutorials/cpu/cpu_best_practises.html])
  dgl_warning(
/workspace/pmp_vast/envs/pmp-author/lib/python3.10/site-packages/dgl/dataloading/dataloader.py:1076: DGLWarning: Dataloader CPU affinity opt is not enabled, consider switching it on (see enable_cpu_affinity() or CPU best practices for DGL [https://docs.dgl.ai/tutorials/cpu/cpu_best_practises.html])
  dgl_warning(
/workspace/pmp_vast/envs/pmp-author/lib/python3.10/site-packages/dgl/dataloading/dataloader.py:1076: DGLWarning: Dataloader CPU affinity opt is not enabled, consider switching it on (see enable_cpu_affinity() or CPU best practices for DGL [https://docs.dgl.ai/tutorials/cpu/cpu_best_practises.html])
  dgl_warning(
amazon_tr30_seed72 epoch=009 loss=0.090547 val_AUPRC=0.896874 best=0.896874(9) patience=0/20 train=9.113s val=5.524s
/workspace/pmp_vast/envs/pmp-author/lib/python3.10/site-packages/dgl/dataloading/dataloader.py:1076: DGLWarning: Dataloader CPU affinity opt is not enabled, consider switching it on (see enable_cpu_affinity() or CPU best practices for DGL [https://docs.dgl.ai/tutorials/cpu/cpu_best_practises.html])
  dgl_warning(
amazon_tr30_seed72 epoch=010 loss=0.107640 val_AUPRC=0.891683 best=0.896874(9) patience=1/20 train=9.127s val=6.265s
/workspace/pmp_vast/envs/pmp-author/lib/python3.10/site-packages/dgl/dataloading/dataloader.py:1076: DGLWarning: Dataloader CPU affinity opt is not enabled, consider switching it on (see enable_cpu_affinity() or CPU best practices for DGL [https://docs.dgl.ai/tutorials/cpu/cpu_best_practises.html])
  dgl_warning(
/workspace/pmp_vast/envs/pmp-author/lib/python3.10/site-packages/dgl/dataloading/dataloader.py:1076: DGLWarning: Dataloader CPU affinity opt is not enabled, consider switching it on (see enable_cpu_affinity() or CPU best practices for DGL [https://docs.dgl.ai/tutorials/cpu/cpu_best_practises.html])
  dgl_warning(
/workspace/pmp_vast/envs/pmp-author/lib/python3.10/site-packages/dgl/dataloading/dataloader.py:1076: DGLWarning: Dataloader CPU affinity opt is not enabled, consider switching it on (see enable_cpu_affinity() or CPU best practices for DGL [https://docs.dgl.ai/tutorials/cpu/cpu_best_practises.html])
  dgl_warning(
/workspace/pmp_vast/envs/pmp-author/lib/python3.10/site-packages/dgl/dataloading/dataloader.py:1076: DGLWarning: Dataloader CPU affinity opt is not enabled, consider switching it on (see enable_cpu_affinity() or CPU best practices for DGL [https://docs.dgl.ai/tutorials/cpu/cpu_best_practises.html])
  dgl_warning(
/workspace/pmp_vast/envs/pmp-author/lib/python3.10/site-packages/dgl/dataloading/dataloader.py:1076: DGLWarning: Dataloader CPU affinity opt is not enabled, consider switching it on (see enable_cpu_affinity() or CPU best practices for DGL [https://docs.dgl.ai/tutorials/cpu/cpu_best_practises.html])
  dgl_warning(
/workspace/pmp_vast/envs/pmp-author/lib/python3.10/site-packages/dgl/dataloading/dataloader.py:1076: DGLWarning: Dataloader CPU affinity opt is not enabled, consider switching it on (see enable_cpu_affinity() or CPU best practices for DGL [https://docs.dgl.ai/tutorials/cpu/cpu_best_practises.html])
  dgl_warning(
/workspace/pmp_vast/envs/pmp-author/lib/python3.10/site-packages/dgl/dataloading/dataloader.py:1076: DGLWarning: Dataloader CPU affinity opt is not enabled, consider switching it on (see enable_cpu_affinity() or CPU best practices for DGL [https://docs.dgl.ai/tutorials/cpu/cpu_best_practises.html])
  dgl_warning(
/workspace/pmp_vast/envs/pmp-author/lib/python3.10/site-packages/dgl/dataloading/dataloader.py:1076: DGLWarning: Dataloader CPU affinity opt is not enabled, consider switching it on (see enable_cpu_affinity() or CPU best practices for DGL [https://docs.dgl.ai/tutorials/cpu/cpu_best_practises.html])
  dgl_warning(
/workspace/pmp_vast/envs/pmp-author/lib/python3.10/site-packages/dgl/dataloading/dataloader.py:1076: DGLWarning: Dataloader CPU affinity opt is not enabled, consider switching it on (see enable_cpu_affinity() or CPU best practices for DGL [https://docs.dgl.ai/tutorials/cpu/cpu_best_practises.html])
  dgl_warning(
/workspace/pmp_vast/envs/pmp-author/lib/python3.10/site-packages/dgl/dataloading/dataloader.py:1076: DGLWarning: Dataloader CPU affinity opt is not enabled, consider switching it on (see enable_cpu_affinity() or CPU best practices for DGL [https://docs.dgl.ai/tutorials/cpu/cpu_best_practises.html])
  dgl_warning(
amazon_tr30_seed72 epoch=020 loss=0.087952 val_AUPRC=0.897562 best=0.897562(20) patience=0/20 train=7.871s val=6.031s
/workspace/pmp_vast/envs/pmp-author/lib/python3.10/site-packages/dgl/dataloading/dataloader.py:1076: DGLWarning: Dataloader CPU affinity opt is not enabled, consider switching it on (see enable_cpu_affinity() or CPU best practices for DGL [https://docs.dgl.ai/tutorials/cpu/cpu_best_practises.html])
  dgl_warning(
/workspace/pmp_vast/envs/pmp-author/lib/python3.10/site-packages/dgl/dataloading/dataloader.py:1076: DGLWarning: Dataloader CPU affinity opt is not enabled, consider switching it on (see enable_cpu_affinity() or CPU best practices for DGL [https://docs.dgl.ai/tutorials/cpu/cpu_best_practises.html])
  dgl_warning(
/workspace/pmp_vast/envs/pmp-author/lib/python3.10/site-packages/dgl/dataloading/dataloader.py:1076: DGLWarning: Dataloader CPU affinity opt is not enabled, consider switching it on (see enable_cpu_affinity() or CPU best practices for DGL [https://docs.dgl.ai/tutorials/cpu/cpu_best_practises.html])
  dgl_warning(
/workspace/pmp_vast/envs/pmp-author/lib/python3.10/site-packages/dgl/dataloading/dataloader.py:1076: DGLWarning: Dataloader CPU affinity opt is not enabled, consider switching it on (see enable_cpu_affinity() or CPU best practices for DGL [https://docs.dgl.ai/tutorials/cpu/cpu_best_practises.html])
  dgl_warning(
/workspace/pmp_vast/envs/pmp-author/lib/python3.10/site-packages/dgl/dataloading/dataloader.py:1076: DGLWarning: Dataloader CPU affinity opt is not enabled, consider switching it on (see enable_cpu_affinity() or CPU best practices for DGL [https://docs.dgl.ai/tutorials/cpu/cpu_best_practises.html])
  dgl_warning(
/workspace/pmp_vast/envs/pmp-author/lib/python3.10/site-packages/dgl/dataloading/dataloader.py:1076: DGLWarning: Dataloader CPU affinity opt is not enabled, consider switching it on (see enable_cpu_affinity() or CPU best practices for DGL [https://docs.dgl.ai/tutorials/cpu/cpu_best_practises.html])
  dgl_warning(
/workspace/pmp_vast/envs/pmp-author/lib/python3.10/site-packages/dgl/dataloading/dataloader.py:1076: DGLWarning: Dataloader CPU affinity opt is not enabled, consider switching it on (see enable_cpu_affinity() or CPU best practices for DGL [https://docs.dgl.ai/tutorials/cpu/cpu_best_practises.html])
  dgl_warning(
/workspace/pmp_vast/envs/pmp-author/lib/python3.10/site-packages/dgl/dataloading/dataloader.py:1076: DGLWarning: Dataloader CPU affinity opt is not enabled, consider switching it on (see enable_cpu_affinity() or CPU best practices for DGL [https://docs.dgl.ai/tutorials/cpu/cpu_best_practises.html])
  dgl_warning(
/workspace/pmp_vast/envs/pmp-author/lib/python3.10/site-packages/dgl/dataloading/dataloader.py:1076: DGLWarning: Dataloader CPU affinity opt is not enabled, consider switching it on (see enable_cpu_affinity() or CPU best practices for DGL [https://docs.dgl.ai/tutorials/cpu/cpu_best_practises.html])
  dgl_warning(
/workspace/pmp_vast/envs/pmp-author/lib/python3.10/site-packages/dgl/dataloading/dataloader.py:1076: DGLWarning: Dataloader CPU affinity opt is not enabled, consider switching it on (see enable_cpu_affinity() or CPU best practices for DGL [https://docs.dgl.ai/tutorials/cpu/cpu_best_practises.html])
  dgl_warning(
amazon_tr30_seed72 epoch=030 loss=0.073594 val_AUPRC=0.894675 best=0.897562(20) patience=10/20 train=8.741s val=5.800s
/workspace/pmp_vast/envs/pmp-author/lib/python3.10/site-packages/dgl/dataloading/dataloader.py:1076: DGLWarning: Dataloader CPU affinity opt is not enabled, consider switching it on (see enable_cpu_affinity() or CPU best practices for DGL [https://docs.dgl.ai/tutorials/cpu/cpu_best_practises.html])
  dgl_warning(
/workspace/pmp_vast/envs/pmp-author/lib/python3.10/site-packages/dgl/dataloading/dataloader.py:1076: DGLWarning: Dataloader CPU affinity opt is not enabled, consider switching it on (see enable_cpu_affinity() or CPU best practices for DGL [https://docs.dgl.ai/tutorials/cpu/cpu_best_practises.html])
  dgl_warning(
amazon_tr30_seed72 epoch=032 loss=0.067557 val_AUPRC=0.902515 best=0.902515(32) patience=0/20 train=9.664s val=5.771s
/workspace/pmp_vast/envs/pmp-author/lib/python3.10/site-packages/dgl/dataloading/dataloader.py:1076: DGLWarning: Dataloader CPU affinity opt is not enabled, consider switching it on (see enable_cpu_affinity() or CPU best practices for DGL [https://docs.dgl.ai/tutorials/cpu/cpu_best_practises.html])
  dgl_warning(
/workspace/pmp_vast/envs/pmp-author/lib/python3.10/site-packages/dgl/dataloading/dataloader.py:1076: DGLWarning: Dataloader CPU affinity opt is not enabled, consider switching it on (see enable_cpu_affinity() or CPU best practices for DGL [https://docs.dgl.ai/tutorials/cpu/cpu_best_practises.html])
  dgl_warning(
/workspace/pmp_vast/envs/pmp-author/lib/python3.10/site-packages/dgl/dataloading/dataloader.py:1076: DGLWarning: Dataloader CPU affinity opt is not enabled, consider switching it on (see enable_cpu_affinity() or CPU best practices for DGL [https://docs.dgl.ai/tutorials/cpu/cpu_best_practises.html])
  dgl_warning(
/workspace/pmp_vast/envs/pmp-author/lib/python3.10/site-packages/dgl/dataloading/dataloader.py:1076: DGLWarning: Dataloader CPU affinity opt is not enabled, consider switching it on (see enable_cpu_affinity() or CPU best practices for DGL [https://docs.dgl.ai/tutorials/cpu/cpu_best_practises.html])
  dgl_warning(
/workspace/pmp_vast/envs/pmp-author/lib/python3.10/site-packages/dgl/dataloading/dataloader.py:1076: DGLWarning: Dataloader CPU affinity opt is not enabled, consider switching it on (see enable_cpu_affinity() or CPU best practices for DGL [https://docs.dgl.ai/tutorials/cpu/cpu_best_practises.html])
  dgl_warning(
/workspace/pmp_vast/envs/pmp-author/lib/python3.10/site-packages/dgl/dataloading/dataloader.py:1076: DGLWarning: Dataloader CPU affinity opt is not enabled, consider switching it on (see enable_cpu_affinity() or CPU best practices for DGL [https://docs.dgl.ai/tutorials/cpu/cpu_best_practises.html])
  dgl_warning(
/workspace/pmp_vast/envs/pmp-author/lib/python3.10/site-packages/dgl/dataloading/dataloader.py:1076: DGLWarning: Dataloader CPU affinity opt is not enabled, consider switching it on (see enable_cpu_affinity() or CPU best practices for DGL [https://docs.dgl.ai/tutorials/cpu/cpu_best_practises.html])
  dgl_warning(
amazon_tr30_seed72 epoch=039 loss=0.084308 val_AUPRC=0.904972 best=0.904972(39) patience=0/20 train=8.047s val=5.588s
/workspace/pmp_vast/envs/pmp-author/lib/python3.10/site-packages/dgl/dataloading/dataloader.py:1076: DGLWarning: Dataloader CPU affinity opt is not enabled, consider switching it on (see enable_cpu_affinity() or CPU best practices for DGL [https://docs.dgl.ai/tutorials/cpu/cpu_best_practises.html])
  dgl_warning(
amazon_tr30_seed72 epoch=040 loss=0.070424 val_AUPRC=0.906278 best=0.906278(40) patience=0/20 train=9.693s val=5.936s
/workspace/pmp_vast/envs/pmp-author/lib/python3.10/site-packages/dgl/dataloading/dataloader.py:1076: DGLWarning: Dataloader CPU affinity opt is not enabled, consider switching it on (see enable_cpu_affinity() or CPU best practices for DGL [https://docs.dgl.ai/tutorials/cpu/cpu_best_practises.html])
  dgl_warning(
amazon_tr30_seed72 epoch=041 loss=0.065953 val_AUPRC=0.912315 best=0.912315(41) patience=0/20 train=8.391s val=5.650s
/workspace/pmp_vast/envs/pmp-author/lib/python3.10/site-packages/dgl/dataloading/dataloader.py:1076: DGLWarning: Dataloader CPU affinity opt is not enabled, consider switching it on (see enable_cpu_affinity() or CPU best practices for DGL [https://docs.dgl.ai/tutorials/cpu/cpu_best_practises.html])
  dgl_warning(
/workspace/pmp_vast/envs/pmp-author/lib/python3.10/site-packages/dgl/dataloading/dataloader.py:1076: DGLWarning: Dataloader CPU affinity opt is not enabled, consider switching it on (see enable_cpu_affinity() or CPU best practices for DGL [https://docs.dgl.ai/tutorials/cpu/cpu_best_practises.html])
  dgl_warning(
amazon_tr30_seed72 epoch=043 loss=0.065429 val_AUPRC=0.913543 best=0.913543(43) patience=0/20 train=7.993s val=5.904s
/workspace/pmp_vast/envs/pmp-author/lib/python3.10/site-packages/dgl/dataloading/dataloader.py:1076: DGLWarning: Dataloader CPU affinity opt is not enabled, consider switching it on (see enable_cpu_affinity() or CPU best practices for DGL [https://docs.dgl.ai/tutorials/cpu/cpu_best_practises.html])
  dgl_warning(
/workspace/pmp_vast/envs/pmp-author/lib/python3.10/site-packages/dgl/dataloading/dataloader.py:1076: DGLWarning: Dataloader CPU affinity opt is not enabled, consider switching it on (see enable_cpu_affinity() or CPU best practices for DGL [https://docs.dgl.ai/tutorials/cpu/cpu_best_practises.html])
  dgl_warning(
/workspace/pmp_vast/envs/pmp-author/lib/python3.10/site-packages/dgl/dataloading/dataloader.py:1076: DGLWarning: Dataloader CPU affinity opt is not enabled, consider switching it on (see enable_cpu_affinity() or CPU best practices for DGL [https://docs.dgl.ai/tutorials/cpu/cpu_best_practises.html])
  dgl_warning(
/workspace/pmp_vast/envs/pmp-author/lib/python3.10/site-packages/dgl/dataloading/dataloader.py:1076: DGLWarning: Dataloader CPU affinity opt is not enabled, consider switching it on (see enable_cpu_affinity() or CPU best practices for DGL [https://docs.dgl.ai/tutorials/cpu/cpu_best_practises.html])
  dgl_warning(
/workspace/pmp_vast/envs/pmp-author/lib/python3.10/site-packages/dgl/dataloading/dataloader.py:1076: DGLWarning: Dataloader CPU affinity opt is not enabled, consider switching it on (see enable_cpu_affinity() or CPU best practices for DGL [https://docs.dgl.ai/tutorials/cpu/cpu_best_practises.html])
  dgl_warning(
/workspace/pmp_vast/envs/pmp-author/lib/python3.10/site-packages/dgl/dataloading/dataloader.py:1076: DGLWarning: Dataloader CPU affinity opt is not enabled, consider switching it on (see enable_cpu_affinity() or CPU best practices for DGL [https://docs.dgl.ai/tutorials/cpu/cpu_best_practises.html])
  dgl_warning(
/workspace/pmp_vast/envs/pmp-author/lib/python3.10/site-packages/dgl/dataloading/dataloader.py:1076: DGLWarning: Dataloader CPU affinity opt is not enabled, consider switching it on (see enable_cpu_affinity() or CPU best practices for DGL [https://docs.dgl.ai/tutorials/cpu/cpu_best_practises.html])
  dgl_warning(
amazon_tr30_seed72 epoch=050 loss=0.078971 val_AUPRC=0.909073 best=0.913543(43) patience=7/20 train=9.623s val=7.230s
/workspace/pmp_vast/envs/pmp-author/lib/python3.10/site-packages/dgl/dataloading/dataloader.py:1076: DGLWarning: Dataloader CPU affinity opt is not enabled, consider switching it on (see enable_cpu_affinity() or CPU best practices for DGL [https://docs.dgl.ai/tutorials/cpu/cpu_best_practises.html])
  dgl_warning(
amazon_tr30_seed72 epoch=051 loss=0.065437 val_AUPRC=0.916450 best=0.916450(51) patience=0/20 train=9.196s val=5.847s
/workspace/pmp_vast/envs/pmp-author/lib/python3.10/site-packages/dgl/dataloading/dataloader.py:1076: DGLWarning: Dataloader CPU affinity opt is not enabled, consider switching it on (see enable_cpu_affinity() or CPU best practices for DGL [https://docs.dgl.ai/tutorials/cpu/cpu_best_practises.html])
  dgl_warning(
/workspace/pmp_vast/envs/pmp-author/lib/python3.10/site-packages/dgl/dataloading/dataloader.py:1076: DGLWarning: Dataloader CPU affinity opt is not enabled, consider switching it on (see enable_cpu_affinity() or CPU best practices for DGL [https://docs.dgl.ai/tutorials/cpu/cpu_best_practises.html])
  dgl_warning(
/workspace/pmp_vast/envs/pmp-author/lib/python3.10/site-packages/dgl/dataloading/dataloader.py:1076: DGLWarning: Dataloader CPU affinity opt is not enabled, consider switching it on (see enable_cpu_affinity() or CPU best practices for DGL [https://docs.dgl.ai/tutorials/cpu/cpu_best_practises.html])
  dgl_warning(
/workspace/pmp_vast/envs/pmp-author/lib/python3.10/site-packages/dgl/dataloading/dataloader.py:1076: DGLWarning: Dataloader CPU affinity opt is not enabled, consider switching it on (see enable_cpu_affinity() or CPU best practices for DGL [https://docs.dgl.ai/tutorials/cpu/cpu_best_practises.html])
  dgl_warning(
amazon_tr30_seed72 epoch=055 loss=0.056913 val_AUPRC=0.918004 best=0.918004(55) patience=0/20 train=8.403s val=6.270s
/workspace/pmp_vast/envs/pmp-author/lib/python3.10/site-packages/dgl/dataloading/dataloader.py:1076: DGLWarning: Dataloader CPU affinity opt is not enabled, consider switching it on (see enable_cpu_affinity() or CPU best practices for DGL [https://docs.dgl.ai/tutorials/cpu/cpu_best_practises.html])
  dgl_warning(
/workspace/pmp_vast/envs/pmp-author/lib/python3.10/site-packages/dgl/dataloading/dataloader.py:1076: DGLWarning: Dataloader CPU affinity opt is not enabled, consider switching it on (see enable_cpu_affinity() or CPU best practices for DGL [https://docs.dgl.ai/tutorials/cpu/cpu_best_practises.html])
  dgl_warning(
amazon_tr30_seed72 epoch=057 loss=0.060653 val_AUPRC=0.918455 best=0.918455(57) patience=0/20 train=7.841s val=5.565s
/workspace/pmp_vast/envs/pmp-author/lib/python3.10/site-packages/dgl/dataloading/dataloader.py:1076: DGLWarning: Dataloader CPU affinity opt is not enabled, consider switching it on (see enable_cpu_affinity() or CPU best practices for DGL [https://docs.dgl.ai/tutorials/cpu/cpu_best_practises.html])
  dgl_warning(
/workspace/pmp_vast/envs/pmp-author/lib/python3.10/site-packages/dgl/dataloading/dataloader.py:1076: DGLWarning: Dataloader CPU affinity opt is not enabled, consider switching it on (see enable_cpu_affinity() or CPU best practices for DGL [https://docs.dgl.ai/tutorials/cpu/cpu_best_practises.html])
  dgl_warning(
/workspace/pmp_vast/envs/pmp-author/lib/python3.10/site-packages/dgl/dataloading/dataloader.py:1076: DGLWarning: Dataloader CPU affinity opt is not enabled, consider switching it on (see enable_cpu_affinity() or CPU best practices for DGL [https://docs.dgl.ai/tutorials/cpu/cpu_best_practises.html])
  dgl_warning(
amazon_tr30_seed72 epoch=060 loss=0.066716 val_AUPRC=0.903178 best=0.918455(57) patience=3/20 train=8.706s val=5.095s
/workspace/pmp_vast/envs/pmp-author/lib/python3.10/site-packages/dgl/dataloading/dataloader.py:1076: DGLWarning: Dataloader CPU affinity opt is not enabled, consider switching it on (see enable_cpu_affinity() or CPU best practices for DGL [https://docs.dgl.ai/tutorials/cpu/cpu_best_practises.html])
  dgl_warning(
/workspace/pmp_vast/envs/pmp-author/lib/python3.10/site-packages/dgl/dataloading/dataloader.py:1076: DGLWarning: Dataloader CPU affinity opt is not enabled, consider switching it on (see enable_cpu_affinity() or CPU best practices for DGL [https://docs.dgl.ai/tutorials/cpu/cpu_best_practises.html])
  dgl_warning(
/workspace/pmp_vast/envs/pmp-author/lib/python3.10/site-packages/dgl/dataloading/dataloader.py:1076: DGLWarning: Dataloader CPU affinity opt is not enabled, consider switching it on (see enable_cpu_affinity() or CPU best practices for DGL [https://docs.dgl.ai/tutorials/cpu/cpu_best_practises.html])
  dgl_warning(
/workspace/pmp_vast/envs/pmp-author/lib/python3.10/site-packages/dgl/dataloading/dataloader.py:1076: DGLWarning: Dataloader CPU affinity opt is not enabled, consider switching it on (see enable_cpu_affinity() or CPU best practices for DGL [https://docs.dgl.ai/tutorials/cpu/cpu_best_practises.html])
  dgl_warning(
/workspace/pmp_vast/envs/pmp-author/lib/python3.10/site-packages/dgl/dataloading/dataloader.py:1076: DGLWarning: Dataloader CPU affinity opt is not enabled, consider switching it on (see enable_cpu_affinity() or CPU best practices for DGL [https://docs.dgl.ai/tutorials/cpu/cpu_best_practises.html])
  dgl_warning(
amazon_tr30_seed72 epoch=065 loss=0.062711 val_AUPRC=0.919161 best=0.919161(65) patience=0/20 train=8.340s val=6.405s
/workspace/pmp_vast/envs/pmp-author/lib/python3.10/site-packages/dgl/dataloading/dataloader.py:1076: DGLWarning: Dataloader CPU affinity opt is not enabled, consider switching it on (see enable_cpu_affinity() or CPU best practices for DGL [https://docs.dgl.ai/tutorials/cpu/cpu_best_practises.html])
  dgl_warning(
amazon_tr30_seed72 epoch=066 loss=0.054020 val_AUPRC=0.922110 best=0.922110(66) patience=0/20 train=9.330s val=7.222s
/workspace/pmp_vast/envs/pmp-author/lib/python3.10/site-packages/dgl/dataloading/dataloader.py:1076: DGLWarning: Dataloader CPU affinity opt is not enabled, consider switching it on (see enable_cpu_affinity() or CPU best practices for DGL [https://docs.dgl.ai/tutorials/cpu/cpu_best_practises.html])
  dgl_warning(
/workspace/pmp_vast/envs/pmp-author/lib/python3.10/site-packages/dgl/dataloading/dataloader.py:1076: DGLWarning: Dataloader CPU affinity opt is not enabled, consider switching it on (see enable_cpu_affinity() or CPU best practices for DGL [https://docs.dgl.ai/tutorials/cpu/cpu_best_practises.html])
  dgl_warning(
amazon_tr30_seed72 epoch=068 loss=0.057142 val_AUPRC=0.923284 best=0.923284(68) patience=0/20 train=8.663s val=6.332s
/workspace/pmp_vast/envs/pmp-author/lib/python3.10/site-packages/dgl/dataloading/dataloader.py:1076: DGLWarning: Dataloader CPU affinity opt is not enabled, consider switching it on (see enable_cpu_affinity() or CPU best practices for DGL [https://docs.dgl.ai/tutorials/cpu/cpu_best_practises.html])
  dgl_warning(
/workspace/pmp_vast/envs/pmp-author/lib/python3.10/site-packages/dgl/dataloading/dataloader.py:1076: DGLWarning: Dataloader CPU affinity opt is not enabled, consider switching it on (see enable_cpu_affinity() or CPU best practices for DGL [https://docs.dgl.ai/tutorials/cpu/cpu_best_practises.html])
  dgl_warning(
amazon_tr30_seed72 epoch=070 loss=0.066467 val_AUPRC=0.926551 best=0.926551(70) patience=0/20 train=8.530s val=4.942s
/workspace/pmp_vast/envs/pmp-author/lib/python3.10/site-packages/dgl/dataloading/dataloader.py:1076: DGLWarning: Dataloader CPU affinity opt is not enabled, consider switching it on (see enable_cpu_affinity() or CPU best practices for DGL [https://docs.dgl.ai/tutorials/cpu/cpu_best_practises.html])
  dgl_warning(
/workspace/pmp_vast/envs/pmp-author/lib/python3.10/site-packages/dgl/dataloading/dataloader.py:1076: DGLWarning: Dataloader CPU affinity opt is not enabled, consider switching it on (see enable_cpu_affinity() or CPU best practices for DGL [https://docs.dgl.ai/tutorials/cpu/cpu_best_practises.html])
  dgl_warning(
/workspace/pmp_vast/envs/pmp-author/lib/python3.10/site-packages/dgl/dataloading/dataloader.py:1076: DGLWarning: Dataloader CPU affinity opt is not enabled, consider switching it on (see enable_cpu_affinity() or CPU best practices for DGL [https://docs.dgl.ai/tutorials/cpu/cpu_best_practises.html])
  dgl_warning(
/workspace/pmp_vast/envs/pmp-author/lib/python3.10/site-packages/dgl/dataloading/dataloader.py:1076: DGLWarning: Dataloader CPU affinity opt is not enabled, consider switching it on (see enable_cpu_affinity() or CPU best practices for DGL [https://docs.dgl.ai/tutorials/cpu/cpu_best_practises.html])
  dgl_warning(
/workspace/pmp_vast/envs/pmp-author/lib/python3.10/site-packages/dgl/dataloading/dataloader.py:1076: DGLWarning: Dataloader CPU affinity opt is not enabled, consider switching it on (see enable_cpu_affinity() or CPU best practices for DGL [https://docs.dgl.ai/tutorials/cpu/cpu_best_practises.html])
  dgl_warning(
/workspace/pmp_vast/envs/pmp-author/lib/python3.10/site-packages/dgl/dataloading/dataloader.py:1076: DGLWarning: Dataloader CPU affinity opt is not enabled, consider switching it on (see enable_cpu_affinity() or CPU best practices for DGL [https://docs.dgl.ai/tutorials/cpu/cpu_best_practises.html])
  dgl_warning(
/workspace/pmp_vast/envs/pmp-author/lib/python3.10/site-packages/dgl/dataloading/dataloader.py:1076: DGLWarning: Dataloader CPU affinity opt is not enabled, consider switching it on (see enable_cpu_affinity() or CPU best practices for DGL [https://docs.dgl.ai/tutorials/cpu/cpu_best_practises.html])
  dgl_warning(
/workspace/pmp_vast/envs/pmp-author/lib/python3.10/site-packages/dgl/dataloading/dataloader.py:1076: DGLWarning: Dataloader CPU affinity opt is not enabled, consider switching it on (see enable_cpu_affinity() or CPU best practices for DGL [https://docs.dgl.ai/tutorials/cpu/cpu_best_practises.html])
  dgl_warning(
/workspace/pmp_vast/envs/pmp-author/lib/python3.10/site-packages/dgl/dataloading/dataloader.py:1076: DGLWarning: Dataloader CPU affinity opt is not enabled, consider switching it on (see enable_cpu_affinity() or CPU best practices for DGL [https://docs.dgl.ai/tutorials/cpu/cpu_best_practises.html])
  dgl_warning(
/workspace/pmp_vast/envs/pmp-author/lib/python3.10/site-packages/dgl/dataloading/dataloader.py:1076: DGLWarning: Dataloader CPU affinity opt is not enabled, consider switching it on (see enable_cpu_affinity() or CPU best practices for DGL [https://docs.dgl.ai/tutorials/cpu/cpu_best_practises.html])
  dgl_warning(
amazon_tr30_seed72 epoch=080 loss=0.054256 val_AUPRC=0.915806 best=0.926551(70) patience=10/20 train=5.831s val=3.726s
/workspace/pmp_vast/envs/pmp-author/lib/python3.10/site-packages/dgl/dataloading/dataloader.py:1076: DGLWarning: Dataloader CPU affinity opt is not enabled, consider switching it on (see enable_cpu_affinity() or CPU best practices for DGL [https://docs.dgl.ai/tutorials/cpu/cpu_best_practises.html])
  dgl_warning(
/workspace/pmp_vast/envs/pmp-author/lib/python3.10/site-packages/dgl/dataloading/dataloader.py:1076: DGLWarning: Dataloader CPU affinity opt is not enabled, consider switching it on (see enable_cpu_affinity() or CPU best practices for DGL [https://docs.dgl.ai/tutorials/cpu/cpu_best_practises.html])
  dgl_warning(
/workspace/pmp_vast/envs/pmp-author/lib/python3.10/site-packages/dgl/dataloading/dataloader.py:1076: DGLWarning: Dataloader CPU affinity opt is not enabled, consider switching it on (see enable_cpu_affinity() or CPU best practices for DGL [https://docs.dgl.ai/tutorials/cpu/cpu_best_practises.html])
  dgl_warning(
/workspace/pmp_vast/envs/pmp-author/lib/python3.10/site-packages/dgl/dataloading/dataloader.py:1076: DGLWarning: Dataloader CPU affinity opt is not enabled, consider switching it on (see enable_cpu_affinity() or CPU best practices for DGL [https://docs.dgl.ai/tutorials/cpu/cpu_best_practises.html])
  dgl_warning(
/workspace/pmp_vast/envs/pmp-author/lib/python3.10/site-packages/dgl/dataloading/dataloader.py:1076: DGLWarning: Dataloader CPU affinity opt is not enabled, consider switching it on (see enable_cpu_affinity() or CPU best practices for DGL [https://docs.dgl.ai/tutorials/cpu/cpu_best_practises.html])
  dgl_warning(
/workspace/pmp_vast/envs/pmp-author/lib/python3.10/site-packages/dgl/dataloading/dataloader.py:1076: DGLWarning: Dataloader CPU affinity opt is not enabled, consider switching it on (see enable_cpu_affinity() or CPU best practices for DGL [https://docs.dgl.ai/tutorials/cpu/cpu_best_practises.html])
  dgl_warning(
/workspace/pmp_vast/envs/pmp-author/lib/python3.10/site-packages/dgl/dataloading/dataloader.py:1076: DGLWarning: Dataloader CPU affinity opt is not enabled, consider switching it on (see enable_cpu_affinity() or CPU best practices for DGL [https://docs.dgl.ai/tutorials/cpu/cpu_best_practises.html])
  dgl_warning(
/workspace/pmp_vast/envs/pmp-author/lib/python3.10/site-packages/dgl/dataloading/dataloader.py:1076: DGLWarning: Dataloader CPU affinity opt is not enabled, consider switching it on (see enable_cpu_affinity() or CPU best practices for DGL [https://docs.dgl.ai/tutorials/cpu/cpu_best_practises.html])
  dgl_warning(
/workspace/pmp_vast/envs/pmp-author/lib/python3.10/site-packages/dgl/dataloading/dataloader.py:1076: DGLWarning: Dataloader CPU affinity opt is not enabled, consider switching it on (see enable_cpu_affinity() or CPU best practices for DGL [https://docs.dgl.ai/tutorials/cpu/cpu_best_practises.html])
  dgl_warning(
/workspace/pmp_vast/envs/pmp-author/lib/python3.10/site-packages/dgl/dataloading/dataloader.py:1076: DGLWarning: Dataloader CPU affinity opt is not enabled, consider switching it on (see enable_cpu_affinity() or CPU best practices for DGL [https://docs.dgl.ai/tutorials/cpu/cpu_best_practises.html])
  dgl_warning(
amazon_tr30_seed72 epoch=090 loss=0.052545 val_AUPRC=0.921133 best=0.926551(70) patience=20/20 train=6.284s val=4.483s
/workspace/pmp_vast/envs/pmp-author/lib/python3.10/site-packages/dgl/dataloading/dataloader.py:1076: DGLWarning: Dataloader CPU affinity opt is not enabled, consider switching it on (see enable_cpu_affinity() or CPU best practices for DGL [https://docs.dgl.ai/tutorials/cpu/cpu_best_practises.html])
  dgl_warning(
/workspace/pmp_vast/envs/pmp-author/lib/python3.10/site-packages/dgl/dataloading/dataloader.py:1076: DGLWarning: Dataloader CPU affinity opt is not enabled, consider switching it on (see enable_cpu_affinity() or CPU best practices for DGL [https://docs.dgl.ai/tutorials/cpu/cpu_best_practises.html])
  dgl_warning(
FINAL amazon_tr30_seed72 PASS | AUPRC=0.908013 AUROC=0.976578 MacroF1=0.920193 Recall=0.817073

===== FINAL amazon_tr20_seed2 =====
/workspace/pmp_vast/envs/pmp-author/lib/python3.10/site-packages/dgl/dataloading/dataloader.py:1076: DGLWarning: Dataloader CPU affinity opt is not enabled, consider switching it on (see enable_cpu_affinity() or CPU best practices for DGL [https://docs.dgl.ai/tutorials/cpu/cpu_best_practises.html])
  dgl_warning(
amazon_tr20_seed2 epoch=001 loss=1.158155 val_AUPRC=0.815497 best=0.815497(1) patience=0/20 train=4.259s val=3.689s
/workspace/pmp_vast/envs/pmp-author/lib/python3.10/site-packages/dgl/dataloading/dataloader.py:1076: DGLWarning: Dataloader CPU affinity opt is not enabled, consider switching it on (see enable_cpu_affinity() or CPU best practices for DGL [https://docs.dgl.ai/tutorials/cpu/cpu_best_practises.html])
  dgl_warning(
amazon_tr20_seed2 epoch=002 loss=0.179259 val_AUPRC=0.855286 best=0.855286(2) patience=0/20 train=3.935s val=4.329s
/workspace/pmp_vast/envs/pmp-author/lib/python3.10/site-packages/dgl/dataloading/dataloader.py:1076: DGLWarning: Dataloader CPU affinity opt is not enabled, consider switching it on (see enable_cpu_affinity() or CPU best practices for DGL [https://docs.dgl.ai/tutorials/cpu/cpu_best_practises.html])
  dgl_warning(
amazon_tr20_seed2 epoch=003 loss=0.123941 val_AUPRC=0.870034 best=0.870034(3) patience=0/20 train=4.125s val=4.683s
/workspace/pmp_vast/envs/pmp-author/lib/python3.10/site-packages/dgl/dataloading/dataloader.py:1076: DGLWarning: Dataloader CPU affinity opt is not enabled, consider switching it on (see enable_cpu_affinity() or CPU best practices for DGL [https://docs.dgl.ai/tutorials/cpu/cpu_best_practises.html])
  dgl_warning(
amazon_tr20_seed2 epoch=004 loss=0.108933 val_AUPRC=0.872829 best=0.872829(4) patience=0/20 train=4.457s val=4.276s
/workspace/pmp_vast/envs/pmp-author/lib/python3.10/site-packages/dgl/dataloading/dataloader.py:1076: DGLWarning: Dataloader CPU affinity opt is not enabled, consider switching it on (see enable_cpu_affinity() or CPU best practices for DGL [https://docs.dgl.ai/tutorials/cpu/cpu_best_practises.html])
  dgl_warning(
amazon_tr20_seed2 epoch=005 loss=0.098018 val_AUPRC=0.875408 best=0.875408(5) patience=0/20 train=4.962s val=4.144s
/workspace/pmp_vast/envs/pmp-author/lib/python3.10/site-packages/dgl/dataloading/dataloader.py:1076: DGLWarning: Dataloader CPU affinity opt is not enabled, consider switching it on (see enable_cpu_affinity() or CPU best practices for DGL [https://docs.dgl.ai/tutorials/cpu/cpu_best_practises.html])
  dgl_warning(
amazon_tr20_seed2 epoch=006 loss=0.095570 val_AUPRC=0.875530 best=0.875530(6) patience=0/20 train=4.462s val=4.193s
/workspace/pmp_vast/envs/pmp-author/lib/python3.10/site-packages/dgl/dataloading/dataloader.py:1076: DGLWarning: Dataloader CPU affinity opt is not enabled, consider switching it on (see enable_cpu_affinity() or CPU best practices for DGL [https://docs.dgl.ai/tutorials/cpu/cpu_best_practises.html])
  dgl_warning(
amazon_tr20_seed2 epoch=007 loss=0.092068 val_AUPRC=0.883424 best=0.883424(7) patience=0/20 train=4.292s val=4.080s
/workspace/pmp_vast/envs/pmp-author/lib/python3.10/site-packages/dgl/dataloading/dataloader.py:1076: DGLWarning: Dataloader CPU affinity opt is not enabled, consider switching it on (see enable_cpu_affinity() or CPU best practices for DGL [https://docs.dgl.ai/tutorials/cpu/cpu_best_practises.html])
  dgl_warning(
amazon_tr20_seed2 epoch=008 loss=0.088928 val_AUPRC=0.886405 best=0.886405(8) patience=0/20 train=4.717s val=4.434s
/workspace/pmp_vast/envs/pmp-author/lib/python3.10/site-packages/dgl/dataloading/dataloader.py:1076: DGLWarning: Dataloader CPU affinity opt is not enabled, consider switching it on (see enable_cpu_affinity() or CPU best practices for DGL [https://docs.dgl.ai/tutorials/cpu/cpu_best_practises.html])
  dgl_warning(
amazon_tr20_seed2 epoch=009 loss=0.087243 val_AUPRC=0.887099 best=0.887099(9) patience=0/20 train=4.481s val=4.852s
/workspace/pmp_vast/envs/pmp-author/lib/python3.10/site-packages/dgl/dataloading/dataloader.py:1076: DGLWarning: Dataloader CPU affinity opt is not enabled, consider switching it on (see enable_cpu_affinity() or CPU best practices for DGL [https://docs.dgl.ai/tutorials/cpu/cpu_best_practises.html])
  dgl_warning(
amazon_tr20_seed2 epoch=010 loss=0.085835 val_AUPRC=0.884280 best=0.887099(9) patience=1/20 train=4.259s val=4.227s
/workspace/pmp_vast/envs/pmp-author/lib/python3.10/site-packages/dgl/dataloading/dataloader.py:1076: DGLWarning: Dataloader CPU affinity opt is not enabled, consider switching it on (see enable_cpu_affinity() or CPU best practices for DGL [https://docs.dgl.ai/tutorials/cpu/cpu_best_practises.html])
  dgl_warning(
/workspace/pmp_vast/envs/pmp-author/lib/python3.10/site-packages/dgl/dataloading/dataloader.py:1076: DGLWarning: Dataloader CPU affinity opt is not enabled, consider switching it on (see enable_cpu_affinity() or CPU best practices for DGL [https://docs.dgl.ai/tutorials/cpu/cpu_best_practises.html])
  dgl_warning(
/workspace/pmp_vast/envs/pmp-author/lib/python3.10/site-packages/dgl/dataloading/dataloader.py:1076: DGLWarning: Dataloader CPU affinity opt is not enabled, consider switching it on (see enable_cpu_affinity() or CPU best practices for DGL [https://docs.dgl.ai/tutorials/cpu/cpu_best_practises.html])
  dgl_warning(
amazon_tr20_seed2 epoch=013 loss=0.073863 val_AUPRC=0.890718 best=0.890718(13) patience=0/20 train=4.045s val=3.987s
/workspace/pmp_vast/envs/pmp-author/lib/python3.10/site-packages/dgl/dataloading/dataloader.py:1076: DGLWarning: Dataloader CPU affinity opt is not enabled, consider switching it on (see enable_cpu_affinity() or CPU best practices for DGL [https://docs.dgl.ai/tutorials/cpu/cpu_best_practises.html])
  dgl_warning(
amazon_tr20_seed2 epoch=014 loss=0.077210 val_AUPRC=0.895486 best=0.895486(14) patience=0/20 train=3.948s val=3.983s
/workspace/pmp_vast/envs/pmp-author/lib/python3.10/site-packages/dgl/dataloading/dataloader.py:1076: DGLWarning: Dataloader CPU affinity opt is not enabled, consider switching it on (see enable_cpu_affinity() or CPU best practices for DGL [https://docs.dgl.ai/tutorials/cpu/cpu_best_practises.html])
  dgl_warning(
/workspace/pmp_vast/envs/pmp-author/lib/python3.10/site-packages/dgl/dataloading/dataloader.py:1076: DGLWarning: Dataloader CPU affinity opt is not enabled, consider switching it on (see enable_cpu_affinity() or CPU best practices for DGL [https://docs.dgl.ai/tutorials/cpu/cpu_best_practises.html])
  dgl_warning(
/workspace/pmp_vast/envs/pmp-author/lib/python3.10/site-packages/dgl/dataloading/dataloader.py:1076: DGLWarning: Dataloader CPU affinity opt is not enabled, consider switching it on (see enable_cpu_affinity() or CPU best practices for DGL [https://docs.dgl.ai/tutorials/cpu/cpu_best_practises.html])
  dgl_warning(
/workspace/pmp_vast/envs/pmp-author/lib/python3.10/site-packages/dgl/dataloading/dataloader.py:1076: DGLWarning: Dataloader CPU affinity opt is not enabled, consider switching it on (see enable_cpu_affinity() or CPU best practices for DGL [https://docs.dgl.ai/tutorials/cpu/cpu_best_practises.html])
  dgl_warning(
amazon_tr20_seed2 epoch=018 loss=0.076569 val_AUPRC=0.896231 best=0.896231(18) patience=0/20 train=4.770s val=4.097s
/workspace/pmp_vast/envs/pmp-author/lib/python3.10/site-packages/dgl/dataloading/dataloader.py:1076: DGLWarning: Dataloader CPU affinity opt is not enabled, consider switching it on (see enable_cpu_affinity() or CPU best practices for DGL [https://docs.dgl.ai/tutorials/cpu/cpu_best_practises.html])
  dgl_warning(
amazon_tr20_seed2 epoch=019 loss=0.064325 val_AUPRC=0.896535 best=0.896535(19) patience=0/20 train=4.618s val=4.326s
/workspace/pmp_vast/envs/pmp-author/lib/python3.10/site-packages/dgl/dataloading/dataloader.py:1076: DGLWarning: Dataloader CPU affinity opt is not enabled, consider switching it on (see enable_cpu_affinity() or CPU best practices for DGL [https://docs.dgl.ai/tutorials/cpu/cpu_best_practises.html])
  dgl_warning(
amazon_tr20_seed2 epoch=020 loss=0.063272 val_AUPRC=0.889974 best=0.896535(19) patience=1/20 train=4.252s val=4.072s
/workspace/pmp_vast/envs/pmp-author/lib/python3.10/site-packages/dgl/dataloading/dataloader.py:1076: DGLWarning: Dataloader CPU affinity opt is not enabled, consider switching it on (see enable_cpu_affinity() or CPU best practices for DGL [https://docs.dgl.ai/tutorials/cpu/cpu_best_practises.html])
  dgl_warning(
/workspace/pmp_vast/envs/pmp-author/lib/python3.10/site-packages/dgl/dataloading/dataloader.py:1076: DGLWarning: Dataloader CPU affinity opt is not enabled, consider switching it on (see enable_cpu_affinity() or CPU best practices for DGL [https://docs.dgl.ai/tutorials/cpu/cpu_best_practises.html])
  dgl_warning(
/workspace/pmp_vast/envs/pmp-author/lib/python3.10/site-packages/dgl/dataloading/dataloader.py:1076: DGLWarning: Dataloader CPU affinity opt is not enabled, consider switching it on (see enable_cpu_affinity() or CPU best practices for DGL [https://docs.dgl.ai/tutorials/cpu/cpu_best_practises.html])
  dgl_warning(
/workspace/pmp_vast/envs/pmp-author/lib/python3.10/site-packages/dgl/dataloading/dataloader.py:1076: DGLWarning: Dataloader CPU affinity opt is not enabled, consider switching it on (see enable_cpu_affinity() or CPU best practices for DGL [https://docs.dgl.ai/tutorials/cpu/cpu_best_practises.html])
  dgl_warning(
amazon_tr20_seed2 epoch=024 loss=0.073473 val_AUPRC=0.900371 best=0.900371(24) patience=0/20 train=4.727s val=5.627s
/workspace/pmp_vast/envs/pmp-author/lib/python3.10/site-packages/dgl/dataloading/dataloader.py:1076: DGLWarning: Dataloader CPU affinity opt is not enabled, consider switching it on (see enable_cpu_affinity() or CPU best practices for DGL [https://docs.dgl.ai/tutorials/cpu/cpu_best_practises.html])
  dgl_warning(
/workspace/pmp_vast/envs/pmp-author/lib/python3.10/site-packages/dgl/dataloading/dataloader.py:1076: DGLWarning: Dataloader CPU affinity opt is not enabled, consider switching it on (see enable_cpu_affinity() or CPU best practices for DGL [https://docs.dgl.ai/tutorials/cpu/cpu_best_practises.html])
  dgl_warning(
amazon_tr20_seed2 epoch=026 loss=0.067541 val_AUPRC=0.904383 best=0.904383(26) patience=0/20 train=4.226s val=4.103s
/workspace/pmp_vast/envs/pmp-author/lib/python3.10/site-packages/dgl/dataloading/dataloader.py:1076: DGLWarning: Dataloader CPU affinity opt is not enabled, consider switching it on (see enable_cpu_affinity() or CPU best practices for DGL [https://docs.dgl.ai/tutorials/cpu/cpu_best_practises.html])
  dgl_warning(
/workspace/pmp_vast/envs/pmp-author/lib/python3.10/site-packages/dgl/dataloading/dataloader.py:1076: DGLWarning: Dataloader CPU affinity opt is not enabled, consider switching it on (see enable_cpu_affinity() or CPU best practices for DGL [https://docs.dgl.ai/tutorials/cpu/cpu_best_practises.html])
  dgl_warning(
/workspace/pmp_vast/envs/pmp-author/lib/python3.10/site-packages/dgl/dataloading/dataloader.py:1076: DGLWarning: Dataloader CPU affinity opt is not enabled, consider switching it on (see enable_cpu_affinity() or CPU best practices for DGL [https://docs.dgl.ai/tutorials/cpu/cpu_best_practises.html])
  dgl_warning(
/workspace/pmp_vast/envs/pmp-author/lib/python3.10/site-packages/dgl/dataloading/dataloader.py:1076: DGLWarning: Dataloader CPU affinity opt is not enabled, consider switching it on (see enable_cpu_affinity() or CPU best practices for DGL [https://docs.dgl.ai/tutorials/cpu/cpu_best_practises.html])
  dgl_warning(
amazon_tr20_seed2 epoch=030 loss=0.055214 val_AUPRC=0.902567 best=0.904383(26) patience=4/20 train=4.977s val=4.162s
/workspace/pmp_vast/envs/pmp-author/lib/python3.10/site-packages/dgl/dataloading/dataloader.py:1076: DGLWarning: Dataloader CPU affinity opt is not enabled, consider switching it on (see enable_cpu_affinity() or CPU best practices for DGL [https://docs.dgl.ai/tutorials/cpu/cpu_best_practises.html])
  dgl_warning(
/workspace/pmp_vast/envs/pmp-author/lib/python3.10/site-packages/dgl/dataloading/dataloader.py:1076: DGLWarning: Dataloader CPU affinity opt is not enabled, consider switching it on (see enable_cpu_affinity() or CPU best practices for DGL [https://docs.dgl.ai/tutorials/cpu/cpu_best_practises.html])
  dgl_warning(
/workspace/pmp_vast/envs/pmp-author/lib/python3.10/site-packages/dgl/dataloading/dataloader.py:1076: DGLWarning: Dataloader CPU affinity opt is not enabled, consider switching it on (see enable_cpu_affinity() or CPU best practices for DGL [https://docs.dgl.ai/tutorials/cpu/cpu_best_practises.html])
  dgl_warning(
/workspace/pmp_vast/envs/pmp-author/lib/python3.10/site-packages/dgl/dataloading/dataloader.py:1076: DGLWarning: Dataloader CPU affinity opt is not enabled, consider switching it on (see enable_cpu_affinity() or CPU best practices for DGL [https://docs.dgl.ai/tutorials/cpu/cpu_best_practises.html])
  dgl_warning(
/workspace/pmp_vast/envs/pmp-author/lib/python3.10/site-packages/dgl/dataloading/dataloader.py:1076: DGLWarning: Dataloader CPU affinity opt is not enabled, consider switching it on (see enable_cpu_affinity() or CPU best practices for DGL [https://docs.dgl.ai/tutorials/cpu/cpu_best_practises.html])
  dgl_warning(
/workspace/pmp_vast/envs/pmp-author/lib/python3.10/site-packages/dgl/dataloading/dataloader.py:1076: DGLWarning: Dataloader CPU affinity opt is not enabled, consider switching it on (see enable_cpu_affinity() or CPU best practices for DGL [https://docs.dgl.ai/tutorials/cpu/cpu_best_practises.html])
  dgl_warning(
/workspace/pmp_vast/envs/pmp-author/lib/python3.10/site-packages/dgl/dataloading/dataloader.py:1076: DGLWarning: Dataloader CPU affinity opt is not enabled, consider switching it on (see enable_cpu_affinity() or CPU best practices for DGL [https://docs.dgl.ai/tutorials/cpu/cpu_best_practises.html])
  dgl_warning(
amazon_tr20_seed2 epoch=037 loss=0.060025 val_AUPRC=0.912192 best=0.912192(37) patience=0/20 train=4.923s val=4.038s
/workspace/pmp_vast/envs/pmp-author/lib/python3.10/site-packages/dgl/dataloading/dataloader.py:1076: DGLWarning: Dataloader CPU affinity opt is not enabled, consider switching it on (see enable_cpu_affinity() or CPU best practices for DGL [https://docs.dgl.ai/tutorials/cpu/cpu_best_practises.html])
  dgl_warning(
/workspace/pmp_vast/envs/pmp-author/lib/python3.10/site-packages/dgl/dataloading/dataloader.py:1076: DGLWarning: Dataloader CPU affinity opt is not enabled, consider switching it on (see enable_cpu_affinity() or CPU best practices for DGL [https://docs.dgl.ai/tutorials/cpu/cpu_best_practises.html])
  dgl_warning(
/workspace/pmp_vast/envs/pmp-author/lib/python3.10/site-packages/dgl/dataloading/dataloader.py:1076: DGLWarning: Dataloader CPU affinity opt is not enabled, consider switching it on (see enable_cpu_affinity() or CPU best practices for DGL [https://docs.dgl.ai/tutorials/cpu/cpu_best_practises.html])
  dgl_warning(
amazon_tr20_seed2 epoch=040 loss=0.051334 val_AUPRC=0.899767 best=0.912192(37) patience=3/20 train=38.787s val=29.076s
/workspace/pmp_vast/envs/pmp-author/lib/python3.10/site-packages/dgl/dataloading/dataloader.py:1076: DGLWarning: Dataloader CPU affinity opt is not enabled, consider switching it on (see enable_cpu_affinity() or CPU best practices for DGL [https://docs.dgl.ai/tutorials/cpu/cpu_best_practises.html])
  dgl_warning(
/workspace/pmp_vast/envs/pmp-author/lib/python3.10/site-packages/dgl/dataloading/dataloader.py:1076: DGLWarning: Dataloader CPU affinity opt is not enabled, consider switching it on (see enable_cpu_affinity() or CPU best practices for DGL [https://docs.dgl.ai/tutorials/cpu/cpu_best_practises.html])
  dgl_warning(
/workspace/pmp_vast/envs/pmp-author/lib/python3.10/site-packages/dgl/dataloading/dataloader.py:1076: DGLWarning: Dataloader CPU affinity opt is not enabled, consider switching it on (see enable_cpu_affinity() or CPU best practices for DGL [https://docs.dgl.ai/tutorials/cpu/cpu_best_practises.html])
  dgl_warning(
/workspace/pmp_vast/envs/pmp-author/lib/python3.10/site-packages/dgl/dataloading/dataloader.py:1076: DGLWarning: Dataloader CPU affinity opt is not enabled, consider switching it on (see enable_cpu_affinity() or CPU best practices for DGL [https://docs.dgl.ai/tutorials/cpu/cpu_best_practises.html])
  dgl_warning(
/workspace/pmp_vast/envs/pmp-author/lib/python3.10/site-packages/dgl/dataloading/dataloader.py:1076: DGLWarning: Dataloader CPU affinity opt is not enabled, consider switching it on (see enable_cpu_affinity() or CPU best practices for DGL [https://docs.dgl.ai/tutorials/cpu/cpu_best_practises.html])
  dgl_warning(
/workspace/pmp_vast/envs/pmp-author/lib/python3.10/site-packages/dgl/dataloading/dataloader.py:1076: DGLWarning: Dataloader CPU affinity opt is not enabled, consider switching it on (see enable_cpu_affinity() or CPU best practices for DGL [https://docs.dgl.ai/tutorials/cpu/cpu_best_practises.html])
  dgl_warning(
/workspace/pmp_vast/envs/pmp-author/lib/python3.10/site-packages/dgl/dataloading/dataloader.py:1076: DGLWarning: Dataloader CPU affinity opt is not enabled, consider switching it on (see enable_cpu_affinity() or CPU best practices for DGL [https://docs.dgl.ai/tutorials/cpu/cpu_best_practises.html])
  dgl_warning(
/workspace/pmp_vast/envs/pmp-author/lib/python3.10/site-packages/dgl/dataloading/dataloader.py:1076: DGLWarning: Dataloader CPU affinity opt is not enabled, consider switching it on (see enable_cpu_affinity() or CPU best practices for DGL [https://docs.dgl.ai/tutorials/cpu/cpu_best_practises.html])
  dgl_warning(
/workspace/pmp_vast/envs/pmp-author/lib/python3.10/site-packages/dgl/dataloading/dataloader.py:1076: DGLWarning: Dataloader CPU affinity opt is not enabled, consider switching it on (see enable_cpu_affinity() or CPU best practices for DGL [https://docs.dgl.ai/tutorials/cpu/cpu_best_practises.html])
  dgl_warning(
/workspace/pmp_vast/envs/pmp-author/lib/python3.10/site-packages/dgl/dataloading/dataloader.py:1076: DGLWarning: Dataloader CPU affinity opt is not enabled, consider switching it on (see enable_cpu_affinity() or CPU best practices for DGL [https://docs.dgl.ai/tutorials/cpu/cpu_best_practises.html])
  dgl_warning(
amazon_tr20_seed2 epoch=050 loss=0.100927 val_AUPRC=0.904053 best=0.912192(37) patience=13/20 train=26.445s val=26.974s
/workspace/pmp_vast/envs/pmp-author/lib/python3.10/site-packages/dgl/dataloading/dataloader.py:1076: DGLWarning: Dataloader CPU affinity opt is not enabled, consider switching it on (see enable_cpu_affinity() or CPU best practices for DGL [https://docs.dgl.ai/tutorials/cpu/cpu_best_practises.html])
  dgl_warning(
/workspace/pmp_vast/envs/pmp-author/lib/python3.10/site-packages/dgl/dataloading/dataloader.py:1076: DGLWarning: Dataloader CPU affinity opt is not enabled, consider switching it on (see enable_cpu_affinity() or CPU best practices for DGL [https://docs.dgl.ai/tutorials/cpu/cpu_best_practises.html])
  dgl_warning(
/workspace/pmp_vast/envs/pmp-author/lib/python3.10/site-packages/dgl/dataloading/dataloader.py:1076: DGLWarning: Dataloader CPU affinity opt is not enabled, consider switching it on (see enable_cpu_affinity() or CPU best practices for DGL [https://docs.dgl.ai/tutorials/cpu/cpu_best_practises.html])
  dgl_warning(
/workspace/pmp_vast/envs/pmp-author/lib/python3.10/site-packages/dgl/dataloading/dataloader.py:1076: DGLWarning: Dataloader CPU affinity opt is not enabled, consider switching it on (see enable_cpu_affinity() or CPU best practices for DGL [https://docs.dgl.ai/tutorials/cpu/cpu_best_practises.html])
  dgl_warning(
/workspace/pmp_vast/envs/pmp-author/lib/python3.10/site-packages/dgl/dataloading/dataloader.py:1076: DGLWarning: Dataloader CPU affinity opt is not enabled, consider switching it on (see enable_cpu_affinity() or CPU best practices for DGL [https://docs.dgl.ai/tutorials/cpu/cpu_best_practises.html])
  dgl_warning(
/workspace/pmp_vast/envs/pmp-author/lib/python3.10/site-packages/dgl/dataloading/dataloader.py:1076: DGLWarning: Dataloader CPU affinity opt is not enabled, consider switching it on (see enable_cpu_affinity() or CPU best practices for DGL [https://docs.dgl.ai/tutorials/cpu/cpu_best_practises.html])
  dgl_warning(
/workspace/pmp_vast/envs/pmp-author/lib/python3.10/site-packages/dgl/dataloading/dataloader.py:1076: DGLWarning: Dataloader CPU affinity opt is not enabled, consider switching it on (see enable_cpu_affinity() or CPU best practices for DGL [https://docs.dgl.ai/tutorials/cpu/cpu_best_practises.html])
  dgl_warning(
amazon_tr20_seed2 epoch=057 loss=0.061526 val_AUPRC=0.914838 best=0.914838(57) patience=0/20 train=33.589s val=25.185s
/workspace/pmp_vast/envs/pmp-author/lib/python3.10/site-packages/dgl/dataloading/dataloader.py:1076: DGLWarning: Dataloader CPU affinity opt is not enabled, consider switching it on (see enable_cpu_affinity() or CPU best practices for DGL [https://docs.dgl.ai/tutorials/cpu/cpu_best_practises.html])
  dgl_warning(
/workspace/pmp_vast/envs/pmp-author/lib/python3.10/site-packages/dgl/dataloading/dataloader.py:1076: DGLWarning: Dataloader CPU affinity opt is not enabled, consider switching it on (see enable_cpu_affinity() or CPU best practices for DGL [https://docs.dgl.ai/tutorials/cpu/cpu_best_practises.html])
  dgl_warning(
/workspace/pmp_vast/envs/pmp-author/lib/python3.10/site-packages/dgl/dataloading/dataloader.py:1076: DGLWarning: Dataloader CPU affinity opt is not enabled, consider switching it on (see enable_cpu_affinity() or CPU best practices for DGL [https://docs.dgl.ai/tutorials/cpu/cpu_best_practises.html])
  dgl_warning(
amazon_tr20_seed2 epoch=060 loss=0.059157 val_AUPRC=0.905886 best=0.914838(57) patience=3/20 train=40.526s val=18.268s
/workspace/pmp_vast/envs/pmp-author/lib/python3.10/site-packages/dgl/dataloading/dataloader.py:1076: DGLWarning: Dataloader CPU affinity opt is not enabled, consider switching it on (see enable_cpu_affinity() or CPU best practices for DGL [https://docs.dgl.ai/tutorials/cpu/cpu_best_practises.html])
  dgl_warning(
/workspace/pmp_vast/envs/pmp-author/lib/python3.10/site-packages/dgl/dataloading/dataloader.py:1076: DGLWarning: Dataloader CPU affinity opt is not enabled, consider switching it on (see enable_cpu_affinity() or CPU best practices for DGL [https://docs.dgl.ai/tutorials/cpu/cpu_best_practises.html])
  dgl_warning(
/workspace/pmp_vast/envs/pmp-author/lib/python3.10/site-packages/dgl/dataloading/dataloader.py:1076: DGLWarning: Dataloader CPU affinity opt is not enabled, consider switching it on (see enable_cpu_affinity() or CPU best practices for DGL [https://docs.dgl.ai/tutorials/cpu/cpu_best_practises.html])
  dgl_warning(
/workspace/pmp_vast/envs/pmp-author/lib/python3.10/site-packages/dgl/dataloading/dataloader.py:1076: DGLWarning: Dataloader CPU affinity opt is not enabled, consider switching it on (see enable_cpu_affinity() or CPU best practices for DGL [https://docs.dgl.ai/tutorials/cpu/cpu_best_practises.html])
  dgl_warning(
/workspace/pmp_vast/envs/pmp-author/lib/python3.10/site-packages/dgl/dataloading/dataloader.py:1076: DGLWarning: Dataloader CPU affinity opt is not enabled, consider switching it on (see enable_cpu_affinity() or CPU best practices for DGL [https://docs.dgl.ai/tutorials/cpu/cpu_best_practises.html])
  dgl_warning(
amazon_tr20_seed2 epoch=065 loss=0.054860 val_AUPRC=0.916509 best=0.916509(65) patience=0/20 train=52.483s val=28.708s
/workspace/pmp_vast/envs/pmp-author/lib/python3.10/site-packages/dgl/dataloading/dataloader.py:1076: DGLWarning: Dataloader CPU affinity opt is not enabled, consider switching it on (see enable_cpu_affinity() or CPU best practices for DGL [https://docs.dgl.ai/tutorials/cpu/cpu_best_practises.html])
  dgl_warning(
/workspace/pmp_vast/envs/pmp-author/lib/python3.10/site-packages/dgl/dataloading/dataloader.py:1076: DGLWarning: Dataloader CPU affinity opt is not enabled, consider switching it on (see enable_cpu_affinity() or CPU best practices for DGL [https://docs.dgl.ai/tutorials/cpu/cpu_best_practises.html])
  dgl_warning(
/workspace/pmp_vast/envs/pmp-author/lib/python3.10/site-packages/dgl/dataloading/dataloader.py:1076: DGLWarning: Dataloader CPU affinity opt is not enabled, consider switching it on (see enable_cpu_affinity() or CPU best practices for DGL [https://docs.dgl.ai/tutorials/cpu/cpu_best_practises.html])
  dgl_warning(
/workspace/pmp_vast/envs/pmp-author/lib/python3.10/site-packages/dgl/dataloading/dataloader.py:1076: DGLWarning: Dataloader CPU affinity opt is not enabled, consider switching it on (see enable_cpu_affinity() or CPU best practices for DGL [https://docs.dgl.ai/tutorials/cpu/cpu_best_practises.html])
  dgl_warning(
/workspace/pmp_vast/envs/pmp-author/lib/python3.10/site-packages/dgl/dataloading/dataloader.py:1076: DGLWarning: Dataloader CPU affinity opt is not enabled, consider switching it on (see enable_cpu_affinity() or CPU best practices for DGL [https://docs.dgl.ai/tutorials/cpu/cpu_best_practises.html])
  dgl_warning(
amazon_tr20_seed2 epoch=070 loss=0.076335 val_AUPRC=0.922888 best=0.922888(70) patience=0/20 train=29.442s val=15.565s
/workspace/pmp_vast/envs/pmp-author/lib/python3.10/site-packages/dgl/dataloading/dataloader.py:1076: DGLWarning: Dataloader CPU affinity opt is not enabled, consider switching it on (see enable_cpu_affinity() or CPU best practices for DGL [https://docs.dgl.ai/tutorials/cpu/cpu_best_practises.html])
  dgl_warning(
/workspace/pmp_vast/envs/pmp-author/lib/python3.10/site-packages/dgl/dataloading/dataloader.py:1076: DGLWarning: Dataloader CPU affinity opt is not enabled, consider switching it on (see enable_cpu_affinity() or CPU best practices for DGL [https://docs.dgl.ai/tutorials/cpu/cpu_best_practises.html])
  dgl_warning(
/workspace/pmp_vast/envs/pmp-author/lib/python3.10/site-packages/dgl/dataloading/dataloader.py:1076: DGLWarning: Dataloader CPU affinity opt is not enabled, consider switching it on (see enable_cpu_affinity() or CPU best practices for DGL [https://docs.dgl.ai/tutorials/cpu/cpu_best_practises.html])
  dgl_warning(
/workspace/pmp_vast/envs/pmp-author/lib/python3.10/site-packages/dgl/dataloading/dataloader.py:1076: DGLWarning: Dataloader CPU affinity opt is not enabled, consider switching it on (see enable_cpu_affinity() or CPU best practices for DGL [https://docs.dgl.ai/tutorials/cpu/cpu_best_practises.html])
  dgl_warning(
/workspace/pmp_vast/envs/pmp-author/lib/python3.10/site-packages/dgl/dataloading/dataloader.py:1076: DGLWarning: Dataloader CPU affinity opt is not enabled, consider switching it on (see enable_cpu_affinity() or CPU best practices for DGL [https://docs.dgl.ai/tutorials/cpu/cpu_best_practises.html])
  dgl_warning(
/workspace/pmp_vast/envs/pmp-author/lib/python3.10/site-packages/dgl/dataloading/dataloader.py:1076: DGLWarning: Dataloader CPU affinity opt is not enabled, consider switching it on (see enable_cpu_affinity() or CPU best practices for DGL [https://docs.dgl.ai/tutorials/cpu/cpu_best_practises.html])
  dgl_warning(
/workspace/pmp_vast/envs/pmp-author/lib/python3.10/site-packages/dgl/dataloading/dataloader.py:1076: DGLWarning: Dataloader CPU affinity opt is not enabled, consider switching it on (see enable_cpu_affinity() or CPU best practices for DGL [https://docs.dgl.ai/tutorials/cpu/cpu_best_practises.html])
  dgl_warning(
/workspace/pmp_vast/envs/pmp-author/lib/python3.10/site-packages/dgl/dataloading/dataloader.py:1076: DGLWarning: Dataloader CPU affinity opt is not enabled, consider switching it on (see enable_cpu_affinity() or CPU best practices for DGL [https://docs.dgl.ai/tutorials/cpu/cpu_best_practises.html])
  dgl_warning(
/workspace/pmp_vast/envs/pmp-author/lib/python3.10/site-packages/dgl/dataloading/dataloader.py:1076: DGLWarning: Dataloader CPU affinity opt is not enabled, consider switching it on (see enable_cpu_affinity() or CPU best practices for DGL [https://docs.dgl.ai/tutorials/cpu/cpu_best_practises.html])
  dgl_warning(
/workspace/pmp_vast/envs/pmp-author/lib/python3.10/site-packages/dgl/dataloading/dataloader.py:1076: DGLWarning: Dataloader CPU affinity opt is not enabled, consider switching it on (see enable_cpu_affinity() or CPU best practices for DGL [https://docs.dgl.ai/tutorials/cpu/cpu_best_practises.html])
  dgl_warning(
amazon_tr20_seed2 epoch=080 loss=0.050570 val_AUPRC=0.897760 best=0.922888(70) patience=10/20 train=16.571s val=5.410s
/workspace/pmp_vast/envs/pmp-author/lib/python3.10/site-packages/dgl/dataloading/dataloader.py:1076: DGLWarning: Dataloader CPU affinity opt is not enabled, consider switching it on (see enable_cpu_affinity() or CPU best practices for DGL [https://docs.dgl.ai/tutorials/cpu/cpu_best_practises.html])
  dgl_warning(
/workspace/pmp_vast/envs/pmp-author/lib/python3.10/site-packages/dgl/dataloading/dataloader.py:1076: DGLWarning: Dataloader CPU affinity opt is not enabled, consider switching it on (see enable_cpu_affinity() or CPU best practices for DGL [https://docs.dgl.ai/tutorials/cpu/cpu_best_practises.html])
  dgl_warning(
/workspace/pmp_vast/envs/pmp-author/lib/python3.10/site-packages/dgl/dataloading/dataloader.py:1076: DGLWarning: Dataloader CPU affinity opt is not enabled, consider switching it on (see enable_cpu_affinity() or CPU best practices for DGL [https://docs.dgl.ai/tutorials/cpu/cpu_best_practises.html])
  dgl_warning(
/workspace/pmp_vast/envs/pmp-author/lib/python3.10/site-packages/dgl/dataloading/dataloader.py:1076: DGLWarning: Dataloader CPU affinity opt is not enabled, consider switching it on (see enable_cpu_affinity() or CPU best practices for DGL [https://docs.dgl.ai/tutorials/cpu/cpu_best_practises.html])
  dgl_warning(
/workspace/pmp_vast/envs/pmp-author/lib/python3.10/site-packages/dgl/dataloading/dataloader.py:1076: DGLWarning: Dataloader CPU affinity opt is not enabled, consider switching it on (see enable_cpu_affinity() or CPU best practices for DGL [https://docs.dgl.ai/tutorials/cpu/cpu_best_practises.html])
  dgl_warning(
/workspace/pmp_vast/envs/pmp-author/lib/python3.10/site-packages/dgl/dataloading/dataloader.py:1076: DGLWarning: Dataloader CPU affinity opt is not enabled, consider switching it on (see enable_cpu_affinity() or CPU best practices for DGL [https://docs.dgl.ai/tutorials/cpu/cpu_best_practises.html])
  dgl_warning(
/workspace/pmp_vast/envs/pmp-author/lib/python3.10/site-packages/dgl/dataloading/dataloader.py:1076: DGLWarning: Dataloader CPU affinity opt is not enabled, consider switching it on (see enable_cpu_affinity() or CPU best practices for DGL [https://docs.dgl.ai/tutorials/cpu/cpu_best_practises.html])
  dgl_warning(
/workspace/pmp_vast/envs/pmp-author/lib/python3.10/site-packages/dgl/dataloading/dataloader.py:1076: DGLWarning: Dataloader CPU affinity opt is not enabled, consider switching it on (see enable_cpu_affinity() or CPU best practices for DGL [https://docs.dgl.ai/tutorials/cpu/cpu_best_practises.html])
  dgl_warning(
/workspace/pmp_vast/envs/pmp-author/lib/python3.10/site-packages/dgl/dataloading/dataloader.py:1076: DGLWarning: Dataloader CPU affinity opt is not enabled, consider switching it on (see enable_cpu_affinity() or CPU best practices for DGL [https://docs.dgl.ai/tutorials/cpu/cpu_best_practises.html])
  dgl_warning(
/workspace/pmp_vast/envs/pmp-author/lib/python3.10/site-packages/dgl/dataloading/dataloader.py:1076: DGLWarning: Dataloader CPU affinity opt is not enabled, consider switching it on (see enable_cpu_affinity() or CPU best practices for DGL [https://docs.dgl.ai/tutorials/cpu/cpu_best_practises.html])
  dgl_warning(
amazon_tr20_seed2 epoch=090 loss=0.045610 val_AUPRC=0.915154 best=0.922888(70) patience=20/20 train=4.350s val=4.095s
/workspace/pmp_vast/envs/pmp-author/lib/python3.10/site-packages/dgl/dataloading/dataloader.py:1076: DGLWarning: Dataloader CPU affinity opt is not enabled, consider switching it on (see enable_cpu_affinity() or CPU best practices for DGL [https://docs.dgl.ai/tutorials/cpu/cpu_best_practises.html])
  dgl_warning(
/workspace/pmp_vast/envs/pmp-author/lib/python3.10/site-packages/dgl/dataloading/dataloader.py:1076: DGLWarning: Dataloader CPU affinity opt is not enabled, consider switching it on (see enable_cpu_affinity() or CPU best practices for DGL [https://docs.dgl.ai/tutorials/cpu/cpu_best_practises.html])
  dgl_warning(
FINAL amazon_tr20_seed2 PASS | AUPRC=0.892437 AUROC=0.969574 MacroF1=0.915834 Recall=0.753049

===== FINAL amazon_tr20_seed42 =====
/workspace/pmp_vast/envs/pmp-author/lib/python3.10/site-packages/dgl/dataloading/dataloader.py:1076: DGLWarning: Dataloader CPU affinity opt is not enabled, consider switching it on (see enable_cpu_affinity() or CPU best practices for DGL [https://docs.dgl.ai/tutorials/cpu/cpu_best_practises.html])
  dgl_warning(
amazon_tr20_seed42 epoch=001 loss=0.719182 val_AUPRC=0.778223 best=0.778223(1) patience=0/20 train=5.372s val=4.538s
/workspace/pmp_vast/envs/pmp-author/lib/python3.10/site-packages/dgl/dataloading/dataloader.py:1076: DGLWarning: Dataloader CPU affinity opt is not enabled, consider switching it on (see enable_cpu_affinity() or CPU best practices for DGL [https://docs.dgl.ai/tutorials/cpu/cpu_best_practises.html])
  dgl_warning(
amazon_tr20_seed42 epoch=002 loss=0.177011 val_AUPRC=0.876256 best=0.876256(2) patience=0/20 train=4.293s val=4.285s
/workspace/pmp_vast/envs/pmp-author/lib/python3.10/site-packages/dgl/dataloading/dataloader.py:1076: DGLWarning: Dataloader CPU affinity opt is not enabled, consider switching it on (see enable_cpu_affinity() or CPU best practices for DGL [https://docs.dgl.ai/tutorials/cpu/cpu_best_practises.html])
  dgl_warning(
/workspace/pmp_vast/envs/pmp-author/lib/python3.10/site-packages/dgl/dataloading/dataloader.py:1076: DGLWarning: Dataloader CPU affinity opt is not enabled, consider switching it on (see enable_cpu_affinity() or CPU best practices for DGL [https://docs.dgl.ai/tutorials/cpu/cpu_best_practises.html])
  dgl_warning(
amazon_tr20_seed42 epoch=004 loss=0.098216 val_AUPRC=0.885442 best=0.885442(4) patience=0/20 train=4.577s val=4.163s
/workspace/pmp_vast/envs/pmp-author/lib/python3.10/site-packages/dgl/dataloading/dataloader.py:1076: DGLWarning: Dataloader CPU affinity opt is not enabled, consider switching it on (see enable_cpu_affinity() or CPU best practices for DGL [https://docs.dgl.ai/tutorials/cpu/cpu_best_practises.html])
  dgl_warning(
/workspace/pmp_vast/envs/pmp-author/lib/python3.10/site-packages/dgl/dataloading/dataloader.py:1076: DGLWarning: Dataloader CPU affinity opt is not enabled, consider switching it on (see enable_cpu_affinity() or CPU best practices for DGL [https://docs.dgl.ai/tutorials/cpu/cpu_best_practises.html])
  dgl_warning(
amazon_tr20_seed42 epoch=006 loss=0.088107 val_AUPRC=0.887608 best=0.887608(6) patience=0/20 train=4.624s val=4.167s
/workspace/pmp_vast/envs/pmp-author/lib/python3.10/site-packages/dgl/dataloading/dataloader.py:1076: DGLWarning: Dataloader CPU affinity opt is not enabled, consider switching it on (see enable_cpu_affinity() or CPU best practices for DGL [https://docs.dgl.ai/tutorials/cpu/cpu_best_practises.html])
  dgl_warning(
/workspace/pmp_vast/envs/pmp-author/lib/python3.10/site-packages/dgl/dataloading/dataloader.py:1076: DGLWarning: Dataloader CPU affinity opt is not enabled, consider switching it on (see enable_cpu_affinity() or CPU best practices for DGL [https://docs.dgl.ai/tutorials/cpu/cpu_best_practises.html])
  dgl_warning(
/workspace/pmp_vast/envs/pmp-author/lib/python3.10/site-packages/dgl/dataloading/dataloader.py:1076: DGLWarning: Dataloader CPU affinity opt is not enabled, consider switching it on (see enable_cpu_affinity() or CPU best practices for DGL [https://docs.dgl.ai/tutorials/cpu/cpu_best_practises.html])
  dgl_warning(
/workspace/pmp_vast/envs/pmp-author/lib/python3.10/site-packages/dgl/dataloading/dataloader.py:1076: DGLWarning: Dataloader CPU affinity opt is not enabled, consider switching it on (see enable_cpu_affinity() or CPU best practices for DGL [https://docs.dgl.ai/tutorials/cpu/cpu_best_practises.html])
  dgl_warning(
amazon_tr20_seed42 epoch=010 loss=0.088164 val_AUPRC=0.882372 best=0.887608(6) patience=4/20 train=5.200s val=4.729s
/workspace/pmp_vast/envs/pmp-author/lib/python3.10/site-packages/dgl/dataloading/dataloader.py:1076: DGLWarning: Dataloader CPU affinity opt is not enabled, consider switching it on (see enable_cpu_affinity() or CPU best practices for DGL [https://docs.dgl.ai/tutorials/cpu/cpu_best_practises.html])
  dgl_warning(
/workspace/pmp_vast/envs/pmp-author/lib/python3.10/site-packages/dgl/dataloading/dataloader.py:1076: DGLWarning: Dataloader CPU affinity opt is not enabled, consider switching it on (see enable_cpu_affinity() or CPU best practices for DGL [https://docs.dgl.ai/tutorials/cpu/cpu_best_practises.html])
  dgl_warning(
amazon_tr20_seed42 epoch=012 loss=0.081522 val_AUPRC=0.890768 best=0.890768(12) patience=0/20 train=4.802s val=4.994s
/workspace/pmp_vast/envs/pmp-author/lib/python3.10/site-packages/dgl/dataloading/dataloader.py:1076: DGLWarning: Dataloader CPU affinity opt is not enabled, consider switching it on (see enable_cpu_affinity() or CPU best practices for DGL [https://docs.dgl.ai/tutorials/cpu/cpu_best_practises.html])
  dgl_warning(
amazon_tr20_seed42 epoch=013 loss=0.079535 val_AUPRC=0.891545 best=0.891545(13) patience=0/20 train=5.317s val=4.685s
/workspace/pmp_vast/envs/pmp-author/lib/python3.10/site-packages/dgl/dataloading/dataloader.py:1076: DGLWarning: Dataloader CPU affinity opt is not enabled, consider switching it on (see enable_cpu_affinity() or CPU best practices for DGL [https://docs.dgl.ai/tutorials/cpu/cpu_best_practises.html])
  dgl_warning(
amazon_tr20_seed42 epoch=014 loss=0.075272 val_AUPRC=0.897168 best=0.897168(14) patience=0/20 train=4.593s val=4.412s
/workspace/pmp_vast/envs/pmp-author/lib/python3.10/site-packages/dgl/dataloading/dataloader.py:1076: DGLWarning: Dataloader CPU affinity opt is not enabled, consider switching it on (see enable_cpu_affinity() or CPU best practices for DGL [https://docs.dgl.ai/tutorials/cpu/cpu_best_practises.html])
  dgl_warning(
/workspace/pmp_vast/envs/pmp-author/lib/python3.10/site-packages/dgl/dataloading/dataloader.py:1076: DGLWarning: Dataloader CPU affinity opt is not enabled, consider switching it on (see enable_cpu_affinity() or CPU best practices for DGL [https://docs.dgl.ai/tutorials/cpu/cpu_best_practises.html])
  dgl_warning(
/workspace/pmp_vast/envs/pmp-author/lib/python3.10/site-packages/dgl/dataloading/dataloader.py:1076: DGLWarning: Dataloader CPU affinity opt is not enabled, consider switching it on (see enable_cpu_affinity() or CPU best practices for DGL [https://docs.dgl.ai/tutorials/cpu/cpu_best_practises.html])
  dgl_warning(
amazon_tr20_seed42 epoch=017 loss=0.077565 val_AUPRC=0.898238 best=0.898238(17) patience=0/20 train=48.149s val=26.431s
/workspace/pmp_vast/envs/pmp-author/lib/python3.10/site-packages/dgl/dataloading/dataloader.py:1076: DGLWarning: Dataloader CPU affinity opt is not enabled, consider switching it on (see enable_cpu_affinity() or CPU best practices for DGL [https://docs.dgl.ai/tutorials/cpu/cpu_best_practises.html])
  dgl_warning(
amazon_tr20_seed42 epoch=018 loss=0.075862 val_AUPRC=0.900560 best=0.900560(18) patience=0/20 train=35.119s val=54.249s
/workspace/pmp_vast/envs/pmp-author/lib/python3.10/site-packages/dgl/dataloading/dataloader.py:1076: DGLWarning: Dataloader CPU affinity opt is not enabled, consider switching it on (see enable_cpu_affinity() or CPU best practices for DGL [https://docs.dgl.ai/tutorials/cpu/cpu_best_practises.html])
  dgl_warning(
/workspace/pmp_vast/envs/pmp-author/lib/python3.10/site-packages/dgl/dataloading/dataloader.py:1076: DGLWarning: Dataloader CPU affinity opt is not enabled, consider switching it on (see enable_cpu_affinity() or CPU best practices for DGL [https://docs.dgl.ai/tutorials/cpu/cpu_best_practises.html])
  dgl_warning(
amazon_tr20_seed42 epoch=020 loss=0.069901 val_AUPRC=0.903883 best=0.903883(20) patience=0/20 train=47.636s val=40.586s
/workspace/pmp_vast/envs/pmp-author/lib/python3.10/site-packages/dgl/dataloading/dataloader.py:1076: DGLWarning: Dataloader CPU affinity opt is not enabled, consider switching it on (see enable_cpu_affinity() or CPU best practices for DGL [https://docs.dgl.ai/tutorials/cpu/cpu_best_practises.html])
  dgl_warning(
/workspace/pmp_vast/envs/pmp-author/lib/python3.10/site-packages/dgl/dataloading/dataloader.py:1076: DGLWarning: Dataloader CPU affinity opt is not enabled, consider switching it on (see enable_cpu_affinity() or CPU best practices for DGL [https://docs.dgl.ai/tutorials/cpu/cpu_best_practises.html])
  dgl_warning(
/workspace/pmp_vast/envs/pmp-author/lib/python3.10/site-packages/dgl/dataloading/dataloader.py:1076: DGLWarning: Dataloader CPU affinity opt is not enabled, consider switching it on (see enable_cpu_affinity() or CPU best practices for DGL [https://docs.dgl.ai/tutorials/cpu/cpu_best_practises.html])
  dgl_warning(
amazon_tr20_seed42 epoch=023 loss=0.067439 val_AUPRC=0.907879 best=0.907879(23) patience=0/20 train=54.729s val=51.691s
/workspace/pmp_vast/envs/pmp-author/lib/python3.10/site-packages/dgl/dataloading/dataloader.py:1076: DGLWarning: Dataloader CPU affinity opt is not enabled, consider switching it on (see enable_cpu_affinity() or CPU best practices for DGL [https://docs.dgl.ai/tutorials/cpu/cpu_best_practises.html])
  dgl_warning(
/workspace/pmp_vast/envs/pmp-author/lib/python3.10/site-packages/dgl/dataloading/dataloader.py:1076: DGLWarning: Dataloader CPU affinity opt is not enabled, consider switching it on (see enable_cpu_affinity() or CPU best practices for DGL [https://docs.dgl.ai/tutorials/cpu/cpu_best_practises.html])
  dgl_warning(
/workspace/pmp_vast/envs/pmp-author/lib/python3.10/site-packages/dgl/dataloading/dataloader.py:1076: DGLWarning: Dataloader CPU affinity opt is not enabled, consider switching it on (see enable_cpu_affinity() or CPU best practices for DGL [https://docs.dgl.ai/tutorials/cpu/cpu_best_practises.html])
  dgl_warning(
/workspace/pmp_vast/envs/pmp-author/lib/python3.10/site-packages/dgl/dataloading/dataloader.py:1076: DGLWarning: Dataloader CPU affinity opt is not enabled, consider switching it on (see enable_cpu_affinity() or CPU best practices for DGL [https://docs.dgl.ai/tutorials/cpu/cpu_best_practises.html])
  dgl_warning(
/workspace/pmp_vast/envs/pmp-author/lib/python3.10/site-packages/dgl/dataloading/dataloader.py:1076: DGLWarning: Dataloader CPU affinity opt is not enabled, consider switching it on (see enable_cpu_affinity() or CPU best practices for DGL [https://docs.dgl.ai/tutorials/cpu/cpu_best_practises.html])
  dgl_warning(
/workspace/pmp_vast/envs/pmp-author/lib/python3.10/site-packages/dgl/dataloading/dataloader.py:1076: DGLWarning: Dataloader CPU affinity opt is not enabled, consider switching it on (see enable_cpu_affinity() or CPU best practices for DGL [https://docs.dgl.ai/tutorials/cpu/cpu_best_practises.html])
  dgl_warning(
/workspace/pmp_vast/envs/pmp-author/lib/python3.10/site-packages/dgl/dataloading/dataloader.py:1076: DGLWarning: Dataloader CPU affinity opt is not enabled, consider switching it on (see enable_cpu_affinity() or CPU best practices for DGL [https://docs.dgl.ai/tutorials/cpu/cpu_best_practises.html])
  dgl_warning(
amazon_tr20_seed42 epoch=030 loss=0.065637 val_AUPRC=0.901241 best=0.907879(23) patience=7/20 train=4.673s val=4.508s
/workspace/pmp_vast/envs/pmp-author/lib/python3.10/site-packages/dgl/dataloading/dataloader.py:1076: DGLWarning: Dataloader CPU affinity opt is not enabled, consider switching it on (see enable_cpu_affinity() or CPU best practices for DGL [https://docs.dgl.ai/tutorials/cpu/cpu_best_practises.html])
  dgl_warning(
/workspace/pmp_vast/envs/pmp-author/lib/python3.10/site-packages/dgl/dataloading/dataloader.py:1076: DGLWarning: Dataloader CPU affinity opt is not enabled, consider switching it on (see enable_cpu_affinity() or CPU best practices for DGL [https://docs.dgl.ai/tutorials/cpu/cpu_best_practises.html])
  dgl_warning(
/workspace/pmp_vast/envs/pmp-author/lib/python3.10/site-packages/dgl/dataloading/dataloader.py:1076: DGLWarning: Dataloader CPU affinity opt is not enabled, consider switching it on (see enable_cpu_affinity() or CPU best practices for DGL [https://docs.dgl.ai/tutorials/cpu/cpu_best_practises.html])
  dgl_warning(
/workspace/pmp_vast/envs/pmp-author/lib/python3.10/site-packages/dgl/dataloading/dataloader.py:1076: DGLWarning: Dataloader CPU affinity opt is not enabled, consider switching it on (see enable_cpu_affinity() or CPU best practices for DGL [https://docs.dgl.ai/tutorials/cpu/cpu_best_practises.html])
  dgl_warning(
/workspace/pmp_vast/envs/pmp-author/lib/python3.10/site-packages/dgl/dataloading/dataloader.py:1076: DGLWarning: Dataloader CPU affinity opt is not enabled, consider switching it on (see enable_cpu_affinity() or CPU best practices for DGL [https://docs.dgl.ai/tutorials/cpu/cpu_best_practises.html])
  dgl_warning(
/workspace/pmp_vast/envs/pmp-author/lib/python3.10/site-packages/dgl/dataloading/dataloader.py:1076: DGLWarning: Dataloader CPU affinity opt is not enabled, consider switching it on (see enable_cpu_affinity() or CPU best practices for DGL [https://docs.dgl.ai/tutorials/cpu/cpu_best_practises.html])
  dgl_warning(
/workspace/pmp_vast/envs/pmp-author/lib/python3.10/site-packages/dgl/dataloading/dataloader.py:1076: DGLWarning: Dataloader CPU affinity opt is not enabled, consider switching it on (see enable_cpu_affinity() or CPU best practices for DGL [https://docs.dgl.ai/tutorials/cpu/cpu_best_practises.html])
  dgl_warning(
/workspace/pmp_vast/envs/pmp-author/lib/python3.10/site-packages/dgl/dataloading/dataloader.py:1076: DGLWarning: Dataloader CPU affinity opt is not enabled, consider switching it on (see enable_cpu_affinity() or CPU best practices for DGL [https://docs.dgl.ai/tutorials/cpu/cpu_best_practises.html])
  dgl_warning(
/workspace/pmp_vast/envs/pmp-author/lib/python3.10/site-packages/dgl/dataloading/dataloader.py:1076: DGLWarning: Dataloader CPU affinity opt is not enabled, consider switching it on (see enable_cpu_affinity() or CPU best practices for DGL [https://docs.dgl.ai/tutorials/cpu/cpu_best_practises.html])
  dgl_warning(
/workspace/pmp_vast/envs/pmp-author/lib/python3.10/site-packages/dgl/dataloading/dataloader.py:1076: DGLWarning: Dataloader CPU affinity opt is not enabled, consider switching it on (see enable_cpu_affinity() or CPU best practices for DGL [https://docs.dgl.ai/tutorials/cpu/cpu_best_practises.html])
  dgl_warning(
amazon_tr20_seed42 epoch=040 loss=0.074578 val_AUPRC=0.888176 best=0.907879(23) patience=17/20 train=5.080s val=6.524s
/workspace/pmp_vast/envs/pmp-author/lib/python3.10/site-packages/dgl/dataloading/dataloader.py:1076: DGLWarning: Dataloader CPU affinity opt is not enabled, consider switching it on (see enable_cpu_affinity() or CPU best practices for DGL [https://docs.dgl.ai/tutorials/cpu/cpu_best_practises.html])
  dgl_warning(
/workspace/pmp_vast/envs/pmp-author/lib/python3.10/site-packages/dgl/dataloading/dataloader.py:1076: DGLWarning: Dataloader CPU affinity opt is not enabled, consider switching it on (see enable_cpu_affinity() or CPU best practices for DGL [https://docs.dgl.ai/tutorials/cpu/cpu_best_practises.html])
  dgl_warning(
/workspace/pmp_vast/envs/pmp-author/lib/python3.10/site-packages/dgl/dataloading/dataloader.py:1076: DGLWarning: Dataloader CPU affinity opt is not enabled, consider switching it on (see enable_cpu_affinity() or CPU best practices for DGL [https://docs.dgl.ai/tutorials/cpu/cpu_best_practises.html])
  dgl_warning(
amazon_tr20_seed42 epoch=043 loss=0.066369 val_AUPRC=0.896185 best=0.907879(23) patience=20/20 train=5.757s val=4.452s
/workspace/pmp_vast/envs/pmp-author/lib/python3.10/site-packages/dgl/dataloading/dataloader.py:1076: DGLWarning: Dataloader CPU affinity opt is not enabled, consider switching it on (see enable_cpu_affinity() or CPU best practices for DGL [https://docs.dgl.ai/tutorials/cpu/cpu_best_practises.html])
  dgl_warning(
/workspace/pmp_vast/envs/pmp-author/lib/python3.10/site-packages/dgl/dataloading/dataloader.py:1076: DGLWarning: Dataloader CPU affinity opt is not enabled, consider switching it on (see enable_cpu_affinity() or CPU best practices for DGL [https://docs.dgl.ai/tutorials/cpu/cpu_best_practises.html])
  dgl_warning(
FINAL amazon_tr20_seed42 PASS | AUPRC=0.889388 AUROC=0.970426 MacroF1=0.915814 Recall=0.762195

===== FINAL amazon_tr20_seed72 =====
/workspace/pmp_vast/envs/pmp-author/lib/python3.10/site-packages/dgl/dataloading/dataloader.py:1076: DGLWarning: Dataloader CPU affinity opt is not enabled, consider switching it on (see enable_cpu_affinity() or CPU best practices for DGL [https://docs.dgl.ai/tutorials/cpu/cpu_best_practises.html])
  dgl_warning(
amazon_tr20_seed72 epoch=001 loss=1.307754 val_AUPRC=0.832764 best=0.832764(1) patience=0/20 train=4.836s val=4.199s
/workspace/pmp_vast/envs/pmp-author/lib/python3.10/site-packages/dgl/dataloading/dataloader.py:1076: DGLWarning: Dataloader CPU affinity opt is not enabled, consider switching it on (see enable_cpu_affinity() or CPU best practices for DGL [https://docs.dgl.ai/tutorials/cpu/cpu_best_practises.html])
  dgl_warning(
amazon_tr20_seed72 epoch=002 loss=0.318767 val_AUPRC=0.848670 best=0.848670(2) patience=0/20 train=4.457s val=4.271s
/workspace/pmp_vast/envs/pmp-author/lib/python3.10/site-packages/dgl/dataloading/dataloader.py:1076: DGLWarning: Dataloader CPU affinity opt is not enabled, consider switching it on (see enable_cpu_affinity() or CPU best practices for DGL [https://docs.dgl.ai/tutorials/cpu/cpu_best_practises.html])
  dgl_warning(
amazon_tr20_seed72 epoch=003 loss=0.251707 val_AUPRC=0.857559 best=0.857559(3) patience=0/20 train=4.427s val=4.092s
/workspace/pmp_vast/envs/pmp-author/lib/python3.10/site-packages/dgl/dataloading/dataloader.py:1076: DGLWarning: Dataloader CPU affinity opt is not enabled, consider switching it on (see enable_cpu_affinity() or CPU best practices for DGL [https://docs.dgl.ai/tutorials/cpu/cpu_best_practises.html])
  dgl_warning(
amazon_tr20_seed72 epoch=004 loss=0.159201 val_AUPRC=0.872525 best=0.872525(4) patience=0/20 train=4.333s val=4.101s
/workspace/pmp_vast/envs/pmp-author/lib/python3.10/site-packages/dgl/dataloading/dataloader.py:1076: DGLWarning: Dataloader CPU affinity opt is not enabled, consider switching it on (see enable_cpu_affinity() or CPU best practices for DGL [https://docs.dgl.ai/tutorials/cpu/cpu_best_practises.html])
  dgl_warning(
amazon_tr20_seed72 epoch=005 loss=0.110576 val_AUPRC=0.881480 best=0.881480(5) patience=0/20 train=4.643s val=4.040s
/workspace/pmp_vast/envs/pmp-author/lib/python3.10/site-packages/dgl/dataloading/dataloader.py:1076: DGLWarning: Dataloader CPU affinity opt is not enabled, consider switching it on (see enable_cpu_affinity() or CPU best practices for DGL [https://docs.dgl.ai/tutorials/cpu/cpu_best_practises.html])
  dgl_warning(
amazon_tr20_seed72 epoch=006 loss=0.101967 val_AUPRC=0.884163 best=0.884163(6) patience=0/20 train=4.385s val=4.339s
/workspace/pmp_vast/envs/pmp-author/lib/python3.10/site-packages/dgl/dataloading/dataloader.py:1076: DGLWarning: Dataloader CPU affinity opt is not enabled, consider switching it on (see enable_cpu_affinity() or CPU best practices for DGL [https://docs.dgl.ai/tutorials/cpu/cpu_best_practises.html])
  dgl_warning(
/workspace/pmp_vast/envs/pmp-author/lib/python3.10/site-packages/dgl/dataloading/dataloader.py:1076: DGLWarning: Dataloader CPU affinity opt is not enabled, consider switching it on (see enable_cpu_affinity() or CPU best practices for DGL [https://docs.dgl.ai/tutorials/cpu/cpu_best_practises.html])
  dgl_warning(
amazon_tr20_seed72 epoch=008 loss=0.097806 val_AUPRC=0.886199 best=0.886199(8) patience=0/20 train=4.315s val=4.453s
/workspace/pmp_vast/envs/pmp-author/lib/python3.10/site-packages/dgl/dataloading/dataloader.py:1076: DGLWarning: Dataloader CPU affinity opt is not enabled, consider switching it on (see enable_cpu_affinity() or CPU best practices for DGL [https://docs.dgl.ai/tutorials/cpu/cpu_best_practises.html])
  dgl_warning(
amazon_tr20_seed72 epoch=009 loss=0.089910 val_AUPRC=0.888805 best=0.888805(9) patience=0/20 train=4.393s val=3.997s
/workspace/pmp_vast/envs/pmp-author/lib/python3.10/site-packages/dgl/dataloading/dataloader.py:1076: DGLWarning: Dataloader CPU affinity opt is not enabled, consider switching it on (see enable_cpu_affinity() or CPU best practices for DGL [https://docs.dgl.ai/tutorials/cpu/cpu_best_practises.html])
  dgl_warning(
amazon_tr20_seed72 epoch=010 loss=0.085691 val_AUPRC=0.885939 best=0.888805(9) patience=1/20 train=4.369s val=3.966s
/workspace/pmp_vast/envs/pmp-author/lib/python3.10/site-packages/dgl/dataloading/dataloader.py:1076: DGLWarning: Dataloader CPU affinity opt is not enabled, consider switching it on (see enable_cpu_affinity() or CPU best practices for DGL [https://docs.dgl.ai/tutorials/cpu/cpu_best_practises.html])
  dgl_warning(
amazon_tr20_seed72 epoch=011 loss=0.083771 val_AUPRC=0.890422 best=0.890422(11) patience=0/20 train=4.460s val=4.450s
/workspace/pmp_vast/envs/pmp-author/lib/python3.10/site-packages/dgl/dataloading/dataloader.py:1076: DGLWarning: Dataloader CPU affinity opt is not enabled, consider switching it on (see enable_cpu_affinity() or CPU best practices for DGL [https://docs.dgl.ai/tutorials/cpu/cpu_best_practises.html])
  dgl_warning(
amazon_tr20_seed72 epoch=012 loss=0.078859 val_AUPRC=0.891654 best=0.891654(12) patience=0/20 train=4.446s val=4.566s
/workspace/pmp_vast/envs/pmp-author/lib/python3.10/site-packages/dgl/dataloading/dataloader.py:1076: DGLWarning: Dataloader CPU affinity opt is not enabled, consider switching it on (see enable_cpu_affinity() or CPU best practices for DGL [https://docs.dgl.ai/tutorials/cpu/cpu_best_practises.html])
  dgl_warning(
/workspace/pmp_vast/envs/pmp-author/lib/python3.10/site-packages/dgl/dataloading/dataloader.py:1076: DGLWarning: Dataloader CPU affinity opt is not enabled, consider switching it on (see enable_cpu_affinity() or CPU best practices for DGL [https://docs.dgl.ai/tutorials/cpu/cpu_best_practises.html])
  dgl_warning(
/workspace/pmp_vast/envs/pmp-author/lib/python3.10/site-packages/dgl/dataloading/dataloader.py:1076: DGLWarning: Dataloader CPU affinity opt is not enabled, consider switching it on (see enable_cpu_affinity() or CPU best practices for DGL [https://docs.dgl.ai/tutorials/cpu/cpu_best_practises.html])
  dgl_warning(
amazon_tr20_seed72 epoch=015 loss=0.085353 val_AUPRC=0.892089 best=0.892089(15) patience=0/20 train=4.154s val=4.172s
/workspace/pmp_vast/envs/pmp-author/lib/python3.10/site-packages/dgl/dataloading/dataloader.py:1076: DGLWarning: Dataloader CPU affinity opt is not enabled, consider switching it on (see enable_cpu_affinity() or CPU best practices for DGL [https://docs.dgl.ai/tutorials/cpu/cpu_best_practises.html])
  dgl_warning(
/workspace/pmp_vast/envs/pmp-author/lib/python3.10/site-packages/dgl/dataloading/dataloader.py:1076: DGLWarning: Dataloader CPU affinity opt is not enabled, consider switching it on (see enable_cpu_affinity() or CPU best practices for DGL [https://docs.dgl.ai/tutorials/cpu/cpu_best_practises.html])
  dgl_warning(
amazon_tr20_seed72 epoch=017 loss=0.071670 val_AUPRC=0.892685 best=0.892685(17) patience=0/20 train=4.444s val=3.950s
/workspace/pmp_vast/envs/pmp-author/lib/python3.10/site-packages/dgl/dataloading/dataloader.py:1076: DGLWarning: Dataloader CPU affinity opt is not enabled, consider switching it on (see enable_cpu_affinity() or CPU best practices for DGL [https://docs.dgl.ai/tutorials/cpu/cpu_best_practises.html])
  dgl_warning(
amazon_tr20_seed72 epoch=018 loss=0.069464 val_AUPRC=0.896009 best=0.896009(18) patience=0/20 train=4.340s val=4.421s
/workspace/pmp_vast/envs/pmp-author/lib/python3.10/site-packages/dgl/dataloading/dataloader.py:1076: DGLWarning: Dataloader CPU affinity opt is not enabled, consider switching it on (see enable_cpu_affinity() or CPU best practices for DGL [https://docs.dgl.ai/tutorials/cpu/cpu_best_practises.html])
  dgl_warning(
/workspace/pmp_vast/envs/pmp-author/lib/python3.10/site-packages/dgl/dataloading/dataloader.py:1076: DGLWarning: Dataloader CPU affinity opt is not enabled, consider switching it on (see enable_cpu_affinity() or CPU best practices for DGL [https://docs.dgl.ai/tutorials/cpu/cpu_best_practises.html])
  dgl_warning(
amazon_tr20_seed72 epoch=020 loss=0.074446 val_AUPRC=0.897668 best=0.897668(20) patience=0/20 train=4.353s val=4.135s
/workspace/pmp_vast/envs/pmp-author/lib/python3.10/site-packages/dgl/dataloading/dataloader.py:1076: DGLWarning: Dataloader CPU affinity opt is not enabled, consider switching it on (see enable_cpu_affinity() or CPU best practices for DGL [https://docs.dgl.ai/tutorials/cpu/cpu_best_practises.html])
  dgl_warning(
amazon_tr20_seed72 epoch=021 loss=0.065308 val_AUPRC=0.899150 best=0.899150(21) patience=0/20 train=4.308s val=4.257s
/workspace/pmp_vast/envs/pmp-author/lib/python3.10/site-packages/dgl/dataloading/dataloader.py:1076: DGLWarning: Dataloader CPU affinity opt is not enabled, consider switching it on (see enable_cpu_affinity() or CPU best practices for DGL [https://docs.dgl.ai/tutorials/cpu/cpu_best_practises.html])
  dgl_warning(
/workspace/pmp_vast/envs/pmp-author/lib/python3.10/site-packages/dgl/dataloading/dataloader.py:1076: DGLWarning: Dataloader CPU affinity opt is not enabled, consider switching it on (see enable_cpu_affinity() or CPU best practices for DGL [https://docs.dgl.ai/tutorials/cpu/cpu_best_practises.html])
  dgl_warning(
/workspace/pmp_vast/envs/pmp-author/lib/python3.10/site-packages/dgl/dataloading/dataloader.py:1076: DGLWarning: Dataloader CPU affinity opt is not enabled, consider switching it on (see enable_cpu_affinity() or CPU best practices for DGL [https://docs.dgl.ai/tutorials/cpu/cpu_best_practises.html])
  dgl_warning(
/workspace/pmp_vast/envs/pmp-author/lib/python3.10/site-packages/dgl/dataloading/dataloader.py:1076: DGLWarning: Dataloader CPU affinity opt is not enabled, consider switching it on (see enable_cpu_affinity() or CPU best practices for DGL [https://docs.dgl.ai/tutorials/cpu/cpu_best_practises.html])
  dgl_warning(
amazon_tr20_seed72 epoch=025 loss=0.064440 val_AUPRC=0.900931 best=0.900931(25) patience=0/20 train=4.324s val=4.345s
/workspace/pmp_vast/envs/pmp-author/lib/python3.10/site-packages/dgl/dataloading/dataloader.py:1076: DGLWarning: Dataloader CPU affinity opt is not enabled, consider switching it on (see enable_cpu_affinity() or CPU best practices for DGL [https://docs.dgl.ai/tutorials/cpu/cpu_best_practises.html])
  dgl_warning(
amazon_tr20_seed72 epoch=026 loss=0.063481 val_AUPRC=0.903370 best=0.903370(26) patience=0/20 train=4.701s val=4.371s
/workspace/pmp_vast/envs/pmp-author/lib/python3.10/site-packages/dgl/dataloading/dataloader.py:1076: DGLWarning: Dataloader CPU affinity opt is not enabled, consider switching it on (see enable_cpu_affinity() or CPU best practices for DGL [https://docs.dgl.ai/tutorials/cpu/cpu_best_practises.html])
  dgl_warning(
/workspace/pmp_vast/envs/pmp-author/lib/python3.10/site-packages/dgl/dataloading/dataloader.py:1076: DGLWarning: Dataloader CPU affinity opt is not enabled, consider switching it on (see enable_cpu_affinity() or CPU best practices for DGL [https://docs.dgl.ai/tutorials/cpu/cpu_best_practises.html])
  dgl_warning(
/workspace/pmp_vast/envs/pmp-author/lib/python3.10/site-packages/dgl/dataloading/dataloader.py:1076: DGLWarning: Dataloader CPU affinity opt is not enabled, consider switching it on (see enable_cpu_affinity() or CPU best practices for DGL [https://docs.dgl.ai/tutorials/cpu/cpu_best_practises.html])
  dgl_warning(
amazon_tr20_seed72 epoch=029 loss=0.059398 val_AUPRC=0.905007 best=0.905007(29) patience=0/20 train=4.552s val=4.198s
/workspace/pmp_vast/envs/pmp-author/lib/python3.10/site-packages/dgl/dataloading/dataloader.py:1076: DGLWarning: Dataloader CPU affinity opt is not enabled, consider switching it on (see enable_cpu_affinity() or CPU best practices for DGL [https://docs.dgl.ai/tutorials/cpu/cpu_best_practises.html])
  dgl_warning(
amazon_tr20_seed72 epoch=030 loss=0.059003 val_AUPRC=0.910527 best=0.910527(30) patience=0/20 train=4.512s val=4.185s
/workspace/pmp_vast/envs/pmp-author/lib/python3.10/site-packages/dgl/dataloading/dataloader.py:1076: DGLWarning: Dataloader CPU affinity opt is not enabled, consider switching it on (see enable_cpu_affinity() or CPU best practices for DGL [https://docs.dgl.ai/tutorials/cpu/cpu_best_practises.html])
  dgl_warning(
/workspace/pmp_vast/envs/pmp-author/lib/python3.10/site-packages/dgl/dataloading/dataloader.py:1076: DGLWarning: Dataloader CPU affinity opt is not enabled, consider switching it on (see enable_cpu_affinity() or CPU best practices for DGL [https://docs.dgl.ai/tutorials/cpu/cpu_best_practises.html])
  dgl_warning(
/workspace/pmp_vast/envs/pmp-author/lib/python3.10/site-packages/dgl/dataloading/dataloader.py:1076: DGLWarning: Dataloader CPU affinity opt is not enabled, consider switching it on (see enable_cpu_affinity() or CPU best practices for DGL [https://docs.dgl.ai/tutorials/cpu/cpu_best_practises.html])
  dgl_warning(
/workspace/pmp_vast/envs/pmp-author/lib/python3.10/site-packages/dgl/dataloading/dataloader.py:1076: DGLWarning: Dataloader CPU affinity opt is not enabled, consider switching it on (see enable_cpu_affinity() or CPU best practices for DGL [https://docs.dgl.ai/tutorials/cpu/cpu_best_practises.html])
  dgl_warning(
/workspace/pmp_vast/envs/pmp-author/lib/python3.10/site-packages/dgl/dataloading/dataloader.py:1076: DGLWarning: Dataloader CPU affinity opt is not enabled, consider switching it on (see enable_cpu_affinity() or CPU best practices for DGL [https://docs.dgl.ai/tutorials/cpu/cpu_best_practises.html])
  dgl_warning(
/workspace/pmp_vast/envs/pmp-author/lib/python3.10/site-packages/dgl/dataloading/dataloader.py:1076: DGLWarning: Dataloader CPU affinity opt is not enabled, consider switching it on (see enable_cpu_affinity() or CPU best practices for DGL [https://docs.dgl.ai/tutorials/cpu/cpu_best_practises.html])
  dgl_warning(
/workspace/pmp_vast/envs/pmp-author/lib/python3.10/site-packages/dgl/dataloading/dataloader.py:1076: DGLWarning: Dataloader CPU affinity opt is not enabled, consider switching it on (see enable_cpu_affinity() or CPU best practices for DGL [https://docs.dgl.ai/tutorials/cpu/cpu_best_practises.html])
  dgl_warning(
/workspace/pmp_vast/envs/pmp-author/lib/python3.10/site-packages/dgl/dataloading/dataloader.py:1076: DGLWarning: Dataloader CPU affinity opt is not enabled, consider switching it on (see enable_cpu_affinity() or CPU best practices for DGL [https://docs.dgl.ai/tutorials/cpu/cpu_best_practises.html])
  dgl_warning(
/workspace/pmp_vast/envs/pmp-author/lib/python3.10/site-packages/dgl/dataloading/dataloader.py:1076: DGLWarning: Dataloader CPU affinity opt is not enabled, consider switching it on (see enable_cpu_affinity() or CPU best practices for DGL [https://docs.dgl.ai/tutorials/cpu/cpu_best_practises.html])
  dgl_warning(
amazon_tr20_seed72 epoch=039 loss=0.055040 val_AUPRC=0.911451 best=0.911451(39) patience=0/20 train=4.433s val=4.303s
/workspace/pmp_vast/envs/pmp-author/lib/python3.10/site-packages/dgl/dataloading/dataloader.py:1076: DGLWarning: Dataloader CPU affinity opt is not enabled, consider switching it on (see enable_cpu_affinity() or CPU best practices for DGL [https://docs.dgl.ai/tutorials/cpu/cpu_best_practises.html])
  dgl_warning(
amazon_tr20_seed72 epoch=040 loss=0.062981 val_AUPRC=0.908872 best=0.911451(39) patience=1/20 train=4.586s val=4.487s
/workspace/pmp_vast/envs/pmp-author/lib/python3.10/site-packages/dgl/dataloading/dataloader.py:1076: DGLWarning: Dataloader CPU affinity opt is not enabled, consider switching it on (see enable_cpu_affinity() or CPU best practices for DGL [https://docs.dgl.ai/tutorials/cpu/cpu_best_practises.html])
  dgl_warning(
amazon_tr20_seed72 epoch=041 loss=0.056575 val_AUPRC=0.913231 best=0.913231(41) patience=0/20 train=4.843s val=4.443s
/workspace/pmp_vast/envs/pmp-author/lib/python3.10/site-packages/dgl/dataloading/dataloader.py:1076: DGLWarning: Dataloader CPU affinity opt is not enabled, consider switching it on (see enable_cpu_affinity() or CPU best practices for DGL [https://docs.dgl.ai/tutorials/cpu/cpu_best_practises.html])
  dgl_warning(
/workspace/pmp_vast/envs/pmp-author/lib/python3.10/site-packages/dgl/dataloading/dataloader.py:1076: DGLWarning: Dataloader CPU affinity opt is not enabled, consider switching it on (see enable_cpu_affinity() or CPU best practices for DGL [https://docs.dgl.ai/tutorials/cpu/cpu_best_practises.html])
  dgl_warning(
/workspace/pmp_vast/envs/pmp-author/lib/python3.10/site-packages/dgl/dataloading/dataloader.py:1076: DGLWarning: Dataloader CPU affinity opt is not enabled, consider switching it on (see enable_cpu_affinity() or CPU best practices for DGL [https://docs.dgl.ai/tutorials/cpu/cpu_best_practises.html])
  dgl_warning(
/workspace/pmp_vast/envs/pmp-author/lib/python3.10/site-packages/dgl/dataloading/dataloader.py:1076: DGLWarning: Dataloader CPU affinity opt is not enabled, consider switching it on (see enable_cpu_affinity() or CPU best practices for DGL [https://docs.dgl.ai/tutorials/cpu/cpu_best_practises.html])
  dgl_warning(
/workspace/pmp_vast/envs/pmp-author/lib/python3.10/site-packages/dgl/dataloading/dataloader.py:1076: DGLWarning: Dataloader CPU affinity opt is not enabled, consider switching it on (see enable_cpu_affinity() or CPU best practices for DGL [https://docs.dgl.ai/tutorials/cpu/cpu_best_practises.html])
  dgl_warning(
/workspace/pmp_vast/envs/pmp-author/lib/python3.10/site-packages/dgl/dataloading/dataloader.py:1076: DGLWarning: Dataloader CPU affinity opt is not enabled, consider switching it on (see enable_cpu_affinity() or CPU best practices for DGL [https://docs.dgl.ai/tutorials/cpu/cpu_best_practises.html])
  dgl_warning(
/workspace/pmp_vast/envs/pmp-author/lib/python3.10/site-packages/dgl/dataloading/dataloader.py:1076: DGLWarning: Dataloader CPU affinity opt is not enabled, consider switching it on (see enable_cpu_affinity() or CPU best practices for DGL [https://docs.dgl.ai/tutorials/cpu/cpu_best_practises.html])
  dgl_warning(
/workspace/pmp_vast/envs/pmp-author/lib/python3.10/site-packages/dgl/dataloading/dataloader.py:1076: DGLWarning: Dataloader CPU affinity opt is not enabled, consider switching it on (see enable_cpu_affinity() or CPU best practices for DGL [https://docs.dgl.ai/tutorials/cpu/cpu_best_practises.html])
  dgl_warning(
amazon_tr20_seed72 epoch=049 loss=0.048625 val_AUPRC=0.914336 best=0.914336(49) patience=0/20 train=4.941s val=4.329s
/workspace/pmp_vast/envs/pmp-author/lib/python3.10/site-packages/dgl/dataloading/dataloader.py:1076: DGLWarning: Dataloader CPU affinity opt is not enabled, consider switching it on (see enable_cpu_affinity() or CPU best practices for DGL [https://docs.dgl.ai/tutorials/cpu/cpu_best_practises.html])
  dgl_warning(
amazon_tr20_seed72 epoch=050 loss=0.049422 val_AUPRC=0.910289 best=0.914336(49) patience=1/20 train=4.399s val=4.211s
/workspace/pmp_vast/envs/pmp-author/lib/python3.10/site-packages/dgl/dataloading/dataloader.py:1076: DGLWarning: Dataloader CPU affinity opt is not enabled, consider switching it on (see enable_cpu_affinity() or CPU best practices for DGL [https://docs.dgl.ai/tutorials/cpu/cpu_best_practises.html])
  dgl_warning(
/workspace/pmp_vast/envs/pmp-author/lib/python3.10/site-packages/dgl/dataloading/dataloader.py:1076: DGLWarning: Dataloader CPU affinity opt is not enabled, consider switching it on (see enable_cpu_affinity() or CPU best practices for DGL [https://docs.dgl.ai/tutorials/cpu/cpu_best_practises.html])
  dgl_warning(
/workspace/pmp_vast/envs/pmp-author/lib/python3.10/site-packages/dgl/dataloading/dataloader.py:1076: DGLWarning: Dataloader CPU affinity opt is not enabled, consider switching it on (see enable_cpu_affinity() or CPU best practices for DGL [https://docs.dgl.ai/tutorials/cpu/cpu_best_practises.html])
  dgl_warning(
/workspace/pmp_vast/envs/pmp-author/lib/python3.10/site-packages/dgl/dataloading/dataloader.py:1076: DGLWarning: Dataloader CPU affinity opt is not enabled, consider switching it on (see enable_cpu_affinity() or CPU best practices for DGL [https://docs.dgl.ai/tutorials/cpu/cpu_best_practises.html])
  dgl_warning(
amazon_tr20_seed72 epoch=054 loss=0.044252 val_AUPRC=0.915726 best=0.915726(54) patience=0/20 train=4.712s val=4.553s
/workspace/pmp_vast/envs/pmp-author/lib/python3.10/site-packages/dgl/dataloading/dataloader.py:1076: DGLWarning: Dataloader CPU affinity opt is not enabled, consider switching it on (see enable_cpu_affinity() or CPU best practices for DGL [https://docs.dgl.ai/tutorials/cpu/cpu_best_practises.html])
  dgl_warning(
/workspace/pmp_vast/envs/pmp-author/lib/python3.10/site-packages/dgl/dataloading/dataloader.py:1076: DGLWarning: Dataloader CPU affinity opt is not enabled, consider switching it on (see enable_cpu_affinity() or CPU best practices for DGL [https://docs.dgl.ai/tutorials/cpu/cpu_best_practises.html])
  dgl_warning(
/workspace/pmp_vast/envs/pmp-author/lib/python3.10/site-packages/dgl/dataloading/dataloader.py:1076: DGLWarning: Dataloader CPU affinity opt is not enabled, consider switching it on (see enable_cpu_affinity() or CPU best practices for DGL [https://docs.dgl.ai/tutorials/cpu/cpu_best_practises.html])
  dgl_warning(
amazon_tr20_seed72 epoch=057 loss=0.059297 val_AUPRC=0.918054 best=0.918054(57) patience=0/20 train=4.596s val=4.581s
/workspace/pmp_vast/envs/pmp-author/lib/python3.10/site-packages/dgl/dataloading/dataloader.py:1076: DGLWarning: Dataloader CPU affinity opt is not enabled, consider switching it on (see enable_cpu_affinity() or CPU best practices for DGL [https://docs.dgl.ai/tutorials/cpu/cpu_best_practises.html])
  dgl_warning(
/workspace/pmp_vast/envs/pmp-author/lib/python3.10/site-packages/dgl/dataloading/dataloader.py:1076: DGLWarning: Dataloader CPU affinity opt is not enabled, consider switching it on (see enable_cpu_affinity() or CPU best practices for DGL [https://docs.dgl.ai/tutorials/cpu/cpu_best_practises.html])
  dgl_warning(
/workspace/pmp_vast/envs/pmp-author/lib/python3.10/site-packages/dgl/dataloading/dataloader.py:1076: DGLWarning: Dataloader CPU affinity opt is not enabled, consider switching it on (see enable_cpu_affinity() or CPU best practices for DGL [https://docs.dgl.ai/tutorials/cpu/cpu_best_practises.html])
  dgl_warning(
amazon_tr20_seed72 epoch=060 loss=0.045629 val_AUPRC=0.908332 best=0.918054(57) patience=3/20 train=5.052s val=4.867s
/workspace/pmp_vast/envs/pmp-author/lib/python3.10/site-packages/dgl/dataloading/dataloader.py:1076: DGLWarning: Dataloader CPU affinity opt is not enabled, consider switching it on (see enable_cpu_affinity() or CPU best practices for DGL [https://docs.dgl.ai/tutorials/cpu/cpu_best_practises.html])
  dgl_warning(
/workspace/pmp_vast/envs/pmp-author/lib/python3.10/site-packages/dgl/dataloading/dataloader.py:1076: DGLWarning: Dataloader CPU affinity opt is not enabled, consider switching it on (see enable_cpu_affinity() or CPU best practices for DGL [https://docs.dgl.ai/tutorials/cpu/cpu_best_practises.html])
  dgl_warning(
/workspace/pmp_vast/envs/pmp-author/lib/python3.10/site-packages/dgl/dataloading/dataloader.py:1076: DGLWarning: Dataloader CPU affinity opt is not enabled, consider switching it on (see enable_cpu_affinity() or CPU best practices for DGL [https://docs.dgl.ai/tutorials/cpu/cpu_best_practises.html])
  dgl_warning(
/workspace/pmp_vast/envs/pmp-author/lib/python3.10/site-packages/dgl/dataloading/dataloader.py:1076: DGLWarning: Dataloader CPU affinity opt is not enabled, consider switching it on (see enable_cpu_affinity() or CPU best practices for DGL [https://docs.dgl.ai/tutorials/cpu/cpu_best_practises.html])
  dgl_warning(
/workspace/pmp_vast/envs/pmp-author/lib/python3.10/site-packages/dgl/dataloading/dataloader.py:1076: DGLWarning: Dataloader CPU affinity opt is not enabled, consider switching it on (see enable_cpu_affinity() or CPU best practices for DGL [https://docs.dgl.ai/tutorials/cpu/cpu_best_practises.html])
  dgl_warning(
/workspace/pmp_vast/envs/pmp-author/lib/python3.10/site-packages/dgl/dataloading/dataloader.py:1076: DGLWarning: Dataloader CPU affinity opt is not enabled, consider switching it on (see enable_cpu_affinity() or CPU best practices for DGL [https://docs.dgl.ai/tutorials/cpu/cpu_best_practises.html])
  dgl_warning(
/workspace/pmp_vast/envs/pmp-author/lib/python3.10/site-packages/dgl/dataloading/dataloader.py:1076: DGLWarning: Dataloader CPU affinity opt is not enabled, consider switching it on (see enable_cpu_affinity() or CPU best practices for DGL [https://docs.dgl.ai/tutorials/cpu/cpu_best_practises.html])
  dgl_warning(
/workspace/pmp_vast/envs/pmp-author/lib/python3.10/site-packages/dgl/dataloading/dataloader.py:1076: DGLWarning: Dataloader CPU affinity opt is not enabled, consider switching it on (see enable_cpu_affinity() or CPU best practices for DGL [https://docs.dgl.ai/tutorials/cpu/cpu_best_practises.html])
  dgl_warning(
/workspace/pmp_vast/envs/pmp-author/lib/python3.10/site-packages/dgl/dataloading/dataloader.py:1076: DGLWarning: Dataloader CPU affinity opt is not enabled, consider switching it on (see enable_cpu_affinity() or CPU best practices for DGL [https://docs.dgl.ai/tutorials/cpu/cpu_best_practises.html])
  dgl_warning(
/workspace/pmp_vast/envs/pmp-author/lib/python3.10/site-packages/dgl/dataloading/dataloader.py:1076: DGLWarning: Dataloader CPU affinity opt is not enabled, consider switching it on (see enable_cpu_affinity() or CPU best practices for DGL [https://docs.dgl.ai/tutorials/cpu/cpu_best_practises.html])
  dgl_warning(
amazon_tr20_seed72 epoch=070 loss=0.036803 val_AUPRC=0.911238 best=0.918054(57) patience=13/20 train=4.448s val=4.358s
/workspace/pmp_vast/envs/pmp-author/lib/python3.10/site-packages/dgl/dataloading/dataloader.py:1076: DGLWarning: Dataloader CPU affinity opt is not enabled, consider switching it on (see enable_cpu_affinity() or CPU best practices for DGL [https://docs.dgl.ai/tutorials/cpu/cpu_best_practises.html])
  dgl_warning(
/workspace/pmp_vast/envs/pmp-author/lib/python3.10/site-packages/dgl/dataloading/dataloader.py:1076: DGLWarning: Dataloader CPU affinity opt is not enabled, consider switching it on (see enable_cpu_affinity() or CPU best practices for DGL [https://docs.dgl.ai/tutorials/cpu/cpu_best_practises.html])
  dgl_warning(
/workspace/pmp_vast/envs/pmp-author/lib/python3.10/site-packages/dgl/dataloading/dataloader.py:1076: DGLWarning: Dataloader CPU affinity opt is not enabled, consider switching it on (see enable_cpu_affinity() or CPU best practices for DGL [https://docs.dgl.ai/tutorials/cpu/cpu_best_practises.html])
  dgl_warning(
/workspace/pmp_vast/envs/pmp-author/lib/python3.10/site-packages/dgl/dataloading/dataloader.py:1076: DGLWarning: Dataloader CPU affinity opt is not enabled, consider switching it on (see enable_cpu_affinity() or CPU best practices for DGL [https://docs.dgl.ai/tutorials/cpu/cpu_best_practises.html])
  dgl_warning(
/workspace/pmp_vast/envs/pmp-author/lib/python3.10/site-packages/dgl/dataloading/dataloader.py:1076: DGLWarning: Dataloader CPU affinity opt is not enabled, consider switching it on (see enable_cpu_affinity() or CPU best practices for DGL [https://docs.dgl.ai/tutorials/cpu/cpu_best_practises.html])
  dgl_warning(
/workspace/pmp_vast/envs/pmp-author/lib/python3.10/site-packages/dgl/dataloading/dataloader.py:1076: DGLWarning: Dataloader CPU affinity opt is not enabled, consider switching it on (see enable_cpu_affinity() or CPU best practices for DGL [https://docs.dgl.ai/tutorials/cpu/cpu_best_practises.html])
  dgl_warning(
/workspace/pmp_vast/envs/pmp-author/lib/python3.10/site-packages/dgl/dataloading/dataloader.py:1076: DGLWarning: Dataloader CPU affinity opt is not enabled, consider switching it on (see enable_cpu_affinity() or CPU best practices for DGL [https://docs.dgl.ai/tutorials/cpu/cpu_best_practises.html])
  dgl_warning(
amazon_tr20_seed72 epoch=077 loss=0.040024 val_AUPRC=0.912948 best=0.918054(57) patience=20/20 train=4.287s val=4.295s
/workspace/pmp_vast/envs/pmp-author/lib/python3.10/site-packages/dgl/dataloading/dataloader.py:1076: DGLWarning: Dataloader CPU affinity opt is not enabled, consider switching it on (see enable_cpu_affinity() or CPU best practices for DGL [https://docs.dgl.ai/tutorials/cpu/cpu_best_practises.html])
  dgl_warning(
/workspace/pmp_vast/envs/pmp-author/lib/python3.10/site-packages/dgl/dataloading/dataloader.py:1076: DGLWarning: Dataloader CPU affinity opt is not enabled, consider switching it on (see enable_cpu_affinity() or CPU best practices for DGL [https://docs.dgl.ai/tutorials/cpu/cpu_best_practises.html])
  dgl_warning(
FINAL amazon_tr20_seed72 PASS | AUPRC=0.895291 AUROC=0.968384 MacroF1=0.913689 Recall=0.792683

===== FINAL amazon_tr10_seed2 =====
/workspace/pmp_vast/envs/pmp-author/lib/python3.10/site-packages/dgl/dataloading/dataloader.py:1076: DGLWarning: Dataloader CPU affinity opt is not enabled, consider switching it on (see enable_cpu_affinity() or CPU best practices for DGL [https://docs.dgl.ai/tutorials/cpu/cpu_best_practises.html])
  dgl_warning(
amazon_tr10_seed2 epoch=001 loss=2.061744 val_AUPRC=0.617291 best=0.617291(1) patience=0/20 train=2.442s val=3.999s
/workspace/pmp_vast/envs/pmp-author/lib/python3.10/site-packages/dgl/dataloading/dataloader.py:1076: DGLWarning: Dataloader CPU affinity opt is not enabled, consider switching it on (see enable_cpu_affinity() or CPU best practices for DGL [https://docs.dgl.ai/tutorials/cpu/cpu_best_practises.html])
  dgl_warning(
amazon_tr10_seed2 epoch=002 loss=0.525923 val_AUPRC=0.790170 best=0.790170(2) patience=0/20 train=2.382s val=4.079s
/workspace/pmp_vast/envs/pmp-author/lib/python3.10/site-packages/dgl/dataloading/dataloader.py:1076: DGLWarning: Dataloader CPU affinity opt is not enabled, consider switching it on (see enable_cpu_affinity() or CPU best practices for DGL [https://docs.dgl.ai/tutorials/cpu/cpu_best_practises.html])
  dgl_warning(
/workspace/pmp_vast/envs/pmp-author/lib/python3.10/site-packages/dgl/dataloading/dataloader.py:1076: DGLWarning: Dataloader CPU affinity opt is not enabled, consider switching it on (see enable_cpu_affinity() or CPU best practices for DGL [https://docs.dgl.ai/tutorials/cpu/cpu_best_practises.html])
  dgl_warning(
amazon_tr10_seed2 epoch=004 loss=0.188284 val_AUPRC=0.854130 best=0.854130(4) patience=0/20 train=2.338s val=4.226s
/workspace/pmp_vast/envs/pmp-author/lib/python3.10/site-packages/dgl/dataloading/dataloader.py:1076: DGLWarning: Dataloader CPU affinity opt is not enabled, consider switching it on (see enable_cpu_affinity() or CPU best practices for DGL [https://docs.dgl.ai/tutorials/cpu/cpu_best_practises.html])
  dgl_warning(
amazon_tr10_seed2 epoch=005 loss=0.096993 val_AUPRC=0.867135 best=0.867135(5) patience=0/20 train=2.374s val=4.003s
/workspace/pmp_vast/envs/pmp-author/lib/python3.10/site-packages/dgl/dataloading/dataloader.py:1076: DGLWarning: Dataloader CPU affinity opt is not enabled, consider switching it on (see enable_cpu_affinity() or CPU best practices for DGL [https://docs.dgl.ai/tutorials/cpu/cpu_best_practises.html])
  dgl_warning(
amazon_tr10_seed2 epoch=006 loss=0.077159 val_AUPRC=0.873427 best=0.873427(6) patience=0/20 train=2.397s val=4.341s
/workspace/pmp_vast/envs/pmp-author/lib/python3.10/site-packages/dgl/dataloading/dataloader.py:1076: DGLWarning: Dataloader CPU affinity opt is not enabled, consider switching it on (see enable_cpu_affinity() or CPU best practices for DGL [https://docs.dgl.ai/tutorials/cpu/cpu_best_practises.html])
  dgl_warning(
/workspace/pmp_vast/envs/pmp-author/lib/python3.10/site-packages/dgl/dataloading/dataloader.py:1076: DGLWarning: Dataloader CPU affinity opt is not enabled, consider switching it on (see enable_cpu_affinity() or CPU best practices for DGL [https://docs.dgl.ai/tutorials/cpu/cpu_best_practises.html])
  dgl_warning(
amazon_tr10_seed2 epoch=008 loss=0.070813 val_AUPRC=0.873797 best=0.873797(8) patience=0/20 train=2.321s val=3.901s
/workspace/pmp_vast/envs/pmp-author/lib/python3.10/site-packages/dgl/dataloading/dataloader.py:1076: DGLWarning: Dataloader CPU affinity opt is not enabled, consider switching it on (see enable_cpu_affinity() or CPU best practices for DGL [https://docs.dgl.ai/tutorials/cpu/cpu_best_practises.html])
  dgl_warning(
amazon_tr10_seed2 epoch=009 loss=0.070341 val_AUPRC=0.875596 best=0.875596(9) patience=0/20 train=2.412s val=3.991s
/workspace/pmp_vast/envs/pmp-author/lib/python3.10/site-packages/dgl/dataloading/dataloader.py:1076: DGLWarning: Dataloader CPU affinity opt is not enabled, consider switching it on (see enable_cpu_affinity() or CPU best practices for DGL [https://docs.dgl.ai/tutorials/cpu/cpu_best_practises.html])
  dgl_warning(
amazon_tr10_seed2 epoch=010 loss=0.064222 val_AUPRC=0.873286 best=0.875596(9) patience=1/20 train=2.298s val=4.216s
/workspace/pmp_vast/envs/pmp-author/lib/python3.10/site-packages/dgl/dataloading/dataloader.py:1076: DGLWarning: Dataloader CPU affinity opt is not enabled, consider switching it on (see enable_cpu_affinity() or CPU best practices for DGL [https://docs.dgl.ai/tutorials/cpu/cpu_best_practises.html])
  dgl_warning(
amazon_tr10_seed2 epoch=011 loss=0.062220 val_AUPRC=0.875752 best=0.875752(11) patience=0/20 train=2.563s val=4.103s
/workspace/pmp_vast/envs/pmp-author/lib/python3.10/site-packages/dgl/dataloading/dataloader.py:1076: DGLWarning: Dataloader CPU affinity opt is not enabled, consider switching it on (see enable_cpu_affinity() or CPU best practices for DGL [https://docs.dgl.ai/tutorials/cpu/cpu_best_practises.html])
  dgl_warning(
/workspace/pmp_vast/envs/pmp-author/lib/python3.10/site-packages/dgl/dataloading/dataloader.py:1076: DGLWarning: Dataloader CPU affinity opt is not enabled, consider switching it on (see enable_cpu_affinity() or CPU best practices for DGL [https://docs.dgl.ai/tutorials/cpu/cpu_best_practises.html])
  dgl_warning(
/workspace/pmp_vast/envs/pmp-author/lib/python3.10/site-packages/dgl/dataloading/dataloader.py:1076: DGLWarning: Dataloader CPU affinity opt is not enabled, consider switching it on (see enable_cpu_affinity() or CPU best practices for DGL [https://docs.dgl.ai/tutorials/cpu/cpu_best_practises.html])
  dgl_warning(
/workspace/pmp_vast/envs/pmp-author/lib/python3.10/site-packages/dgl/dataloading/dataloader.py:1076: DGLWarning: Dataloader CPU affinity opt is not enabled, consider switching it on (see enable_cpu_affinity() or CPU best practices for DGL [https://docs.dgl.ai/tutorials/cpu/cpu_best_practises.html])
  dgl_warning(
amazon_tr10_seed2 epoch=015 loss=0.055482 val_AUPRC=0.876246 best=0.876246(15) patience=0/20 train=2.425s val=4.277s
/workspace/pmp_vast/envs/pmp-author/lib/python3.10/site-packages/dgl/dataloading/dataloader.py:1076: DGLWarning: Dataloader CPU affinity opt is not enabled, consider switching it on (see enable_cpu_affinity() or CPU best practices for DGL [https://docs.dgl.ai/tutorials/cpu/cpu_best_practises.html])
  dgl_warning(
amazon_tr10_seed2 epoch=016 loss=0.058360 val_AUPRC=0.878579 best=0.878579(16) patience=0/20 train=2.329s val=4.383s
/workspace/pmp_vast/envs/pmp-author/lib/python3.10/site-packages/dgl/dataloading/dataloader.py:1076: DGLWarning: Dataloader CPU affinity opt is not enabled, consider switching it on (see enable_cpu_affinity() or CPU best practices for DGL [https://docs.dgl.ai/tutorials/cpu/cpu_best_practises.html])
  dgl_warning(
/workspace/pmp_vast/envs/pmp-author/lib/python3.10/site-packages/dgl/dataloading/dataloader.py:1076: DGLWarning: Dataloader CPU affinity opt is not enabled, consider switching it on (see enable_cpu_affinity() or CPU best practices for DGL [https://docs.dgl.ai/tutorials/cpu/cpu_best_practises.html])
  dgl_warning(
/workspace/pmp_vast/envs/pmp-author/lib/python3.10/site-packages/dgl/dataloading/dataloader.py:1076: DGLWarning: Dataloader CPU affinity opt is not enabled, consider switching it on (see enable_cpu_affinity() or CPU best practices for DGL [https://docs.dgl.ai/tutorials/cpu/cpu_best_practises.html])
  dgl_warning(
amazon_tr10_seed2 epoch=019 loss=0.052694 val_AUPRC=0.881272 best=0.881272(19) patience=0/20 train=2.375s val=4.366s
/workspace/pmp_vast/envs/pmp-author/lib/python3.10/site-packages/dgl/dataloading/dataloader.py:1076: DGLWarning: Dataloader CPU affinity opt is not enabled, consider switching it on (see enable_cpu_affinity() or CPU best practices for DGL [https://docs.dgl.ai/tutorials/cpu/cpu_best_practises.html])
  dgl_warning(
amazon_tr10_seed2 epoch=020 loss=0.051440 val_AUPRC=0.879759 best=0.881272(19) patience=1/20 train=2.734s val=4.569s
/workspace/pmp_vast/envs/pmp-author/lib/python3.10/site-packages/dgl/dataloading/dataloader.py:1076: DGLWarning: Dataloader CPU affinity opt is not enabled, consider switching it on (see enable_cpu_affinity() or CPU best practices for DGL [https://docs.dgl.ai/tutorials/cpu/cpu_best_practises.html])
  dgl_warning(
/workspace/pmp_vast/envs/pmp-author/lib/python3.10/site-packages/dgl/dataloading/dataloader.py:1076: DGLWarning: Dataloader CPU affinity opt is not enabled, consider switching it on (see enable_cpu_affinity() or CPU best practices for DGL [https://docs.dgl.ai/tutorials/cpu/cpu_best_practises.html])
  dgl_warning(
/workspace/pmp_vast/envs/pmp-author/lib/python3.10/site-packages/dgl/dataloading/dataloader.py:1076: DGLWarning: Dataloader CPU affinity opt is not enabled, consider switching it on (see enable_cpu_affinity() or CPU best practices for DGL [https://docs.dgl.ai/tutorials/cpu/cpu_best_practises.html])
  dgl_warning(
amazon_tr10_seed2 epoch=023 loss=0.049605 val_AUPRC=0.882398 best=0.882398(23) patience=0/20 train=2.924s val=4.426s
/workspace/pmp_vast/envs/pmp-author/lib/python3.10/site-packages/dgl/dataloading/dataloader.py:1076: DGLWarning: Dataloader CPU affinity opt is not enabled, consider switching it on (see enable_cpu_affinity() or CPU best practices for DGL [https://docs.dgl.ai/tutorials/cpu/cpu_best_practises.html])
  dgl_warning(
/workspace/pmp_vast/envs/pmp-author/lib/python3.10/site-packages/dgl/dataloading/dataloader.py:1076: DGLWarning: Dataloader CPU affinity opt is not enabled, consider switching it on (see enable_cpu_affinity() or CPU best practices for DGL [https://docs.dgl.ai/tutorials/cpu/cpu_best_practises.html])
  dgl_warning(
/workspace/pmp_vast/envs/pmp-author/lib/python3.10/site-packages/dgl/dataloading/dataloader.py:1076: DGLWarning: Dataloader CPU affinity opt is not enabled, consider switching it on (see enable_cpu_affinity() or CPU best practices for DGL [https://docs.dgl.ai/tutorials/cpu/cpu_best_practises.html])
  dgl_warning(
amazon_tr10_seed2 epoch=026 loss=0.049549 val_AUPRC=0.885870 best=0.885870(26) patience=0/20 train=2.245s val=4.022s
/workspace/pmp_vast/envs/pmp-author/lib/python3.10/site-packages/dgl/dataloading/dataloader.py:1076: DGLWarning: Dataloader CPU affinity opt is not enabled, consider switching it on (see enable_cpu_affinity() or CPU best practices for DGL [https://docs.dgl.ai/tutorials/cpu/cpu_best_practises.html])
  dgl_warning(
/workspace/pmp_vast/envs/pmp-author/lib/python3.10/site-packages/dgl/dataloading/dataloader.py:1076: DGLWarning: Dataloader CPU affinity opt is not enabled, consider switching it on (see enable_cpu_affinity() or CPU best practices for DGL [https://docs.dgl.ai/tutorials/cpu/cpu_best_practises.html])
  dgl_warning(
/workspace/pmp_vast/envs/pmp-author/lib/python3.10/site-packages/dgl/dataloading/dataloader.py:1076: DGLWarning: Dataloader CPU affinity opt is not enabled, consider switching it on (see enable_cpu_affinity() or CPU best practices for DGL [https://docs.dgl.ai/tutorials/cpu/cpu_best_practises.html])
  dgl_warning(
/workspace/pmp_vast/envs/pmp-author/lib/python3.10/site-packages/dgl/dataloading/dataloader.py:1076: DGLWarning: Dataloader CPU affinity opt is not enabled, consider switching it on (see enable_cpu_affinity() or CPU best practices for DGL [https://docs.dgl.ai/tutorials/cpu/cpu_best_practises.html])
  dgl_warning(
amazon_tr10_seed2 epoch=030 loss=0.040723 val_AUPRC=0.881574 best=0.885870(26) patience=4/20 train=2.488s val=4.006s
/workspace/pmp_vast/envs/pmp-author/lib/python3.10/site-packages/dgl/dataloading/dataloader.py:1076: DGLWarning: Dataloader CPU affinity opt is not enabled, consider switching it on (see enable_cpu_affinity() or CPU best practices for DGL [https://docs.dgl.ai/tutorials/cpu/cpu_best_practises.html])
  dgl_warning(
/workspace/pmp_vast/envs/pmp-author/lib/python3.10/site-packages/dgl/dataloading/dataloader.py:1076: DGLWarning: Dataloader CPU affinity opt is not enabled, consider switching it on (see enable_cpu_affinity() or CPU best practices for DGL [https://docs.dgl.ai/tutorials/cpu/cpu_best_practises.html])
  dgl_warning(
/workspace/pmp_vast/envs/pmp-author/lib/python3.10/site-packages/dgl/dataloading/dataloader.py:1076: DGLWarning: Dataloader CPU affinity opt is not enabled, consider switching it on (see enable_cpu_affinity() or CPU best practices for DGL [https://docs.dgl.ai/tutorials/cpu/cpu_best_practises.html])
  dgl_warning(
/workspace/pmp_vast/envs/pmp-author/lib/python3.10/site-packages/dgl/dataloading/dataloader.py:1076: DGLWarning: Dataloader CPU affinity opt is not enabled, consider switching it on (see enable_cpu_affinity() or CPU best practices for DGL [https://docs.dgl.ai/tutorials/cpu/cpu_best_practises.html])
  dgl_warning(
/workspace/pmp_vast/envs/pmp-author/lib/python3.10/site-packages/dgl/dataloading/dataloader.py:1076: DGLWarning: Dataloader CPU affinity opt is not enabled, consider switching it on (see enable_cpu_affinity() or CPU best practices for DGL [https://docs.dgl.ai/tutorials/cpu/cpu_best_practises.html])
  dgl_warning(
/workspace/pmp_vast/envs/pmp-author/lib/python3.10/site-packages/dgl/dataloading/dataloader.py:1076: DGLWarning: Dataloader CPU affinity opt is not enabled, consider switching it on (see enable_cpu_affinity() or CPU best practices for DGL [https://docs.dgl.ai/tutorials/cpu/cpu_best_practises.html])
  dgl_warning(
amazon_tr10_seed2 epoch=036 loss=0.073132 val_AUPRC=0.887780 best=0.887780(36) patience=0/20 train=2.702s val=4.121s
/workspace/pmp_vast/envs/pmp-author/lib/python3.10/site-packages/dgl/dataloading/dataloader.py:1076: DGLWarning: Dataloader CPU affinity opt is not enabled, consider switching it on (see enable_cpu_affinity() or CPU best practices for DGL [https://docs.dgl.ai/tutorials/cpu/cpu_best_practises.html])
  dgl_warning(
/workspace/pmp_vast/envs/pmp-author/lib/python3.10/site-packages/dgl/dataloading/dataloader.py:1076: DGLWarning: Dataloader CPU affinity opt is not enabled, consider switching it on (see enable_cpu_affinity() or CPU best practices for DGL [https://docs.dgl.ai/tutorials/cpu/cpu_best_practises.html])
  dgl_warning(
amazon_tr10_seed2 epoch=038 loss=0.049054 val_AUPRC=0.888056 best=0.888056(38) patience=0/20 train=2.378s val=4.013s
/workspace/pmp_vast/envs/pmp-author/lib/python3.10/site-packages/dgl/dataloading/dataloader.py:1076: DGLWarning: Dataloader CPU affinity opt is not enabled, consider switching it on (see enable_cpu_affinity() or CPU best practices for DGL [https://docs.dgl.ai/tutorials/cpu/cpu_best_practises.html])
  dgl_warning(
/workspace/pmp_vast/envs/pmp-author/lib/python3.10/site-packages/dgl/dataloading/dataloader.py:1076: DGLWarning: Dataloader CPU affinity opt is not enabled, consider switching it on (see enable_cpu_affinity() or CPU best practices for DGL [https://docs.dgl.ai/tutorials/cpu/cpu_best_practises.html])
  dgl_warning(
amazon_tr10_seed2 epoch=040 loss=0.039872 val_AUPRC=0.887248 best=0.888056(38) patience=2/20 train=2.418s val=7.409s
/workspace/pmp_vast/envs/pmp-author/lib/python3.10/site-packages/dgl/dataloading/dataloader.py:1076: DGLWarning: Dataloader CPU affinity opt is not enabled, consider switching it on (see enable_cpu_affinity() or CPU best practices for DGL [https://docs.dgl.ai/tutorials/cpu/cpu_best_practises.html])
  dgl_warning(
/workspace/pmp_vast/envs/pmp-author/lib/python3.10/site-packages/dgl/dataloading/dataloader.py:1076: DGLWarning: Dataloader CPU affinity opt is not enabled, consider switching it on (see enable_cpu_affinity() or CPU best practices for DGL [https://docs.dgl.ai/tutorials/cpu/cpu_best_practises.html])
  dgl_warning(
/workspace/pmp_vast/envs/pmp-author/lib/python3.10/site-packages/dgl/dataloading/dataloader.py:1076: DGLWarning: Dataloader CPU affinity opt is not enabled, consider switching it on (see enable_cpu_affinity() or CPU best practices for DGL [https://docs.dgl.ai/tutorials/cpu/cpu_best_practises.html])
  dgl_warning(
/workspace/pmp_vast/envs/pmp-author/lib/python3.10/site-packages/dgl/dataloading/dataloader.py:1076: DGLWarning: Dataloader CPU affinity opt is not enabled, consider switching it on (see enable_cpu_affinity() or CPU best practices for DGL [https://docs.dgl.ai/tutorials/cpu/cpu_best_practises.html])
  dgl_warning(
/workspace/pmp_vast/envs/pmp-author/lib/python3.10/site-packages/dgl/dataloading/dataloader.py:1076: DGLWarning: Dataloader CPU affinity opt is not enabled, consider switching it on (see enable_cpu_affinity() or CPU best practices for DGL [https://docs.dgl.ai/tutorials/cpu/cpu_best_practises.html])
  dgl_warning(
/workspace/pmp_vast/envs/pmp-author/lib/python3.10/site-packages/dgl/dataloading/dataloader.py:1076: DGLWarning: Dataloader CPU affinity opt is not enabled, consider switching it on (see enable_cpu_affinity() or CPU best practices for DGL [https://docs.dgl.ai/tutorials/cpu/cpu_best_practises.html])
  dgl_warning(
/workspace/pmp_vast/envs/pmp-author/lib/python3.10/site-packages/dgl/dataloading/dataloader.py:1076: DGLWarning: Dataloader CPU affinity opt is not enabled, consider switching it on (see enable_cpu_affinity() or CPU best practices for DGL [https://docs.dgl.ai/tutorials/cpu/cpu_best_practises.html])
  dgl_warning(
/workspace/pmp_vast/envs/pmp-author/lib/python3.10/site-packages/dgl/dataloading/dataloader.py:1076: DGLWarning: Dataloader CPU affinity opt is not enabled, consider switching it on (see enable_cpu_affinity() or CPU best practices for DGL [https://docs.dgl.ai/tutorials/cpu/cpu_best_practises.html])
  dgl_warning(
/workspace/pmp_vast/envs/pmp-author/lib/python3.10/site-packages/dgl/dataloading/dataloader.py:1076: DGLWarning: Dataloader CPU affinity opt is not enabled, consider switching it on (see enable_cpu_affinity() or CPU best practices for DGL [https://docs.dgl.ai/tutorials/cpu/cpu_best_practises.html])
  dgl_warning(
/workspace/pmp_vast/envs/pmp-author/lib/python3.10/site-packages/dgl/dataloading/dataloader.py:1076: DGLWarning: Dataloader CPU affinity opt is not enabled, consider switching it on (see enable_cpu_affinity() or CPU best practices for DGL [https://docs.dgl.ai/tutorials/cpu/cpu_best_practises.html])
  dgl_warning(
amazon_tr10_seed2 epoch=050 loss=0.028662 val_AUPRC=0.885049 best=0.888056(38) patience=12/20 train=2.622s val=4.220s
/workspace/pmp_vast/envs/pmp-author/lib/python3.10/site-packages/dgl/dataloading/dataloader.py:1076: DGLWarning: Dataloader CPU affinity opt is not enabled, consider switching it on (see enable_cpu_affinity() or CPU best practices for DGL [https://docs.dgl.ai/tutorials/cpu/cpu_best_practises.html])
  dgl_warning(
/workspace/pmp_vast/envs/pmp-author/lib/python3.10/site-packages/dgl/dataloading/dataloader.py:1076: DGLWarning: Dataloader CPU affinity opt is not enabled, consider switching it on (see enable_cpu_affinity() or CPU best practices for DGL [https://docs.dgl.ai/tutorials/cpu/cpu_best_practises.html])
  dgl_warning(
/workspace/pmp_vast/envs/pmp-author/lib/python3.10/site-packages/dgl/dataloading/dataloader.py:1076: DGLWarning: Dataloader CPU affinity opt is not enabled, consider switching it on (see enable_cpu_affinity() or CPU best practices for DGL [https://docs.dgl.ai/tutorials/cpu/cpu_best_practises.html])
  dgl_warning(
/workspace/pmp_vast/envs/pmp-author/lib/python3.10/site-packages/dgl/dataloading/dataloader.py:1076: DGLWarning: Dataloader CPU affinity opt is not enabled, consider switching it on (see enable_cpu_affinity() or CPU best practices for DGL [https://docs.dgl.ai/tutorials/cpu/cpu_best_practises.html])
  dgl_warning(
/workspace/pmp_vast/envs/pmp-author/lib/python3.10/site-packages/dgl/dataloading/dataloader.py:1076: DGLWarning: Dataloader CPU affinity opt is not enabled, consider switching it on (see enable_cpu_affinity() or CPU best practices for DGL [https://docs.dgl.ai/tutorials/cpu/cpu_best_practises.html])
  dgl_warning(
/workspace/pmp_vast/envs/pmp-author/lib/python3.10/site-packages/dgl/dataloading/dataloader.py:1076: DGLWarning: Dataloader CPU affinity opt is not enabled, consider switching it on (see enable_cpu_affinity() or CPU best practices for DGL [https://docs.dgl.ai/tutorials/cpu/cpu_best_practises.html])
  dgl_warning(
/workspace/pmp_vast/envs/pmp-author/lib/python3.10/site-packages/dgl/dataloading/dataloader.py:1076: DGLWarning: Dataloader CPU affinity opt is not enabled, consider switching it on (see enable_cpu_affinity() or CPU best practices for DGL [https://docs.dgl.ai/tutorials/cpu/cpu_best_practises.html])
  dgl_warning(
/workspace/pmp_vast/envs/pmp-author/lib/python3.10/site-packages/dgl/dataloading/dataloader.py:1076: DGLWarning: Dataloader CPU affinity opt is not enabled, consider switching it on (see enable_cpu_affinity() or CPU best practices for DGL [https://docs.dgl.ai/tutorials/cpu/cpu_best_practises.html])
  dgl_warning(
amazon_tr10_seed2 epoch=058 loss=0.027443 val_AUPRC=0.877248 best=0.888056(38) patience=20/20 train=2.563s val=4.267s
/workspace/pmp_vast/envs/pmp-author/lib/python3.10/site-packages/dgl/dataloading/dataloader.py:1076: DGLWarning: Dataloader CPU affinity opt is not enabled, consider switching it on (see enable_cpu_affinity() or CPU best practices for DGL [https://docs.dgl.ai/tutorials/cpu/cpu_best_practises.html])
  dgl_warning(
/workspace/pmp_vast/envs/pmp-author/lib/python3.10/site-packages/dgl/dataloading/dataloader.py:1076: DGLWarning: Dataloader CPU affinity opt is not enabled, consider switching it on (see enable_cpu_affinity() or CPU best practices for DGL [https://docs.dgl.ai/tutorials/cpu/cpu_best_practises.html])
  dgl_warning(
FINAL amazon_tr10_seed2 PASS | AUPRC=0.846805 AUROC=0.945808 MacroF1=0.902087 Recall=0.740854

===== FINAL amazon_tr10_seed42 =====
/workspace/pmp_vast/envs/pmp-author/lib/python3.10/site-packages/dgl/dataloading/dataloader.py:1076: DGLWarning: Dataloader CPU affinity opt is not enabled, consider switching it on (see enable_cpu_affinity() or CPU best practices for DGL [https://docs.dgl.ai/tutorials/cpu/cpu_best_practises.html])
  dgl_warning(
amazon_tr10_seed42 epoch=001 loss=1.190445 val_AUPRC=0.608033 best=0.608033(1) patience=0/20 train=2.505s val=4.401s
/workspace/pmp_vast/envs/pmp-author/lib/python3.10/site-packages/dgl/dataloading/dataloader.py:1076: DGLWarning: Dataloader CPU affinity opt is not enabled, consider switching it on (see enable_cpu_affinity() or CPU best practices for DGL [https://docs.dgl.ai/tutorials/cpu/cpu_best_practises.html])
  dgl_warning(
amazon_tr10_seed42 epoch=002 loss=0.272245 val_AUPRC=0.808927 best=0.808927(2) patience=0/20 train=2.781s val=4.252s
/workspace/pmp_vast/envs/pmp-author/lib/python3.10/site-packages/dgl/dataloading/dataloader.py:1076: DGLWarning: Dataloader CPU affinity opt is not enabled, consider switching it on (see enable_cpu_affinity() or CPU best practices for DGL [https://docs.dgl.ai/tutorials/cpu/cpu_best_practises.html])
  dgl_warning(
amazon_tr10_seed42 epoch=003 loss=0.138263 val_AUPRC=0.849779 best=0.849779(3) patience=0/20 train=2.515s val=4.369s
/workspace/pmp_vast/envs/pmp-author/lib/python3.10/site-packages/dgl/dataloading/dataloader.py:1076: DGLWarning: Dataloader CPU affinity opt is not enabled, consider switching it on (see enable_cpu_affinity() or CPU best practices for DGL [https://docs.dgl.ai/tutorials/cpu/cpu_best_practises.html])
  dgl_warning(
amazon_tr10_seed42 epoch=004 loss=0.086953 val_AUPRC=0.874033 best=0.874033(4) patience=0/20 train=2.681s val=4.664s
/workspace/pmp_vast/envs/pmp-author/lib/python3.10/site-packages/dgl/dataloading/dataloader.py:1076: DGLWarning: Dataloader CPU affinity opt is not enabled, consider switching it on (see enable_cpu_affinity() or CPU best practices for DGL [https://docs.dgl.ai/tutorials/cpu/cpu_best_practises.html])
  dgl_warning(
/workspace/pmp_vast/envs/pmp-author/lib/python3.10/site-packages/dgl/dataloading/dataloader.py:1076: DGLWarning: Dataloader CPU affinity opt is not enabled, consider switching it on (see enable_cpu_affinity() or CPU best practices for DGL [https://docs.dgl.ai/tutorials/cpu/cpu_best_practises.html])
  dgl_warning(
/workspace/pmp_vast/envs/pmp-author/lib/python3.10/site-packages/dgl/dataloading/dataloader.py:1076: DGLWarning: Dataloader CPU affinity opt is not enabled, consider switching it on (see enable_cpu_affinity() or CPU best practices for DGL [https://docs.dgl.ai/tutorials/cpu/cpu_best_practises.html])
  dgl_warning(
amazon_tr10_seed42 epoch=007 loss=0.083517 val_AUPRC=0.879407 best=0.879407(7) patience=0/20 train=2.565s val=4.207s
/workspace/pmp_vast/envs/pmp-author/lib/python3.10/site-packages/dgl/dataloading/dataloader.py:1076: DGLWarning: Dataloader CPU affinity opt is not enabled, consider switching it on (see enable_cpu_affinity() or CPU best practices for DGL [https://docs.dgl.ai/tutorials/cpu/cpu_best_practises.html])
  dgl_warning(
/workspace/pmp_vast/envs/pmp-author/lib/python3.10/site-packages/dgl/dataloading/dataloader.py:1076: DGLWarning: Dataloader CPU affinity opt is not enabled, consider switching it on (see enable_cpu_affinity() or CPU best practices for DGL [https://docs.dgl.ai/tutorials/cpu/cpu_best_practises.html])
  dgl_warning(
/workspace/pmp_vast/envs/pmp-author/lib/python3.10/site-packages/dgl/dataloading/dataloader.py:1076: DGLWarning: Dataloader CPU affinity opt is not enabled, consider switching it on (see enable_cpu_affinity() or CPU best practices for DGL [https://docs.dgl.ai/tutorials/cpu/cpu_best_practises.html])
  dgl_warning(
amazon_tr10_seed42 epoch=010 loss=0.083063 val_AUPRC=0.876786 best=0.879407(7) patience=3/20 train=2.551s val=4.607s
/workspace/pmp_vast/envs/pmp-author/lib/python3.10/site-packages/dgl/dataloading/dataloader.py:1076: DGLWarning: Dataloader CPU affinity opt is not enabled, consider switching it on (see enable_cpu_affinity() or CPU best practices for DGL [https://docs.dgl.ai/tutorials/cpu/cpu_best_practises.html])
  dgl_warning(
amazon_tr10_seed42 epoch=011 loss=0.088419 val_AUPRC=0.880536 best=0.880536(11) patience=0/20 train=2.532s val=4.303s
/workspace/pmp_vast/envs/pmp-author/lib/python3.10/site-packages/dgl/dataloading/dataloader.py:1076: DGLWarning: Dataloader CPU affinity opt is not enabled, consider switching it on (see enable_cpu_affinity() or CPU best practices for DGL [https://docs.dgl.ai/tutorials/cpu/cpu_best_practises.html])
  dgl_warning(
/workspace/pmp_vast/envs/pmp-author/lib/python3.10/site-packages/dgl/dataloading/dataloader.py:1076: DGLWarning: Dataloader CPU affinity opt is not enabled, consider switching it on (see enable_cpu_affinity() or CPU best practices for DGL [https://docs.dgl.ai/tutorials/cpu/cpu_best_practises.html])
  dgl_warning(
/workspace/pmp_vast/envs/pmp-author/lib/python3.10/site-packages/dgl/dataloading/dataloader.py:1076: DGLWarning: Dataloader CPU affinity opt is not enabled, consider switching it on (see enable_cpu_affinity() or CPU best practices for DGL [https://docs.dgl.ai/tutorials/cpu/cpu_best_practises.html])
  dgl_warning(
amazon_tr10_seed42 epoch=014 loss=0.073580 val_AUPRC=0.883056 best=0.883056(14) patience=0/20 train=2.666s val=4.491s
/workspace/pmp_vast/envs/pmp-author/lib/python3.10/site-packages/dgl/dataloading/dataloader.py:1076: DGLWarning: Dataloader CPU affinity opt is not enabled, consider switching it on (see enable_cpu_affinity() or CPU best practices for DGL [https://docs.dgl.ai/tutorials/cpu/cpu_best_practises.html])
  dgl_warning(
/workspace/pmp_vast/envs/pmp-author/lib/python3.10/site-packages/dgl/dataloading/dataloader.py:1076: DGLWarning: Dataloader CPU affinity opt is not enabled, consider switching it on (see enable_cpu_affinity() or CPU best practices for DGL [https://docs.dgl.ai/tutorials/cpu/cpu_best_practises.html])
  dgl_warning(
amazon_tr10_seed42 epoch=016 loss=0.067347 val_AUPRC=0.885476 best=0.885476(16) patience=0/20 train=2.507s val=4.526s
/workspace/pmp_vast/envs/pmp-author/lib/python3.10/site-packages/dgl/dataloading/dataloader.py:1076: DGLWarning: Dataloader CPU affinity opt is not enabled, consider switching it on (see enable_cpu_affinity() or CPU best practices for DGL [https://docs.dgl.ai/tutorials/cpu/cpu_best_practises.html])
  dgl_warning(
/workspace/pmp_vast/envs/pmp-author/lib/python3.10/site-packages/dgl/dataloading/dataloader.py:1076: DGLWarning: Dataloader CPU affinity opt is not enabled, consider switching it on (see enable_cpu_affinity() or CPU best practices for DGL [https://docs.dgl.ai/tutorials/cpu/cpu_best_practises.html])
  dgl_warning(
/workspace/pmp_vast/envs/pmp-author/lib/python3.10/site-packages/dgl/dataloading/dataloader.py:1076: DGLWarning: Dataloader CPU affinity opt is not enabled, consider switching it on (see enable_cpu_affinity() or CPU best practices for DGL [https://docs.dgl.ai/tutorials/cpu/cpu_best_practises.html])
  dgl_warning(
/workspace/pmp_vast/envs/pmp-author/lib/python3.10/site-packages/dgl/dataloading/dataloader.py:1076: DGLWarning: Dataloader CPU affinity opt is not enabled, consider switching it on (see enable_cpu_affinity() or CPU best practices for DGL [https://docs.dgl.ai/tutorials/cpu/cpu_best_practises.html])
  dgl_warning(
amazon_tr10_seed42 epoch=020 loss=0.058877 val_AUPRC=0.883713 best=0.885476(16) patience=4/20 train=2.479s val=3.939s
/workspace/pmp_vast/envs/pmp-author/lib/python3.10/site-packages/dgl/dataloading/dataloader.py:1076: DGLWarning: Dataloader CPU affinity opt is not enabled, consider switching it on (see enable_cpu_affinity() or CPU best practices for DGL [https://docs.dgl.ai/tutorials/cpu/cpu_best_practises.html])
  dgl_warning(
/workspace/pmp_vast/envs/pmp-author/lib/python3.10/site-packages/dgl/dataloading/dataloader.py:1076: DGLWarning: Dataloader CPU affinity opt is not enabled, consider switching it on (see enable_cpu_affinity() or CPU best practices for DGL [https://docs.dgl.ai/tutorials/cpu/cpu_best_practises.html])
  dgl_warning(
/workspace/pmp_vast/envs/pmp-author/lib/python3.10/site-packages/dgl/dataloading/dataloader.py:1076: DGLWarning: Dataloader CPU affinity opt is not enabled, consider switching it on (see enable_cpu_affinity() or CPU best practices for DGL [https://docs.dgl.ai/tutorials/cpu/cpu_best_practises.html])
  dgl_warning(
/workspace/pmp_vast/envs/pmp-author/lib/python3.10/site-packages/dgl/dataloading/dataloader.py:1076: DGLWarning: Dataloader CPU affinity opt is not enabled, consider switching it on (see enable_cpu_affinity() or CPU best practices for DGL [https://docs.dgl.ai/tutorials/cpu/cpu_best_practises.html])
  dgl_warning(
/workspace/pmp_vast/envs/pmp-author/lib/python3.10/site-packages/dgl/dataloading/dataloader.py:1076: DGLWarning: Dataloader CPU affinity opt is not enabled, consider switching it on (see enable_cpu_affinity() or CPU best practices for DGL [https://docs.dgl.ai/tutorials/cpu/cpu_best_practises.html])
  dgl_warning(
/workspace/pmp_vast/envs/pmp-author/lib/python3.10/site-packages/dgl/dataloading/dataloader.py:1076: DGLWarning: Dataloader CPU affinity opt is not enabled, consider switching it on (see enable_cpu_affinity() or CPU best practices for DGL [https://docs.dgl.ai/tutorials/cpu/cpu_best_practises.html])
  dgl_warning(
/workspace/pmp_vast/envs/pmp-author/lib/python3.10/site-packages/dgl/dataloading/dataloader.py:1076: DGLWarning: Dataloader CPU affinity opt is not enabled, consider switching it on (see enable_cpu_affinity() or CPU best practices for DGL [https://docs.dgl.ai/tutorials/cpu/cpu_best_practises.html])
  dgl_warning(
/workspace/pmp_vast/envs/pmp-author/lib/python3.10/site-packages/dgl/dataloading/dataloader.py:1076: DGLWarning: Dataloader CPU affinity opt is not enabled, consider switching it on (see enable_cpu_affinity() or CPU best practices for DGL [https://docs.dgl.ai/tutorials/cpu/cpu_best_practises.html])
  dgl_warning(
/workspace/pmp_vast/envs/pmp-author/lib/python3.10/site-packages/dgl/dataloading/dataloader.py:1076: DGLWarning: Dataloader CPU affinity opt is not enabled, consider switching it on (see enable_cpu_affinity() or CPU best practices for DGL [https://docs.dgl.ai/tutorials/cpu/cpu_best_practises.html])
  dgl_warning(
/workspace/pmp_vast/envs/pmp-author/lib/python3.10/site-packages/dgl/dataloading/dataloader.py:1076: DGLWarning: Dataloader CPU affinity opt is not enabled, consider switching it on (see enable_cpu_affinity() or CPU best practices for DGL [https://docs.dgl.ai/tutorials/cpu/cpu_best_practises.html])
  dgl_warning(
amazon_tr10_seed42 epoch=030 loss=0.053772 val_AUPRC=0.887616 best=0.887616(30) patience=0/20 train=2.326s val=4.186s
/workspace/pmp_vast/envs/pmp-author/lib/python3.10/site-packages/dgl/dataloading/dataloader.py:1076: DGLWarning: Dataloader CPU affinity opt is not enabled, consider switching it on (see enable_cpu_affinity() or CPU best practices for DGL [https://docs.dgl.ai/tutorials/cpu/cpu_best_practises.html])
  dgl_warning(
/workspace/pmp_vast/envs/pmp-author/lib/python3.10/site-packages/dgl/dataloading/dataloader.py:1076: DGLWarning: Dataloader CPU affinity opt is not enabled, consider switching it on (see enable_cpu_affinity() or CPU best practices for DGL [https://docs.dgl.ai/tutorials/cpu/cpu_best_practises.html])
  dgl_warning(
/workspace/pmp_vast/envs/pmp-author/lib/python3.10/site-packages/dgl/dataloading/dataloader.py:1076: DGLWarning: Dataloader CPU affinity opt is not enabled, consider switching it on (see enable_cpu_affinity() or CPU best practices for DGL [https://docs.dgl.ai/tutorials/cpu/cpu_best_practises.html])
  dgl_warning(
/workspace/pmp_vast/envs/pmp-author/lib/python3.10/site-packages/dgl/dataloading/dataloader.py:1076: DGLWarning: Dataloader CPU affinity opt is not enabled, consider switching it on (see enable_cpu_affinity() or CPU best practices for DGL [https://docs.dgl.ai/tutorials/cpu/cpu_best_practises.html])
  dgl_warning(
/workspace/pmp_vast/envs/pmp-author/lib/python3.10/site-packages/dgl/dataloading/dataloader.py:1076: DGLWarning: Dataloader CPU affinity opt is not enabled, consider switching it on (see enable_cpu_affinity() or CPU best practices for DGL [https://docs.dgl.ai/tutorials/cpu/cpu_best_practises.html])
  dgl_warning(
/workspace/pmp_vast/envs/pmp-author/lib/python3.10/site-packages/dgl/dataloading/dataloader.py:1076: DGLWarning: Dataloader CPU affinity opt is not enabled, consider switching it on (see enable_cpu_affinity() or CPU best practices for DGL [https://docs.dgl.ai/tutorials/cpu/cpu_best_practises.html])
  dgl_warning(
/workspace/pmp_vast/envs/pmp-author/lib/python3.10/site-packages/dgl/dataloading/dataloader.py:1076: DGLWarning: Dataloader CPU affinity opt is not enabled, consider switching it on (see enable_cpu_affinity() or CPU best practices for DGL [https://docs.dgl.ai/tutorials/cpu/cpu_best_practises.html])
  dgl_warning(
/workspace/pmp_vast/envs/pmp-author/lib/python3.10/site-packages/dgl/dataloading/dataloader.py:1076: DGLWarning: Dataloader CPU affinity opt is not enabled, consider switching it on (see enable_cpu_affinity() or CPU best practices for DGL [https://docs.dgl.ai/tutorials/cpu/cpu_best_practises.html])
  dgl_warning(
/workspace/pmp_vast/envs/pmp-author/lib/python3.10/site-packages/dgl/dataloading/dataloader.py:1076: DGLWarning: Dataloader CPU affinity opt is not enabled, consider switching it on (see enable_cpu_affinity() or CPU best practices for DGL [https://docs.dgl.ai/tutorials/cpu/cpu_best_practises.html])
  dgl_warning(
/workspace/pmp_vast/envs/pmp-author/lib/python3.10/site-packages/dgl/dataloading/dataloader.py:1076: DGLWarning: Dataloader CPU affinity opt is not enabled, consider switching it on (see enable_cpu_affinity() or CPU best practices for DGL [https://docs.dgl.ai/tutorials/cpu/cpu_best_practises.html])
  dgl_warning(
amazon_tr10_seed42 epoch=040 loss=0.060225 val_AUPRC=0.863676 best=0.887616(30) patience=10/20 train=2.369s val=4.124s
/workspace/pmp_vast/envs/pmp-author/lib/python3.10/site-packages/dgl/dataloading/dataloader.py:1076: DGLWarning: Dataloader CPU affinity opt is not enabled, consider switching it on (see enable_cpu_affinity() or CPU best practices for DGL [https://docs.dgl.ai/tutorials/cpu/cpu_best_practises.html])
  dgl_warning(
/workspace/pmp_vast/envs/pmp-author/lib/python3.10/site-packages/dgl/dataloading/dataloader.py:1076: DGLWarning: Dataloader CPU affinity opt is not enabled, consider switching it on (see enable_cpu_affinity() or CPU best practices for DGL [https://docs.dgl.ai/tutorials/cpu/cpu_best_practises.html])
  dgl_warning(
/workspace/pmp_vast/envs/pmp-author/lib/python3.10/site-packages/dgl/dataloading/dataloader.py:1076: DGLWarning: Dataloader CPU affinity opt is not enabled, consider switching it on (see enable_cpu_affinity() or CPU best practices for DGL [https://docs.dgl.ai/tutorials/cpu/cpu_best_practises.html])
  dgl_warning(
/workspace/pmp_vast/envs/pmp-author/lib/python3.10/site-packages/dgl/dataloading/dataloader.py:1076: DGLWarning: Dataloader CPU affinity opt is not enabled, consider switching it on (see enable_cpu_affinity() or CPU best practices for DGL [https://docs.dgl.ai/tutorials/cpu/cpu_best_practises.html])
  dgl_warning(
/workspace/pmp_vast/envs/pmp-author/lib/python3.10/site-packages/dgl/dataloading/dataloader.py:1076: DGLWarning: Dataloader CPU affinity opt is not enabled, consider switching it on (see enable_cpu_affinity() or CPU best practices for DGL [https://docs.dgl.ai/tutorials/cpu/cpu_best_practises.html])
  dgl_warning(
/workspace/pmp_vast/envs/pmp-author/lib/python3.10/site-packages/dgl/dataloading/dataloader.py:1076: DGLWarning: Dataloader CPU affinity opt is not enabled, consider switching it on (see enable_cpu_affinity() or CPU best practices for DGL [https://docs.dgl.ai/tutorials/cpu/cpu_best_practises.html])
  dgl_warning(
/workspace/pmp_vast/envs/pmp-author/lib/python3.10/site-packages/dgl/dataloading/dataloader.py:1076: DGLWarning: Dataloader CPU affinity opt is not enabled, consider switching it on (see enable_cpu_affinity() or CPU best practices for DGL [https://docs.dgl.ai/tutorials/cpu/cpu_best_practises.html])
  dgl_warning(
/workspace/pmp_vast/envs/pmp-author/lib/python3.10/site-packages/dgl/dataloading/dataloader.py:1076: DGLWarning: Dataloader CPU affinity opt is not enabled, consider switching it on (see enable_cpu_affinity() or CPU best practices for DGL [https://docs.dgl.ai/tutorials/cpu/cpu_best_practises.html])
  dgl_warning(
/workspace/pmp_vast/envs/pmp-author/lib/python3.10/site-packages/dgl/dataloading/dataloader.py:1076: DGLWarning: Dataloader CPU affinity opt is not enabled, consider switching it on (see enable_cpu_affinity() or CPU best practices for DGL [https://docs.dgl.ai/tutorials/cpu/cpu_best_practises.html])
  dgl_warning(
/workspace/pmp_vast/envs/pmp-author/lib/python3.10/site-packages/dgl/dataloading/dataloader.py:1076: DGLWarning: Dataloader CPU affinity opt is not enabled, consider switching it on (see enable_cpu_affinity() or CPU best practices for DGL [https://docs.dgl.ai/tutorials/cpu/cpu_best_practises.html])
  dgl_warning(
amazon_tr10_seed42 epoch=050 loss=0.040512 val_AUPRC=0.873105 best=0.887616(30) patience=20/20 train=2.294s val=4.073s
/workspace/pmp_vast/envs/pmp-author/lib/python3.10/site-packages/dgl/dataloading/dataloader.py:1076: DGLWarning: Dataloader CPU affinity opt is not enabled, consider switching it on (see enable_cpu_affinity() or CPU best practices for DGL [https://docs.dgl.ai/tutorials/cpu/cpu_best_practises.html])
  dgl_warning(
/workspace/pmp_vast/envs/pmp-author/lib/python3.10/site-packages/dgl/dataloading/dataloader.py:1076: DGLWarning: Dataloader CPU affinity opt is not enabled, consider switching it on (see enable_cpu_affinity() or CPU best practices for DGL [https://docs.dgl.ai/tutorials/cpu/cpu_best_practises.html])
  dgl_warning(
FINAL amazon_tr10_seed42 PASS | AUPRC=0.828526 AUROC=0.937271 MacroF1=0.902328 Recall=0.759146

===== FINAL amazon_tr10_seed72 =====
/workspace/pmp_vast/envs/pmp-author/lib/python3.10/site-packages/dgl/dataloading/dataloader.py:1076: DGLWarning: Dataloader CPU affinity opt is not enabled, consider switching it on (see enable_cpu_affinity() or CPU best practices for DGL [https://docs.dgl.ai/tutorials/cpu/cpu_best_practises.html])
  dgl_warning(
amazon_tr10_seed72 epoch=001 loss=1.436487 val_AUPRC=0.570242 best=0.570242(1) patience=0/20 train=2.350s val=4.052s
/workspace/pmp_vast/envs/pmp-author/lib/python3.10/site-packages/dgl/dataloading/dataloader.py:1076: DGLWarning: Dataloader CPU affinity opt is not enabled, consider switching it on (see enable_cpu_affinity() or CPU best practices for DGL [https://docs.dgl.ai/tutorials/cpu/cpu_best_practises.html])
  dgl_warning(
amazon_tr10_seed72 epoch=002 loss=0.571852 val_AUPRC=0.742558 best=0.742558(2) patience=0/20 train=2.332s val=4.145s
/workspace/pmp_vast/envs/pmp-author/lib/python3.10/site-packages/dgl/dataloading/dataloader.py:1076: DGLWarning: Dataloader CPU affinity opt is not enabled, consider switching it on (see enable_cpu_affinity() or CPU best practices for DGL [https://docs.dgl.ai/tutorials/cpu/cpu_best_practises.html])
  dgl_warning(
amazon_tr10_seed72 epoch=003 loss=0.191147 val_AUPRC=0.859378 best=0.859378(3) patience=0/20 train=2.421s val=4.172s
/workspace/pmp_vast/envs/pmp-author/lib/python3.10/site-packages/dgl/dataloading/dataloader.py:1076: DGLWarning: Dataloader CPU affinity opt is not enabled, consider switching it on (see enable_cpu_affinity() or CPU best practices for DGL [https://docs.dgl.ai/tutorials/cpu/cpu_best_practises.html])
  dgl_warning(
/workspace/pmp_vast/envs/pmp-author/lib/python3.10/site-packages/dgl/dataloading/dataloader.py:1076: DGLWarning: Dataloader CPU affinity opt is not enabled, consider switching it on (see enable_cpu_affinity() or CPU best practices for DGL [https://docs.dgl.ai/tutorials/cpu/cpu_best_practises.html])
  dgl_warning(
/workspace/pmp_vast/envs/pmp-author/lib/python3.10/site-packages/dgl/dataloading/dataloader.py:1076: DGLWarning: Dataloader CPU affinity opt is not enabled, consider switching it on (see enable_cpu_affinity() or CPU best practices for DGL [https://docs.dgl.ai/tutorials/cpu/cpu_best_practises.html])
  dgl_warning(
/workspace/pmp_vast/envs/pmp-author/lib/python3.10/site-packages/dgl/dataloading/dataloader.py:1076: DGLWarning: Dataloader CPU affinity opt is not enabled, consider switching it on (see enable_cpu_affinity() or CPU best practices for DGL [https://docs.dgl.ai/tutorials/cpu/cpu_best_practises.html])
  dgl_warning(
amazon_tr10_seed72 epoch=007 loss=0.089874 val_AUPRC=0.866330 best=0.866330(7) patience=0/20 train=2.451s val=3.870s
/workspace/pmp_vast/envs/pmp-author/lib/python3.10/site-packages/dgl/dataloading/dataloader.py:1076: DGLWarning: Dataloader CPU affinity opt is not enabled, consider switching it on (see enable_cpu_affinity() or CPU best practices for DGL [https://docs.dgl.ai/tutorials/cpu/cpu_best_practises.html])
  dgl_warning(
amazon_tr10_seed72 epoch=008 loss=0.094354 val_AUPRC=0.868742 best=0.868742(8) patience=0/20 train=2.353s val=4.128s
/workspace/pmp_vast/envs/pmp-author/lib/python3.10/site-packages/dgl/dataloading/dataloader.py:1076: DGLWarning: Dataloader CPU affinity opt is not enabled, consider switching it on (see enable_cpu_affinity() or CPU best practices for DGL [https://docs.dgl.ai/tutorials/cpu/cpu_best_practises.html])
  dgl_warning(
/workspace/pmp_vast/envs/pmp-author/lib/python3.10/site-packages/dgl/dataloading/dataloader.py:1076: DGLWarning: Dataloader CPU affinity opt is not enabled, consider switching it on (see enable_cpu_affinity() or CPU best practices for DGL [https://docs.dgl.ai/tutorials/cpu/cpu_best_practises.html])
  dgl_warning(
amazon_tr10_seed72 epoch=010 loss=0.074400 val_AUPRC=0.871801 best=0.871801(10) patience=0/20 train=2.403s val=4.266s
/workspace/pmp_vast/envs/pmp-author/lib/python3.10/site-packages/dgl/dataloading/dataloader.py:1076: DGLWarning: Dataloader CPU affinity opt is not enabled, consider switching it on (see enable_cpu_affinity() or CPU best practices for DGL [https://docs.dgl.ai/tutorials/cpu/cpu_best_practises.html])
  dgl_warning(
/workspace/pmp_vast/envs/pmp-author/lib/python3.10/site-packages/dgl/dataloading/dataloader.py:1076: DGLWarning: Dataloader CPU affinity opt is not enabled, consider switching it on (see enable_cpu_affinity() or CPU best practices for DGL [https://docs.dgl.ai/tutorials/cpu/cpu_best_practises.html])
  dgl_warning(
amazon_tr10_seed72 epoch=012 loss=0.073667 val_AUPRC=0.873571 best=0.873571(12) patience=0/20 train=2.425s val=4.215s
/workspace/pmp_vast/envs/pmp-author/lib/python3.10/site-packages/dgl/dataloading/dataloader.py:1076: DGLWarning: Dataloader CPU affinity opt is not enabled, consider switching it on (see enable_cpu_affinity() or CPU best practices for DGL [https://docs.dgl.ai/tutorials/cpu/cpu_best_practises.html])
  dgl_warning(
/workspace/pmp_vast/envs/pmp-author/lib/python3.10/site-packages/dgl/dataloading/dataloader.py:1076: DGLWarning: Dataloader CPU affinity opt is not enabled, consider switching it on (see enable_cpu_affinity() or CPU best practices for DGL [https://docs.dgl.ai/tutorials/cpu/cpu_best_practises.html])
  dgl_warning(
amazon_tr10_seed72 epoch=014 loss=0.064752 val_AUPRC=0.874287 best=0.874287(14) patience=0/20 train=2.477s val=4.045s
/workspace/pmp_vast/envs/pmp-author/lib/python3.10/site-packages/dgl/dataloading/dataloader.py:1076: DGLWarning: Dataloader CPU affinity opt is not enabled, consider switching it on (see enable_cpu_affinity() or CPU best practices for DGL [https://docs.dgl.ai/tutorials/cpu/cpu_best_practises.html])
  dgl_warning(
/workspace/pmp_vast/envs/pmp-author/lib/python3.10/site-packages/dgl/dataloading/dataloader.py:1076: DGLWarning: Dataloader CPU affinity opt is not enabled, consider switching it on (see enable_cpu_affinity() or CPU best practices for DGL [https://docs.dgl.ai/tutorials/cpu/cpu_best_practises.html])
  dgl_warning(
amazon_tr10_seed72 epoch=016 loss=0.062127 val_AUPRC=0.875855 best=0.875855(16) patience=0/20 train=2.585s val=3.900s
/workspace/pmp_vast/envs/pmp-author/lib/python3.10/site-packages/dgl/dataloading/dataloader.py:1076: DGLWarning: Dataloader CPU affinity opt is not enabled, consider switching it on (see enable_cpu_affinity() or CPU best practices for DGL [https://docs.dgl.ai/tutorials/cpu/cpu_best_practises.html])
  dgl_warning(
amazon_tr10_seed72 epoch=017 loss=0.058570 val_AUPRC=0.879087 best=0.879087(17) patience=0/20 train=2.322s val=4.148s
/workspace/pmp_vast/envs/pmp-author/lib/python3.10/site-packages/dgl/dataloading/dataloader.py:1076: DGLWarning: Dataloader CPU affinity opt is not enabled, consider switching it on (see enable_cpu_affinity() or CPU best practices for DGL [https://docs.dgl.ai/tutorials/cpu/cpu_best_practises.html])
  dgl_warning(
/workspace/pmp_vast/envs/pmp-author/lib/python3.10/site-packages/dgl/dataloading/dataloader.py:1076: DGLWarning: Dataloader CPU affinity opt is not enabled, consider switching it on (see enable_cpu_affinity() or CPU best practices for DGL [https://docs.dgl.ai/tutorials/cpu/cpu_best_practises.html])
  dgl_warning(
/workspace/pmp_vast/envs/pmp-author/lib/python3.10/site-packages/dgl/dataloading/dataloader.py:1076: DGLWarning: Dataloader CPU affinity opt is not enabled, consider switching it on (see enable_cpu_affinity() or CPU best practices for DGL [https://docs.dgl.ai/tutorials/cpu/cpu_best_practises.html])
  dgl_warning(
amazon_tr10_seed72 epoch=020 loss=0.059912 val_AUPRC=0.878192 best=0.879087(17) patience=3/20 train=2.313s val=4.027s
/workspace/pmp_vast/envs/pmp-author/lib/python3.10/site-packages/dgl/dataloading/dataloader.py:1076: DGLWarning: Dataloader CPU affinity opt is not enabled, consider switching it on (see enable_cpu_affinity() or CPU best practices for DGL [https://docs.dgl.ai/tutorials/cpu/cpu_best_practises.html])
  dgl_warning(
/workspace/pmp_vast/envs/pmp-author/lib/python3.10/site-packages/dgl/dataloading/dataloader.py:1076: DGLWarning: Dataloader CPU affinity opt is not enabled, consider switching it on (see enable_cpu_affinity() or CPU best practices for DGL [https://docs.dgl.ai/tutorials/cpu/cpu_best_practises.html])
  dgl_warning(
/workspace/pmp_vast/envs/pmp-author/lib/python3.10/site-packages/dgl/dataloading/dataloader.py:1076: DGLWarning: Dataloader CPU affinity opt is not enabled, consider switching it on (see enable_cpu_affinity() or CPU best practices for DGL [https://docs.dgl.ai/tutorials/cpu/cpu_best_practises.html])
  dgl_warning(
/workspace/pmp_vast/envs/pmp-author/lib/python3.10/site-packages/dgl/dataloading/dataloader.py:1076: DGLWarning: Dataloader CPU affinity opt is not enabled, consider switching it on (see enable_cpu_affinity() or CPU best practices for DGL [https://docs.dgl.ai/tutorials/cpu/cpu_best_practises.html])
  dgl_warning(
/workspace/pmp_vast/envs/pmp-author/lib/python3.10/site-packages/dgl/dataloading/dataloader.py:1076: DGLWarning: Dataloader CPU affinity opt is not enabled, consider switching it on (see enable_cpu_affinity() or CPU best practices for DGL [https://docs.dgl.ai/tutorials/cpu/cpu_best_practises.html])
  dgl_warning(
/workspace/pmp_vast/envs/pmp-author/lib/python3.10/site-packages/dgl/dataloading/dataloader.py:1076: DGLWarning: Dataloader CPU affinity opt is not enabled, consider switching it on (see enable_cpu_affinity() or CPU best practices for DGL [https://docs.dgl.ai/tutorials/cpu/cpu_best_practises.html])
  dgl_warning(
/workspace/pmp_vast/envs/pmp-author/lib/python3.10/site-packages/dgl/dataloading/dataloader.py:1076: DGLWarning: Dataloader CPU affinity opt is not enabled, consider switching it on (see enable_cpu_affinity() or CPU best practices for DGL [https://docs.dgl.ai/tutorials/cpu/cpu_best_practises.html])
  dgl_warning(
/workspace/pmp_vast/envs/pmp-author/lib/python3.10/site-packages/dgl/dataloading/dataloader.py:1076: DGLWarning: Dataloader CPU affinity opt is not enabled, consider switching it on (see enable_cpu_affinity() or CPU best practices for DGL [https://docs.dgl.ai/tutorials/cpu/cpu_best_practises.html])
  dgl_warning(
amazon_tr10_seed72 epoch=028 loss=0.063114 val_AUPRC=0.881846 best=0.881846(28) patience=0/20 train=2.660s val=4.092s
/workspace/pmp_vast/envs/pmp-author/lib/python3.10/site-packages/dgl/dataloading/dataloader.py:1076: DGLWarning: Dataloader CPU affinity opt is not enabled, consider switching it on (see enable_cpu_affinity() or CPU best practices for DGL [https://docs.dgl.ai/tutorials/cpu/cpu_best_practises.html])
  dgl_warning(
/workspace/pmp_vast/envs/pmp-author/lib/python3.10/site-packages/dgl/dataloading/dataloader.py:1076: DGLWarning: Dataloader CPU affinity opt is not enabled, consider switching it on (see enable_cpu_affinity() or CPU best practices for DGL [https://docs.dgl.ai/tutorials/cpu/cpu_best_practises.html])
  dgl_warning(
amazon_tr10_seed72 epoch=030 loss=0.070110 val_AUPRC=0.880853 best=0.881846(28) patience=2/20 train=2.561s val=4.237s
/workspace/pmp_vast/envs/pmp-author/lib/python3.10/site-packages/dgl/dataloading/dataloader.py:1076: DGLWarning: Dataloader CPU affinity opt is not enabled, consider switching it on (see enable_cpu_affinity() or CPU best practices for DGL [https://docs.dgl.ai/tutorials/cpu/cpu_best_practises.html])
  dgl_warning(
/workspace/pmp_vast/envs/pmp-author/lib/python3.10/site-packages/dgl/dataloading/dataloader.py:1076: DGLWarning: Dataloader CPU affinity opt is not enabled, consider switching it on (see enable_cpu_affinity() or CPU best practices for DGL [https://docs.dgl.ai/tutorials/cpu/cpu_best_practises.html])
  dgl_warning(
/workspace/pmp_vast/envs/pmp-author/lib/python3.10/site-packages/dgl/dataloading/dataloader.py:1076: DGLWarning: Dataloader CPU affinity opt is not enabled, consider switching it on (see enable_cpu_affinity() or CPU best practices for DGL [https://docs.dgl.ai/tutorials/cpu/cpu_best_practises.html])
  dgl_warning(
/workspace/pmp_vast/envs/pmp-author/lib/python3.10/site-packages/dgl/dataloading/dataloader.py:1076: DGLWarning: Dataloader CPU affinity opt is not enabled, consider switching it on (see enable_cpu_affinity() or CPU best practices for DGL [https://docs.dgl.ai/tutorials/cpu/cpu_best_practises.html])
  dgl_warning(
/workspace/pmp_vast/envs/pmp-author/lib/python3.10/site-packages/dgl/dataloading/dataloader.py:1076: DGLWarning: Dataloader CPU affinity opt is not enabled, consider switching it on (see enable_cpu_affinity() or CPU best practices for DGL [https://docs.dgl.ai/tutorials/cpu/cpu_best_practises.html])
  dgl_warning(
/workspace/pmp_vast/envs/pmp-author/lib/python3.10/site-packages/dgl/dataloading/dataloader.py:1076: DGLWarning: Dataloader CPU affinity opt is not enabled, consider switching it on (see enable_cpu_affinity() or CPU best practices for DGL [https://docs.dgl.ai/tutorials/cpu/cpu_best_practises.html])
  dgl_warning(
/workspace/pmp_vast/envs/pmp-author/lib/python3.10/site-packages/dgl/dataloading/dataloader.py:1076: DGLWarning: Dataloader CPU affinity opt is not enabled, consider switching it on (see enable_cpu_affinity() or CPU best practices for DGL [https://docs.dgl.ai/tutorials/cpu/cpu_best_practises.html])
  dgl_warning(
/workspace/pmp_vast/envs/pmp-author/lib/python3.10/site-packages/dgl/dataloading/dataloader.py:1076: DGLWarning: Dataloader CPU affinity opt is not enabled, consider switching it on (see enable_cpu_affinity() or CPU best practices for DGL [https://docs.dgl.ai/tutorials/cpu/cpu_best_practises.html])
  dgl_warning(
/workspace/pmp_vast/envs/pmp-author/lib/python3.10/site-packages/dgl/dataloading/dataloader.py:1076: DGLWarning: Dataloader CPU affinity opt is not enabled, consider switching it on (see enable_cpu_affinity() or CPU best practices for DGL [https://docs.dgl.ai/tutorials/cpu/cpu_best_practises.html])
  dgl_warning(
/workspace/pmp_vast/envs/pmp-author/lib/python3.10/site-packages/dgl/dataloading/dataloader.py:1076: DGLWarning: Dataloader CPU affinity opt is not enabled, consider switching it on (see enable_cpu_affinity() or CPU best practices for DGL [https://docs.dgl.ai/tutorials/cpu/cpu_best_practises.html])
  dgl_warning(
amazon_tr10_seed72 epoch=040 loss=0.043567 val_AUPRC=0.874281 best=0.881846(28) patience=12/20 train=2.373s val=4.021s
/workspace/pmp_vast/envs/pmp-author/lib/python3.10/site-packages/dgl/dataloading/dataloader.py:1076: DGLWarning: Dataloader CPU affinity opt is not enabled, consider switching it on (see enable_cpu_affinity() or CPU best practices for DGL [https://docs.dgl.ai/tutorials/cpu/cpu_best_practises.html])
  dgl_warning(
/workspace/pmp_vast/envs/pmp-author/lib/python3.10/site-packages/dgl/dataloading/dataloader.py:1076: DGLWarning: Dataloader CPU affinity opt is not enabled, consider switching it on (see enable_cpu_affinity() or CPU best practices for DGL [https://docs.dgl.ai/tutorials/cpu/cpu_best_practises.html])
  dgl_warning(
/workspace/pmp_vast/envs/pmp-author/lib/python3.10/site-packages/dgl/dataloading/dataloader.py:1076: DGLWarning: Dataloader CPU affinity opt is not enabled, consider switching it on (see enable_cpu_affinity() or CPU best practices for DGL [https://docs.dgl.ai/tutorials/cpu/cpu_best_practises.html])
  dgl_warning(
/workspace/pmp_vast/envs/pmp-author/lib/python3.10/site-packages/dgl/dataloading/dataloader.py:1076: DGLWarning: Dataloader CPU affinity opt is not enabled, consider switching it on (see enable_cpu_affinity() or CPU best practices for DGL [https://docs.dgl.ai/tutorials/cpu/cpu_best_practises.html])
  dgl_warning(
/workspace/pmp_vast/envs/pmp-author/lib/python3.10/site-packages/dgl/dataloading/dataloader.py:1076: DGLWarning: Dataloader CPU affinity opt is not enabled, consider switching it on (see enable_cpu_affinity() or CPU best practices for DGL [https://docs.dgl.ai/tutorials/cpu/cpu_best_practises.html])
  dgl_warning(
/workspace/pmp_vast/envs/pmp-author/lib/python3.10/site-packages/dgl/dataloading/dataloader.py:1076: DGLWarning: Dataloader CPU affinity opt is not enabled, consider switching it on (see enable_cpu_affinity() or CPU best practices for DGL [https://docs.dgl.ai/tutorials/cpu/cpu_best_practises.html])
  dgl_warning(
/workspace/pmp_vast/envs/pmp-author/lib/python3.10/site-packages/dgl/dataloading/dataloader.py:1076: DGLWarning: Dataloader CPU affinity opt is not enabled, consider switching it on (see enable_cpu_affinity() or CPU best practices for DGL [https://docs.dgl.ai/tutorials/cpu/cpu_best_practises.html])
  dgl_warning(
/workspace/pmp_vast/envs/pmp-author/lib/python3.10/site-packages/dgl/dataloading/dataloader.py:1076: DGLWarning: Dataloader CPU affinity opt is not enabled, consider switching it on (see enable_cpu_affinity() or CPU best practices for DGL [https://docs.dgl.ai/tutorials/cpu/cpu_best_practises.html])
  dgl_warning(
amazon_tr10_seed72 epoch=048 loss=0.048609 val_AUPRC=0.869591 best=0.881846(28) patience=20/20 train=2.420s val=4.187s
/workspace/pmp_vast/envs/pmp-author/lib/python3.10/site-packages/dgl/dataloading/dataloader.py:1076: DGLWarning: Dataloader CPU affinity opt is not enabled, consider switching it on (see enable_cpu_affinity() or CPU best practices for DGL [https://docs.dgl.ai/tutorials/cpu/cpu_best_practises.html])
  dgl_warning(
/workspace/pmp_vast/envs/pmp-author/lib/python3.10/site-packages/dgl/dataloading/dataloader.py:1076: DGLWarning: Dataloader CPU affinity opt is not enabled, consider switching it on (see enable_cpu_affinity() or CPU best practices for DGL [https://docs.dgl.ai/tutorials/cpu/cpu_best_practises.html])
  dgl_warning(
FINAL amazon_tr10_seed72 PASS | AUPRC=0.832442 AUROC=0.943003 MacroF1=0.900980 Recall=0.753049

===== PMP AMAZON FINAL RESULTS — MEAN ± SD =====
TR40 | AUPRC=0.907667±0.004347 | AUROC=0.973917±0.002873 | MacroF1=0.918018±0.004821 | Prec=0.926326±0.015086 | Recall=0.786585±0.026049 | FraudF1=0.850414±0.009118 | GMean=0.883873±0.013939
TR30 | AUPRC=0.899808±0.007116 | AUROC=0.973127±0.003143 | MacroF1=0.922264±0.001983 | Prec=0.926831±0.028232 | Recall=0.799797±0.015645 | FraudF1=0.858284±0.003294 | GMean=0.891269±0.007384
TR20 | AUPRC=0.892372±0.002952 | AUROC=0.969461±0.001026 | MacroF1=0.915112±0.001232 | Prec=0.938356±0.034268 | Recall=0.769309±0.020753 | FraudF1=0.844901±0.001831 | GMean=0.874649±0.010266
TR10 | AUPRC=0.835924±0.009624 | AUROC=0.942027±0.004351 | MacroF1=0.901798±0.000719 | Prec=0.904773±0.013638 | Recall=0.751016±0.009314 | FraudF1=0.820655±0.001297 | GMean=0.862989±0.004768

===== FINAL GATE =====
PMP_AMAZON_1EPOCH_SMOKE=PASS
PMP_AMAZON_TR40_TUNING=PASS
PMP_AMAZON_FINAL=PASS
PMP_AMAZON_FINAL_RUNS=12/12
TEST_ISOLATION=PASS
PMP_AUTHOR_REPO_CLEAN=PASS
