============================================================
 PMP × ELLIPTIC — FINAL 12-RUN UNIFIED GRID
============================================================
Ratios=TR40/TR30/TR20/TR10
Seeds=2/42/72
Generic tuning before final=NO
Checkpoint selection=validation AUPRC
Threshold selection=validation Macro-F1
Test used for selection=NO
SOURCE_GPU_RAW_HASH_GATE=PASS
GPU=NVIDIA RTX A6000
EXACT_FROZEN_SPLIT_FOUND=/workspace/pmp_vast/shared/elliptic/elliptic_chronological_nested_splits.npz
ELLIPTIC_SPLIT_SHA256=1e7963e9d09935fb33e0df74cfb786cab826d1b95ae10b9592dbc240b48ffdbc
ELLIPTIC_CHRONOLOGY_GATE=PASS
===== PMP × ELLIPTIC — 2-EPOCH COMPATIBILITY SMOKE =====
IDENTITY_GPU_GATE=PASS
ELLIPTIC_RAW_HASH_GATE=PASS
ELLIPTIC_166_FEATURE_LABEL_GATE=PASS
TIME_STEP_RETAINED_AS_FEATURE=YES
UNKNOWN_NODES_RETAINED_STRUCTURALLY=157205
ELLIPTIC_SPLIT_GATE=PASS
ELLIPTIC_SPLIT_SHA256=1e7963e9d09935fb33e0df74cfb786cab826d1b95ae10b9592dbc240b48ffdbc
DIRECTED_RAW_EDGES_PRESERVED=234355
REVERSE_EDGES_ADDED=NO
SELF_LOOPS_ADDED=NO
TRANSFER_CONFIG_SOURCE=PMP_NATIVE_TFINANCE_LA-SAGE-S
HID=256 DROPOUT=0.4 LR=0.005 LAYERS=1 BATCH=256 NORM_FEAT=TRUE
HID_DIM_COMPATIBILITY_SOURCE=PMP_OFFICIAL_AMAZON_CONFIG_256
HID_DIM_REASON=ELLIPTIC_166_GT_TFINANCE_HID64_TRIGGERS_AUTHOR_DIMENSION_BUG
PERFORMANCE_SPECIFIC_TUNING=NO
MODEL_SIDE_FEATURE_NORMALIZATION=PMP_AUTHOR_CONFIG
PMP_AUTHOR_MODEL_SIDE_NORMALIZATION=YES
PROJECT_SPECIFIC_EXTRA_NORMALIZATION=NO
PMP_TRAIN_LABEL_EXPOSURE_GATE=PASS
VAL_TEST_PARTITION_LABELS_HIDDEN=PASS
VERIFIED_SMOKE_SETUP_REUSED=PASS
RAW_CLASS_ALIGNMENT_GATE=PASS
RAW_UNKNOWN_NODES=157205
ELLIPTIC_166_FEATURE_FINAL_GATE=PASS
UNKNOWN_NODES_RETAINED_STRUCTURALLY=157205
DIRECTED_RAW_EDGES_PRESERVED=234355
HID_DIM=256
DROPOUT=0.4
LR=0.005
WEIGHT_DECAY=0.0
NORM_FEAT=TRUE
PERFORMANCE_SPECIFIC_TUNING=NO
FINAL_CONFIG_FROZEN=PASS
FROZEN_CONFIG_SHA256=0149e2f7cdba425e0f7dec445ca347a76219b02c73476f58d439c53130b83bf0

===== FINAL RUN elliptic_tr40_seed2 =====
TEST_EVAL_BATCH_ADAPTER=FULL_FIXED_TEST_SINGLE_BATCH nodes=18949
/workspace/pmp_vast/envs/pmp-author/lib/python3.10/site-packages/dgl/dataloading/dataloader.py:1076: DGLWarning: Dataloader CPU affinity opt is not enabled, consider switching it on (see enable_cpu_affinity() or CPU best practices for DGL [https://docs.dgl.ai/tutorials/cpu/cpu_best_practises.html])
  dgl_warning(
elliptic_tr40_seed2 epoch=001 loss=0.344485 val_AUPRC=0.322262 best=0.322262@1 patience=0/20 train=3.234s val=1.098s
/workspace/pmp_vast/envs/pmp-author/lib/python3.10/site-packages/dgl/dataloading/dataloader.py:1076: DGLWarning: Dataloader CPU affinity opt is not enabled, consider switching it on (see enable_cpu_affinity() or CPU best practices for DGL [https://docs.dgl.ai/tutorials/cpu/cpu_best_practises.html])
  dgl_warning(
elliptic_tr40_seed2 epoch=002 loss=0.334672 val_AUPRC=0.462527 best=0.462527@2 patience=0/20 train=2.422s val=1.086s
/workspace/pmp_vast/envs/pmp-author/lib/python3.10/site-packages/dgl/dataloading/dataloader.py:1076: DGLWarning: Dataloader CPU affinity opt is not enabled, consider switching it on (see enable_cpu_affinity() or CPU best practices for DGL [https://docs.dgl.ai/tutorials/cpu/cpu_best_practises.html])
  dgl_warning(
elliptic_tr40_seed2 epoch=003 loss=0.254807 val_AUPRC=0.489490 best=0.489490@3 patience=0/20 train=2.558s val=1.142s
/workspace/pmp_vast/envs/pmp-author/lib/python3.10/site-packages/dgl/dataloading/dataloader.py:1076: DGLWarning: Dataloader CPU affinity opt is not enabled, consider switching it on (see enable_cpu_affinity() or CPU best practices for DGL [https://docs.dgl.ai/tutorials/cpu/cpu_best_practises.html])
  dgl_warning(
/workspace/pmp_vast/envs/pmp-author/lib/python3.10/site-packages/dgl/dataloading/dataloader.py:1076: DGLWarning: Dataloader CPU affinity opt is not enabled, consider switching it on (see enable_cpu_affinity() or CPU best practices for DGL [https://docs.dgl.ai/tutorials/cpu/cpu_best_practises.html])
  dgl_warning(
/workspace/pmp_vast/envs/pmp-author/lib/python3.10/site-packages/dgl/dataloading/dataloader.py:1076: DGLWarning: Dataloader CPU affinity opt is not enabled, consider switching it on (see enable_cpu_affinity() or CPU best practices for DGL [https://docs.dgl.ai/tutorials/cpu/cpu_best_practises.html])
  dgl_warning(
elliptic_tr40_seed2 epoch=006 loss=0.318804 val_AUPRC=0.548509 best=0.548509@6 patience=0/20 train=2.716s val=1.158s
/workspace/pmp_vast/envs/pmp-author/lib/python3.10/site-packages/dgl/dataloading/dataloader.py:1076: DGLWarning: Dataloader CPU affinity opt is not enabled, consider switching it on (see enable_cpu_affinity() or CPU best practices for DGL [https://docs.dgl.ai/tutorials/cpu/cpu_best_practises.html])
  dgl_warning(
/workspace/pmp_vast/envs/pmp-author/lib/python3.10/site-packages/dgl/dataloading/dataloader.py:1076: DGLWarning: Dataloader CPU affinity opt is not enabled, consider switching it on (see enable_cpu_affinity() or CPU best practices for DGL [https://docs.dgl.ai/tutorials/cpu/cpu_best_practises.html])
  dgl_warning(
/workspace/pmp_vast/envs/pmp-author/lib/python3.10/site-packages/dgl/dataloading/dataloader.py:1076: DGLWarning: Dataloader CPU affinity opt is not enabled, consider switching it on (see enable_cpu_affinity() or CPU best practices for DGL [https://docs.dgl.ai/tutorials/cpu/cpu_best_practises.html])
  dgl_warning(
/workspace/pmp_vast/envs/pmp-author/lib/python3.10/site-packages/dgl/dataloading/dataloader.py:1076: DGLWarning: Dataloader CPU affinity opt is not enabled, consider switching it on (see enable_cpu_affinity() or CPU best practices for DGL [https://docs.dgl.ai/tutorials/cpu/cpu_best_practises.html])
  dgl_warning(
elliptic_tr40_seed2 epoch=010 loss=0.088134 val_AUPRC=0.541901 best=0.548509@6 patience=4/20 train=2.482s val=1.062s
/workspace/pmp_vast/envs/pmp-author/lib/python3.10/site-packages/dgl/dataloading/dataloader.py:1076: DGLWarning: Dataloader CPU affinity opt is not enabled, consider switching it on (see enable_cpu_affinity() or CPU best practices for DGL [https://docs.dgl.ai/tutorials/cpu/cpu_best_practises.html])
  dgl_warning(
/workspace/pmp_vast/envs/pmp-author/lib/python3.10/site-packages/dgl/dataloading/dataloader.py:1076: DGLWarning: Dataloader CPU affinity opt is not enabled, consider switching it on (see enable_cpu_affinity() or CPU best practices for DGL [https://docs.dgl.ai/tutorials/cpu/cpu_best_practises.html])
  dgl_warning(
/workspace/pmp_vast/envs/pmp-author/lib/python3.10/site-packages/dgl/dataloading/dataloader.py:1076: DGLWarning: Dataloader CPU affinity opt is not enabled, consider switching it on (see enable_cpu_affinity() or CPU best practices for DGL [https://docs.dgl.ai/tutorials/cpu/cpu_best_practises.html])
  dgl_warning(
elliptic_tr40_seed2 epoch=013 loss=0.054338 val_AUPRC=0.562035 best=0.562035@13 patience=0/20 train=2.493s val=1.062s
/workspace/pmp_vast/envs/pmp-author/lib/python3.10/site-packages/dgl/dataloading/dataloader.py:1076: DGLWarning: Dataloader CPU affinity opt is not enabled, consider switching it on (see enable_cpu_affinity() or CPU best practices for DGL [https://docs.dgl.ai/tutorials/cpu/cpu_best_practises.html])
  dgl_warning(
/workspace/pmp_vast/envs/pmp-author/lib/python3.10/site-packages/dgl/dataloading/dataloader.py:1076: DGLWarning: Dataloader CPU affinity opt is not enabled, consider switching it on (see enable_cpu_affinity() or CPU best practices for DGL [https://docs.dgl.ai/tutorials/cpu/cpu_best_practises.html])
  dgl_warning(
/workspace/pmp_vast/envs/pmp-author/lib/python3.10/site-packages/dgl/dataloading/dataloader.py:1076: DGLWarning: Dataloader CPU affinity opt is not enabled, consider switching it on (see enable_cpu_affinity() or CPU best practices for DGL [https://docs.dgl.ai/tutorials/cpu/cpu_best_practises.html])
  dgl_warning(
/workspace/pmp_vast/envs/pmp-author/lib/python3.10/site-packages/dgl/dataloading/dataloader.py:1076: DGLWarning: Dataloader CPU affinity opt is not enabled, consider switching it on (see enable_cpu_affinity() or CPU best practices for DGL [https://docs.dgl.ai/tutorials/cpu/cpu_best_practises.html])
  dgl_warning(
elliptic_tr40_seed2 epoch=017 loss=0.082992 val_AUPRC=0.583460 best=0.583460@17 patience=0/20 train=2.391s val=1.102s
/workspace/pmp_vast/envs/pmp-author/lib/python3.10/site-packages/dgl/dataloading/dataloader.py:1076: DGLWarning: Dataloader CPU affinity opt is not enabled, consider switching it on (see enable_cpu_affinity() or CPU best practices for DGL [https://docs.dgl.ai/tutorials/cpu/cpu_best_practises.html])
  dgl_warning(
elliptic_tr40_seed2 epoch=018 loss=0.054527 val_AUPRC=0.591494 best=0.591494@18 patience=0/20 train=2.405s val=1.092s
/workspace/pmp_vast/envs/pmp-author/lib/python3.10/site-packages/dgl/dataloading/dataloader.py:1076: DGLWarning: Dataloader CPU affinity opt is not enabled, consider switching it on (see enable_cpu_affinity() or CPU best practices for DGL [https://docs.dgl.ai/tutorials/cpu/cpu_best_practises.html])
  dgl_warning(
/workspace/pmp_vast/envs/pmp-author/lib/python3.10/site-packages/dgl/dataloading/dataloader.py:1076: DGLWarning: Dataloader CPU affinity opt is not enabled, consider switching it on (see enable_cpu_affinity() or CPU best practices for DGL [https://docs.dgl.ai/tutorials/cpu/cpu_best_practises.html])
  dgl_warning(
elliptic_tr40_seed2 epoch=020 loss=0.048640 val_AUPRC=0.590869 best=0.591494@18 patience=2/20 train=2.436s val=1.027s
/workspace/pmp_vast/envs/pmp-author/lib/python3.10/site-packages/dgl/dataloading/dataloader.py:1076: DGLWarning: Dataloader CPU affinity opt is not enabled, consider switching it on (see enable_cpu_affinity() or CPU best practices for DGL [https://docs.dgl.ai/tutorials/cpu/cpu_best_practises.html])
  dgl_warning(
/workspace/pmp_vast/envs/pmp-author/lib/python3.10/site-packages/dgl/dataloading/dataloader.py:1076: DGLWarning: Dataloader CPU affinity opt is not enabled, consider switching it on (see enable_cpu_affinity() or CPU best practices for DGL [https://docs.dgl.ai/tutorials/cpu/cpu_best_practises.html])
  dgl_warning(
elliptic_tr40_seed2 epoch=022 loss=0.044441 val_AUPRC=0.598415 best=0.598415@22 patience=0/20 train=2.588s val=1.075s
/workspace/pmp_vast/envs/pmp-author/lib/python3.10/site-packages/dgl/dataloading/dataloader.py:1076: DGLWarning: Dataloader CPU affinity opt is not enabled, consider switching it on (see enable_cpu_affinity() or CPU best practices for DGL [https://docs.dgl.ai/tutorials/cpu/cpu_best_practises.html])
  dgl_warning(
/workspace/pmp_vast/envs/pmp-author/lib/python3.10/site-packages/dgl/dataloading/dataloader.py:1076: DGLWarning: Dataloader CPU affinity opt is not enabled, consider switching it on (see enable_cpu_affinity() or CPU best practices for DGL [https://docs.dgl.ai/tutorials/cpu/cpu_best_practises.html])
  dgl_warning(
elliptic_tr40_seed2 epoch=024 loss=0.041655 val_AUPRC=0.607835 best=0.607835@24 patience=0/20 train=2.744s val=1.087s
/workspace/pmp_vast/envs/pmp-author/lib/python3.10/site-packages/dgl/dataloading/dataloader.py:1076: DGLWarning: Dataloader CPU affinity opt is not enabled, consider switching it on (see enable_cpu_affinity() or CPU best practices for DGL [https://docs.dgl.ai/tutorials/cpu/cpu_best_practises.html])
  dgl_warning(
/workspace/pmp_vast/envs/pmp-author/lib/python3.10/site-packages/dgl/dataloading/dataloader.py:1076: DGLWarning: Dataloader CPU affinity opt is not enabled, consider switching it on (see enable_cpu_affinity() or CPU best practices for DGL [https://docs.dgl.ai/tutorials/cpu/cpu_best_practises.html])
  dgl_warning(
/workspace/pmp_vast/envs/pmp-author/lib/python3.10/site-packages/dgl/dataloading/dataloader.py:1076: DGLWarning: Dataloader CPU affinity opt is not enabled, consider switching it on (see enable_cpu_affinity() or CPU best practices for DGL [https://docs.dgl.ai/tutorials/cpu/cpu_best_practises.html])
  dgl_warning(
elliptic_tr40_seed2 epoch=027 loss=0.038454 val_AUPRC=0.614210 best=0.614210@27 patience=0/20 train=2.605s val=1.118s
/workspace/pmp_vast/envs/pmp-author/lib/python3.10/site-packages/dgl/dataloading/dataloader.py:1076: DGLWarning: Dataloader CPU affinity opt is not enabled, consider switching it on (see enable_cpu_affinity() or CPU best practices for DGL [https://docs.dgl.ai/tutorials/cpu/cpu_best_practises.html])
  dgl_warning(
/workspace/pmp_vast/envs/pmp-author/lib/python3.10/site-packages/dgl/dataloading/dataloader.py:1076: DGLWarning: Dataloader CPU affinity opt is not enabled, consider switching it on (see enable_cpu_affinity() or CPU best practices for DGL [https://docs.dgl.ai/tutorials/cpu/cpu_best_practises.html])
  dgl_warning(
/workspace/pmp_vast/envs/pmp-author/lib/python3.10/site-packages/dgl/dataloading/dataloader.py:1076: DGLWarning: Dataloader CPU affinity opt is not enabled, consider switching it on (see enable_cpu_affinity() or CPU best practices for DGL [https://docs.dgl.ai/tutorials/cpu/cpu_best_practises.html])
  dgl_warning(
elliptic_tr40_seed2 epoch=030 loss=0.046094 val_AUPRC=0.617821 best=0.617821@30 patience=0/20 train=2.595s val=1.144s
/workspace/pmp_vast/envs/pmp-author/lib/python3.10/site-packages/dgl/dataloading/dataloader.py:1076: DGLWarning: Dataloader CPU affinity opt is not enabled, consider switching it on (see enable_cpu_affinity() or CPU best practices for DGL [https://docs.dgl.ai/tutorials/cpu/cpu_best_practises.html])
  dgl_warning(
elliptic_tr40_seed2 epoch=031 loss=0.038490 val_AUPRC=0.626649 best=0.626649@31 patience=0/20 train=2.623s val=1.139s
/workspace/pmp_vast/envs/pmp-author/lib/python3.10/site-packages/dgl/dataloading/dataloader.py:1076: DGLWarning: Dataloader CPU affinity opt is not enabled, consider switching it on (see enable_cpu_affinity() or CPU best practices for DGL [https://docs.dgl.ai/tutorials/cpu/cpu_best_practises.html])
  dgl_warning(
/workspace/pmp_vast/envs/pmp-author/lib/python3.10/site-packages/dgl/dataloading/dataloader.py:1076: DGLWarning: Dataloader CPU affinity opt is not enabled, consider switching it on (see enable_cpu_affinity() or CPU best practices for DGL [https://docs.dgl.ai/tutorials/cpu/cpu_best_practises.html])
  dgl_warning(
/workspace/pmp_vast/envs/pmp-author/lib/python3.10/site-packages/dgl/dataloading/dataloader.py:1076: DGLWarning: Dataloader CPU affinity opt is not enabled, consider switching it on (see enable_cpu_affinity() or CPU best practices for DGL [https://docs.dgl.ai/tutorials/cpu/cpu_best_practises.html])
  dgl_warning(
/workspace/pmp_vast/envs/pmp-author/lib/python3.10/site-packages/dgl/dataloading/dataloader.py:1076: DGLWarning: Dataloader CPU affinity opt is not enabled, consider switching it on (see enable_cpu_affinity() or CPU best practices for DGL [https://docs.dgl.ai/tutorials/cpu/cpu_best_practises.html])
  dgl_warning(
/workspace/pmp_vast/envs/pmp-author/lib/python3.10/site-packages/dgl/dataloading/dataloader.py:1076: DGLWarning: Dataloader CPU affinity opt is not enabled, consider switching it on (see enable_cpu_affinity() or CPU best practices for DGL [https://docs.dgl.ai/tutorials/cpu/cpu_best_practises.html])
  dgl_warning(
/workspace/pmp_vast/envs/pmp-author/lib/python3.10/site-packages/dgl/dataloading/dataloader.py:1076: DGLWarning: Dataloader CPU affinity opt is not enabled, consider switching it on (see enable_cpu_affinity() or CPU best practices for DGL [https://docs.dgl.ai/tutorials/cpu/cpu_best_practises.html])
  dgl_warning(
/workspace/pmp_vast/envs/pmp-author/lib/python3.10/site-packages/dgl/dataloading/dataloader.py:1076: DGLWarning: Dataloader CPU affinity opt is not enabled, consider switching it on (see enable_cpu_affinity() or CPU best practices for DGL [https://docs.dgl.ai/tutorials/cpu/cpu_best_practises.html])
  dgl_warning(
/workspace/pmp_vast/envs/pmp-author/lib/python3.10/site-packages/dgl/dataloading/dataloader.py:1076: DGLWarning: Dataloader CPU affinity opt is not enabled, consider switching it on (see enable_cpu_affinity() or CPU best practices for DGL [https://docs.dgl.ai/tutorials/cpu/cpu_best_practises.html])
  dgl_warning(
/workspace/pmp_vast/envs/pmp-author/lib/python3.10/site-packages/dgl/dataloading/dataloader.py:1076: DGLWarning: Dataloader CPU affinity opt is not enabled, consider switching it on (see enable_cpu_affinity() or CPU best practices for DGL [https://docs.dgl.ai/tutorials/cpu/cpu_best_practises.html])
  dgl_warning(
elliptic_tr40_seed2 epoch=040 loss=1.995369 val_AUPRC=0.531927 best=0.626649@31 patience=9/20 train=2.636s val=1.024s
/workspace/pmp_vast/envs/pmp-author/lib/python3.10/site-packages/dgl/dataloading/dataloader.py:1076: DGLWarning: Dataloader CPU affinity opt is not enabled, consider switching it on (see enable_cpu_affinity() or CPU best practices for DGL [https://docs.dgl.ai/tutorials/cpu/cpu_best_practises.html])
  dgl_warning(
/workspace/pmp_vast/envs/pmp-author/lib/python3.10/site-packages/dgl/dataloading/dataloader.py:1076: DGLWarning: Dataloader CPU affinity opt is not enabled, consider switching it on (see enable_cpu_affinity() or CPU best practices for DGL [https://docs.dgl.ai/tutorials/cpu/cpu_best_practises.html])
  dgl_warning(
/workspace/pmp_vast/envs/pmp-author/lib/python3.10/site-packages/dgl/dataloading/dataloader.py:1076: DGLWarning: Dataloader CPU affinity opt is not enabled, consider switching it on (see enable_cpu_affinity() or CPU best practices for DGL [https://docs.dgl.ai/tutorials/cpu/cpu_best_practises.html])
  dgl_warning(
/workspace/pmp_vast/envs/pmp-author/lib/python3.10/site-packages/dgl/dataloading/dataloader.py:1076: DGLWarning: Dataloader CPU affinity opt is not enabled, consider switching it on (see enable_cpu_affinity() or CPU best practices for DGL [https://docs.dgl.ai/tutorials/cpu/cpu_best_practises.html])
  dgl_warning(
/workspace/pmp_vast/envs/pmp-author/lib/python3.10/site-packages/dgl/dataloading/dataloader.py:1076: DGLWarning: Dataloader CPU affinity opt is not enabled, consider switching it on (see enable_cpu_affinity() or CPU best practices for DGL [https://docs.dgl.ai/tutorials/cpu/cpu_best_practises.html])
  dgl_warning(
/workspace/pmp_vast/envs/pmp-author/lib/python3.10/site-packages/dgl/dataloading/dataloader.py:1076: DGLWarning: Dataloader CPU affinity opt is not enabled, consider switching it on (see enable_cpu_affinity() or CPU best practices for DGL [https://docs.dgl.ai/tutorials/cpu/cpu_best_practises.html])
  dgl_warning(
/workspace/pmp_vast/envs/pmp-author/lib/python3.10/site-packages/dgl/dataloading/dataloader.py:1076: DGLWarning: Dataloader CPU affinity opt is not enabled, consider switching it on (see enable_cpu_affinity() or CPU best practices for DGL [https://docs.dgl.ai/tutorials/cpu/cpu_best_practises.html])
  dgl_warning(
/workspace/pmp_vast/envs/pmp-author/lib/python3.10/site-packages/dgl/dataloading/dataloader.py:1076: DGLWarning: Dataloader CPU affinity opt is not enabled, consider switching it on (see enable_cpu_affinity() or CPU best practices for DGL [https://docs.dgl.ai/tutorials/cpu/cpu_best_practises.html])
  dgl_warning(
/workspace/pmp_vast/envs/pmp-author/lib/python3.10/site-packages/dgl/dataloading/dataloader.py:1076: DGLWarning: Dataloader CPU affinity opt is not enabled, consider switching it on (see enable_cpu_affinity() or CPU best practices for DGL [https://docs.dgl.ai/tutorials/cpu/cpu_best_practises.html])
  dgl_warning(
/workspace/pmp_vast/envs/pmp-author/lib/python3.10/site-packages/dgl/dataloading/dataloader.py:1076: DGLWarning: Dataloader CPU affinity opt is not enabled, consider switching it on (see enable_cpu_affinity() or CPU best practices for DGL [https://docs.dgl.ai/tutorials/cpu/cpu_best_practises.html])
  dgl_warning(
elliptic_tr40_seed2 epoch=050 loss=0.085340 val_AUPRC=0.583106 best=0.626649@31 patience=19/20 train=2.627s val=1.138s
/workspace/pmp_vast/envs/pmp-author/lib/python3.10/site-packages/dgl/dataloading/dataloader.py:1076: DGLWarning: Dataloader CPU affinity opt is not enabled, consider switching it on (see enable_cpu_affinity() or CPU best practices for DGL [https://docs.dgl.ai/tutorials/cpu/cpu_best_practises.html])
  dgl_warning(
elliptic_tr40_seed2 epoch=051 loss=0.077011 val_AUPRC=0.580756 best=0.626649@31 patience=20/20 train=2.555s val=1.126s
EARLY_STOP elliptic_tr40_seed2 epoch=51 best_epoch=31
/workspace/pmp_vast/envs/pmp-author/lib/python3.10/site-packages/dgl/dataloading/dataloader.py:1076: DGLWarning: Dataloader CPU affinity opt is not enabled, consider switching it on (see enable_cpu_affinity() or CPU best practices for DGL [https://docs.dgl.ai/tutorials/cpu/cpu_best_practises.html])
  dgl_warning(
elliptic_tr40_seed2 FROZEN checkpoint_epoch=31 val_AUPRC=0.626649 threshold=0.72
/workspace/pmp_vast/envs/pmp-author/lib/python3.10/site-packages/dgl/dataloading/dataloader.py:1076: DGLWarning: Dataloader CPU affinity opt is not enabled, consider switching it on (see enable_cpu_affinity() or CPU best practices for DGL [https://docs.dgl.ai/tutorials/cpu/cpu_best_practises.html])
  dgl_warning(
FINAL elliptic_tr40_seed2 PASS | AUPRC=0.493651 AUROC=0.835302 MacroF1=0.694653 Recall=0.667340

===== FINAL RUN elliptic_tr40_seed42 =====
TEST_EVAL_BATCH_ADAPTER=FULL_FIXED_TEST_SINGLE_BATCH nodes=18949
/workspace/pmp_vast/envs/pmp-author/lib/python3.10/site-packages/dgl/dataloading/dataloader.py:1076: DGLWarning: Dataloader CPU affinity opt is not enabled, consider switching it on (see enable_cpu_affinity() or CPU best practices for DGL [https://docs.dgl.ai/tutorials/cpu/cpu_best_practises.html])
  dgl_warning(
elliptic_tr40_seed42 epoch=001 loss=0.303274 val_AUPRC=0.429567 best=0.429567@1 patience=0/20 train=2.588s val=1.153s
/workspace/pmp_vast/envs/pmp-author/lib/python3.10/site-packages/dgl/dataloading/dataloader.py:1076: DGLWarning: Dataloader CPU affinity opt is not enabled, consider switching it on (see enable_cpu_affinity() or CPU best practices for DGL [https://docs.dgl.ai/tutorials/cpu/cpu_best_practises.html])
  dgl_warning(
/workspace/pmp_vast/envs/pmp-author/lib/python3.10/site-packages/dgl/dataloading/dataloader.py:1076: DGLWarning: Dataloader CPU affinity opt is not enabled, consider switching it on (see enable_cpu_affinity() or CPU best practices for DGL [https://docs.dgl.ai/tutorials/cpu/cpu_best_practises.html])
  dgl_warning(
/workspace/pmp_vast/envs/pmp-author/lib/python3.10/site-packages/dgl/dataloading/dataloader.py:1076: DGLWarning: Dataloader CPU affinity opt is not enabled, consider switching it on (see enable_cpu_affinity() or CPU best practices for DGL [https://docs.dgl.ai/tutorials/cpu/cpu_best_practises.html])
  dgl_warning(
elliptic_tr40_seed42 epoch=004 loss=0.176709 val_AUPRC=0.467815 best=0.467815@4 patience=0/20 train=2.538s val=1.171s
/workspace/pmp_vast/envs/pmp-author/lib/python3.10/site-packages/dgl/dataloading/dataloader.py:1076: DGLWarning: Dataloader CPU affinity opt is not enabled, consider switching it on (see enable_cpu_affinity() or CPU best practices for DGL [https://docs.dgl.ai/tutorials/cpu/cpu_best_practises.html])
  dgl_warning(
elliptic_tr40_seed42 epoch=005 loss=0.092909 val_AUPRC=0.486114 best=0.486114@5 patience=0/20 train=2.537s val=1.241s
/workspace/pmp_vast/envs/pmp-author/lib/python3.10/site-packages/dgl/dataloading/dataloader.py:1076: DGLWarning: Dataloader CPU affinity opt is not enabled, consider switching it on (see enable_cpu_affinity() or CPU best practices for DGL [https://docs.dgl.ai/tutorials/cpu/cpu_best_practises.html])
  dgl_warning(
elliptic_tr40_seed42 epoch=006 loss=0.075672 val_AUPRC=0.512123 best=0.512123@6 patience=0/20 train=2.554s val=1.158s
/workspace/pmp_vast/envs/pmp-author/lib/python3.10/site-packages/dgl/dataloading/dataloader.py:1076: DGLWarning: Dataloader CPU affinity opt is not enabled, consider switching it on (see enable_cpu_affinity() or CPU best practices for DGL [https://docs.dgl.ai/tutorials/cpu/cpu_best_practises.html])
  dgl_warning(
/workspace/pmp_vast/envs/pmp-author/lib/python3.10/site-packages/dgl/dataloading/dataloader.py:1076: DGLWarning: Dataloader CPU affinity opt is not enabled, consider switching it on (see enable_cpu_affinity() or CPU best practices for DGL [https://docs.dgl.ai/tutorials/cpu/cpu_best_practises.html])
  dgl_warning(
/workspace/pmp_vast/envs/pmp-author/lib/python3.10/site-packages/dgl/dataloading/dataloader.py:1076: DGLWarning: Dataloader CPU affinity opt is not enabled, consider switching it on (see enable_cpu_affinity() or CPU best practices for DGL [https://docs.dgl.ai/tutorials/cpu/cpu_best_practises.html])
  dgl_warning(
/workspace/pmp_vast/envs/pmp-author/lib/python3.10/site-packages/dgl/dataloading/dataloader.py:1076: DGLWarning: Dataloader CPU affinity opt is not enabled, consider switching it on (see enable_cpu_affinity() or CPU best practices for DGL [https://docs.dgl.ai/tutorials/cpu/cpu_best_practises.html])
  dgl_warning(
elliptic_tr40_seed42 epoch=010 loss=3.068492 val_AUPRC=0.216259 best=0.512123@6 patience=4/20 train=2.657s val=1.171s
/workspace/pmp_vast/envs/pmp-author/lib/python3.10/site-packages/dgl/dataloading/dataloader.py:1076: DGLWarning: Dataloader CPU affinity opt is not enabled, consider switching it on (see enable_cpu_affinity() or CPU best practices for DGL [https://docs.dgl.ai/tutorials/cpu/cpu_best_practises.html])
  dgl_warning(
/workspace/pmp_vast/envs/pmp-author/lib/python3.10/site-packages/dgl/dataloading/dataloader.py:1076: DGLWarning: Dataloader CPU affinity opt is not enabled, consider switching it on (see enable_cpu_affinity() or CPU best practices for DGL [https://docs.dgl.ai/tutorials/cpu/cpu_best_practises.html])
  dgl_warning(
/workspace/pmp_vast/envs/pmp-author/lib/python3.10/site-packages/dgl/dataloading/dataloader.py:1076: DGLWarning: Dataloader CPU affinity opt is not enabled, consider switching it on (see enable_cpu_affinity() or CPU best practices for DGL [https://docs.dgl.ai/tutorials/cpu/cpu_best_practises.html])
  dgl_warning(
/workspace/pmp_vast/envs/pmp-author/lib/python3.10/site-packages/dgl/dataloading/dataloader.py:1076: DGLWarning: Dataloader CPU affinity opt is not enabled, consider switching it on (see enable_cpu_affinity() or CPU best practices for DGL [https://docs.dgl.ai/tutorials/cpu/cpu_best_practises.html])
  dgl_warning(
/workspace/pmp_vast/envs/pmp-author/lib/python3.10/site-packages/dgl/dataloading/dataloader.py:1076: DGLWarning: Dataloader CPU affinity opt is not enabled, consider switching it on (see enable_cpu_affinity() or CPU best practices for DGL [https://docs.dgl.ai/tutorials/cpu/cpu_best_practises.html])
  dgl_warning(
/workspace/pmp_vast/envs/pmp-author/lib/python3.10/site-packages/dgl/dataloading/dataloader.py:1076: DGLWarning: Dataloader CPU affinity opt is not enabled, consider switching it on (see enable_cpu_affinity() or CPU best practices for DGL [https://docs.dgl.ai/tutorials/cpu/cpu_best_practises.html])
  dgl_warning(
/workspace/pmp_vast/envs/pmp-author/lib/python3.10/site-packages/dgl/dataloading/dataloader.py:1076: DGLWarning: Dataloader CPU affinity opt is not enabled, consider switching it on (see enable_cpu_affinity() or CPU best practices for DGL [https://docs.dgl.ai/tutorials/cpu/cpu_best_practises.html])
  dgl_warning(
/workspace/pmp_vast/envs/pmp-author/lib/python3.10/site-packages/dgl/dataloading/dataloader.py:1076: DGLWarning: Dataloader CPU affinity opt is not enabled, consider switching it on (see enable_cpu_affinity() or CPU best practices for DGL [https://docs.dgl.ai/tutorials/cpu/cpu_best_practises.html])
  dgl_warning(
/workspace/pmp_vast/envs/pmp-author/lib/python3.10/site-packages/dgl/dataloading/dataloader.py:1076: DGLWarning: Dataloader CPU affinity opt is not enabled, consider switching it on (see enable_cpu_affinity() or CPU best practices for DGL [https://docs.dgl.ai/tutorials/cpu/cpu_best_practises.html])
  dgl_warning(
/workspace/pmp_vast/envs/pmp-author/lib/python3.10/site-packages/dgl/dataloading/dataloader.py:1076: DGLWarning: Dataloader CPU affinity opt is not enabled, consider switching it on (see enable_cpu_affinity() or CPU best practices for DGL [https://docs.dgl.ai/tutorials/cpu/cpu_best_practises.html])
  dgl_warning(
elliptic_tr40_seed42 epoch=020 loss=0.068830 val_AUPRC=0.499222 best=0.512123@6 patience=14/20 train=2.994s val=1.153s
/workspace/pmp_vast/envs/pmp-author/lib/python3.10/site-packages/dgl/dataloading/dataloader.py:1076: DGLWarning: Dataloader CPU affinity opt is not enabled, consider switching it on (see enable_cpu_affinity() or CPU best practices for DGL [https://docs.dgl.ai/tutorials/cpu/cpu_best_practises.html])
  dgl_warning(
/workspace/pmp_vast/envs/pmp-author/lib/python3.10/site-packages/dgl/dataloading/dataloader.py:1076: DGLWarning: Dataloader CPU affinity opt is not enabled, consider switching it on (see enable_cpu_affinity() or CPU best practices for DGL [https://docs.dgl.ai/tutorials/cpu/cpu_best_practises.html])
  dgl_warning(
/workspace/pmp_vast/envs/pmp-author/lib/python3.10/site-packages/dgl/dataloading/dataloader.py:1076: DGLWarning: Dataloader CPU affinity opt is not enabled, consider switching it on (see enable_cpu_affinity() or CPU best practices for DGL [https://docs.dgl.ai/tutorials/cpu/cpu_best_practises.html])
  dgl_warning(
/workspace/pmp_vast/envs/pmp-author/lib/python3.10/site-packages/dgl/dataloading/dataloader.py:1076: DGLWarning: Dataloader CPU affinity opt is not enabled, consider switching it on (see enable_cpu_affinity() or CPU best practices for DGL [https://docs.dgl.ai/tutorials/cpu/cpu_best_practises.html])
  dgl_warning(
elliptic_tr40_seed42 epoch=024 loss=0.057838 val_AUPRC=0.522256 best=0.522256@24 patience=0/20 train=2.357s val=1.123s
/workspace/pmp_vast/envs/pmp-author/lib/python3.10/site-packages/dgl/dataloading/dataloader.py:1076: DGLWarning: Dataloader CPU affinity opt is not enabled, consider switching it on (see enable_cpu_affinity() or CPU best practices for DGL [https://docs.dgl.ai/tutorials/cpu/cpu_best_practises.html])
  dgl_warning(
/workspace/pmp_vast/envs/pmp-author/lib/python3.10/site-packages/dgl/dataloading/dataloader.py:1076: DGLWarning: Dataloader CPU affinity opt is not enabled, consider switching it on (see enable_cpu_affinity() or CPU best practices for DGL [https://docs.dgl.ai/tutorials/cpu/cpu_best_practises.html])
  dgl_warning(
/workspace/pmp_vast/envs/pmp-author/lib/python3.10/site-packages/dgl/dataloading/dataloader.py:1076: DGLWarning: Dataloader CPU affinity opt is not enabled, consider switching it on (see enable_cpu_affinity() or CPU best practices for DGL [https://docs.dgl.ai/tutorials/cpu/cpu_best_practises.html])
  dgl_warning(
/workspace/pmp_vast/envs/pmp-author/lib/python3.10/site-packages/dgl/dataloading/dataloader.py:1076: DGLWarning: Dataloader CPU affinity opt is not enabled, consider switching it on (see enable_cpu_affinity() or CPU best practices for DGL [https://docs.dgl.ai/tutorials/cpu/cpu_best_practises.html])
  dgl_warning(
/workspace/pmp_vast/envs/pmp-author/lib/python3.10/site-packages/dgl/dataloading/dataloader.py:1076: DGLWarning: Dataloader CPU affinity opt is not enabled, consider switching it on (see enable_cpu_affinity() or CPU best practices for DGL [https://docs.dgl.ai/tutorials/cpu/cpu_best_practises.html])
  dgl_warning(
/workspace/pmp_vast/envs/pmp-author/lib/python3.10/site-packages/dgl/dataloading/dataloader.py:1076: DGLWarning: Dataloader CPU affinity opt is not enabled, consider switching it on (see enable_cpu_affinity() or CPU best practices for DGL [https://docs.dgl.ai/tutorials/cpu/cpu_best_practises.html])
  dgl_warning(
elliptic_tr40_seed42 epoch=030 loss=0.052207 val_AUPRC=0.489278 best=0.522256@24 patience=6/20 train=2.372s val=1.017s
/workspace/pmp_vast/envs/pmp-author/lib/python3.10/site-packages/dgl/dataloading/dataloader.py:1076: DGLWarning: Dataloader CPU affinity opt is not enabled, consider switching it on (see enable_cpu_affinity() or CPU best practices for DGL [https://docs.dgl.ai/tutorials/cpu/cpu_best_practises.html])
  dgl_warning(
elliptic_tr40_seed42 epoch=031 loss=0.054950 val_AUPRC=0.528148 best=0.528148@31 patience=0/20 train=2.360s val=1.022s
/workspace/pmp_vast/envs/pmp-author/lib/python3.10/site-packages/dgl/dataloading/dataloader.py:1076: DGLWarning: Dataloader CPU affinity opt is not enabled, consider switching it on (see enable_cpu_affinity() or CPU best practices for DGL [https://docs.dgl.ai/tutorials/cpu/cpu_best_practises.html])
  dgl_warning(
/workspace/pmp_vast/envs/pmp-author/lib/python3.10/site-packages/dgl/dataloading/dataloader.py:1076: DGLWarning: Dataloader CPU affinity opt is not enabled, consider switching it on (see enable_cpu_affinity() or CPU best practices for DGL [https://docs.dgl.ai/tutorials/cpu/cpu_best_practises.html])
  dgl_warning(
elliptic_tr40_seed42 epoch=033 loss=0.043887 val_AUPRC=0.536728 best=0.536728@33 patience=0/20 train=2.291s val=0.989s
/workspace/pmp_vast/envs/pmp-author/lib/python3.10/site-packages/dgl/dataloading/dataloader.py:1076: DGLWarning: Dataloader CPU affinity opt is not enabled, consider switching it on (see enable_cpu_affinity() or CPU best practices for DGL [https://docs.dgl.ai/tutorials/cpu/cpu_best_practises.html])
  dgl_warning(
/workspace/pmp_vast/envs/pmp-author/lib/python3.10/site-packages/dgl/dataloading/dataloader.py:1076: DGLWarning: Dataloader CPU affinity opt is not enabled, consider switching it on (see enable_cpu_affinity() or CPU best practices for DGL [https://docs.dgl.ai/tutorials/cpu/cpu_best_practises.html])
  dgl_warning(
/workspace/pmp_vast/envs/pmp-author/lib/python3.10/site-packages/dgl/dataloading/dataloader.py:1076: DGLWarning: Dataloader CPU affinity opt is not enabled, consider switching it on (see enable_cpu_affinity() or CPU best practices for DGL [https://docs.dgl.ai/tutorials/cpu/cpu_best_practises.html])
  dgl_warning(
elliptic_tr40_seed42 epoch=036 loss=0.040694 val_AUPRC=0.546669 best=0.546669@36 patience=0/20 train=2.344s val=1.007s
/workspace/pmp_vast/envs/pmp-author/lib/python3.10/site-packages/dgl/dataloading/dataloader.py:1076: DGLWarning: Dataloader CPU affinity opt is not enabled, consider switching it on (see enable_cpu_affinity() or CPU best practices for DGL [https://docs.dgl.ai/tutorials/cpu/cpu_best_practises.html])
  dgl_warning(
/workspace/pmp_vast/envs/pmp-author/lib/python3.10/site-packages/dgl/dataloading/dataloader.py:1076: DGLWarning: Dataloader CPU affinity opt is not enabled, consider switching it on (see enable_cpu_affinity() or CPU best practices for DGL [https://docs.dgl.ai/tutorials/cpu/cpu_best_practises.html])
  dgl_warning(
/workspace/pmp_vast/envs/pmp-author/lib/python3.10/site-packages/dgl/dataloading/dataloader.py:1076: DGLWarning: Dataloader CPU affinity opt is not enabled, consider switching it on (see enable_cpu_affinity() or CPU best practices for DGL [https://docs.dgl.ai/tutorials/cpu/cpu_best_practises.html])
  dgl_warning(
/workspace/pmp_vast/envs/pmp-author/lib/python3.10/site-packages/dgl/dataloading/dataloader.py:1076: DGLWarning: Dataloader CPU affinity opt is not enabled, consider switching it on (see enable_cpu_affinity() or CPU best practices for DGL [https://docs.dgl.ai/tutorials/cpu/cpu_best_practises.html])
  dgl_warning(
elliptic_tr40_seed42 epoch=040 loss=0.972614 val_AUPRC=0.407138 best=0.546669@36 patience=4/20 train=2.353s val=1.044s
/workspace/pmp_vast/envs/pmp-author/lib/python3.10/site-packages/dgl/dataloading/dataloader.py:1076: DGLWarning: Dataloader CPU affinity opt is not enabled, consider switching it on (see enable_cpu_affinity() or CPU best practices for DGL [https://docs.dgl.ai/tutorials/cpu/cpu_best_practises.html])
  dgl_warning(
/workspace/pmp_vast/envs/pmp-author/lib/python3.10/site-packages/dgl/dataloading/dataloader.py:1076: DGLWarning: Dataloader CPU affinity opt is not enabled, consider switching it on (see enable_cpu_affinity() or CPU best practices for DGL [https://docs.dgl.ai/tutorials/cpu/cpu_best_practises.html])
  dgl_warning(
/workspace/pmp_vast/envs/pmp-author/lib/python3.10/site-packages/dgl/dataloading/dataloader.py:1076: DGLWarning: Dataloader CPU affinity opt is not enabled, consider switching it on (see enable_cpu_affinity() or CPU best practices for DGL [https://docs.dgl.ai/tutorials/cpu/cpu_best_practises.html])
  dgl_warning(
/workspace/pmp_vast/envs/pmp-author/lib/python3.10/site-packages/dgl/dataloading/dataloader.py:1076: DGLWarning: Dataloader CPU affinity opt is not enabled, consider switching it on (see enable_cpu_affinity() or CPU best practices for DGL [https://docs.dgl.ai/tutorials/cpu/cpu_best_practises.html])
  dgl_warning(
/workspace/pmp_vast/envs/pmp-author/lib/python3.10/site-packages/dgl/dataloading/dataloader.py:1076: DGLWarning: Dataloader CPU affinity opt is not enabled, consider switching it on (see enable_cpu_affinity() or CPU best practices for DGL [https://docs.dgl.ai/tutorials/cpu/cpu_best_practises.html])
  dgl_warning(
/workspace/pmp_vast/envs/pmp-author/lib/python3.10/site-packages/dgl/dataloading/dataloader.py:1076: DGLWarning: Dataloader CPU affinity opt is not enabled, consider switching it on (see enable_cpu_affinity() or CPU best practices for DGL [https://docs.dgl.ai/tutorials/cpu/cpu_best_practises.html])
  dgl_warning(
/workspace/pmp_vast/envs/pmp-author/lib/python3.10/site-packages/dgl/dataloading/dataloader.py:1076: DGLWarning: Dataloader CPU affinity opt is not enabled, consider switching it on (see enable_cpu_affinity() or CPU best practices for DGL [https://docs.dgl.ai/tutorials/cpu/cpu_best_practises.html])
  dgl_warning(
/workspace/pmp_vast/envs/pmp-author/lib/python3.10/site-packages/dgl/dataloading/dataloader.py:1076: DGLWarning: Dataloader CPU affinity opt is not enabled, consider switching it on (see enable_cpu_affinity() or CPU best practices for DGL [https://docs.dgl.ai/tutorials/cpu/cpu_best_practises.html])
  dgl_warning(
/workspace/pmp_vast/envs/pmp-author/lib/python3.10/site-packages/dgl/dataloading/dataloader.py:1076: DGLWarning: Dataloader CPU affinity opt is not enabled, consider switching it on (see enable_cpu_affinity() or CPU best practices for DGL [https://docs.dgl.ai/tutorials/cpu/cpu_best_practises.html])
  dgl_warning(
elliptic_tr40_seed42 epoch=049 loss=0.063666 val_AUPRC=0.550632 best=0.550632@49 patience=0/20 train=2.279s val=0.990s
/workspace/pmp_vast/envs/pmp-author/lib/python3.10/site-packages/dgl/dataloading/dataloader.py:1076: DGLWarning: Dataloader CPU affinity opt is not enabled, consider switching it on (see enable_cpu_affinity() or CPU best practices for DGL [https://docs.dgl.ai/tutorials/cpu/cpu_best_practises.html])
  dgl_warning(
elliptic_tr40_seed42 epoch=050 loss=0.058750 val_AUPRC=0.563639 best=0.563639@50 patience=0/20 train=2.373s val=1.003s
/workspace/pmp_vast/envs/pmp-author/lib/python3.10/site-packages/dgl/dataloading/dataloader.py:1076: DGLWarning: Dataloader CPU affinity opt is not enabled, consider switching it on (see enable_cpu_affinity() or CPU best practices for DGL [https://docs.dgl.ai/tutorials/cpu/cpu_best_practises.html])
  dgl_warning(
/workspace/pmp_vast/envs/pmp-author/lib/python3.10/site-packages/dgl/dataloading/dataloader.py:1076: DGLWarning: Dataloader CPU affinity opt is not enabled, consider switching it on (see enable_cpu_affinity() or CPU best practices for DGL [https://docs.dgl.ai/tutorials/cpu/cpu_best_practises.html])
  dgl_warning(
elliptic_tr40_seed42 epoch=052 loss=0.051551 val_AUPRC=0.573980 best=0.573980@52 patience=0/20 train=2.315s val=1.003s
/workspace/pmp_vast/envs/pmp-author/lib/python3.10/site-packages/dgl/dataloading/dataloader.py:1076: DGLWarning: Dataloader CPU affinity opt is not enabled, consider switching it on (see enable_cpu_affinity() or CPU best practices for DGL [https://docs.dgl.ai/tutorials/cpu/cpu_best_practises.html])
  dgl_warning(
/workspace/pmp_vast/envs/pmp-author/lib/python3.10/site-packages/dgl/dataloading/dataloader.py:1076: DGLWarning: Dataloader CPU affinity opt is not enabled, consider switching it on (see enable_cpu_affinity() or CPU best practices for DGL [https://docs.dgl.ai/tutorials/cpu/cpu_best_practises.html])
  dgl_warning(
/workspace/pmp_vast/envs/pmp-author/lib/python3.10/site-packages/dgl/dataloading/dataloader.py:1076: DGLWarning: Dataloader CPU affinity opt is not enabled, consider switching it on (see enable_cpu_affinity() or CPU best practices for DGL [https://docs.dgl.ai/tutorials/cpu/cpu_best_practises.html])
  dgl_warning(
/workspace/pmp_vast/envs/pmp-author/lib/python3.10/site-packages/dgl/dataloading/dataloader.py:1076: DGLWarning: Dataloader CPU affinity opt is not enabled, consider switching it on (see enable_cpu_affinity() or CPU best practices for DGL [https://docs.dgl.ai/tutorials/cpu/cpu_best_practises.html])
  dgl_warning(
/workspace/pmp_vast/envs/pmp-author/lib/python3.10/site-packages/dgl/dataloading/dataloader.py:1076: DGLWarning: Dataloader CPU affinity opt is not enabled, consider switching it on (see enable_cpu_affinity() or CPU best practices for DGL [https://docs.dgl.ai/tutorials/cpu/cpu_best_practises.html])
  dgl_warning(
/workspace/pmp_vast/envs/pmp-author/lib/python3.10/site-packages/dgl/dataloading/dataloader.py:1076: DGLWarning: Dataloader CPU affinity opt is not enabled, consider switching it on (see enable_cpu_affinity() or CPU best practices for DGL [https://docs.dgl.ai/tutorials/cpu/cpu_best_practises.html])
  dgl_warning(
/workspace/pmp_vast/envs/pmp-author/lib/python3.10/site-packages/dgl/dataloading/dataloader.py:1076: DGLWarning: Dataloader CPU affinity opt is not enabled, consider switching it on (see enable_cpu_affinity() or CPU best practices for DGL [https://docs.dgl.ai/tutorials/cpu/cpu_best_practises.html])
  dgl_warning(
/workspace/pmp_vast/envs/pmp-author/lib/python3.10/site-packages/dgl/dataloading/dataloader.py:1076: DGLWarning: Dataloader CPU affinity opt is not enabled, consider switching it on (see enable_cpu_affinity() or CPU best practices for DGL [https://docs.dgl.ai/tutorials/cpu/cpu_best_practises.html])
  dgl_warning(
elliptic_tr40_seed42 epoch=060 loss=0.055269 val_AUPRC=0.552814 best=0.573980@52 patience=8/20 train=2.402s val=1.025s
/workspace/pmp_vast/envs/pmp-author/lib/python3.10/site-packages/dgl/dataloading/dataloader.py:1076: DGLWarning: Dataloader CPU affinity opt is not enabled, consider switching it on (see enable_cpu_affinity() or CPU best practices for DGL [https://docs.dgl.ai/tutorials/cpu/cpu_best_practises.html])
  dgl_warning(
/workspace/pmp_vast/envs/pmp-author/lib/python3.10/site-packages/dgl/dataloading/dataloader.py:1076: DGLWarning: Dataloader CPU affinity opt is not enabled, consider switching it on (see enable_cpu_affinity() or CPU best practices for DGL [https://docs.dgl.ai/tutorials/cpu/cpu_best_practises.html])
  dgl_warning(
/workspace/pmp_vast/envs/pmp-author/lib/python3.10/site-packages/dgl/dataloading/dataloader.py:1076: DGLWarning: Dataloader CPU affinity opt is not enabled, consider switching it on (see enable_cpu_affinity() or CPU best practices for DGL [https://docs.dgl.ai/tutorials/cpu/cpu_best_practises.html])
  dgl_warning(
/workspace/pmp_vast/envs/pmp-author/lib/python3.10/site-packages/dgl/dataloading/dataloader.py:1076: DGLWarning: Dataloader CPU affinity opt is not enabled, consider switching it on (see enable_cpu_affinity() or CPU best practices for DGL [https://docs.dgl.ai/tutorials/cpu/cpu_best_practises.html])
  dgl_warning(
/workspace/pmp_vast/envs/pmp-author/lib/python3.10/site-packages/dgl/dataloading/dataloader.py:1076: DGLWarning: Dataloader CPU affinity opt is not enabled, consider switching it on (see enable_cpu_affinity() or CPU best practices for DGL [https://docs.dgl.ai/tutorials/cpu/cpu_best_practises.html])
  dgl_warning(
/workspace/pmp_vast/envs/pmp-author/lib/python3.10/site-packages/dgl/dataloading/dataloader.py:1076: DGLWarning: Dataloader CPU affinity opt is not enabled, consider switching it on (see enable_cpu_affinity() or CPU best practices for DGL [https://docs.dgl.ai/tutorials/cpu/cpu_best_practises.html])
  dgl_warning(
elliptic_tr40_seed42 epoch=066 loss=0.041371 val_AUPRC=0.580227 best=0.580227@66 patience=0/20 train=2.418s val=1.046s
/workspace/pmp_vast/envs/pmp-author/lib/python3.10/site-packages/dgl/dataloading/dataloader.py:1076: DGLWarning: Dataloader CPU affinity opt is not enabled, consider switching it on (see enable_cpu_affinity() or CPU best practices for DGL [https://docs.dgl.ai/tutorials/cpu/cpu_best_practises.html])
  dgl_warning(
/workspace/pmp_vast/envs/pmp-author/lib/python3.10/site-packages/dgl/dataloading/dataloader.py:1076: DGLWarning: Dataloader CPU affinity opt is not enabled, consider switching it on (see enable_cpu_affinity() or CPU best practices for DGL [https://docs.dgl.ai/tutorials/cpu/cpu_best_practises.html])
  dgl_warning(
elliptic_tr40_seed42 epoch=068 loss=0.040012 val_AUPRC=0.581680 best=0.581680@68 patience=0/20 train=2.333s val=1.085s
/workspace/pmp_vast/envs/pmp-author/lib/python3.10/site-packages/dgl/dataloading/dataloader.py:1076: DGLWarning: Dataloader CPU affinity opt is not enabled, consider switching it on (see enable_cpu_affinity() or CPU best practices for DGL [https://docs.dgl.ai/tutorials/cpu/cpu_best_practises.html])
  dgl_warning(
/workspace/pmp_vast/envs/pmp-author/lib/python3.10/site-packages/dgl/dataloading/dataloader.py:1076: DGLWarning: Dataloader CPU affinity opt is not enabled, consider switching it on (see enable_cpu_affinity() or CPU best practices for DGL [https://docs.dgl.ai/tutorials/cpu/cpu_best_practises.html])
  dgl_warning(
elliptic_tr40_seed42 epoch=070 loss=0.037961 val_AUPRC=0.564614 best=0.581680@68 patience=2/20 train=2.403s val=1.000s
/workspace/pmp_vast/envs/pmp-author/lib/python3.10/site-packages/dgl/dataloading/dataloader.py:1076: DGLWarning: Dataloader CPU affinity opt is not enabled, consider switching it on (see enable_cpu_affinity() or CPU best practices for DGL [https://docs.dgl.ai/tutorials/cpu/cpu_best_practises.html])
  dgl_warning(
elliptic_tr40_seed42 epoch=071 loss=0.055370 val_AUPRC=0.591010 best=0.591010@71 patience=0/20 train=2.415s val=0.999s
/workspace/pmp_vast/envs/pmp-author/lib/python3.10/site-packages/dgl/dataloading/dataloader.py:1076: DGLWarning: Dataloader CPU affinity opt is not enabled, consider switching it on (see enable_cpu_affinity() or CPU best practices for DGL [https://docs.dgl.ai/tutorials/cpu/cpu_best_practises.html])
  dgl_warning(
/workspace/pmp_vast/envs/pmp-author/lib/python3.10/site-packages/dgl/dataloading/dataloader.py:1076: DGLWarning: Dataloader CPU affinity opt is not enabled, consider switching it on (see enable_cpu_affinity() or CPU best practices for DGL [https://docs.dgl.ai/tutorials/cpu/cpu_best_practises.html])
  dgl_warning(
/workspace/pmp_vast/envs/pmp-author/lib/python3.10/site-packages/dgl/dataloading/dataloader.py:1076: DGLWarning: Dataloader CPU affinity opt is not enabled, consider switching it on (see enable_cpu_affinity() or CPU best practices for DGL [https://docs.dgl.ai/tutorials/cpu/cpu_best_practises.html])
  dgl_warning(
/workspace/pmp_vast/envs/pmp-author/lib/python3.10/site-packages/dgl/dataloading/dataloader.py:1076: DGLWarning: Dataloader CPU affinity opt is not enabled, consider switching it on (see enable_cpu_affinity() or CPU best practices for DGL [https://docs.dgl.ai/tutorials/cpu/cpu_best_practises.html])
  dgl_warning(
/workspace/pmp_vast/envs/pmp-author/lib/python3.10/site-packages/dgl/dataloading/dataloader.py:1076: DGLWarning: Dataloader CPU affinity opt is not enabled, consider switching it on (see enable_cpu_affinity() or CPU best practices for DGL [https://docs.dgl.ai/tutorials/cpu/cpu_best_practises.html])
  dgl_warning(
/workspace/pmp_vast/envs/pmp-author/lib/python3.10/site-packages/dgl/dataloading/dataloader.py:1076: DGLWarning: Dataloader CPU affinity opt is not enabled, consider switching it on (see enable_cpu_affinity() or CPU best practices for DGL [https://docs.dgl.ai/tutorials/cpu/cpu_best_practises.html])
  dgl_warning(
/workspace/pmp_vast/envs/pmp-author/lib/python3.10/site-packages/dgl/dataloading/dataloader.py:1076: DGLWarning: Dataloader CPU affinity opt is not enabled, consider switching it on (see enable_cpu_affinity() or CPU best practices for DGL [https://docs.dgl.ai/tutorials/cpu/cpu_best_practises.html])
  dgl_warning(
/workspace/pmp_vast/envs/pmp-author/lib/python3.10/site-packages/dgl/dataloading/dataloader.py:1076: DGLWarning: Dataloader CPU affinity opt is not enabled, consider switching it on (see enable_cpu_affinity() or CPU best practices for DGL [https://docs.dgl.ai/tutorials/cpu/cpu_best_practises.html])
  dgl_warning(
/workspace/pmp_vast/envs/pmp-author/lib/python3.10/site-packages/dgl/dataloading/dataloader.py:1076: DGLWarning: Dataloader CPU affinity opt is not enabled, consider switching it on (see enable_cpu_affinity() or CPU best practices for DGL [https://docs.dgl.ai/tutorials/cpu/cpu_best_practises.html])
  dgl_warning(
elliptic_tr40_seed42 epoch=080 loss=0.028017 val_AUPRC=0.575864 best=0.591010@71 patience=9/20 train=2.394s val=1.034s
/workspace/pmp_vast/envs/pmp-author/lib/python3.10/site-packages/dgl/dataloading/dataloader.py:1076: DGLWarning: Dataloader CPU affinity opt is not enabled, consider switching it on (see enable_cpu_affinity() or CPU best practices for DGL [https://docs.dgl.ai/tutorials/cpu/cpu_best_practises.html])
  dgl_warning(
/workspace/pmp_vast/envs/pmp-author/lib/python3.10/site-packages/dgl/dataloading/dataloader.py:1076: DGLWarning: Dataloader CPU affinity opt is not enabled, consider switching it on (see enable_cpu_affinity() or CPU best practices for DGL [https://docs.dgl.ai/tutorials/cpu/cpu_best_practises.html])
  dgl_warning(
/workspace/pmp_vast/envs/pmp-author/lib/python3.10/site-packages/dgl/dataloading/dataloader.py:1076: DGLWarning: Dataloader CPU affinity opt is not enabled, consider switching it on (see enable_cpu_affinity() or CPU best practices for DGL [https://docs.dgl.ai/tutorials/cpu/cpu_best_practises.html])
  dgl_warning(
/workspace/pmp_vast/envs/pmp-author/lib/python3.10/site-packages/dgl/dataloading/dataloader.py:1076: DGLWarning: Dataloader CPU affinity opt is not enabled, consider switching it on (see enable_cpu_affinity() or CPU best practices for DGL [https://docs.dgl.ai/tutorials/cpu/cpu_best_practises.html])
  dgl_warning(
/workspace/pmp_vast/envs/pmp-author/lib/python3.10/site-packages/dgl/dataloading/dataloader.py:1076: DGLWarning: Dataloader CPU affinity opt is not enabled, consider switching it on (see enable_cpu_affinity() or CPU best practices for DGL [https://docs.dgl.ai/tutorials/cpu/cpu_best_practises.html])
  dgl_warning(
/workspace/pmp_vast/envs/pmp-author/lib/python3.10/site-packages/dgl/dataloading/dataloader.py:1076: DGLWarning: Dataloader CPU affinity opt is not enabled, consider switching it on (see enable_cpu_affinity() or CPU best practices for DGL [https://docs.dgl.ai/tutorials/cpu/cpu_best_practises.html])
  dgl_warning(
/workspace/pmp_vast/envs/pmp-author/lib/python3.10/site-packages/dgl/dataloading/dataloader.py:1076: DGLWarning: Dataloader CPU affinity opt is not enabled, consider switching it on (see enable_cpu_affinity() or CPU best practices for DGL [https://docs.dgl.ai/tutorials/cpu/cpu_best_practises.html])
  dgl_warning(
/workspace/pmp_vast/envs/pmp-author/lib/python3.10/site-packages/dgl/dataloading/dataloader.py:1076: DGLWarning: Dataloader CPU affinity opt is not enabled, consider switching it on (see enable_cpu_affinity() or CPU best practices for DGL [https://docs.dgl.ai/tutorials/cpu/cpu_best_practises.html])
  dgl_warning(
/workspace/pmp_vast/envs/pmp-author/lib/python3.10/site-packages/dgl/dataloading/dataloader.py:1076: DGLWarning: Dataloader CPU affinity opt is not enabled, consider switching it on (see enable_cpu_affinity() or CPU best practices for DGL [https://docs.dgl.ai/tutorials/cpu/cpu_best_practises.html])
  dgl_warning(
/workspace/pmp_vast/envs/pmp-author/lib/python3.10/site-packages/dgl/dataloading/dataloader.py:1076: DGLWarning: Dataloader CPU affinity opt is not enabled, consider switching it on (see enable_cpu_affinity() or CPU best practices for DGL [https://docs.dgl.ai/tutorials/cpu/cpu_best_practises.html])
  dgl_warning(
elliptic_tr40_seed42 epoch=090 loss=0.573107 val_AUPRC=0.495836 best=0.591010@71 patience=19/20 train=2.339s val=1.039s
/workspace/pmp_vast/envs/pmp-author/lib/python3.10/site-packages/dgl/dataloading/dataloader.py:1076: DGLWarning: Dataloader CPU affinity opt is not enabled, consider switching it on (see enable_cpu_affinity() or CPU best practices for DGL [https://docs.dgl.ai/tutorials/cpu/cpu_best_practises.html])
  dgl_warning(
elliptic_tr40_seed42 epoch=091 loss=2.563354 val_AUPRC=0.418587 best=0.591010@71 patience=20/20 train=2.488s val=1.062s
EARLY_STOP elliptic_tr40_seed42 epoch=91 best_epoch=71
/workspace/pmp_vast/envs/pmp-author/lib/python3.10/site-packages/dgl/dataloading/dataloader.py:1076: DGLWarning: Dataloader CPU affinity opt is not enabled, consider switching it on (see enable_cpu_affinity() or CPU best practices for DGL [https://docs.dgl.ai/tutorials/cpu/cpu_best_practises.html])
  dgl_warning(
elliptic_tr40_seed42 FROZEN checkpoint_epoch=71 val_AUPRC=0.591010 threshold=0.46
/workspace/pmp_vast/envs/pmp-author/lib/python3.10/site-packages/dgl/dataloading/dataloader.py:1076: DGLWarning: Dataloader CPU affinity opt is not enabled, consider switching it on (see enable_cpu_affinity() or CPU best practices for DGL [https://docs.dgl.ai/tutorials/cpu/cpu_best_practises.html])
  dgl_warning(
FINAL elliptic_tr40_seed42 PASS | AUPRC=0.374807 AUROC=0.817633 MacroF1=0.699072 Recall=0.389226

===== FINAL RUN elliptic_tr40_seed72 =====
TEST_EVAL_BATCH_ADAPTER=FULL_FIXED_TEST_SINGLE_BATCH nodes=18949
/workspace/pmp_vast/envs/pmp-author/lib/python3.10/site-packages/dgl/dataloading/dataloader.py:1076: DGLWarning: Dataloader CPU affinity opt is not enabled, consider switching it on (see enable_cpu_affinity() or CPU best practices for DGL [https://docs.dgl.ai/tutorials/cpu/cpu_best_practises.html])
  dgl_warning(
elliptic_tr40_seed72 epoch=001 loss=0.301168 val_AUPRC=0.409260 best=0.409260@1 patience=0/20 train=2.347s val=1.038s
/workspace/pmp_vast/envs/pmp-author/lib/python3.10/site-packages/dgl/dataloading/dataloader.py:1076: DGLWarning: Dataloader CPU affinity opt is not enabled, consider switching it on (see enable_cpu_affinity() or CPU best practices for DGL [https://docs.dgl.ai/tutorials/cpu/cpu_best_practises.html])
  dgl_warning(
elliptic_tr40_seed72 epoch=002 loss=0.308269 val_AUPRC=0.463191 best=0.463191@2 patience=0/20 train=2.395s val=1.016s
/workspace/pmp_vast/envs/pmp-author/lib/python3.10/site-packages/dgl/dataloading/dataloader.py:1076: DGLWarning: Dataloader CPU affinity opt is not enabled, consider switching it on (see enable_cpu_affinity() or CPU best practices for DGL [https://docs.dgl.ai/tutorials/cpu/cpu_best_practises.html])
  dgl_warning(
/workspace/pmp_vast/envs/pmp-author/lib/python3.10/site-packages/dgl/dataloading/dataloader.py:1076: DGLWarning: Dataloader CPU affinity opt is not enabled, consider switching it on (see enable_cpu_affinity() or CPU best practices for DGL [https://docs.dgl.ai/tutorials/cpu/cpu_best_practises.html])
  dgl_warning(
/workspace/pmp_vast/envs/pmp-author/lib/python3.10/site-packages/dgl/dataloading/dataloader.py:1076: DGLWarning: Dataloader CPU affinity opt is not enabled, consider switching it on (see enable_cpu_affinity() or CPU best practices for DGL [https://docs.dgl.ai/tutorials/cpu/cpu_best_practises.html])
  dgl_warning(
/workspace/pmp_vast/envs/pmp-author/lib/python3.10/site-packages/dgl/dataloading/dataloader.py:1076: DGLWarning: Dataloader CPU affinity opt is not enabled, consider switching it on (see enable_cpu_affinity() or CPU best practices for DGL [https://docs.dgl.ai/tutorials/cpu/cpu_best_practises.html])
  dgl_warning(
/workspace/pmp_vast/envs/pmp-author/lib/python3.10/site-packages/dgl/dataloading/dataloader.py:1076: DGLWarning: Dataloader CPU affinity opt is not enabled, consider switching it on (see enable_cpu_affinity() or CPU best practices for DGL [https://docs.dgl.ai/tutorials/cpu/cpu_best_practises.html])
  dgl_warning(
elliptic_tr40_seed72 epoch=007 loss=0.137520 val_AUPRC=0.505669 best=0.505669@7 patience=0/20 train=2.350s val=0.998s
/workspace/pmp_vast/envs/pmp-author/lib/python3.10/site-packages/dgl/dataloading/dataloader.py:1076: DGLWarning: Dataloader CPU affinity opt is not enabled, consider switching it on (see enable_cpu_affinity() or CPU best practices for DGL [https://docs.dgl.ai/tutorials/cpu/cpu_best_practises.html])
  dgl_warning(
elliptic_tr40_seed72 epoch=008 loss=0.115353 val_AUPRC=0.538723 best=0.538723@8 patience=0/20 train=2.277s val=1.050s
/workspace/pmp_vast/envs/pmp-author/lib/python3.10/site-packages/dgl/dataloading/dataloader.py:1076: DGLWarning: Dataloader CPU affinity opt is not enabled, consider switching it on (see enable_cpu_affinity() or CPU best practices for DGL [https://docs.dgl.ai/tutorials/cpu/cpu_best_practises.html])
  dgl_warning(
elliptic_tr40_seed72 epoch=009 loss=0.085868 val_AUPRC=0.545722 best=0.545722@9 patience=0/20 train=2.435s val=1.057s
/workspace/pmp_vast/envs/pmp-author/lib/python3.10/site-packages/dgl/dataloading/dataloader.py:1076: DGLWarning: Dataloader CPU affinity opt is not enabled, consider switching it on (see enable_cpu_affinity() or CPU best practices for DGL [https://docs.dgl.ai/tutorials/cpu/cpu_best_practises.html])
  dgl_warning(
elliptic_tr40_seed72 epoch=010 loss=0.073588 val_AUPRC=0.592301 best=0.592301@10 patience=0/20 train=2.365s val=1.049s
/workspace/pmp_vast/envs/pmp-author/lib/python3.10/site-packages/dgl/dataloading/dataloader.py:1076: DGLWarning: Dataloader CPU affinity opt is not enabled, consider switching it on (see enable_cpu_affinity() or CPU best practices for DGL [https://docs.dgl.ai/tutorials/cpu/cpu_best_practises.html])
  dgl_warning(
/workspace/pmp_vast/envs/pmp-author/lib/python3.10/site-packages/dgl/dataloading/dataloader.py:1076: DGLWarning: Dataloader CPU affinity opt is not enabled, consider switching it on (see enable_cpu_affinity() or CPU best practices for DGL [https://docs.dgl.ai/tutorials/cpu/cpu_best_practises.html])
  dgl_warning(
elliptic_tr40_seed72 epoch=012 loss=0.082929 val_AUPRC=0.593279 best=0.593279@12 patience=0/20 train=2.319s val=1.029s
/workspace/pmp_vast/envs/pmp-author/lib/python3.10/site-packages/dgl/dataloading/dataloader.py:1076: DGLWarning: Dataloader CPU affinity opt is not enabled, consider switching it on (see enable_cpu_affinity() or CPU best practices for DGL [https://docs.dgl.ai/tutorials/cpu/cpu_best_practises.html])
  dgl_warning(
/workspace/pmp_vast/envs/pmp-author/lib/python3.10/site-packages/dgl/dataloading/dataloader.py:1076: DGLWarning: Dataloader CPU affinity opt is not enabled, consider switching it on (see enable_cpu_affinity() or CPU best practices for DGL [https://docs.dgl.ai/tutorials/cpu/cpu_best_practises.html])
  dgl_warning(
/workspace/pmp_vast/envs/pmp-author/lib/python3.10/site-packages/dgl/dataloading/dataloader.py:1076: DGLWarning: Dataloader CPU affinity opt is not enabled, consider switching it on (see enable_cpu_affinity() or CPU best practices for DGL [https://docs.dgl.ai/tutorials/cpu/cpu_best_practises.html])
  dgl_warning(
/workspace/pmp_vast/envs/pmp-author/lib/python3.10/site-packages/dgl/dataloading/dataloader.py:1076: DGLWarning: Dataloader CPU affinity opt is not enabled, consider switching it on (see enable_cpu_affinity() or CPU best practices for DGL [https://docs.dgl.ai/tutorials/cpu/cpu_best_practises.html])
  dgl_warning(
/workspace/pmp_vast/envs/pmp-author/lib/python3.10/site-packages/dgl/dataloading/dataloader.py:1076: DGLWarning: Dataloader CPU affinity opt is not enabled, consider switching it on (see enable_cpu_affinity() or CPU best practices for DGL [https://docs.dgl.ai/tutorials/cpu/cpu_best_practises.html])
  dgl_warning(
elliptic_tr40_seed72 epoch=017 loss=0.066531 val_AUPRC=0.598603 best=0.598603@17 patience=0/20 train=2.430s val=1.064s
/workspace/pmp_vast/envs/pmp-author/lib/python3.10/site-packages/dgl/dataloading/dataloader.py:1076: DGLWarning: Dataloader CPU affinity opt is not enabled, consider switching it on (see enable_cpu_affinity() or CPU best practices for DGL [https://docs.dgl.ai/tutorials/cpu/cpu_best_practises.html])
  dgl_warning(
/workspace/pmp_vast/envs/pmp-author/lib/python3.10/site-packages/dgl/dataloading/dataloader.py:1076: DGLWarning: Dataloader CPU affinity opt is not enabled, consider switching it on (see enable_cpu_affinity() or CPU best practices for DGL [https://docs.dgl.ai/tutorials/cpu/cpu_best_practises.html])
  dgl_warning(
elliptic_tr40_seed72 epoch=019 loss=0.047659 val_AUPRC=0.609510 best=0.609510@19 patience=0/20 train=2.430s val=1.145s
/workspace/pmp_vast/envs/pmp-author/lib/python3.10/site-packages/dgl/dataloading/dataloader.py:1076: DGLWarning: Dataloader CPU affinity opt is not enabled, consider switching it on (see enable_cpu_affinity() or CPU best practices for DGL [https://docs.dgl.ai/tutorials/cpu/cpu_best_practises.html])
  dgl_warning(
elliptic_tr40_seed72 epoch=020 loss=0.051377 val_AUPRC=0.604334 best=0.609510@19 patience=1/20 train=2.458s val=1.123s
/workspace/pmp_vast/envs/pmp-author/lib/python3.10/site-packages/dgl/dataloading/dataloader.py:1076: DGLWarning: Dataloader CPU affinity opt is not enabled, consider switching it on (see enable_cpu_affinity() or CPU best practices for DGL [https://docs.dgl.ai/tutorials/cpu/cpu_best_practises.html])
  dgl_warning(
elliptic_tr40_seed72 epoch=021 loss=0.048640 val_AUPRC=0.617234 best=0.617234@21 patience=0/20 train=2.602s val=1.123s
/workspace/pmp_vast/envs/pmp-author/lib/python3.10/site-packages/dgl/dataloading/dataloader.py:1076: DGLWarning: Dataloader CPU affinity opt is not enabled, consider switching it on (see enable_cpu_affinity() or CPU best practices for DGL [https://docs.dgl.ai/tutorials/cpu/cpu_best_practises.html])
  dgl_warning(
elliptic_tr40_seed72 epoch=022 loss=0.042372 val_AUPRC=0.629423 best=0.629423@22 patience=0/20 train=2.801s val=1.136s
/workspace/pmp_vast/envs/pmp-author/lib/python3.10/site-packages/dgl/dataloading/dataloader.py:1076: DGLWarning: Dataloader CPU affinity opt is not enabled, consider switching it on (see enable_cpu_affinity() or CPU best practices for DGL [https://docs.dgl.ai/tutorials/cpu/cpu_best_practises.html])
  dgl_warning(
elliptic_tr40_seed72 epoch=023 loss=0.040300 val_AUPRC=0.634590 best=0.634590@23 patience=0/20 train=2.789s val=1.183s
/workspace/pmp_vast/envs/pmp-author/lib/python3.10/site-packages/dgl/dataloading/dataloader.py:1076: DGLWarning: Dataloader CPU affinity opt is not enabled, consider switching it on (see enable_cpu_affinity() or CPU best practices for DGL [https://docs.dgl.ai/tutorials/cpu/cpu_best_practises.html])
  dgl_warning(
/workspace/pmp_vast/envs/pmp-author/lib/python3.10/site-packages/dgl/dataloading/dataloader.py:1076: DGLWarning: Dataloader CPU affinity opt is not enabled, consider switching it on (see enable_cpu_affinity() or CPU best practices for DGL [https://docs.dgl.ai/tutorials/cpu/cpu_best_practises.html])
  dgl_warning(
/workspace/pmp_vast/envs/pmp-author/lib/python3.10/site-packages/dgl/dataloading/dataloader.py:1076: DGLWarning: Dataloader CPU affinity opt is not enabled, consider switching it on (see enable_cpu_affinity() or CPU best practices for DGL [https://docs.dgl.ai/tutorials/cpu/cpu_best_practises.html])
  dgl_warning(
/workspace/pmp_vast/envs/pmp-author/lib/python3.10/site-packages/dgl/dataloading/dataloader.py:1076: DGLWarning: Dataloader CPU affinity opt is not enabled, consider switching it on (see enable_cpu_affinity() or CPU best practices for DGL [https://docs.dgl.ai/tutorials/cpu/cpu_best_practises.html])
  dgl_warning(
/workspace/pmp_vast/envs/pmp-author/lib/python3.10/site-packages/dgl/dataloading/dataloader.py:1076: DGLWarning: Dataloader CPU affinity opt is not enabled, consider switching it on (see enable_cpu_affinity() or CPU best practices for DGL [https://docs.dgl.ai/tutorials/cpu/cpu_best_practises.html])
  dgl_warning(
/workspace/pmp_vast/envs/pmp-author/lib/python3.10/site-packages/dgl/dataloading/dataloader.py:1076: DGLWarning: Dataloader CPU affinity opt is not enabled, consider switching it on (see enable_cpu_affinity() or CPU best practices for DGL [https://docs.dgl.ai/tutorials/cpu/cpu_best_practises.html])
  dgl_warning(
/workspace/pmp_vast/envs/pmp-author/lib/python3.10/site-packages/dgl/dataloading/dataloader.py:1076: DGLWarning: Dataloader CPU affinity opt is not enabled, consider switching it on (see enable_cpu_affinity() or CPU best practices for DGL [https://docs.dgl.ai/tutorials/cpu/cpu_best_practises.html])
  dgl_warning(
elliptic_tr40_seed72 epoch=030 loss=2.134057 val_AUPRC=0.287295 best=0.634590@23 patience=7/20 train=2.478s val=1.006s
/workspace/pmp_vast/envs/pmp-author/lib/python3.10/site-packages/dgl/dataloading/dataloader.py:1076: DGLWarning: Dataloader CPU affinity opt is not enabled, consider switching it on (see enable_cpu_affinity() or CPU best practices for DGL [https://docs.dgl.ai/tutorials/cpu/cpu_best_practises.html])
  dgl_warning(
/workspace/pmp_vast/envs/pmp-author/lib/python3.10/site-packages/dgl/dataloading/dataloader.py:1076: DGLWarning: Dataloader CPU affinity opt is not enabled, consider switching it on (see enable_cpu_affinity() or CPU best practices for DGL [https://docs.dgl.ai/tutorials/cpu/cpu_best_practises.html])
  dgl_warning(
/workspace/pmp_vast/envs/pmp-author/lib/python3.10/site-packages/dgl/dataloading/dataloader.py:1076: DGLWarning: Dataloader CPU affinity opt is not enabled, consider switching it on (see enable_cpu_affinity() or CPU best practices for DGL [https://docs.dgl.ai/tutorials/cpu/cpu_best_practises.html])
  dgl_warning(
/workspace/pmp_vast/envs/pmp-author/lib/python3.10/site-packages/dgl/dataloading/dataloader.py:1076: DGLWarning: Dataloader CPU affinity opt is not enabled, consider switching it on (see enable_cpu_affinity() or CPU best practices for DGL [https://docs.dgl.ai/tutorials/cpu/cpu_best_practises.html])
  dgl_warning(
/workspace/pmp_vast/envs/pmp-author/lib/python3.10/site-packages/dgl/dataloading/dataloader.py:1076: DGLWarning: Dataloader CPU affinity opt is not enabled, consider switching it on (see enable_cpu_affinity() or CPU best practices for DGL [https://docs.dgl.ai/tutorials/cpu/cpu_best_practises.html])
  dgl_warning(
/workspace/pmp_vast/envs/pmp-author/lib/python3.10/site-packages/dgl/dataloading/dataloader.py:1076: DGLWarning: Dataloader CPU affinity opt is not enabled, consider switching it on (see enable_cpu_affinity() or CPU best practices for DGL [https://docs.dgl.ai/tutorials/cpu/cpu_best_practises.html])
  dgl_warning(
/workspace/pmp_vast/envs/pmp-author/lib/python3.10/site-packages/dgl/dataloading/dataloader.py:1076: DGLWarning: Dataloader CPU affinity opt is not enabled, consider switching it on (see enable_cpu_affinity() or CPU best practices for DGL [https://docs.dgl.ai/tutorials/cpu/cpu_best_practises.html])
  dgl_warning(
/workspace/pmp_vast/envs/pmp-author/lib/python3.10/site-packages/dgl/dataloading/dataloader.py:1076: DGLWarning: Dataloader CPU affinity opt is not enabled, consider switching it on (see enable_cpu_affinity() or CPU best practices for DGL [https://docs.dgl.ai/tutorials/cpu/cpu_best_practises.html])
  dgl_warning(
/workspace/pmp_vast/envs/pmp-author/lib/python3.10/site-packages/dgl/dataloading/dataloader.py:1076: DGLWarning: Dataloader CPU affinity opt is not enabled, consider switching it on (see enable_cpu_affinity() or CPU best practices for DGL [https://docs.dgl.ai/tutorials/cpu/cpu_best_practises.html])
  dgl_warning(
/workspace/pmp_vast/envs/pmp-author/lib/python3.10/site-packages/dgl/dataloading/dataloader.py:1076: DGLWarning: Dataloader CPU affinity opt is not enabled, consider switching it on (see enable_cpu_affinity() or CPU best practices for DGL [https://docs.dgl.ai/tutorials/cpu/cpu_best_practises.html])
  dgl_warning(
elliptic_tr40_seed72 epoch=040 loss=0.143510 val_AUPRC=0.449774 best=0.634590@23 patience=17/20 train=2.586s val=1.126s
/workspace/pmp_vast/envs/pmp-author/lib/python3.10/site-packages/dgl/dataloading/dataloader.py:1076: DGLWarning: Dataloader CPU affinity opt is not enabled, consider switching it on (see enable_cpu_affinity() or CPU best practices for DGL [https://docs.dgl.ai/tutorials/cpu/cpu_best_practises.html])
  dgl_warning(
/workspace/pmp_vast/envs/pmp-author/lib/python3.10/site-packages/dgl/dataloading/dataloader.py:1076: DGLWarning: Dataloader CPU affinity opt is not enabled, consider switching it on (see enable_cpu_affinity() or CPU best practices for DGL [https://docs.dgl.ai/tutorials/cpu/cpu_best_practises.html])
  dgl_warning(
/workspace/pmp_vast/envs/pmp-author/lib/python3.10/site-packages/dgl/dataloading/dataloader.py:1076: DGLWarning: Dataloader CPU affinity opt is not enabled, consider switching it on (see enable_cpu_affinity() or CPU best practices for DGL [https://docs.dgl.ai/tutorials/cpu/cpu_best_practises.html])
  dgl_warning(
elliptic_tr40_seed72 epoch=043 loss=0.097045 val_AUPRC=0.482191 best=0.634590@23 patience=20/20 train=2.608s val=1.144s
EARLY_STOP elliptic_tr40_seed72 epoch=43 best_epoch=23
/workspace/pmp_vast/envs/pmp-author/lib/python3.10/site-packages/dgl/dataloading/dataloader.py:1076: DGLWarning: Dataloader CPU affinity opt is not enabled, consider switching it on (see enable_cpu_affinity() or CPU best practices for DGL [https://docs.dgl.ai/tutorials/cpu/cpu_best_practises.html])
  dgl_warning(
elliptic_tr40_seed72 FROZEN checkpoint_epoch=23 val_AUPRC=0.634590 threshold=0.62
/workspace/pmp_vast/envs/pmp-author/lib/python3.10/site-packages/dgl/dataloading/dataloader.py:1076: DGLWarning: Dataloader CPU affinity opt is not enabled, consider switching it on (see enable_cpu_affinity() or CPU best practices for DGL [https://docs.dgl.ai/tutorials/cpu/cpu_best_practises.html])
  dgl_warning(
FINAL elliptic_tr40_seed72 PASS | AUPRC=0.506806 AUROC=0.838824 MacroF1=0.810007 Recall=0.611448

===== FINAL RUN elliptic_tr30_seed2 =====
TEST_EVAL_BATCH_ADAPTER=FULL_FIXED_TEST_SINGLE_BATCH nodes=18949
/workspace/pmp_vast/envs/pmp-author/lib/python3.10/site-packages/dgl/dataloading/dataloader.py:1076: DGLWarning: Dataloader CPU affinity opt is not enabled, consider switching it on (see enable_cpu_affinity() or CPU best practices for DGL [https://docs.dgl.ai/tutorials/cpu/cpu_best_practises.html])
  dgl_warning(
elliptic_tr30_seed2 epoch=001 loss=0.226069 val_AUPRC=0.115029 best=0.115029@1 patience=0/20 train=1.870s val=1.113s
/workspace/pmp_vast/envs/pmp-author/lib/python3.10/site-packages/dgl/dataloading/dataloader.py:1076: DGLWarning: Dataloader CPU affinity opt is not enabled, consider switching it on (see enable_cpu_affinity() or CPU best practices for DGL [https://docs.dgl.ai/tutorials/cpu/cpu_best_practises.html])
  dgl_warning(
/workspace/pmp_vast/envs/pmp-author/lib/python3.10/site-packages/dgl/dataloading/dataloader.py:1076: DGLWarning: Dataloader CPU affinity opt is not enabled, consider switching it on (see enable_cpu_affinity() or CPU best practices for DGL [https://docs.dgl.ai/tutorials/cpu/cpu_best_practises.html])
  dgl_warning(
elliptic_tr30_seed2 epoch=003 loss=0.100182 val_AUPRC=0.127064 best=0.127064@3 patience=0/20 train=1.832s val=1.098s
/workspace/pmp_vast/envs/pmp-author/lib/python3.10/site-packages/dgl/dataloading/dataloader.py:1076: DGLWarning: Dataloader CPU affinity opt is not enabled, consider switching it on (see enable_cpu_affinity() or CPU best practices for DGL [https://docs.dgl.ai/tutorials/cpu/cpu_best_practises.html])
  dgl_warning(
elliptic_tr30_seed2 epoch=004 loss=0.059780 val_AUPRC=0.155787 best=0.155787@4 patience=0/20 train=1.926s val=1.097s
/workspace/pmp_vast/envs/pmp-author/lib/python3.10/site-packages/dgl/dataloading/dataloader.py:1076: DGLWarning: Dataloader CPU affinity opt is not enabled, consider switching it on (see enable_cpu_affinity() or CPU best practices for DGL [https://docs.dgl.ai/tutorials/cpu/cpu_best_practises.html])
  dgl_warning(
/workspace/pmp_vast/envs/pmp-author/lib/python3.10/site-packages/dgl/dataloading/dataloader.py:1076: DGLWarning: Dataloader CPU affinity opt is not enabled, consider switching it on (see enable_cpu_affinity() or CPU best practices for DGL [https://docs.dgl.ai/tutorials/cpu/cpu_best_practises.html])
  dgl_warning(
elliptic_tr30_seed2 epoch=006 loss=0.051656 val_AUPRC=0.178813 best=0.178813@6 patience=0/20 train=1.899s val=1.147s
/workspace/pmp_vast/envs/pmp-author/lib/python3.10/site-packages/dgl/dataloading/dataloader.py:1076: DGLWarning: Dataloader CPU affinity opt is not enabled, consider switching it on (see enable_cpu_affinity() or CPU best practices for DGL [https://docs.dgl.ai/tutorials/cpu/cpu_best_practises.html])
  dgl_warning(
/workspace/pmp_vast/envs/pmp-author/lib/python3.10/site-packages/dgl/dataloading/dataloader.py:1076: DGLWarning: Dataloader CPU affinity opt is not enabled, consider switching it on (see enable_cpu_affinity() or CPU best practices for DGL [https://docs.dgl.ai/tutorials/cpu/cpu_best_practises.html])
  dgl_warning(
/workspace/pmp_vast/envs/pmp-author/lib/python3.10/site-packages/dgl/dataloading/dataloader.py:1076: DGLWarning: Dataloader CPU affinity opt is not enabled, consider switching it on (see enable_cpu_affinity() or CPU best practices for DGL [https://docs.dgl.ai/tutorials/cpu/cpu_best_practises.html])
  dgl_warning(
elliptic_tr30_seed2 epoch=009 loss=0.039051 val_AUPRC=0.183548 best=0.183548@9 patience=0/20 train=42.050s val=20.406s
/workspace/pmp_vast/envs/pmp-author/lib/python3.10/site-packages/dgl/dataloading/dataloader.py:1076: DGLWarning: Dataloader CPU affinity opt is not enabled, consider switching it on (see enable_cpu_affinity() or CPU best practices for DGL [https://docs.dgl.ai/tutorials/cpu/cpu_best_practises.html])
  dgl_warning(
elliptic_tr30_seed2 epoch=010 loss=0.031738 val_AUPRC=0.150116 best=0.183548@9 patience=1/20 train=19.920s val=17.445s
/workspace/pmp_vast/envs/pmp-author/lib/python3.10/site-packages/dgl/dataloading/dataloader.py:1076: DGLWarning: Dataloader CPU affinity opt is not enabled, consider switching it on (see enable_cpu_affinity() or CPU best practices for DGL [https://docs.dgl.ai/tutorials/cpu/cpu_best_practises.html])
  dgl_warning(
/workspace/pmp_vast/envs/pmp-author/lib/python3.10/site-packages/dgl/dataloading/dataloader.py:1076: DGLWarning: Dataloader CPU affinity opt is not enabled, consider switching it on (see enable_cpu_affinity() or CPU best practices for DGL [https://docs.dgl.ai/tutorials/cpu/cpu_best_practises.html])
  dgl_warning(
/workspace/pmp_vast/envs/pmp-author/lib/python3.10/site-packages/dgl/dataloading/dataloader.py:1076: DGLWarning: Dataloader CPU affinity opt is not enabled, consider switching it on (see enable_cpu_affinity() or CPU best practices for DGL [https://docs.dgl.ai/tutorials/cpu/cpu_best_practises.html])
  dgl_warning(
/workspace/pmp_vast/envs/pmp-author/lib/python3.10/site-packages/dgl/dataloading/dataloader.py:1076: DGLWarning: Dataloader CPU affinity opt is not enabled, consider switching it on (see enable_cpu_affinity() or CPU best practices for DGL [https://docs.dgl.ai/tutorials/cpu/cpu_best_practises.html])
  dgl_warning(
/workspace/pmp_vast/envs/pmp-author/lib/python3.10/site-packages/dgl/dataloading/dataloader.py:1076: DGLWarning: Dataloader CPU affinity opt is not enabled, consider switching it on (see enable_cpu_affinity() or CPU best practices for DGL [https://docs.dgl.ai/tutorials/cpu/cpu_best_practises.html])
  dgl_warning(
/workspace/pmp_vast/envs/pmp-author/lib/python3.10/site-packages/dgl/dataloading/dataloader.py:1076: DGLWarning: Dataloader CPU affinity opt is not enabled, consider switching it on (see enable_cpu_affinity() or CPU best practices for DGL [https://docs.dgl.ai/tutorials/cpu/cpu_best_practises.html])
  dgl_warning(
/workspace/pmp_vast/envs/pmp-author/lib/python3.10/site-packages/dgl/dataloading/dataloader.py:1076: DGLWarning: Dataloader CPU affinity opt is not enabled, consider switching it on (see enable_cpu_affinity() or CPU best practices for DGL [https://docs.dgl.ai/tutorials/cpu/cpu_best_practises.html])
  dgl_warning(
/workspace/pmp_vast/envs/pmp-author/lib/python3.10/site-packages/dgl/dataloading/dataloader.py:1076: DGLWarning: Dataloader CPU affinity opt is not enabled, consider switching it on (see enable_cpu_affinity() or CPU best practices for DGL [https://docs.dgl.ai/tutorials/cpu/cpu_best_practises.html])
  dgl_warning(
/workspace/pmp_vast/envs/pmp-author/lib/python3.10/site-packages/dgl/dataloading/dataloader.py:1076: DGLWarning: Dataloader CPU affinity opt is not enabled, consider switching it on (see enable_cpu_affinity() or CPU best practices for DGL [https://docs.dgl.ai/tutorials/cpu/cpu_best_practises.html])
  dgl_warning(
/workspace/pmp_vast/envs/pmp-author/lib/python3.10/site-packages/dgl/dataloading/dataloader.py:1076: DGLWarning: Dataloader CPU affinity opt is not enabled, consider switching it on (see enable_cpu_affinity() or CPU best practices for DGL [https://docs.dgl.ai/tutorials/cpu/cpu_best_practises.html])
  dgl_warning(
elliptic_tr30_seed2 epoch=020 loss=0.261816 val_AUPRC=0.289937 best=0.289937@20 patience=0/20 train=41.134s val=24.047s
/workspace/pmp_vast/envs/pmp-author/lib/python3.10/site-packages/dgl/dataloading/dataloader.py:1076: DGLWarning: Dataloader CPU affinity opt is not enabled, consider switching it on (see enable_cpu_affinity() or CPU best practices for DGL [https://docs.dgl.ai/tutorials/cpu/cpu_best_practises.html])
  dgl_warning(
/workspace/pmp_vast/envs/pmp-author/lib/python3.10/site-packages/dgl/dataloading/dataloader.py:1076: DGLWarning: Dataloader CPU affinity opt is not enabled, consider switching it on (see enable_cpu_affinity() or CPU best practices for DGL [https://docs.dgl.ai/tutorials/cpu/cpu_best_practises.html])
  dgl_warning(
/workspace/pmp_vast/envs/pmp-author/lib/python3.10/site-packages/dgl/dataloading/dataloader.py:1076: DGLWarning: Dataloader CPU affinity opt is not enabled, consider switching it on (see enable_cpu_affinity() or CPU best practices for DGL [https://docs.dgl.ai/tutorials/cpu/cpu_best_practises.html])
  dgl_warning(
/workspace/pmp_vast/envs/pmp-author/lib/python3.10/site-packages/dgl/dataloading/dataloader.py:1076: DGLWarning: Dataloader CPU affinity opt is not enabled, consider switching it on (see enable_cpu_affinity() or CPU best practices for DGL [https://docs.dgl.ai/tutorials/cpu/cpu_best_practises.html])
  dgl_warning(
/workspace/pmp_vast/envs/pmp-author/lib/python3.10/site-packages/dgl/dataloading/dataloader.py:1076: DGLWarning: Dataloader CPU affinity opt is not enabled, consider switching it on (see enable_cpu_affinity() or CPU best practices for DGL [https://docs.dgl.ai/tutorials/cpu/cpu_best_practises.html])
  dgl_warning(
/workspace/pmp_vast/envs/pmp-author/lib/python3.10/site-packages/dgl/dataloading/dataloader.py:1076: DGLWarning: Dataloader CPU affinity opt is not enabled, consider switching it on (see enable_cpu_affinity() or CPU best practices for DGL [https://docs.dgl.ai/tutorials/cpu/cpu_best_practises.html])
  dgl_warning(
/workspace/pmp_vast/envs/pmp-author/lib/python3.10/site-packages/dgl/dataloading/dataloader.py:1076: DGLWarning: Dataloader CPU affinity opt is not enabled, consider switching it on (see enable_cpu_affinity() or CPU best practices for DGL [https://docs.dgl.ai/tutorials/cpu/cpu_best_practises.html])
  dgl_warning(
/workspace/pmp_vast/envs/pmp-author/lib/python3.10/site-packages/dgl/dataloading/dataloader.py:1076: DGLWarning: Dataloader CPU affinity opt is not enabled, consider switching it on (see enable_cpu_affinity() or CPU best practices for DGL [https://docs.dgl.ai/tutorials/cpu/cpu_best_practises.html])
  dgl_warning(
/workspace/pmp_vast/envs/pmp-author/lib/python3.10/site-packages/dgl/dataloading/dataloader.py:1076: DGLWarning: Dataloader CPU affinity opt is not enabled, consider switching it on (see enable_cpu_affinity() or CPU best practices for DGL [https://docs.dgl.ai/tutorials/cpu/cpu_best_practises.html])
  dgl_warning(
/workspace/pmp_vast/envs/pmp-author/lib/python3.10/site-packages/dgl/dataloading/dataloader.py:1076: DGLWarning: Dataloader CPU affinity opt is not enabled, consider switching it on (see enable_cpu_affinity() or CPU best practices for DGL [https://docs.dgl.ai/tutorials/cpu/cpu_best_practises.html])
  dgl_warning(
elliptic_tr30_seed2 epoch=030 loss=0.080245 val_AUPRC=0.107912 best=0.289937@20 patience=10/20 train=12.538s val=27.565s
/workspace/pmp_vast/envs/pmp-author/lib/python3.10/site-packages/dgl/dataloading/dataloader.py:1076: DGLWarning: Dataloader CPU affinity opt is not enabled, consider switching it on (see enable_cpu_affinity() or CPU best practices for DGL [https://docs.dgl.ai/tutorials/cpu/cpu_best_practises.html])
  dgl_warning(
/workspace/pmp_vast/envs/pmp-author/lib/python3.10/site-packages/dgl/dataloading/dataloader.py:1076: DGLWarning: Dataloader CPU affinity opt is not enabled, consider switching it on (see enable_cpu_affinity() or CPU best practices for DGL [https://docs.dgl.ai/tutorials/cpu/cpu_best_practises.html])
  dgl_warning(
/workspace/pmp_vast/envs/pmp-author/lib/python3.10/site-packages/dgl/dataloading/dataloader.py:1076: DGLWarning: Dataloader CPU affinity opt is not enabled, consider switching it on (see enable_cpu_affinity() or CPU best practices for DGL [https://docs.dgl.ai/tutorials/cpu/cpu_best_practises.html])
  dgl_warning(
/workspace/pmp_vast/envs/pmp-author/lib/python3.10/site-packages/dgl/dataloading/dataloader.py:1076: DGLWarning: Dataloader CPU affinity opt is not enabled, consider switching it on (see enable_cpu_affinity() or CPU best practices for DGL [https://docs.dgl.ai/tutorials/cpu/cpu_best_practises.html])
  dgl_warning(
/workspace/pmp_vast/envs/pmp-author/lib/python3.10/site-packages/dgl/dataloading/dataloader.py:1076: DGLWarning: Dataloader CPU affinity opt is not enabled, consider switching it on (see enable_cpu_affinity() or CPU best practices for DGL [https://docs.dgl.ai/tutorials/cpu/cpu_best_practises.html])
  dgl_warning(
/workspace/pmp_vast/envs/pmp-author/lib/python3.10/site-packages/dgl/dataloading/dataloader.py:1076: DGLWarning: Dataloader CPU affinity opt is not enabled, consider switching it on (see enable_cpu_affinity() or CPU best practices for DGL [https://docs.dgl.ai/tutorials/cpu/cpu_best_practises.html])
  dgl_warning(
/workspace/pmp_vast/envs/pmp-author/lib/python3.10/site-packages/dgl/dataloading/dataloader.py:1076: DGLWarning: Dataloader CPU affinity opt is not enabled, consider switching it on (see enable_cpu_affinity() or CPU best practices for DGL [https://docs.dgl.ai/tutorials/cpu/cpu_best_practises.html])
  dgl_warning(
/workspace/pmp_vast/envs/pmp-author/lib/python3.10/site-packages/dgl/dataloading/dataloader.py:1076: DGLWarning: Dataloader CPU affinity opt is not enabled, consider switching it on (see enable_cpu_affinity() or CPU best practices for DGL [https://docs.dgl.ai/tutorials/cpu/cpu_best_practises.html])
  dgl_warning(
/workspace/pmp_vast/envs/pmp-author/lib/python3.10/site-packages/dgl/dataloading/dataloader.py:1076: DGLWarning: Dataloader CPU affinity opt is not enabled, consider switching it on (see enable_cpu_affinity() or CPU best practices for DGL [https://docs.dgl.ai/tutorials/cpu/cpu_best_practises.html])
  dgl_warning(
/workspace/pmp_vast/envs/pmp-author/lib/python3.10/site-packages/dgl/dataloading/dataloader.py:1076: DGLWarning: Dataloader CPU affinity opt is not enabled, consider switching it on (see enable_cpu_affinity() or CPU best practices for DGL [https://docs.dgl.ai/tutorials/cpu/cpu_best_practises.html])
  dgl_warning(
elliptic_tr30_seed2 epoch=040 loss=0.013839 val_AUPRC=0.127311 best=0.289937@20 patience=20/20 train=25.482s val=28.061s
EARLY_STOP elliptic_tr30_seed2 epoch=40 best_epoch=20
/workspace/pmp_vast/envs/pmp-author/lib/python3.10/site-packages/dgl/dataloading/dataloader.py:1076: DGLWarning: Dataloader CPU affinity opt is not enabled, consider switching it on (see enable_cpu_affinity() or CPU best practices for DGL [https://docs.dgl.ai/tutorials/cpu/cpu_best_practises.html])
  dgl_warning(
elliptic_tr30_seed2 FROZEN checkpoint_epoch=20 val_AUPRC=0.289937 threshold=0.06
/workspace/pmp_vast/envs/pmp-author/lib/python3.10/site-packages/dgl/dataloading/dataloader.py:1076: DGLWarning: Dataloader CPU affinity opt is not enabled, consider switching it on (see enable_cpu_affinity() or CPU best practices for DGL [https://docs.dgl.ai/tutorials/cpu/cpu_best_practises.html])
  dgl_warning(
FINAL elliptic_tr30_seed2 PASS | AUPRC=0.271640 AUROC=0.720811 MacroF1=0.665637 Recall=0.445791

===== FINAL RUN elliptic_tr30_seed42 =====
TEST_EVAL_BATCH_ADAPTER=FULL_FIXED_TEST_SINGLE_BATCH nodes=18949
/workspace/pmp_vast/envs/pmp-author/lib/python3.10/site-packages/dgl/dataloading/dataloader.py:1076: DGLWarning: Dataloader CPU affinity opt is not enabled, consider switching it on (see enable_cpu_affinity() or CPU best practices for DGL [https://docs.dgl.ai/tutorials/cpu/cpu_best_practises.html])
  dgl_warning(
elliptic_tr30_seed42 epoch=001 loss=0.218554 val_AUPRC=0.110988 best=0.110988@1 patience=0/20 train=25.536s val=15.545s
/workspace/pmp_vast/envs/pmp-author/lib/python3.10/site-packages/dgl/dataloading/dataloader.py:1076: DGLWarning: Dataloader CPU affinity opt is not enabled, consider switching it on (see enable_cpu_affinity() or CPU best practices for DGL [https://docs.dgl.ai/tutorials/cpu/cpu_best_practises.html])
  dgl_warning(
elliptic_tr30_seed42 epoch=002 loss=0.116718 val_AUPRC=0.114271 best=0.114271@2 patience=0/20 train=25.891s val=27.908s
/workspace/pmp_vast/envs/pmp-author/lib/python3.10/site-packages/dgl/dataloading/dataloader.py:1076: DGLWarning: Dataloader CPU affinity opt is not enabled, consider switching it on (see enable_cpu_affinity() or CPU best practices for DGL [https://docs.dgl.ai/tutorials/cpu/cpu_best_practises.html])
  dgl_warning(
/workspace/pmp_vast/envs/pmp-author/lib/python3.10/site-packages/dgl/dataloading/dataloader.py:1076: DGLWarning: Dataloader CPU affinity opt is not enabled, consider switching it on (see enable_cpu_affinity() or CPU best practices for DGL [https://docs.dgl.ai/tutorials/cpu/cpu_best_practises.html])
  dgl_warning(
/workspace/pmp_vast/envs/pmp-author/lib/python3.10/site-packages/dgl/dataloading/dataloader.py:1076: DGLWarning: Dataloader CPU affinity opt is not enabled, consider switching it on (see enable_cpu_affinity() or CPU best practices for DGL [https://docs.dgl.ai/tutorials/cpu/cpu_best_practises.html])
  dgl_warning(
/workspace/pmp_vast/envs/pmp-author/lib/python3.10/site-packages/dgl/dataloading/dataloader.py:1076: DGLWarning: Dataloader CPU affinity opt is not enabled, consider switching it on (see enable_cpu_affinity() or CPU best practices for DGL [https://docs.dgl.ai/tutorials/cpu/cpu_best_practises.html])
  dgl_warning(
/workspace/pmp_vast/envs/pmp-author/lib/python3.10/site-packages/dgl/dataloading/dataloader.py:1076: DGLWarning: Dataloader CPU affinity opt is not enabled, consider switching it on (see enable_cpu_affinity() or CPU best practices for DGL [https://docs.dgl.ai/tutorials/cpu/cpu_best_practises.html])
  dgl_warning(
/workspace/pmp_vast/envs/pmp-author/lib/python3.10/site-packages/dgl/dataloading/dataloader.py:1076: DGLWarning: Dataloader CPU affinity opt is not enabled, consider switching it on (see enable_cpu_affinity() or CPU best practices for DGL [https://docs.dgl.ai/tutorials/cpu/cpu_best_practises.html])
  dgl_warning(
/workspace/pmp_vast/envs/pmp-author/lib/python3.10/site-packages/dgl/dataloading/dataloader.py:1076: DGLWarning: Dataloader CPU affinity opt is not enabled, consider switching it on (see enable_cpu_affinity() or CPU best practices for DGL [https://docs.dgl.ai/tutorials/cpu/cpu_best_practises.html])
  dgl_warning(
/workspace/pmp_vast/envs/pmp-author/lib/python3.10/site-packages/dgl/dataloading/dataloader.py:1076: DGLWarning: Dataloader CPU affinity opt is not enabled, consider switching it on (see enable_cpu_affinity() or CPU best practices for DGL [https://docs.dgl.ai/tutorials/cpu/cpu_best_practises.html])
  dgl_warning(
elliptic_tr30_seed42 epoch=010 loss=0.045822 val_AUPRC=0.107044 best=0.114271@2 patience=8/20 train=46.461s val=26.625s
/workspace/pmp_vast/envs/pmp-author/lib/python3.10/site-packages/dgl/dataloading/dataloader.py:1076: DGLWarning: Dataloader CPU affinity opt is not enabled, consider switching it on (see enable_cpu_affinity() or CPU best practices for DGL [https://docs.dgl.ai/tutorials/cpu/cpu_best_practises.html])
  dgl_warning(
/workspace/pmp_vast/envs/pmp-author/lib/python3.10/site-packages/dgl/dataloading/dataloader.py:1076: DGLWarning: Dataloader CPU affinity opt is not enabled, consider switching it on (see enable_cpu_affinity() or CPU best practices for DGL [https://docs.dgl.ai/tutorials/cpu/cpu_best_practises.html])
  dgl_warning(
/workspace/pmp_vast/envs/pmp-author/lib/python3.10/site-packages/dgl/dataloading/dataloader.py:1076: DGLWarning: Dataloader CPU affinity opt is not enabled, consider switching it on (see enable_cpu_affinity() or CPU best practices for DGL [https://docs.dgl.ai/tutorials/cpu/cpu_best_practises.html])
  dgl_warning(
/workspace/pmp_vast/envs/pmp-author/lib/python3.10/site-packages/dgl/dataloading/dataloader.py:1076: DGLWarning: Dataloader CPU affinity opt is not enabled, consider switching it on (see enable_cpu_affinity() or CPU best practices for DGL [https://docs.dgl.ai/tutorials/cpu/cpu_best_practises.html])
  dgl_warning(
/workspace/pmp_vast/envs/pmp-author/lib/python3.10/site-packages/dgl/dataloading/dataloader.py:1076: DGLWarning: Dataloader CPU affinity opt is not enabled, consider switching it on (see enable_cpu_affinity() or CPU best practices for DGL [https://docs.dgl.ai/tutorials/cpu/cpu_best_practises.html])
  dgl_warning(
elliptic_tr30_seed42 epoch=015 loss=0.079831 val_AUPRC=0.251214 best=0.251214@15 patience=0/20 train=16.015s val=23.231s
/workspace/pmp_vast/envs/pmp-author/lib/python3.10/site-packages/dgl/dataloading/dataloader.py:1076: DGLWarning: Dataloader CPU affinity opt is not enabled, consider switching it on (see enable_cpu_affinity() or CPU best practices for DGL [https://docs.dgl.ai/tutorials/cpu/cpu_best_practises.html])
  dgl_warning(
/workspace/pmp_vast/envs/pmp-author/lib/python3.10/site-packages/dgl/dataloading/dataloader.py:1076: DGLWarning: Dataloader CPU affinity opt is not enabled, consider switching it on (see enable_cpu_affinity() or CPU best practices for DGL [https://docs.dgl.ai/tutorials/cpu/cpu_best_practises.html])
  dgl_warning(
/workspace/pmp_vast/envs/pmp-author/lib/python3.10/site-packages/dgl/dataloading/dataloader.py:1076: DGLWarning: Dataloader CPU affinity opt is not enabled, consider switching it on (see enable_cpu_affinity() or CPU best practices for DGL [https://docs.dgl.ai/tutorials/cpu/cpu_best_practises.html])
  dgl_warning(
/workspace/pmp_vast/envs/pmp-author/lib/python3.10/site-packages/dgl/dataloading/dataloader.py:1076: DGLWarning: Dataloader CPU affinity opt is not enabled, consider switching it on (see enable_cpu_affinity() or CPU best practices for DGL [https://docs.dgl.ai/tutorials/cpu/cpu_best_practises.html])
  dgl_warning(
/workspace/pmp_vast/envs/pmp-author/lib/python3.10/site-packages/dgl/dataloading/dataloader.py:1076: DGLWarning: Dataloader CPU affinity opt is not enabled, consider switching it on (see enable_cpu_affinity() or CPU best practices for DGL [https://docs.dgl.ai/tutorials/cpu/cpu_best_practises.html])
  dgl_warning(
elliptic_tr30_seed42 epoch=020 loss=0.033714 val_AUPRC=0.111366 best=0.251214@15 patience=5/20 train=33.510s val=7.937s
/workspace/pmp_vast/envs/pmp-author/lib/python3.10/site-packages/dgl/dataloading/dataloader.py:1076: DGLWarning: Dataloader CPU affinity opt is not enabled, consider switching it on (see enable_cpu_affinity() or CPU best practices for DGL [https://docs.dgl.ai/tutorials/cpu/cpu_best_practises.html])
  dgl_warning(
/workspace/pmp_vast/envs/pmp-author/lib/python3.10/site-packages/dgl/dataloading/dataloader.py:1076: DGLWarning: Dataloader CPU affinity opt is not enabled, consider switching it on (see enable_cpu_affinity() or CPU best practices for DGL [https://docs.dgl.ai/tutorials/cpu/cpu_best_practises.html])
  dgl_warning(
/workspace/pmp_vast/envs/pmp-author/lib/python3.10/site-packages/dgl/dataloading/dataloader.py:1076: DGLWarning: Dataloader CPU affinity opt is not enabled, consider switching it on (see enable_cpu_affinity() or CPU best practices for DGL [https://docs.dgl.ai/tutorials/cpu/cpu_best_practises.html])
  dgl_warning(
/workspace/pmp_vast/envs/pmp-author/lib/python3.10/site-packages/dgl/dataloading/dataloader.py:1076: DGLWarning: Dataloader CPU affinity opt is not enabled, consider switching it on (see enable_cpu_affinity() or CPU best practices for DGL [https://docs.dgl.ai/tutorials/cpu/cpu_best_practises.html])
  dgl_warning(
/workspace/pmp_vast/envs/pmp-author/lib/python3.10/site-packages/dgl/dataloading/dataloader.py:1076: DGLWarning: Dataloader CPU affinity opt is not enabled, consider switching it on (see enable_cpu_affinity() or CPU best practices for DGL [https://docs.dgl.ai/tutorials/cpu/cpu_best_practises.html])
  dgl_warning(
elliptic_tr30_seed42 epoch=025 loss=0.219867 val_AUPRC=0.377146 best=0.377146@25 patience=0/20 train=27.388s val=17.827s
/workspace/pmp_vast/envs/pmp-author/lib/python3.10/site-packages/dgl/dataloading/dataloader.py:1076: DGLWarning: Dataloader CPU affinity opt is not enabled, consider switching it on (see enable_cpu_affinity() or CPU best practices for DGL [https://docs.dgl.ai/tutorials/cpu/cpu_best_practises.html])
  dgl_warning(
/workspace/pmp_vast/envs/pmp-author/lib/python3.10/site-packages/dgl/dataloading/dataloader.py:1076: DGLWarning: Dataloader CPU affinity opt is not enabled, consider switching it on (see enable_cpu_affinity() or CPU best practices for DGL [https://docs.dgl.ai/tutorials/cpu/cpu_best_practises.html])
  dgl_warning(
/workspace/pmp_vast/envs/pmp-author/lib/python3.10/site-packages/dgl/dataloading/dataloader.py:1076: DGLWarning: Dataloader CPU affinity opt is not enabled, consider switching it on (see enable_cpu_affinity() or CPU best practices for DGL [https://docs.dgl.ai/tutorials/cpu/cpu_best_practises.html])
  dgl_warning(
/workspace/pmp_vast/envs/pmp-author/lib/python3.10/site-packages/dgl/dataloading/dataloader.py:1076: DGLWarning: Dataloader CPU affinity opt is not enabled, consider switching it on (see enable_cpu_affinity() or CPU best practices for DGL [https://docs.dgl.ai/tutorials/cpu/cpu_best_practises.html])
  dgl_warning(
/workspace/pmp_vast/envs/pmp-author/lib/python3.10/site-packages/dgl/dataloading/dataloader.py:1076: DGLWarning: Dataloader CPU affinity opt is not enabled, consider switching it on (see enable_cpu_affinity() or CPU best practices for DGL [https://docs.dgl.ai/tutorials/cpu/cpu_best_practises.html])
  dgl_warning(
elliptic_tr30_seed42 epoch=030 loss=0.031429 val_AUPRC=0.148627 best=0.377146@25 patience=5/20 train=35.957s val=23.689s
/workspace/pmp_vast/envs/pmp-author/lib/python3.10/site-packages/dgl/dataloading/dataloader.py:1076: DGLWarning: Dataloader CPU affinity opt is not enabled, consider switching it on (see enable_cpu_affinity() or CPU best practices for DGL [https://docs.dgl.ai/tutorials/cpu/cpu_best_practises.html])
  dgl_warning(
/workspace/pmp_vast/envs/pmp-author/lib/python3.10/site-packages/dgl/dataloading/dataloader.py:1076: DGLWarning: Dataloader CPU affinity opt is not enabled, consider switching it on (see enable_cpu_affinity() or CPU best practices for DGL [https://docs.dgl.ai/tutorials/cpu/cpu_best_practises.html])
  dgl_warning(
/workspace/pmp_vast/envs/pmp-author/lib/python3.10/site-packages/dgl/dataloading/dataloader.py:1076: DGLWarning: Dataloader CPU affinity opt is not enabled, consider switching it on (see enable_cpu_affinity() or CPU best practices for DGL [https://docs.dgl.ai/tutorials/cpu/cpu_best_practises.html])
  dgl_warning(
/workspace/pmp_vast/envs/pmp-author/lib/python3.10/site-packages/dgl/dataloading/dataloader.py:1076: DGLWarning: Dataloader CPU affinity opt is not enabled, consider switching it on (see enable_cpu_affinity() or CPU best practices for DGL [https://docs.dgl.ai/tutorials/cpu/cpu_best_practises.html])
  dgl_warning(
/workspace/pmp_vast/envs/pmp-author/lib/python3.10/site-packages/dgl/dataloading/dataloader.py:1076: DGLWarning: Dataloader CPU affinity opt is not enabled, consider switching it on (see enable_cpu_affinity() or CPU best practices for DGL [https://docs.dgl.ai/tutorials/cpu/cpu_best_practises.html])
  dgl_warning(
/workspace/pmp_vast/envs/pmp-author/lib/python3.10/site-packages/dgl/dataloading/dataloader.py:1076: DGLWarning: Dataloader CPU affinity opt is not enabled, consider switching it on (see enable_cpu_affinity() or CPU best practices for DGL [https://docs.dgl.ai/tutorials/cpu/cpu_best_practises.html])
  dgl_warning(
/workspace/pmp_vast/envs/pmp-author/lib/python3.10/site-packages/dgl/dataloading/dataloader.py:1076: DGLWarning: Dataloader CPU affinity opt is not enabled, consider switching it on (see enable_cpu_affinity() or CPU best practices for DGL [https://docs.dgl.ai/tutorials/cpu/cpu_best_practises.html])
  dgl_warning(
/workspace/pmp_vast/envs/pmp-author/lib/python3.10/site-packages/dgl/dataloading/dataloader.py:1076: DGLWarning: Dataloader CPU affinity opt is not enabled, consider switching it on (see enable_cpu_affinity() or CPU best practices for DGL [https://docs.dgl.ai/tutorials/cpu/cpu_best_practises.html])
  dgl_warning(
/workspace/pmp_vast/envs/pmp-author/lib/python3.10/site-packages/dgl/dataloading/dataloader.py:1076: DGLWarning: Dataloader CPU affinity opt is not enabled, consider switching it on (see enable_cpu_affinity() or CPU best practices for DGL [https://docs.dgl.ai/tutorials/cpu/cpu_best_practises.html])
  dgl_warning(
/workspace/pmp_vast/envs/pmp-author/lib/python3.10/site-packages/dgl/dataloading/dataloader.py:1076: DGLWarning: Dataloader CPU affinity opt is not enabled, consider switching it on (see enable_cpu_affinity() or CPU best practices for DGL [https://docs.dgl.ai/tutorials/cpu/cpu_best_practises.html])
  dgl_warning(
elliptic_tr30_seed42 epoch=040 loss=0.018340 val_AUPRC=0.136125 best=0.377146@25 patience=15/20 train=32.684s val=37.786s
/workspace/pmp_vast/envs/pmp-author/lib/python3.10/site-packages/dgl/dataloading/dataloader.py:1076: DGLWarning: Dataloader CPU affinity opt is not enabled, consider switching it on (see enable_cpu_affinity() or CPU best practices for DGL [https://docs.dgl.ai/tutorials/cpu/cpu_best_practises.html])
  dgl_warning(
/workspace/pmp_vast/envs/pmp-author/lib/python3.10/site-packages/dgl/dataloading/dataloader.py:1076: DGLWarning: Dataloader CPU affinity opt is not enabled, consider switching it on (see enable_cpu_affinity() or CPU best practices for DGL [https://docs.dgl.ai/tutorials/cpu/cpu_best_practises.html])
  dgl_warning(
/workspace/pmp_vast/envs/pmp-author/lib/python3.10/site-packages/dgl/dataloading/dataloader.py:1076: DGLWarning: Dataloader CPU affinity opt is not enabled, consider switching it on (see enable_cpu_affinity() or CPU best practices for DGL [https://docs.dgl.ai/tutorials/cpu/cpu_best_practises.html])
  dgl_warning(
/workspace/pmp_vast/envs/pmp-author/lib/python3.10/site-packages/dgl/dataloading/dataloader.py:1076: DGLWarning: Dataloader CPU affinity opt is not enabled, consider switching it on (see enable_cpu_affinity() or CPU best practices for DGL [https://docs.dgl.ai/tutorials/cpu/cpu_best_practises.html])
  dgl_warning(
/workspace/pmp_vast/envs/pmp-author/lib/python3.10/site-packages/dgl/dataloading/dataloader.py:1076: DGLWarning: Dataloader CPU affinity opt is not enabled, consider switching it on (see enable_cpu_affinity() or CPU best practices for DGL [https://docs.dgl.ai/tutorials/cpu/cpu_best_practises.html])
  dgl_warning(
elliptic_tr30_seed42 epoch=045 loss=0.015436 val_AUPRC=0.130832 best=0.377146@25 patience=20/20 train=37.281s val=3.205s
EARLY_STOP elliptic_tr30_seed42 epoch=45 best_epoch=25
/workspace/pmp_vast/envs/pmp-author/lib/python3.10/site-packages/dgl/dataloading/dataloader.py:1076: DGLWarning: Dataloader CPU affinity opt is not enabled, consider switching it on (see enable_cpu_affinity() or CPU best practices for DGL [https://docs.dgl.ai/tutorials/cpu/cpu_best_practises.html])
  dgl_warning(
elliptic_tr30_seed42 FROZEN checkpoint_epoch=25 val_AUPRC=0.377146 threshold=0.14
/workspace/pmp_vast/envs/pmp-author/lib/python3.10/site-packages/dgl/dataloading/dataloader.py:1076: DGLWarning: Dataloader CPU affinity opt is not enabled, consider switching it on (see enable_cpu_affinity() or CPU best practices for DGL [https://docs.dgl.ai/tutorials/cpu/cpu_best_practises.html])
  dgl_warning(
FINAL elliptic_tr30_seed42 PASS | AUPRC=0.250971 AUROC=0.760771 MacroF1=0.582777 Recall=0.161616

===== FINAL RUN elliptic_tr30_seed72 =====
TEST_EVAL_BATCH_ADAPTER=FULL_FIXED_TEST_SINGLE_BATCH nodes=18949
/workspace/pmp_vast/envs/pmp-author/lib/python3.10/site-packages/dgl/dataloading/dataloader.py:1076: DGLWarning: Dataloader CPU affinity opt is not enabled, consider switching it on (see enable_cpu_affinity() or CPU best practices for DGL [https://docs.dgl.ai/tutorials/cpu/cpu_best_practises.html])
  dgl_warning(
elliptic_tr30_seed72 epoch=001 loss=0.220479 val_AUPRC=0.102718 best=0.102718@1 patience=0/20 train=51.902s val=19.357s
/workspace/pmp_vast/envs/pmp-author/lib/python3.10/site-packages/dgl/dataloading/dataloader.py:1076: DGLWarning: Dataloader CPU affinity opt is not enabled, consider switching it on (see enable_cpu_affinity() or CPU best practices for DGL [https://docs.dgl.ai/tutorials/cpu/cpu_best_practises.html])
  dgl_warning(
elliptic_tr30_seed72 epoch=002 loss=0.117796 val_AUPRC=0.120849 best=0.120849@2 patience=0/20 train=36.420s val=37.060s
/workspace/pmp_vast/envs/pmp-author/lib/python3.10/site-packages/dgl/dataloading/dataloader.py:1076: DGLWarning: Dataloader CPU affinity opt is not enabled, consider switching it on (see enable_cpu_affinity() or CPU best practices for DGL [https://docs.dgl.ai/tutorials/cpu/cpu_best_practises.html])
  dgl_warning(
/workspace/pmp_vast/envs/pmp-author/lib/python3.10/site-packages/dgl/dataloading/dataloader.py:1076: DGLWarning: Dataloader CPU affinity opt is not enabled, consider switching it on (see enable_cpu_affinity() or CPU best practices for DGL [https://docs.dgl.ai/tutorials/cpu/cpu_best_practises.html])
  dgl_warning(
elliptic_tr30_seed72 epoch=004 loss=0.063978 val_AUPRC=0.140018 best=0.140018@4 patience=0/20 train=27.338s val=19.898s
/workspace/pmp_vast/envs/pmp-author/lib/python3.10/site-packages/dgl/dataloading/dataloader.py:1076: DGLWarning: Dataloader CPU affinity opt is not enabled, consider switching it on (see enable_cpu_affinity() or CPU best practices for DGL [https://docs.dgl.ai/tutorials/cpu/cpu_best_practises.html])
  dgl_warning(
elliptic_tr30_seed72 epoch=005 loss=0.058345 val_AUPRC=0.141559 best=0.141559@5 patience=0/20 train=14.122s val=29.624s
/workspace/pmp_vast/envs/pmp-author/lib/python3.10/site-packages/dgl/dataloading/dataloader.py:1076: DGLWarning: Dataloader CPU affinity opt is not enabled, consider switching it on (see enable_cpu_affinity() or CPU best practices for DGL [https://docs.dgl.ai/tutorials/cpu/cpu_best_practises.html])
  dgl_warning(
/workspace/pmp_vast/envs/pmp-author/lib/python3.10/site-packages/dgl/dataloading/dataloader.py:1076: DGLWarning: Dataloader CPU affinity opt is not enabled, consider switching it on (see enable_cpu_affinity() or CPU best practices for DGL [https://docs.dgl.ai/tutorials/cpu/cpu_best_practises.html])
  dgl_warning(
/workspace/pmp_vast/envs/pmp-author/lib/python3.10/site-packages/dgl/dataloading/dataloader.py:1076: DGLWarning: Dataloader CPU affinity opt is not enabled, consider switching it on (see enable_cpu_affinity() or CPU best practices for DGL [https://docs.dgl.ai/tutorials/cpu/cpu_best_practises.html])
  dgl_warning(
/workspace/pmp_vast/envs/pmp-author/lib/python3.10/site-packages/dgl/dataloading/dataloader.py:1076: DGLWarning: Dataloader CPU affinity opt is not enabled, consider switching it on (see enable_cpu_affinity() or CPU best practices for DGL [https://docs.dgl.ai/tutorials/cpu/cpu_best_practises.html])
  dgl_warning(
/workspace/pmp_vast/envs/pmp-author/lib/python3.10/site-packages/dgl/dataloading/dataloader.py:1076: DGLWarning: Dataloader CPU affinity opt is not enabled, consider switching it on (see enable_cpu_affinity() or CPU best practices for DGL [https://docs.dgl.ai/tutorials/cpu/cpu_best_practises.html])
  dgl_warning(
elliptic_tr30_seed72 epoch=010 loss=0.222387 val_AUPRC=0.120788 best=0.141559@5 patience=5/20 train=32.182s val=33.013s
/workspace/pmp_vast/envs/pmp-author/lib/python3.10/site-packages/dgl/dataloading/dataloader.py:1076: DGLWarning: Dataloader CPU affinity opt is not enabled, consider switching it on (see enable_cpu_affinity() or CPU best practices for DGL [https://docs.dgl.ai/tutorials/cpu/cpu_best_practises.html])
  dgl_warning(
/workspace/pmp_vast/envs/pmp-author/lib/python3.10/site-packages/dgl/dataloading/dataloader.py:1076: DGLWarning: Dataloader CPU affinity opt is not enabled, consider switching it on (see enable_cpu_affinity() or CPU best practices for DGL [https://docs.dgl.ai/tutorials/cpu/cpu_best_practises.html])
  dgl_warning(
/workspace/pmp_vast/envs/pmp-author/lib/python3.10/site-packages/dgl/dataloading/dataloader.py:1076: DGLWarning: Dataloader CPU affinity opt is not enabled, consider switching it on (see enable_cpu_affinity() or CPU best practices for DGL [https://docs.dgl.ai/tutorials/cpu/cpu_best_practises.html])
  dgl_warning(
/workspace/pmp_vast/envs/pmp-author/lib/python3.10/site-packages/dgl/dataloading/dataloader.py:1076: DGLWarning: Dataloader CPU affinity opt is not enabled, consider switching it on (see enable_cpu_affinity() or CPU best practices for DGL [https://docs.dgl.ai/tutorials/cpu/cpu_best_practises.html])
  dgl_warning(
/workspace/pmp_vast/envs/pmp-author/lib/python3.10/site-packages/dgl/dataloading/dataloader.py:1076: DGLWarning: Dataloader CPU affinity opt is not enabled, consider switching it on (see enable_cpu_affinity() or CPU best practices for DGL [https://docs.dgl.ai/tutorials/cpu/cpu_best_practises.html])
  dgl_warning(
/workspace/pmp_vast/envs/pmp-author/lib/python3.10/site-packages/dgl/dataloading/dataloader.py:1076: DGLWarning: Dataloader CPU affinity opt is not enabled, consider switching it on (see enable_cpu_affinity() or CPU best practices for DGL [https://docs.dgl.ai/tutorials/cpu/cpu_best_practises.html])
  dgl_warning(
elliptic_tr30_seed72 epoch=016 loss=0.017394 val_AUPRC=0.145822 best=0.145822@16 patience=0/20 train=15.901s val=15.247s
/workspace/pmp_vast/envs/pmp-author/lib/python3.10/site-packages/dgl/dataloading/dataloader.py:1076: DGLWarning: Dataloader CPU affinity opt is not enabled, consider switching it on (see enable_cpu_affinity() or CPU best practices for DGL [https://docs.dgl.ai/tutorials/cpu/cpu_best_practises.html])
  dgl_warning(
elliptic_tr30_seed72 epoch=017 loss=0.019309 val_AUPRC=0.146758 best=0.146758@17 patience=0/20 train=57.309s val=32.183s
/workspace/pmp_vast/envs/pmp-author/lib/python3.10/site-packages/dgl/dataloading/dataloader.py:1076: DGLWarning: Dataloader CPU affinity opt is not enabled, consider switching it on (see enable_cpu_affinity() or CPU best practices for DGL [https://docs.dgl.ai/tutorials/cpu/cpu_best_practises.html])
  dgl_warning(
elliptic_tr30_seed72 epoch=018 loss=0.019467 val_AUPRC=0.148602 best=0.148602@18 patience=0/20 train=41.020s val=34.127s
/workspace/pmp_vast/envs/pmp-author/lib/python3.10/site-packages/dgl/dataloading/dataloader.py:1076: DGLWarning: Dataloader CPU affinity opt is not enabled, consider switching it on (see enable_cpu_affinity() or CPU best practices for DGL [https://docs.dgl.ai/tutorials/cpu/cpu_best_practises.html])
  dgl_warning(
/workspace/pmp_vast/envs/pmp-author/lib/python3.10/site-packages/dgl/dataloading/dataloader.py:1076: DGLWarning: Dataloader CPU affinity opt is not enabled, consider switching it on (see enable_cpu_affinity() or CPU best practices for DGL [https://docs.dgl.ai/tutorials/cpu/cpu_best_practises.html])
  dgl_warning(
elliptic_tr30_seed72 epoch=020 loss=0.015410 val_AUPRC=0.149922 best=0.149922@20 patience=0/20 train=48.733s val=24.430s
/workspace/pmp_vast/envs/pmp-author/lib/python3.10/site-packages/dgl/dataloading/dataloader.py:1076: DGLWarning: Dataloader CPU affinity opt is not enabled, consider switching it on (see enable_cpu_affinity() or CPU best practices for DGL [https://docs.dgl.ai/tutorials/cpu/cpu_best_practises.html])
  dgl_warning(
/workspace/pmp_vast/envs/pmp-author/lib/python3.10/site-packages/dgl/dataloading/dataloader.py:1076: DGLWarning: Dataloader CPU affinity opt is not enabled, consider switching it on (see enable_cpu_affinity() or CPU best practices for DGL [https://docs.dgl.ai/tutorials/cpu/cpu_best_practises.html])
  dgl_warning(
elliptic_tr30_seed72 epoch=022 loss=0.013280 val_AUPRC=0.152176 best=0.152176@22 patience=0/20 train=44.414s val=21.073s
/workspace/pmp_vast/envs/pmp-author/lib/python3.10/site-packages/dgl/dataloading/dataloader.py:1076: DGLWarning: Dataloader CPU affinity opt is not enabled, consider switching it on (see enable_cpu_affinity() or CPU best practices for DGL [https://docs.dgl.ai/tutorials/cpu/cpu_best_practises.html])
  dgl_warning(
/workspace/pmp_vast/envs/pmp-author/lib/python3.10/site-packages/dgl/dataloading/dataloader.py:1076: DGLWarning: Dataloader CPU affinity opt is not enabled, consider switching it on (see enable_cpu_affinity() or CPU best practices for DGL [https://docs.dgl.ai/tutorials/cpu/cpu_best_practises.html])
  dgl_warning(
/workspace/pmp_vast/envs/pmp-author/lib/python3.10/site-packages/dgl/dataloading/dataloader.py:1076: DGLWarning: Dataloader CPU affinity opt is not enabled, consider switching it on (see enable_cpu_affinity() or CPU best practices for DGL [https://docs.dgl.ai/tutorials/cpu/cpu_best_practises.html])
  dgl_warning(
elliptic_tr30_seed72 epoch=025 loss=0.009605 val_AUPRC=0.152911 best=0.152911@25 patience=0/20 train=19.815s val=25.794s
/workspace/pmp_vast/envs/pmp-author/lib/python3.10/site-packages/dgl/dataloading/dataloader.py:1076: DGLWarning: Dataloader CPU affinity opt is not enabled, consider switching it on (see enable_cpu_affinity() or CPU best practices for DGL [https://docs.dgl.ai/tutorials/cpu/cpu_best_practises.html])
  dgl_warning(
elliptic_tr30_seed72 epoch=026 loss=0.008626 val_AUPRC=0.156083 best=0.156083@26 patience=0/20 train=43.224s val=32.643s
/workspace/pmp_vast/envs/pmp-author/lib/python3.10/site-packages/dgl/dataloading/dataloader.py:1076: DGLWarning: Dataloader CPU affinity opt is not enabled, consider switching it on (see enable_cpu_affinity() or CPU best practices for DGL [https://docs.dgl.ai/tutorials/cpu/cpu_best_practises.html])
  dgl_warning(
/workspace/pmp_vast/envs/pmp-author/lib/python3.10/site-packages/dgl/dataloading/dataloader.py:1076: DGLWarning: Dataloader CPU affinity opt is not enabled, consider switching it on (see enable_cpu_affinity() or CPU best practices for DGL [https://docs.dgl.ai/tutorials/cpu/cpu_best_practises.html])
  dgl_warning(
/workspace/pmp_vast/envs/pmp-author/lib/python3.10/site-packages/dgl/dataloading/dataloader.py:1076: DGLWarning: Dataloader CPU affinity opt is not enabled, consider switching it on (see enable_cpu_affinity() or CPU best practices for DGL [https://docs.dgl.ai/tutorials/cpu/cpu_best_practises.html])
  dgl_warning(
/workspace/pmp_vast/envs/pmp-author/lib/python3.10/site-packages/dgl/dataloading/dataloader.py:1076: DGLWarning: Dataloader CPU affinity opt is not enabled, consider switching it on (see enable_cpu_affinity() or CPU best practices for DGL [https://docs.dgl.ai/tutorials/cpu/cpu_best_practises.html])
  dgl_warning(
elliptic_tr30_seed72 epoch=030 loss=0.011244 val_AUPRC=0.138051 best=0.156083@26 patience=4/20 train=40.809s val=31.626s
/workspace/pmp_vast/envs/pmp-author/lib/python3.10/site-packages/dgl/dataloading/dataloader.py:1076: DGLWarning: Dataloader CPU affinity opt is not enabled, consider switching it on (see enable_cpu_affinity() or CPU best practices for DGL [https://docs.dgl.ai/tutorials/cpu/cpu_best_practises.html])
  dgl_warning(
/workspace/pmp_vast/envs/pmp-author/lib/python3.10/site-packages/dgl/dataloading/dataloader.py:1076: DGLWarning: Dataloader CPU affinity opt is not enabled, consider switching it on (see enable_cpu_affinity() or CPU best practices for DGL [https://docs.dgl.ai/tutorials/cpu/cpu_best_practises.html])
  dgl_warning(
/workspace/pmp_vast/envs/pmp-author/lib/python3.10/site-packages/dgl/dataloading/dataloader.py:1076: DGLWarning: Dataloader CPU affinity opt is not enabled, consider switching it on (see enable_cpu_affinity() or CPU best practices for DGL [https://docs.dgl.ai/tutorials/cpu/cpu_best_practises.html])
  dgl_warning(
/workspace/pmp_vast/envs/pmp-author/lib/python3.10/site-packages/dgl/dataloading/dataloader.py:1076: DGLWarning: Dataloader CPU affinity opt is not enabled, consider switching it on (see enable_cpu_affinity() or CPU best practices for DGL [https://docs.dgl.ai/tutorials/cpu/cpu_best_practises.html])
  dgl_warning(
/workspace/pmp_vast/envs/pmp-author/lib/python3.10/site-packages/dgl/dataloading/dataloader.py:1076: DGLWarning: Dataloader CPU affinity opt is not enabled, consider switching it on (see enable_cpu_affinity() or CPU best practices for DGL [https://docs.dgl.ai/tutorials/cpu/cpu_best_practises.html])
  dgl_warning(
/workspace/pmp_vast/envs/pmp-author/lib/python3.10/site-packages/dgl/dataloading/dataloader.py:1076: DGLWarning: Dataloader CPU affinity opt is not enabled, consider switching it on (see enable_cpu_affinity() or CPU best practices for DGL [https://docs.dgl.ai/tutorials/cpu/cpu_best_practises.html])
  dgl_warning(
/workspace/pmp_vast/envs/pmp-author/lib/python3.10/site-packages/dgl/dataloading/dataloader.py:1076: DGLWarning: Dataloader CPU affinity opt is not enabled, consider switching it on (see enable_cpu_affinity() or CPU best practices for DGL [https://docs.dgl.ai/tutorials/cpu/cpu_best_practises.html])
  dgl_warning(
/workspace/pmp_vast/envs/pmp-author/lib/python3.10/site-packages/dgl/dataloading/dataloader.py:1076: DGLWarning: Dataloader CPU affinity opt is not enabled, consider switching it on (see enable_cpu_affinity() or CPU best practices for DGL [https://docs.dgl.ai/tutorials/cpu/cpu_best_practises.html])
  dgl_warning(
/workspace/pmp_vast/envs/pmp-author/lib/python3.10/site-packages/dgl/dataloading/dataloader.py:1076: DGLWarning: Dataloader CPU affinity opt is not enabled, consider switching it on (see enable_cpu_affinity() or CPU best practices for DGL [https://docs.dgl.ai/tutorials/cpu/cpu_best_practises.html])
  dgl_warning(
/workspace/pmp_vast/envs/pmp-author/lib/python3.10/site-packages/dgl/dataloading/dataloader.py:1076: DGLWarning: Dataloader CPU affinity opt is not enabled, consider switching it on (see enable_cpu_affinity() or CPU best practices for DGL [https://docs.dgl.ai/tutorials/cpu/cpu_best_practises.html])
  dgl_warning(
elliptic_tr30_seed72 epoch=040 loss=0.008830 val_AUPRC=0.127239 best=0.156083@26 patience=14/20 train=41.570s val=37.999s
/workspace/pmp_vast/envs/pmp-author/lib/python3.10/site-packages/dgl/dataloading/dataloader.py:1076: DGLWarning: Dataloader CPU affinity opt is not enabled, consider switching it on (see enable_cpu_affinity() or CPU best practices for DGL [https://docs.dgl.ai/tutorials/cpu/cpu_best_practises.html])
  dgl_warning(
/workspace/pmp_vast/envs/pmp-author/lib/python3.10/site-packages/dgl/dataloading/dataloader.py:1076: DGLWarning: Dataloader CPU affinity opt is not enabled, consider switching it on (see enable_cpu_affinity() or CPU best practices for DGL [https://docs.dgl.ai/tutorials/cpu/cpu_best_practises.html])
  dgl_warning(
/workspace/pmp_vast/envs/pmp-author/lib/python3.10/site-packages/dgl/dataloading/dataloader.py:1076: DGLWarning: Dataloader CPU affinity opt is not enabled, consider switching it on (see enable_cpu_affinity() or CPU best practices for DGL [https://docs.dgl.ai/tutorials/cpu/cpu_best_practises.html])
  dgl_warning(
/workspace/pmp_vast/envs/pmp-author/lib/python3.10/site-packages/dgl/dataloading/dataloader.py:1076: DGLWarning: Dataloader CPU affinity opt is not enabled, consider switching it on (see enable_cpu_affinity() or CPU best practices for DGL [https://docs.dgl.ai/tutorials/cpu/cpu_best_practises.html])
  dgl_warning(
/workspace/pmp_vast/envs/pmp-author/lib/python3.10/site-packages/dgl/dataloading/dataloader.py:1076: DGLWarning: Dataloader CPU affinity opt is not enabled, consider switching it on (see enable_cpu_affinity() or CPU best practices for DGL [https://docs.dgl.ai/tutorials/cpu/cpu_best_practises.html])
  dgl_warning(
/workspace/pmp_vast/envs/pmp-author/lib/python3.10/site-packages/dgl/dataloading/dataloader.py:1076: DGLWarning: Dataloader CPU affinity opt is not enabled, consider switching it on (see enable_cpu_affinity() or CPU best practices for DGL [https://docs.dgl.ai/tutorials/cpu/cpu_best_practises.html])
  dgl_warning(
elliptic_tr30_seed72 epoch=046 loss=0.010198 val_AUPRC=0.152889 best=0.156083@26 patience=20/20 train=36.426s val=33.236s
EARLY_STOP elliptic_tr30_seed72 epoch=46 best_epoch=26
/workspace/pmp_vast/envs/pmp-author/lib/python3.10/site-packages/dgl/dataloading/dataloader.py:1076: DGLWarning: Dataloader CPU affinity opt is not enabled, consider switching it on (see enable_cpu_affinity() or CPU best practices for DGL [https://docs.dgl.ai/tutorials/cpu/cpu_best_practises.html])
  dgl_warning(
elliptic_tr30_seed72 FROZEN checkpoint_epoch=26 val_AUPRC=0.156083 threshold=0.01
/workspace/pmp_vast/envs/pmp-author/lib/python3.10/site-packages/dgl/dataloading/dataloader.py:1076: DGLWarning: Dataloader CPU affinity opt is not enabled, consider switching it on (see enable_cpu_affinity() or CPU best practices for DGL [https://docs.dgl.ai/tutorials/cpu/cpu_best_practises.html])
  dgl_warning(
FINAL elliptic_tr30_seed72 PASS | AUPRC=0.166486 AUROC=0.652583 MacroF1=0.573825 Recall=0.450505

===== FINAL RUN elliptic_tr20_seed2 =====
TEST_EVAL_BATCH_ADAPTER=FULL_FIXED_TEST_SINGLE_BATCH nodes=18949
/workspace/pmp_vast/envs/pmp-author/lib/python3.10/site-packages/dgl/dataloading/dataloader.py:1076: DGLWarning: Dataloader CPU affinity opt is not enabled, consider switching it on (see enable_cpu_affinity() or CPU best practices for DGL [https://docs.dgl.ai/tutorials/cpu/cpu_best_practises.html])
  dgl_warning(
elliptic_tr20_seed2 epoch=001 loss=0.147234 val_AUPRC=0.109110 best=0.109110@1 patience=0/20 train=25.566s val=21.223s
/workspace/pmp_vast/envs/pmp-author/lib/python3.10/site-packages/dgl/dataloading/dataloader.py:1076: DGLWarning: Dataloader CPU affinity opt is not enabled, consider switching it on (see enable_cpu_affinity() or CPU best practices for DGL [https://docs.dgl.ai/tutorials/cpu/cpu_best_practises.html])
  dgl_warning(
/workspace/pmp_vast/envs/pmp-author/lib/python3.10/site-packages/dgl/dataloading/dataloader.py:1076: DGLWarning: Dataloader CPU affinity opt is not enabled, consider switching it on (see enable_cpu_affinity() or CPU best practices for DGL [https://docs.dgl.ai/tutorials/cpu/cpu_best_practises.html])
  dgl_warning(
/workspace/pmp_vast/envs/pmp-author/lib/python3.10/site-packages/dgl/dataloading/dataloader.py:1076: DGLWarning: Dataloader CPU affinity opt is not enabled, consider switching it on (see enable_cpu_affinity() or CPU best practices for DGL [https://docs.dgl.ai/tutorials/cpu/cpu_best_practises.html])
  dgl_warning(
elliptic_tr20_seed2 epoch=004 loss=0.064278 val_AUPRC=0.113165 best=0.113165@4 patience=0/20 train=35.400s val=19.223s
/workspace/pmp_vast/envs/pmp-author/lib/python3.10/site-packages/dgl/dataloading/dataloader.py:1076: DGLWarning: Dataloader CPU affinity opt is not enabled, consider switching it on (see enable_cpu_affinity() or CPU best practices for DGL [https://docs.dgl.ai/tutorials/cpu/cpu_best_practises.html])
  dgl_warning(
elliptic_tr20_seed2 epoch=005 loss=0.043996 val_AUPRC=0.123478 best=0.123478@5 patience=0/20 train=30.848s val=18.967s
/workspace/pmp_vast/envs/pmp-author/lib/python3.10/site-packages/dgl/dataloading/dataloader.py:1076: DGLWarning: Dataloader CPU affinity opt is not enabled, consider switching it on (see enable_cpu_affinity() or CPU best practices for DGL [https://docs.dgl.ai/tutorials/cpu/cpu_best_practises.html])
  dgl_warning(
/workspace/pmp_vast/envs/pmp-author/lib/python3.10/site-packages/dgl/dataloading/dataloader.py:1076: DGLWarning: Dataloader CPU affinity opt is not enabled, consider switching it on (see enable_cpu_affinity() or CPU best practices for DGL [https://docs.dgl.ai/tutorials/cpu/cpu_best_practises.html])
  dgl_warning(
/workspace/pmp_vast/envs/pmp-author/lib/python3.10/site-packages/dgl/dataloading/dataloader.py:1076: DGLWarning: Dataloader CPU affinity opt is not enabled, consider switching it on (see enable_cpu_affinity() or CPU best practices for DGL [https://docs.dgl.ai/tutorials/cpu/cpu_best_practises.html])
  dgl_warning(
/workspace/pmp_vast/envs/pmp-author/lib/python3.10/site-packages/dgl/dataloading/dataloader.py:1076: DGLWarning: Dataloader CPU affinity opt is not enabled, consider switching it on (see enable_cpu_affinity() or CPU best practices for DGL [https://docs.dgl.ai/tutorials/cpu/cpu_best_practises.html])
  dgl_warning(
/workspace/pmp_vast/envs/pmp-author/lib/python3.10/site-packages/dgl/dataloading/dataloader.py:1076: DGLWarning: Dataloader CPU affinity opt is not enabled, consider switching it on (see enable_cpu_affinity() or CPU best practices for DGL [https://docs.dgl.ai/tutorials/cpu/cpu_best_practises.html])
  dgl_warning(
elliptic_tr20_seed2 epoch=010 loss=0.029803 val_AUPRC=0.116368 best=0.123478@5 patience=5/20 train=54.796s val=44.302s
/workspace/pmp_vast/envs/pmp-author/lib/python3.10/site-packages/dgl/dataloading/dataloader.py:1076: DGLWarning: Dataloader CPU affinity opt is not enabled, consider switching it on (see enable_cpu_affinity() or CPU best practices for DGL [https://docs.dgl.ai/tutorials/cpu/cpu_best_practises.html])
  dgl_warning(
elliptic_tr20_seed2 epoch=011 loss=0.019070 val_AUPRC=0.139024 best=0.139024@11 patience=0/20 train=17.653s val=2.267s
/workspace/pmp_vast/envs/pmp-author/lib/python3.10/site-packages/dgl/dataloading/dataloader.py:1076: DGLWarning: Dataloader CPU affinity opt is not enabled, consider switching it on (see enable_cpu_affinity() or CPU best practices for DGL [https://docs.dgl.ai/tutorials/cpu/cpu_best_practises.html])
  dgl_warning(
/workspace/pmp_vast/envs/pmp-author/lib/python3.10/site-packages/dgl/dataloading/dataloader.py:1076: DGLWarning: Dataloader CPU affinity opt is not enabled, consider switching it on (see enable_cpu_affinity() or CPU best practices for DGL [https://docs.dgl.ai/tutorials/cpu/cpu_best_practises.html])
  dgl_warning(
/workspace/pmp_vast/envs/pmp-author/lib/python3.10/site-packages/dgl/dataloading/dataloader.py:1076: DGLWarning: Dataloader CPU affinity opt is not enabled, consider switching it on (see enable_cpu_affinity() or CPU best practices for DGL [https://docs.dgl.ai/tutorials/cpu/cpu_best_practises.html])
  dgl_warning(
/workspace/pmp_vast/envs/pmp-author/lib/python3.10/site-packages/dgl/dataloading/dataloader.py:1076: DGLWarning: Dataloader CPU affinity opt is not enabled, consider switching it on (see enable_cpu_affinity() or CPU best practices for DGL [https://docs.dgl.ai/tutorials/cpu/cpu_best_practises.html])
  dgl_warning(
/workspace/pmp_vast/envs/pmp-author/lib/python3.10/site-packages/dgl/dataloading/dataloader.py:1076: DGLWarning: Dataloader CPU affinity opt is not enabled, consider switching it on (see enable_cpu_affinity() or CPU best practices for DGL [https://docs.dgl.ai/tutorials/cpu/cpu_best_practises.html])
  dgl_warning(
/workspace/pmp_vast/envs/pmp-author/lib/python3.10/site-packages/dgl/dataloading/dataloader.py:1076: DGLWarning: Dataloader CPU affinity opt is not enabled, consider switching it on (see enable_cpu_affinity() or CPU best practices for DGL [https://docs.dgl.ai/tutorials/cpu/cpu_best_practises.html])
  dgl_warning(
/workspace/pmp_vast/envs/pmp-author/lib/python3.10/site-packages/dgl/dataloading/dataloader.py:1076: DGLWarning: Dataloader CPU affinity opt is not enabled, consider switching it on (see enable_cpu_affinity() or CPU best practices for DGL [https://docs.dgl.ai/tutorials/cpu/cpu_best_practises.html])
  dgl_warning(
/workspace/pmp_vast/envs/pmp-author/lib/python3.10/site-packages/dgl/dataloading/dataloader.py:1076: DGLWarning: Dataloader CPU affinity opt is not enabled, consider switching it on (see enable_cpu_affinity() or CPU best practices for DGL [https://docs.dgl.ai/tutorials/cpu/cpu_best_practises.html])
  dgl_warning(
/workspace/pmp_vast/envs/pmp-author/lib/python3.10/site-packages/dgl/dataloading/dataloader.py:1076: DGLWarning: Dataloader CPU affinity opt is not enabled, consider switching it on (see enable_cpu_affinity() or CPU best practices for DGL [https://docs.dgl.ai/tutorials/cpu/cpu_best_practises.html])
  dgl_warning(
elliptic_tr20_seed2 epoch=020 loss=0.030223 val_AUPRC=0.114222 best=0.139024@11 patience=9/20 train=1.617s val=1.315s
/workspace/pmp_vast/envs/pmp-author/lib/python3.10/site-packages/dgl/dataloading/dataloader.py:1076: DGLWarning: Dataloader CPU affinity opt is not enabled, consider switching it on (see enable_cpu_affinity() or CPU best practices for DGL [https://docs.dgl.ai/tutorials/cpu/cpu_best_practises.html])
  dgl_warning(
/workspace/pmp_vast/envs/pmp-author/lib/python3.10/site-packages/dgl/dataloading/dataloader.py:1076: DGLWarning: Dataloader CPU affinity opt is not enabled, consider switching it on (see enable_cpu_affinity() or CPU best practices for DGL [https://docs.dgl.ai/tutorials/cpu/cpu_best_practises.html])
  dgl_warning(
/workspace/pmp_vast/envs/pmp-author/lib/python3.10/site-packages/dgl/dataloading/dataloader.py:1076: DGLWarning: Dataloader CPU affinity opt is not enabled, consider switching it on (see enable_cpu_affinity() or CPU best practices for DGL [https://docs.dgl.ai/tutorials/cpu/cpu_best_practises.html])
  dgl_warning(
/workspace/pmp_vast/envs/pmp-author/lib/python3.10/site-packages/dgl/dataloading/dataloader.py:1076: DGLWarning: Dataloader CPU affinity opt is not enabled, consider switching it on (see enable_cpu_affinity() or CPU best practices for DGL [https://docs.dgl.ai/tutorials/cpu/cpu_best_practises.html])
  dgl_warning(
/workspace/pmp_vast/envs/pmp-author/lib/python3.10/site-packages/dgl/dataloading/dataloader.py:1076: DGLWarning: Dataloader CPU affinity opt is not enabled, consider switching it on (see enable_cpu_affinity() or CPU best practices for DGL [https://docs.dgl.ai/tutorials/cpu/cpu_best_practises.html])
  dgl_warning(
/workspace/pmp_vast/envs/pmp-author/lib/python3.10/site-packages/dgl/dataloading/dataloader.py:1076: DGLWarning: Dataloader CPU affinity opt is not enabled, consider switching it on (see enable_cpu_affinity() or CPU best practices for DGL [https://docs.dgl.ai/tutorials/cpu/cpu_best_practises.html])
  dgl_warning(
/workspace/pmp_vast/envs/pmp-author/lib/python3.10/site-packages/dgl/dataloading/dataloader.py:1076: DGLWarning: Dataloader CPU affinity opt is not enabled, consider switching it on (see enable_cpu_affinity() or CPU best practices for DGL [https://docs.dgl.ai/tutorials/cpu/cpu_best_practises.html])
  dgl_warning(
/workspace/pmp_vast/envs/pmp-author/lib/python3.10/site-packages/dgl/dataloading/dataloader.py:1076: DGLWarning: Dataloader CPU affinity opt is not enabled, consider switching it on (see enable_cpu_affinity() or CPU best practices for DGL [https://docs.dgl.ai/tutorials/cpu/cpu_best_practises.html])
  dgl_warning(
/workspace/pmp_vast/envs/pmp-author/lib/python3.10/site-packages/dgl/dataloading/dataloader.py:1076: DGLWarning: Dataloader CPU affinity opt is not enabled, consider switching it on (see enable_cpu_affinity() or CPU best practices for DGL [https://docs.dgl.ai/tutorials/cpu/cpu_best_practises.html])
  dgl_warning(
/workspace/pmp_vast/envs/pmp-author/lib/python3.10/site-packages/dgl/dataloading/dataloader.py:1076: DGLWarning: Dataloader CPU affinity opt is not enabled, consider switching it on (see enable_cpu_affinity() or CPU best practices for DGL [https://docs.dgl.ai/tutorials/cpu/cpu_best_practises.html])
  dgl_warning(
elliptic_tr20_seed2 epoch=030 loss=0.001634 val_AUPRC=0.119501 best=0.139024@11 patience=19/20 train=1.623s val=1.216s
/workspace/pmp_vast/envs/pmp-author/lib/python3.10/site-packages/dgl/dataloading/dataloader.py:1076: DGLWarning: Dataloader CPU affinity opt is not enabled, consider switching it on (see enable_cpu_affinity() or CPU best practices for DGL [https://docs.dgl.ai/tutorials/cpu/cpu_best_practises.html])
  dgl_warning(
elliptic_tr20_seed2 epoch=031 loss=0.001625 val_AUPRC=0.127866 best=0.139024@11 patience=20/20 train=1.409s val=1.276s
EARLY_STOP elliptic_tr20_seed2 epoch=31 best_epoch=11
/workspace/pmp_vast/envs/pmp-author/lib/python3.10/site-packages/dgl/dataloading/dataloader.py:1076: DGLWarning: Dataloader CPU affinity opt is not enabled, consider switching it on (see enable_cpu_affinity() or CPU best practices for DGL [https://docs.dgl.ai/tutorials/cpu/cpu_best_practises.html])
  dgl_warning(
elliptic_tr20_seed2 FROZEN checkpoint_epoch=11 val_AUPRC=0.139024 threshold=0.04
/workspace/pmp_vast/envs/pmp-author/lib/python3.10/site-packages/dgl/dataloading/dataloader.py:1076: DGLWarning: Dataloader CPU affinity opt is not enabled, consider switching it on (see enable_cpu_affinity() or CPU best practices for DGL [https://docs.dgl.ai/tutorials/cpu/cpu_best_practises.html])
  dgl_warning(
FINAL elliptic_tr20_seed2 PASS | AUPRC=0.088367 AUROC=0.517372 MacroF1=0.489948 Recall=0.015488

===== FINAL RUN elliptic_tr20_seed42 =====
TEST_EVAL_BATCH_ADAPTER=FULL_FIXED_TEST_SINGLE_BATCH nodes=18949
/workspace/pmp_vast/envs/pmp-author/lib/python3.10/site-packages/dgl/dataloading/dataloader.py:1076: DGLWarning: Dataloader CPU affinity opt is not enabled, consider switching it on (see enable_cpu_affinity() or CPU best practices for DGL [https://docs.dgl.ai/tutorials/cpu/cpu_best_practises.html])
  dgl_warning(
elliptic_tr20_seed42 epoch=001 loss=0.145505 val_AUPRC=0.103804 best=0.103804@1 patience=0/20 train=1.519s val=1.259s
/workspace/pmp_vast/envs/pmp-author/lib/python3.10/site-packages/dgl/dataloading/dataloader.py:1076: DGLWarning: Dataloader CPU affinity opt is not enabled, consider switching it on (see enable_cpu_affinity() or CPU best practices for DGL [https://docs.dgl.ai/tutorials/cpu/cpu_best_practises.html])
  dgl_warning(
elliptic_tr20_seed42 epoch=002 loss=0.079493 val_AUPRC=0.108238 best=0.108238@2 patience=0/20 train=1.567s val=1.134s
/workspace/pmp_vast/envs/pmp-author/lib/python3.10/site-packages/dgl/dataloading/dataloader.py:1076: DGLWarning: Dataloader CPU affinity opt is not enabled, consider switching it on (see enable_cpu_affinity() or CPU best practices for DGL [https://docs.dgl.ai/tutorials/cpu/cpu_best_practises.html])
  dgl_warning(
/workspace/pmp_vast/envs/pmp-author/lib/python3.10/site-packages/dgl/dataloading/dataloader.py:1076: DGLWarning: Dataloader CPU affinity opt is not enabled, consider switching it on (see enable_cpu_affinity() or CPU best practices for DGL [https://docs.dgl.ai/tutorials/cpu/cpu_best_practises.html])
  dgl_warning(
elliptic_tr20_seed42 epoch=004 loss=0.060168 val_AUPRC=0.111876 best=0.111876@4 patience=0/20 train=1.481s val=1.202s
/workspace/pmp_vast/envs/pmp-author/lib/python3.10/site-packages/dgl/dataloading/dataloader.py:1076: DGLWarning: Dataloader CPU affinity opt is not enabled, consider switching it on (see enable_cpu_affinity() or CPU best practices for DGL [https://docs.dgl.ai/tutorials/cpu/cpu_best_practises.html])
  dgl_warning(
elliptic_tr20_seed42 epoch=005 loss=0.040960 val_AUPRC=0.132753 best=0.132753@5 patience=0/20 train=1.521s val=1.107s
/workspace/pmp_vast/envs/pmp-author/lib/python3.10/site-packages/dgl/dataloading/dataloader.py:1076: DGLWarning: Dataloader CPU affinity opt is not enabled, consider switching it on (see enable_cpu_affinity() or CPU best practices for DGL [https://docs.dgl.ai/tutorials/cpu/cpu_best_practises.html])
  dgl_warning(
/workspace/pmp_vast/envs/pmp-author/lib/python3.10/site-packages/dgl/dataloading/dataloader.py:1076: DGLWarning: Dataloader CPU affinity opt is not enabled, consider switching it on (see enable_cpu_affinity() or CPU best practices for DGL [https://docs.dgl.ai/tutorials/cpu/cpu_best_practises.html])
  dgl_warning(
/workspace/pmp_vast/envs/pmp-author/lib/python3.10/site-packages/dgl/dataloading/dataloader.py:1076: DGLWarning: Dataloader CPU affinity opt is not enabled, consider switching it on (see enable_cpu_affinity() or CPU best practices for DGL [https://docs.dgl.ai/tutorials/cpu/cpu_best_practises.html])
  dgl_warning(
/workspace/pmp_vast/envs/pmp-author/lib/python3.10/site-packages/dgl/dataloading/dataloader.py:1076: DGLWarning: Dataloader CPU affinity opt is not enabled, consider switching it on (see enable_cpu_affinity() or CPU best practices for DGL [https://docs.dgl.ai/tutorials/cpu/cpu_best_practises.html])
  dgl_warning(
/workspace/pmp_vast/envs/pmp-author/lib/python3.10/site-packages/dgl/dataloading/dataloader.py:1076: DGLWarning: Dataloader CPU affinity opt is not enabled, consider switching it on (see enable_cpu_affinity() or CPU best practices for DGL [https://docs.dgl.ai/tutorials/cpu/cpu_best_practises.html])
  dgl_warning(
elliptic_tr20_seed42 epoch=010 loss=0.020383 val_AUPRC=0.111041 best=0.132753@5 patience=5/20 train=1.397s val=1.143s
/workspace/pmp_vast/envs/pmp-author/lib/python3.10/site-packages/dgl/dataloading/dataloader.py:1076: DGLWarning: Dataloader CPU affinity opt is not enabled, consider switching it on (see enable_cpu_affinity() or CPU best practices for DGL [https://docs.dgl.ai/tutorials/cpu/cpu_best_practises.html])
  dgl_warning(
/workspace/pmp_vast/envs/pmp-author/lib/python3.10/site-packages/dgl/dataloading/dataloader.py:1076: DGLWarning: Dataloader CPU affinity opt is not enabled, consider switching it on (see enable_cpu_affinity() or CPU best practices for DGL [https://docs.dgl.ai/tutorials/cpu/cpu_best_practises.html])
  dgl_warning(
/workspace/pmp_vast/envs/pmp-author/lib/python3.10/site-packages/dgl/dataloading/dataloader.py:1076: DGLWarning: Dataloader CPU affinity opt is not enabled, consider switching it on (see enable_cpu_affinity() or CPU best practices for DGL [https://docs.dgl.ai/tutorials/cpu/cpu_best_practises.html])
  dgl_warning(
/workspace/pmp_vast/envs/pmp-author/lib/python3.10/site-packages/dgl/dataloading/dataloader.py:1076: DGLWarning: Dataloader CPU affinity opt is not enabled, consider switching it on (see enable_cpu_affinity() or CPU best practices for DGL [https://docs.dgl.ai/tutorials/cpu/cpu_best_practises.html])
  dgl_warning(
/workspace/pmp_vast/envs/pmp-author/lib/python3.10/site-packages/dgl/dataloading/dataloader.py:1076: DGLWarning: Dataloader CPU affinity opt is not enabled, consider switching it on (see enable_cpu_affinity() or CPU best practices for DGL [https://docs.dgl.ai/tutorials/cpu/cpu_best_practises.html])
  dgl_warning(
/workspace/pmp_vast/envs/pmp-author/lib/python3.10/site-packages/dgl/dataloading/dataloader.py:1076: DGLWarning: Dataloader CPU affinity opt is not enabled, consider switching it on (see enable_cpu_affinity() or CPU best practices for DGL [https://docs.dgl.ai/tutorials/cpu/cpu_best_practises.html])
  dgl_warning(
/workspace/pmp_vast/envs/pmp-author/lib/python3.10/site-packages/dgl/dataloading/dataloader.py:1076: DGLWarning: Dataloader CPU affinity opt is not enabled, consider switching it on (see enable_cpu_affinity() or CPU best practices for DGL [https://docs.dgl.ai/tutorials/cpu/cpu_best_practises.html])
  dgl_warning(
/workspace/pmp_vast/envs/pmp-author/lib/python3.10/site-packages/dgl/dataloading/dataloader.py:1076: DGLWarning: Dataloader CPU affinity opt is not enabled, consider switching it on (see enable_cpu_affinity() or CPU best practices for DGL [https://docs.dgl.ai/tutorials/cpu/cpu_best_practises.html])
  dgl_warning(
/workspace/pmp_vast/envs/pmp-author/lib/python3.10/site-packages/dgl/dataloading/dataloader.py:1076: DGLWarning: Dataloader CPU affinity opt is not enabled, consider switching it on (see enable_cpu_affinity() or CPU best practices for DGL [https://docs.dgl.ai/tutorials/cpu/cpu_best_practises.html])
  dgl_warning(
/workspace/pmp_vast/envs/pmp-author/lib/python3.10/site-packages/dgl/dataloading/dataloader.py:1076: DGLWarning: Dataloader CPU affinity opt is not enabled, consider switching it on (see enable_cpu_affinity() or CPU best practices for DGL [https://docs.dgl.ai/tutorials/cpu/cpu_best_practises.html])
  dgl_warning(
elliptic_tr20_seed42 epoch=020 loss=0.007356 val_AUPRC=0.111915 best=0.132753@5 patience=15/20 train=1.381s val=1.154s
/workspace/pmp_vast/envs/pmp-author/lib/python3.10/site-packages/dgl/dataloading/dataloader.py:1076: DGLWarning: Dataloader CPU affinity opt is not enabled, consider switching it on (see enable_cpu_affinity() or CPU best practices for DGL [https://docs.dgl.ai/tutorials/cpu/cpu_best_practises.html])
  dgl_warning(
/workspace/pmp_vast/envs/pmp-author/lib/python3.10/site-packages/dgl/dataloading/dataloader.py:1076: DGLWarning: Dataloader CPU affinity opt is not enabled, consider switching it on (see enable_cpu_affinity() or CPU best practices for DGL [https://docs.dgl.ai/tutorials/cpu/cpu_best_practises.html])
  dgl_warning(
/workspace/pmp_vast/envs/pmp-author/lib/python3.10/site-packages/dgl/dataloading/dataloader.py:1076: DGLWarning: Dataloader CPU affinity opt is not enabled, consider switching it on (see enable_cpu_affinity() or CPU best practices for DGL [https://docs.dgl.ai/tutorials/cpu/cpu_best_practises.html])
  dgl_warning(
/workspace/pmp_vast/envs/pmp-author/lib/python3.10/site-packages/dgl/dataloading/dataloader.py:1076: DGLWarning: Dataloader CPU affinity opt is not enabled, consider switching it on (see enable_cpu_affinity() or CPU best practices for DGL [https://docs.dgl.ai/tutorials/cpu/cpu_best_practises.html])
  dgl_warning(
/workspace/pmp_vast/envs/pmp-author/lib/python3.10/site-packages/dgl/dataloading/dataloader.py:1076: DGLWarning: Dataloader CPU affinity opt is not enabled, consider switching it on (see enable_cpu_affinity() or CPU best practices for DGL [https://docs.dgl.ai/tutorials/cpu/cpu_best_practises.html])
  dgl_warning(
elliptic_tr20_seed42 epoch=025 loss=0.028882 val_AUPRC=0.114808 best=0.132753@5 patience=20/20 train=1.412s val=1.139s
EARLY_STOP elliptic_tr20_seed42 epoch=25 best_epoch=5
/workspace/pmp_vast/envs/pmp-author/lib/python3.10/site-packages/dgl/dataloading/dataloader.py:1076: DGLWarning: Dataloader CPU affinity opt is not enabled, consider switching it on (see enable_cpu_affinity() or CPU best practices for DGL [https://docs.dgl.ai/tutorials/cpu/cpu_best_practises.html])
  dgl_warning(
elliptic_tr20_seed42 FROZEN checkpoint_epoch=5 val_AUPRC=0.132753 threshold=0.16
/workspace/pmp_vast/envs/pmp-author/lib/python3.10/site-packages/dgl/dataloading/dataloader.py:1076: DGLWarning: Dataloader CPU affinity opt is not enabled, consider switching it on (see enable_cpu_affinity() or CPU best practices for DGL [https://docs.dgl.ai/tutorials/cpu/cpu_best_practises.html])
  dgl_warning(
FINAL elliptic_tr20_seed42 PASS | AUPRC=0.054139 AUROC=0.292970 MacroF1=0.491552 Recall=0.025589

===== FINAL RUN elliptic_tr20_seed72 =====
TEST_EVAL_BATCH_ADAPTER=FULL_FIXED_TEST_SINGLE_BATCH nodes=18949
/workspace/pmp_vast/envs/pmp-author/lib/python3.10/site-packages/dgl/dataloading/dataloader.py:1076: DGLWarning: Dataloader CPU affinity opt is not enabled, consider switching it on (see enable_cpu_affinity() or CPU best practices for DGL [https://docs.dgl.ai/tutorials/cpu/cpu_best_practises.html])
  dgl_warning(
elliptic_tr20_seed72 epoch=001 loss=0.141518 val_AUPRC=0.099070 best=0.099070@1 patience=0/20 train=1.330s val=1.044s
/workspace/pmp_vast/envs/pmp-author/lib/python3.10/site-packages/dgl/dataloading/dataloader.py:1076: DGLWarning: Dataloader CPU affinity opt is not enabled, consider switching it on (see enable_cpu_affinity() or CPU best practices for DGL [https://docs.dgl.ai/tutorials/cpu/cpu_best_practises.html])
  dgl_warning(
elliptic_tr20_seed72 epoch=002 loss=0.082323 val_AUPRC=0.102731 best=0.102731@2 patience=0/20 train=1.341s val=1.054s
/workspace/pmp_vast/envs/pmp-author/lib/python3.10/site-packages/dgl/dataloading/dataloader.py:1076: DGLWarning: Dataloader CPU affinity opt is not enabled, consider switching it on (see enable_cpu_affinity() or CPU best practices for DGL [https://docs.dgl.ai/tutorials/cpu/cpu_best_practises.html])
  dgl_warning(
/workspace/pmp_vast/envs/pmp-author/lib/python3.10/site-packages/dgl/dataloading/dataloader.py:1076: DGLWarning: Dataloader CPU affinity opt is not enabled, consider switching it on (see enable_cpu_affinity() or CPU best practices for DGL [https://docs.dgl.ai/tutorials/cpu/cpu_best_practises.html])
  dgl_warning(
elliptic_tr20_seed72 epoch=004 loss=0.055624 val_AUPRC=0.106109 best=0.106109@4 patience=0/20 train=1.251s val=1.043s
/workspace/pmp_vast/envs/pmp-author/lib/python3.10/site-packages/dgl/dataloading/dataloader.py:1076: DGLWarning: Dataloader CPU affinity opt is not enabled, consider switching it on (see enable_cpu_affinity() or CPU best practices for DGL [https://docs.dgl.ai/tutorials/cpu/cpu_best_practises.html])
  dgl_warning(
elliptic_tr20_seed72 epoch=005 loss=0.037905 val_AUPRC=0.111280 best=0.111280@5 patience=0/20 train=1.293s val=1.013s
/workspace/pmp_vast/envs/pmp-author/lib/python3.10/site-packages/dgl/dataloading/dataloader.py:1076: DGLWarning: Dataloader CPU affinity opt is not enabled, consider switching it on (see enable_cpu_affinity() or CPU best practices for DGL [https://docs.dgl.ai/tutorials/cpu/cpu_best_practises.html])
  dgl_warning(
elliptic_tr20_seed72 epoch=006 loss=0.033039 val_AUPRC=0.116628 best=0.116628@6 patience=0/20 train=1.293s val=1.090s
/workspace/pmp_vast/envs/pmp-author/lib/python3.10/site-packages/dgl/dataloading/dataloader.py:1076: DGLWarning: Dataloader CPU affinity opt is not enabled, consider switching it on (see enable_cpu_affinity() or CPU best practices for DGL [https://docs.dgl.ai/tutorials/cpu/cpu_best_practises.html])
  dgl_warning(
/workspace/pmp_vast/envs/pmp-author/lib/python3.10/site-packages/dgl/dataloading/dataloader.py:1076: DGLWarning: Dataloader CPU affinity opt is not enabled, consider switching it on (see enable_cpu_affinity() or CPU best practices for DGL [https://docs.dgl.ai/tutorials/cpu/cpu_best_practises.html])
  dgl_warning(
elliptic_tr20_seed72 epoch=008 loss=0.020004 val_AUPRC=0.118200 best=0.118200@8 patience=0/20 train=1.298s val=1.116s
/workspace/pmp_vast/envs/pmp-author/lib/python3.10/site-packages/dgl/dataloading/dataloader.py:1076: DGLWarning: Dataloader CPU affinity opt is not enabled, consider switching it on (see enable_cpu_affinity() or CPU best practices for DGL [https://docs.dgl.ai/tutorials/cpu/cpu_best_practises.html])
  dgl_warning(
elliptic_tr20_seed72 epoch=009 loss=0.015761 val_AUPRC=0.124467 best=0.124467@9 patience=0/20 train=1.370s val=1.139s
/workspace/pmp_vast/envs/pmp-author/lib/python3.10/site-packages/dgl/dataloading/dataloader.py:1076: DGLWarning: Dataloader CPU affinity opt is not enabled, consider switching it on (see enable_cpu_affinity() or CPU best practices for DGL [https://docs.dgl.ai/tutorials/cpu/cpu_best_practises.html])
  dgl_warning(
elliptic_tr20_seed72 epoch=010 loss=0.020117 val_AUPRC=0.118348 best=0.124467@9 patience=1/20 train=1.392s val=1.110s
/workspace/pmp_vast/envs/pmp-author/lib/python3.10/site-packages/dgl/dataloading/dataloader.py:1076: DGLWarning: Dataloader CPU affinity opt is not enabled, consider switching it on (see enable_cpu_affinity() or CPU best practices for DGL [https://docs.dgl.ai/tutorials/cpu/cpu_best_practises.html])
  dgl_warning(
elliptic_tr20_seed72 epoch=011 loss=0.027461 val_AUPRC=0.129017 best=0.129017@11 patience=0/20 train=1.297s val=1.111s
/workspace/pmp_vast/envs/pmp-author/lib/python3.10/site-packages/dgl/dataloading/dataloader.py:1076: DGLWarning: Dataloader CPU affinity opt is not enabled, consider switching it on (see enable_cpu_affinity() or CPU best practices for DGL [https://docs.dgl.ai/tutorials/cpu/cpu_best_practises.html])
  dgl_warning(
elliptic_tr20_seed72 epoch=012 loss=0.016224 val_AUPRC=0.150262 best=0.150262@12 patience=0/20 train=1.437s val=1.189s
/workspace/pmp_vast/envs/pmp-author/lib/python3.10/site-packages/dgl/dataloading/dataloader.py:1076: DGLWarning: Dataloader CPU affinity opt is not enabled, consider switching it on (see enable_cpu_affinity() or CPU best practices for DGL [https://docs.dgl.ai/tutorials/cpu/cpu_best_practises.html])
  dgl_warning(
/workspace/pmp_vast/envs/pmp-author/lib/python3.10/site-packages/dgl/dataloading/dataloader.py:1076: DGLWarning: Dataloader CPU affinity opt is not enabled, consider switching it on (see enable_cpu_affinity() or CPU best practices for DGL [https://docs.dgl.ai/tutorials/cpu/cpu_best_practises.html])
  dgl_warning(
/workspace/pmp_vast/envs/pmp-author/lib/python3.10/site-packages/dgl/dataloading/dataloader.py:1076: DGLWarning: Dataloader CPU affinity opt is not enabled, consider switching it on (see enable_cpu_affinity() or CPU best practices for DGL [https://docs.dgl.ai/tutorials/cpu/cpu_best_practises.html])
  dgl_warning(
/workspace/pmp_vast/envs/pmp-author/lib/python3.10/site-packages/dgl/dataloading/dataloader.py:1076: DGLWarning: Dataloader CPU affinity opt is not enabled, consider switching it on (see enable_cpu_affinity() or CPU best practices for DGL [https://docs.dgl.ai/tutorials/cpu/cpu_best_practises.html])
  dgl_warning(
/workspace/pmp_vast/envs/pmp-author/lib/python3.10/site-packages/dgl/dataloading/dataloader.py:1076: DGLWarning: Dataloader CPU affinity opt is not enabled, consider switching it on (see enable_cpu_affinity() or CPU best practices for DGL [https://docs.dgl.ai/tutorials/cpu/cpu_best_practises.html])
  dgl_warning(
/workspace/pmp_vast/envs/pmp-author/lib/python3.10/site-packages/dgl/dataloading/dataloader.py:1076: DGLWarning: Dataloader CPU affinity opt is not enabled, consider switching it on (see enable_cpu_affinity() or CPU best practices for DGL [https://docs.dgl.ai/tutorials/cpu/cpu_best_practises.html])
  dgl_warning(
/workspace/pmp_vast/envs/pmp-author/lib/python3.10/site-packages/dgl/dataloading/dataloader.py:1076: DGLWarning: Dataloader CPU affinity opt is not enabled, consider switching it on (see enable_cpu_affinity() or CPU best practices for DGL [https://docs.dgl.ai/tutorials/cpu/cpu_best_practises.html])
  dgl_warning(
/workspace/pmp_vast/envs/pmp-author/lib/python3.10/site-packages/dgl/dataloading/dataloader.py:1076: DGLWarning: Dataloader CPU affinity opt is not enabled, consider switching it on (see enable_cpu_affinity() or CPU best practices for DGL [https://docs.dgl.ai/tutorials/cpu/cpu_best_practises.html])
  dgl_warning(
elliptic_tr20_seed72 epoch=020 loss=0.004461 val_AUPRC=0.138215 best=0.150262@12 patience=8/20 train=1.498s val=1.125s
/workspace/pmp_vast/envs/pmp-author/lib/python3.10/site-packages/dgl/dataloading/dataloader.py:1076: DGLWarning: Dataloader CPU affinity opt is not enabled, consider switching it on (see enable_cpu_affinity() or CPU best practices for DGL [https://docs.dgl.ai/tutorials/cpu/cpu_best_practises.html])
  dgl_warning(
/workspace/pmp_vast/envs/pmp-author/lib/python3.10/site-packages/dgl/dataloading/dataloader.py:1076: DGLWarning: Dataloader CPU affinity opt is not enabled, consider switching it on (see enable_cpu_affinity() or CPU best practices for DGL [https://docs.dgl.ai/tutorials/cpu/cpu_best_practises.html])
  dgl_warning(
/workspace/pmp_vast/envs/pmp-author/lib/python3.10/site-packages/dgl/dataloading/dataloader.py:1076: DGLWarning: Dataloader CPU affinity opt is not enabled, consider switching it on (see enable_cpu_affinity() or CPU best practices for DGL [https://docs.dgl.ai/tutorials/cpu/cpu_best_practises.html])
  dgl_warning(
/workspace/pmp_vast/envs/pmp-author/lib/python3.10/site-packages/dgl/dataloading/dataloader.py:1076: DGLWarning: Dataloader CPU affinity opt is not enabled, consider switching it on (see enable_cpu_affinity() or CPU best practices for DGL [https://docs.dgl.ai/tutorials/cpu/cpu_best_practises.html])
  dgl_warning(
/workspace/pmp_vast/envs/pmp-author/lib/python3.10/site-packages/dgl/dataloading/dataloader.py:1076: DGLWarning: Dataloader CPU affinity opt is not enabled, consider switching it on (see enable_cpu_affinity() or CPU best practices for DGL [https://docs.dgl.ai/tutorials/cpu/cpu_best_practises.html])
  dgl_warning(
/workspace/pmp_vast/envs/pmp-author/lib/python3.10/site-packages/dgl/dataloading/dataloader.py:1076: DGLWarning: Dataloader CPU affinity opt is not enabled, consider switching it on (see enable_cpu_affinity() or CPU best practices for DGL [https://docs.dgl.ai/tutorials/cpu/cpu_best_practises.html])
  dgl_warning(
elliptic_tr20_seed72 epoch=026 loss=0.009523 val_AUPRC=0.167312 best=0.167312@26 patience=0/20 train=1.324s val=1.166s
/workspace/pmp_vast/envs/pmp-author/lib/python3.10/site-packages/dgl/dataloading/dataloader.py:1076: DGLWarning: Dataloader CPU affinity opt is not enabled, consider switching it on (see enable_cpu_affinity() or CPU best practices for DGL [https://docs.dgl.ai/tutorials/cpu/cpu_best_practises.html])
  dgl_warning(
/workspace/pmp_vast/envs/pmp-author/lib/python3.10/site-packages/dgl/dataloading/dataloader.py:1076: DGLWarning: Dataloader CPU affinity opt is not enabled, consider switching it on (see enable_cpu_affinity() or CPU best practices for DGL [https://docs.dgl.ai/tutorials/cpu/cpu_best_practises.html])
  dgl_warning(
/workspace/pmp_vast/envs/pmp-author/lib/python3.10/site-packages/dgl/dataloading/dataloader.py:1076: DGLWarning: Dataloader CPU affinity opt is not enabled, consider switching it on (see enable_cpu_affinity() or CPU best practices for DGL [https://docs.dgl.ai/tutorials/cpu/cpu_best_practises.html])
  dgl_warning(
/workspace/pmp_vast/envs/pmp-author/lib/python3.10/site-packages/dgl/dataloading/dataloader.py:1076: DGLWarning: Dataloader CPU affinity opt is not enabled, consider switching it on (see enable_cpu_affinity() or CPU best practices for DGL [https://docs.dgl.ai/tutorials/cpu/cpu_best_practises.html])
  dgl_warning(
elliptic_tr20_seed72 epoch=030 loss=0.046436 val_AUPRC=0.122755 best=0.167312@26 patience=4/20 train=1.328s val=1.080s
/workspace/pmp_vast/envs/pmp-author/lib/python3.10/site-packages/dgl/dataloading/dataloader.py:1076: DGLWarning: Dataloader CPU affinity opt is not enabled, consider switching it on (see enable_cpu_affinity() or CPU best practices for DGL [https://docs.dgl.ai/tutorials/cpu/cpu_best_practises.html])
  dgl_warning(
/workspace/pmp_vast/envs/pmp-author/lib/python3.10/site-packages/dgl/dataloading/dataloader.py:1076: DGLWarning: Dataloader CPU affinity opt is not enabled, consider switching it on (see enable_cpu_affinity() or CPU best practices for DGL [https://docs.dgl.ai/tutorials/cpu/cpu_best_practises.html])
  dgl_warning(
/workspace/pmp_vast/envs/pmp-author/lib/python3.10/site-packages/dgl/dataloading/dataloader.py:1076: DGLWarning: Dataloader CPU affinity opt is not enabled, consider switching it on (see enable_cpu_affinity() or CPU best practices for DGL [https://docs.dgl.ai/tutorials/cpu/cpu_best_practises.html])
  dgl_warning(
/workspace/pmp_vast/envs/pmp-author/lib/python3.10/site-packages/dgl/dataloading/dataloader.py:1076: DGLWarning: Dataloader CPU affinity opt is not enabled, consider switching it on (see enable_cpu_affinity() or CPU best practices for DGL [https://docs.dgl.ai/tutorials/cpu/cpu_best_practises.html])
  dgl_warning(
/workspace/pmp_vast/envs/pmp-author/lib/python3.10/site-packages/dgl/dataloading/dataloader.py:1076: DGLWarning: Dataloader CPU affinity opt is not enabled, consider switching it on (see enable_cpu_affinity() or CPU best practices for DGL [https://docs.dgl.ai/tutorials/cpu/cpu_best_practises.html])
  dgl_warning(
/workspace/pmp_vast/envs/pmp-author/lib/python3.10/site-packages/dgl/dataloading/dataloader.py:1076: DGLWarning: Dataloader CPU affinity opt is not enabled, consider switching it on (see enable_cpu_affinity() or CPU best practices for DGL [https://docs.dgl.ai/tutorials/cpu/cpu_best_practises.html])
  dgl_warning(
/workspace/pmp_vast/envs/pmp-author/lib/python3.10/site-packages/dgl/dataloading/dataloader.py:1076: DGLWarning: Dataloader CPU affinity opt is not enabled, consider switching it on (see enable_cpu_affinity() or CPU best practices for DGL [https://docs.dgl.ai/tutorials/cpu/cpu_best_practises.html])
  dgl_warning(
/workspace/pmp_vast/envs/pmp-author/lib/python3.10/site-packages/dgl/dataloading/dataloader.py:1076: DGLWarning: Dataloader CPU affinity opt is not enabled, consider switching it on (see enable_cpu_affinity() or CPU best practices for DGL [https://docs.dgl.ai/tutorials/cpu/cpu_best_practises.html])
  dgl_warning(
/workspace/pmp_vast/envs/pmp-author/lib/python3.10/site-packages/dgl/dataloading/dataloader.py:1076: DGLWarning: Dataloader CPU affinity opt is not enabled, consider switching it on (see enable_cpu_affinity() or CPU best practices for DGL [https://docs.dgl.ai/tutorials/cpu/cpu_best_practises.html])
  dgl_warning(
/workspace/pmp_vast/envs/pmp-author/lib/python3.10/site-packages/dgl/dataloading/dataloader.py:1076: DGLWarning: Dataloader CPU affinity opt is not enabled, consider switching it on (see enable_cpu_affinity() or CPU best practices for DGL [https://docs.dgl.ai/tutorials/cpu/cpu_best_practises.html])
  dgl_warning(
elliptic_tr20_seed72 epoch=040 loss=0.001506 val_AUPRC=0.125322 best=0.167312@26 patience=14/20 train=1.454s val=1.199s
/workspace/pmp_vast/envs/pmp-author/lib/python3.10/site-packages/dgl/dataloading/dataloader.py:1076: DGLWarning: Dataloader CPU affinity opt is not enabled, consider switching it on (see enable_cpu_affinity() or CPU best practices for DGL [https://docs.dgl.ai/tutorials/cpu/cpu_best_practises.html])
  dgl_warning(
/workspace/pmp_vast/envs/pmp-author/lib/python3.10/site-packages/dgl/dataloading/dataloader.py:1076: DGLWarning: Dataloader CPU affinity opt is not enabled, consider switching it on (see enable_cpu_affinity() or CPU best practices for DGL [https://docs.dgl.ai/tutorials/cpu/cpu_best_practises.html])
  dgl_warning(
/workspace/pmp_vast/envs/pmp-author/lib/python3.10/site-packages/dgl/dataloading/dataloader.py:1076: DGLWarning: Dataloader CPU affinity opt is not enabled, consider switching it on (see enable_cpu_affinity() or CPU best practices for DGL [https://docs.dgl.ai/tutorials/cpu/cpu_best_practises.html])
  dgl_warning(
/workspace/pmp_vast/envs/pmp-author/lib/python3.10/site-packages/dgl/dataloading/dataloader.py:1076: DGLWarning: Dataloader CPU affinity opt is not enabled, consider switching it on (see enable_cpu_affinity() or CPU best practices for DGL [https://docs.dgl.ai/tutorials/cpu/cpu_best_practises.html])
  dgl_warning(
/workspace/pmp_vast/envs/pmp-author/lib/python3.10/site-packages/dgl/dataloading/dataloader.py:1076: DGLWarning: Dataloader CPU affinity opt is not enabled, consider switching it on (see enable_cpu_affinity() or CPU best practices for DGL [https://docs.dgl.ai/tutorials/cpu/cpu_best_practises.html])
  dgl_warning(
/workspace/pmp_vast/envs/pmp-author/lib/python3.10/site-packages/dgl/dataloading/dataloader.py:1076: DGLWarning: Dataloader CPU affinity opt is not enabled, consider switching it on (see enable_cpu_affinity() or CPU best practices for DGL [https://docs.dgl.ai/tutorials/cpu/cpu_best_practises.html])
  dgl_warning(
elliptic_tr20_seed72 epoch=046 loss=0.000956 val_AUPRC=0.123611 best=0.167312@26 patience=20/20 train=1.513s val=1.348s
EARLY_STOP elliptic_tr20_seed72 epoch=46 best_epoch=26
/workspace/pmp_vast/envs/pmp-author/lib/python3.10/site-packages/dgl/dataloading/dataloader.py:1076: DGLWarning: Dataloader CPU affinity opt is not enabled, consider switching it on (see enable_cpu_affinity() or CPU best practices for DGL [https://docs.dgl.ai/tutorials/cpu/cpu_best_practises.html])
  dgl_warning(
elliptic_tr20_seed72 FROZEN checkpoint_epoch=26 val_AUPRC=0.167312 threshold=0.01
/workspace/pmp_vast/envs/pmp-author/lib/python3.10/site-packages/dgl/dataloading/dataloader.py:1076: DGLWarning: Dataloader CPU affinity opt is not enabled, consider switching it on (see enable_cpu_affinity() or CPU best practices for DGL [https://docs.dgl.ai/tutorials/cpu/cpu_best_practises.html])
  dgl_warning(
FINAL elliptic_tr20_seed72 PASS | AUPRC=0.258752 AUROC=0.675431 MacroF1=0.577404 Recall=0.529966

===== FINAL RUN elliptic_tr10_seed2 =====
TEST_EVAL_BATCH_ADAPTER=FULL_FIXED_TEST_SINGLE_BATCH nodes=18949
/workspace/pmp_vast/envs/pmp-author/lib/python3.10/site-packages/dgl/dataloading/dataloader.py:1076: DGLWarning: Dataloader CPU affinity opt is not enabled, consider switching it on (see enable_cpu_affinity() or CPU best practices for DGL [https://docs.dgl.ai/tutorials/cpu/cpu_best_practises.html])
  dgl_warning(
elliptic_tr10_seed2 epoch=001 loss=0.142636 val_AUPRC=0.093250 best=0.093250@1 patience=0/20 train=0.961s val=1.618s
/workspace/pmp_vast/envs/pmp-author/lib/python3.10/site-packages/dgl/dataloading/dataloader.py:1076: DGLWarning: Dataloader CPU affinity opt is not enabled, consider switching it on (see enable_cpu_affinity() or CPU best practices for DGL [https://docs.dgl.ai/tutorials/cpu/cpu_best_practises.html])
  dgl_warning(
elliptic_tr10_seed2 epoch=002 loss=0.058149 val_AUPRC=0.096710 best=0.096710@2 patience=0/20 train=1.014s val=1.181s
/workspace/pmp_vast/envs/pmp-author/lib/python3.10/site-packages/dgl/dataloading/dataloader.py:1076: DGLWarning: Dataloader CPU affinity opt is not enabled, consider switching it on (see enable_cpu_affinity() or CPU best practices for DGL [https://docs.dgl.ai/tutorials/cpu/cpu_best_practises.html])
  dgl_warning(
/workspace/pmp_vast/envs/pmp-author/lib/python3.10/site-packages/dgl/dataloading/dataloader.py:1076: DGLWarning: Dataloader CPU affinity opt is not enabled, consider switching it on (see enable_cpu_affinity() or CPU best practices for DGL [https://docs.dgl.ai/tutorials/cpu/cpu_best_practises.html])
  dgl_warning(
/workspace/pmp_vast/envs/pmp-author/lib/python3.10/site-packages/dgl/dataloading/dataloader.py:1076: DGLWarning: Dataloader CPU affinity opt is not enabled, consider switching it on (see enable_cpu_affinity() or CPU best practices for DGL [https://docs.dgl.ai/tutorials/cpu/cpu_best_practises.html])
  dgl_warning(
elliptic_tr10_seed2 epoch=005 loss=0.037159 val_AUPRC=0.097103 best=0.097103@5 patience=0/20 train=0.872s val=1.267s
/workspace/pmp_vast/envs/pmp-author/lib/python3.10/site-packages/dgl/dataloading/dataloader.py:1076: DGLWarning: Dataloader CPU affinity opt is not enabled, consider switching it on (see enable_cpu_affinity() or CPU best practices for DGL [https://docs.dgl.ai/tutorials/cpu/cpu_best_practises.html])
  dgl_warning(
elliptic_tr10_seed2 epoch=006 loss=0.033474 val_AUPRC=0.097198 best=0.097198@6 patience=0/20 train=0.919s val=1.235s
/workspace/pmp_vast/envs/pmp-author/lib/python3.10/site-packages/dgl/dataloading/dataloader.py:1076: DGLWarning: Dataloader CPU affinity opt is not enabled, consider switching it on (see enable_cpu_affinity() or CPU best practices for DGL [https://docs.dgl.ai/tutorials/cpu/cpu_best_practises.html])
  dgl_warning(
/workspace/pmp_vast/envs/pmp-author/lib/python3.10/site-packages/dgl/dataloading/dataloader.py:1076: DGLWarning: Dataloader CPU affinity opt is not enabled, consider switching it on (see enable_cpu_affinity() or CPU best practices for DGL [https://docs.dgl.ai/tutorials/cpu/cpu_best_practises.html])
  dgl_warning(
/workspace/pmp_vast/envs/pmp-author/lib/python3.10/site-packages/dgl/dataloading/dataloader.py:1076: DGLWarning: Dataloader CPU affinity opt is not enabled, consider switching it on (see enable_cpu_affinity() or CPU best practices for DGL [https://docs.dgl.ai/tutorials/cpu/cpu_best_practises.html])
  dgl_warning(
/workspace/pmp_vast/envs/pmp-author/lib/python3.10/site-packages/dgl/dataloading/dataloader.py:1076: DGLWarning: Dataloader CPU affinity opt is not enabled, consider switching it on (see enable_cpu_affinity() or CPU best practices for DGL [https://docs.dgl.ai/tutorials/cpu/cpu_best_practises.html])
  dgl_warning(
elliptic_tr10_seed2 epoch=010 loss=0.024345 val_AUPRC=0.097575 best=0.097575@10 patience=0/20 train=0.900s val=1.242s
/workspace/pmp_vast/envs/pmp-author/lib/python3.10/site-packages/dgl/dataloading/dataloader.py:1076: DGLWarning: Dataloader CPU affinity opt is not enabled, consider switching it on (see enable_cpu_affinity() or CPU best practices for DGL [https://docs.dgl.ai/tutorials/cpu/cpu_best_practises.html])
  dgl_warning(
elliptic_tr10_seed2 epoch=011 loss=0.017685 val_AUPRC=0.098751 best=0.098751@11 patience=0/20 train=0.877s val=1.281s
/workspace/pmp_vast/envs/pmp-author/lib/python3.10/site-packages/dgl/dataloading/dataloader.py:1076: DGLWarning: Dataloader CPU affinity opt is not enabled, consider switching it on (see enable_cpu_affinity() or CPU best practices for DGL [https://docs.dgl.ai/tutorials/cpu/cpu_best_practises.html])
  dgl_warning(
/workspace/pmp_vast/envs/pmp-author/lib/python3.10/site-packages/dgl/dataloading/dataloader.py:1076: DGLWarning: Dataloader CPU affinity opt is not enabled, consider switching it on (see enable_cpu_affinity() or CPU best practices for DGL [https://docs.dgl.ai/tutorials/cpu/cpu_best_practises.html])
  dgl_warning(
elliptic_tr10_seed2 epoch=013 loss=0.013527 val_AUPRC=0.099706 best=0.099706@13 patience=0/20 train=0.899s val=1.234s
/workspace/pmp_vast/envs/pmp-author/lib/python3.10/site-packages/dgl/dataloading/dataloader.py:1076: DGLWarning: Dataloader CPU affinity opt is not enabled, consider switching it on (see enable_cpu_affinity() or CPU best practices for DGL [https://docs.dgl.ai/tutorials/cpu/cpu_best_practises.html])
  dgl_warning(
/workspace/pmp_vast/envs/pmp-author/lib/python3.10/site-packages/dgl/dataloading/dataloader.py:1076: DGLWarning: Dataloader CPU affinity opt is not enabled, consider switching it on (see enable_cpu_affinity() or CPU best practices for DGL [https://docs.dgl.ai/tutorials/cpu/cpu_best_practises.html])
  dgl_warning(
/workspace/pmp_vast/envs/pmp-author/lib/python3.10/site-packages/dgl/dataloading/dataloader.py:1076: DGLWarning: Dataloader CPU affinity opt is not enabled, consider switching it on (see enable_cpu_affinity() or CPU best practices for DGL [https://docs.dgl.ai/tutorials/cpu/cpu_best_practises.html])
  dgl_warning(
elliptic_tr10_seed2 epoch=016 loss=0.005527 val_AUPRC=0.100094 best=0.100094@16 patience=0/20 train=0.896s val=1.236s
/workspace/pmp_vast/envs/pmp-author/lib/python3.10/site-packages/dgl/dataloading/dataloader.py:1076: DGLWarning: Dataloader CPU affinity opt is not enabled, consider switching it on (see enable_cpu_affinity() or CPU best practices for DGL [https://docs.dgl.ai/tutorials/cpu/cpu_best_practises.html])
  dgl_warning(
/workspace/pmp_vast/envs/pmp-author/lib/python3.10/site-packages/dgl/dataloading/dataloader.py:1076: DGLWarning: Dataloader CPU affinity opt is not enabled, consider switching it on (see enable_cpu_affinity() or CPU best practices for DGL [https://docs.dgl.ai/tutorials/cpu/cpu_best_practises.html])
  dgl_warning(
/workspace/pmp_vast/envs/pmp-author/lib/python3.10/site-packages/dgl/dataloading/dataloader.py:1076: DGLWarning: Dataloader CPU affinity opt is not enabled, consider switching it on (see enable_cpu_affinity() or CPU best practices for DGL [https://docs.dgl.ai/tutorials/cpu/cpu_best_practises.html])
  dgl_warning(
/workspace/pmp_vast/envs/pmp-author/lib/python3.10/site-packages/dgl/dataloading/dataloader.py:1076: DGLWarning: Dataloader CPU affinity opt is not enabled, consider switching it on (see enable_cpu_affinity() or CPU best practices for DGL [https://docs.dgl.ai/tutorials/cpu/cpu_best_practises.html])
  dgl_warning(
elliptic_tr10_seed2 epoch=020 loss=0.006228 val_AUPRC=0.099377 best=0.100094@16 patience=4/20 train=0.946s val=1.244s
/workspace/pmp_vast/envs/pmp-author/lib/python3.10/site-packages/dgl/dataloading/dataloader.py:1076: DGLWarning: Dataloader CPU affinity opt is not enabled, consider switching it on (see enable_cpu_affinity() or CPU best practices for DGL [https://docs.dgl.ai/tutorials/cpu/cpu_best_practises.html])
  dgl_warning(
elliptic_tr10_seed2 epoch=021 loss=0.006362 val_AUPRC=0.105440 best=0.105440@21 patience=0/20 train=0.863s val=1.189s
/workspace/pmp_vast/envs/pmp-author/lib/python3.10/site-packages/dgl/dataloading/dataloader.py:1076: DGLWarning: Dataloader CPU affinity opt is not enabled, consider switching it on (see enable_cpu_affinity() or CPU best practices for DGL [https://docs.dgl.ai/tutorials/cpu/cpu_best_practises.html])
  dgl_warning(
/workspace/pmp_vast/envs/pmp-author/lib/python3.10/site-packages/dgl/dataloading/dataloader.py:1076: DGLWarning: Dataloader CPU affinity opt is not enabled, consider switching it on (see enable_cpu_affinity() or CPU best practices for DGL [https://docs.dgl.ai/tutorials/cpu/cpu_best_practises.html])
  dgl_warning(
/workspace/pmp_vast/envs/pmp-author/lib/python3.10/site-packages/dgl/dataloading/dataloader.py:1076: DGLWarning: Dataloader CPU affinity opt is not enabled, consider switching it on (see enable_cpu_affinity() or CPU best practices for DGL [https://docs.dgl.ai/tutorials/cpu/cpu_best_practises.html])
  dgl_warning(
/workspace/pmp_vast/envs/pmp-author/lib/python3.10/site-packages/dgl/dataloading/dataloader.py:1076: DGLWarning: Dataloader CPU affinity opt is not enabled, consider switching it on (see enable_cpu_affinity() or CPU best practices for DGL [https://docs.dgl.ai/tutorials/cpu/cpu_best_practises.html])
  dgl_warning(
/workspace/pmp_vast/envs/pmp-author/lib/python3.10/site-packages/dgl/dataloading/dataloader.py:1076: DGLWarning: Dataloader CPU affinity opt is not enabled, consider switching it on (see enable_cpu_affinity() or CPU best practices for DGL [https://docs.dgl.ai/tutorials/cpu/cpu_best_practises.html])
  dgl_warning(
/workspace/pmp_vast/envs/pmp-author/lib/python3.10/site-packages/dgl/dataloading/dataloader.py:1076: DGLWarning: Dataloader CPU affinity opt is not enabled, consider switching it on (see enable_cpu_affinity() or CPU best practices for DGL [https://docs.dgl.ai/tutorials/cpu/cpu_best_practises.html])
  dgl_warning(
/workspace/pmp_vast/envs/pmp-author/lib/python3.10/site-packages/dgl/dataloading/dataloader.py:1076: DGLWarning: Dataloader CPU affinity opt is not enabled, consider switching it on (see enable_cpu_affinity() or CPU best practices for DGL [https://docs.dgl.ai/tutorials/cpu/cpu_best_practises.html])
  dgl_warning(
elliptic_tr10_seed2 epoch=028 loss=0.002787 val_AUPRC=0.107036 best=0.107036@28 patience=0/20 train=0.904s val=1.207s
/workspace/pmp_vast/envs/pmp-author/lib/python3.10/site-packages/dgl/dataloading/dataloader.py:1076: DGLWarning: Dataloader CPU affinity opt is not enabled, consider switching it on (see enable_cpu_affinity() or CPU best practices for DGL [https://docs.dgl.ai/tutorials/cpu/cpu_best_practises.html])
  dgl_warning(
/workspace/pmp_vast/envs/pmp-author/lib/python3.10/site-packages/dgl/dataloading/dataloader.py:1076: DGLWarning: Dataloader CPU affinity opt is not enabled, consider switching it on (see enable_cpu_affinity() or CPU best practices for DGL [https://docs.dgl.ai/tutorials/cpu/cpu_best_practises.html])
  dgl_warning(
elliptic_tr10_seed2 epoch=030 loss=0.001669 val_AUPRC=0.106700 best=0.107036@28 patience=2/20 train=0.943s val=1.274s
/workspace/pmp_vast/envs/pmp-author/lib/python3.10/site-packages/dgl/dataloading/dataloader.py:1076: DGLWarning: Dataloader CPU affinity opt is not enabled, consider switching it on (see enable_cpu_affinity() or CPU best practices for DGL [https://docs.dgl.ai/tutorials/cpu/cpu_best_practises.html])
  dgl_warning(
elliptic_tr10_seed2 epoch=031 loss=0.001382 val_AUPRC=0.107446 best=0.107446@31 patience=0/20 train=0.893s val=1.188s
/workspace/pmp_vast/envs/pmp-author/lib/python3.10/site-packages/dgl/dataloading/dataloader.py:1076: DGLWarning: Dataloader CPU affinity opt is not enabled, consider switching it on (see enable_cpu_affinity() or CPU best practices for DGL [https://docs.dgl.ai/tutorials/cpu/cpu_best_practises.html])
  dgl_warning(
elliptic_tr10_seed2 epoch=032 loss=0.000926 val_AUPRC=0.107594 best=0.107594@32 patience=0/20 train=0.907s val=1.282s
/workspace/pmp_vast/envs/pmp-author/lib/python3.10/site-packages/dgl/dataloading/dataloader.py:1076: DGLWarning: Dataloader CPU affinity opt is not enabled, consider switching it on (see enable_cpu_affinity() or CPU best practices for DGL [https://docs.dgl.ai/tutorials/cpu/cpu_best_practises.html])
  dgl_warning(
elliptic_tr10_seed2 epoch=033 loss=0.000513 val_AUPRC=0.108557 best=0.108557@33 patience=0/20 train=0.928s val=1.148s
/workspace/pmp_vast/envs/pmp-author/lib/python3.10/site-packages/dgl/dataloading/dataloader.py:1076: DGLWarning: Dataloader CPU affinity opt is not enabled, consider switching it on (see enable_cpu_affinity() or CPU best practices for DGL [https://docs.dgl.ai/tutorials/cpu/cpu_best_practises.html])
  dgl_warning(
elliptic_tr10_seed2 epoch=034 loss=0.000245 val_AUPRC=0.109390 best=0.109390@34 patience=0/20 train=0.869s val=1.186s
/workspace/pmp_vast/envs/pmp-author/lib/python3.10/site-packages/dgl/dataloading/dataloader.py:1076: DGLWarning: Dataloader CPU affinity opt is not enabled, consider switching it on (see enable_cpu_affinity() or CPU best practices for DGL [https://docs.dgl.ai/tutorials/cpu/cpu_best_practises.html])
  dgl_warning(
/workspace/pmp_vast/envs/pmp-author/lib/python3.10/site-packages/dgl/dataloading/dataloader.py:1076: DGLWarning: Dataloader CPU affinity opt is not enabled, consider switching it on (see enable_cpu_affinity() or CPU best practices for DGL [https://docs.dgl.ai/tutorials/cpu/cpu_best_practises.html])
  dgl_warning(
elliptic_tr10_seed2 epoch=036 loss=0.000132 val_AUPRC=0.109616 best=0.109616@36 patience=0/20 train=0.869s val=1.379s
/workspace/pmp_vast/envs/pmp-author/lib/python3.10/site-packages/dgl/dataloading/dataloader.py:1076: DGLWarning: Dataloader CPU affinity opt is not enabled, consider switching it on (see enable_cpu_affinity() or CPU best practices for DGL [https://docs.dgl.ai/tutorials/cpu/cpu_best_practises.html])
  dgl_warning(
/workspace/pmp_vast/envs/pmp-author/lib/python3.10/site-packages/dgl/dataloading/dataloader.py:1076: DGLWarning: Dataloader CPU affinity opt is not enabled, consider switching it on (see enable_cpu_affinity() or CPU best practices for DGL [https://docs.dgl.ai/tutorials/cpu/cpu_best_practises.html])
  dgl_warning(
elliptic_tr10_seed2 epoch=038 loss=0.000080 val_AUPRC=0.109747 best=0.109747@38 patience=0/20 train=0.851s val=1.241s
/workspace/pmp_vast/envs/pmp-author/lib/python3.10/site-packages/dgl/dataloading/dataloader.py:1076: DGLWarning: Dataloader CPU affinity opt is not enabled, consider switching it on (see enable_cpu_affinity() or CPU best practices for DGL [https://docs.dgl.ai/tutorials/cpu/cpu_best_practises.html])
  dgl_warning(
/workspace/pmp_vast/envs/pmp-author/lib/python3.10/site-packages/dgl/dataloading/dataloader.py:1076: DGLWarning: Dataloader CPU affinity opt is not enabled, consider switching it on (see enable_cpu_affinity() or CPU best practices for DGL [https://docs.dgl.ai/tutorials/cpu/cpu_best_practises.html])
  dgl_warning(
elliptic_tr10_seed2 epoch=040 loss=0.000062 val_AUPRC=0.109900 best=0.109900@40 patience=0/20 train=0.887s val=1.257s
/workspace/pmp_vast/envs/pmp-author/lib/python3.10/site-packages/dgl/dataloading/dataloader.py:1076: DGLWarning: Dataloader CPU affinity opt is not enabled, consider switching it on (see enable_cpu_affinity() or CPU best practices for DGL [https://docs.dgl.ai/tutorials/cpu/cpu_best_practises.html])
  dgl_warning(
/workspace/pmp_vast/envs/pmp-author/lib/python3.10/site-packages/dgl/dataloading/dataloader.py:1076: DGLWarning: Dataloader CPU affinity opt is not enabled, consider switching it on (see enable_cpu_affinity() or CPU best practices for DGL [https://docs.dgl.ai/tutorials/cpu/cpu_best_practises.html])
  dgl_warning(
elliptic_tr10_seed2 epoch=042 loss=0.000061 val_AUPRC=0.109904 best=0.109904@42 patience=0/20 train=0.880s val=1.206s
/workspace/pmp_vast/envs/pmp-author/lib/python3.10/site-packages/dgl/dataloading/dataloader.py:1076: DGLWarning: Dataloader CPU affinity opt is not enabled, consider switching it on (see enable_cpu_affinity() or CPU best practices for DGL [https://docs.dgl.ai/tutorials/cpu/cpu_best_practises.html])
  dgl_warning(
elliptic_tr10_seed2 epoch=043 loss=0.000044 val_AUPRC=0.109972 best=0.109972@43 patience=0/20 train=0.971s val=1.157s
/workspace/pmp_vast/envs/pmp-author/lib/python3.10/site-packages/dgl/dataloading/dataloader.py:1076: DGLWarning: Dataloader CPU affinity opt is not enabled, consider switching it on (see enable_cpu_affinity() or CPU best practices for DGL [https://docs.dgl.ai/tutorials/cpu/cpu_best_practises.html])
  dgl_warning(
elliptic_tr10_seed2 epoch=044 loss=0.000061 val_AUPRC=0.110081 best=0.110081@44 patience=0/20 train=0.889s val=1.242s
/workspace/pmp_vast/envs/pmp-author/lib/python3.10/site-packages/dgl/dataloading/dataloader.py:1076: DGLWarning: Dataloader CPU affinity opt is not enabled, consider switching it on (see enable_cpu_affinity() or CPU best practices for DGL [https://docs.dgl.ai/tutorials/cpu/cpu_best_practises.html])
  dgl_warning(
elliptic_tr10_seed2 epoch=045 loss=0.000048 val_AUPRC=0.110210 best=0.110210@45 patience=0/20 train=0.900s val=1.200s
/workspace/pmp_vast/envs/pmp-author/lib/python3.10/site-packages/dgl/dataloading/dataloader.py:1076: DGLWarning: Dataloader CPU affinity opt is not enabled, consider switching it on (see enable_cpu_affinity() or CPU best practices for DGL [https://docs.dgl.ai/tutorials/cpu/cpu_best_practises.html])
  dgl_warning(
/workspace/pmp_vast/envs/pmp-author/lib/python3.10/site-packages/dgl/dataloading/dataloader.py:1076: DGLWarning: Dataloader CPU affinity opt is not enabled, consider switching it on (see enable_cpu_affinity() or CPU best practices for DGL [https://docs.dgl.ai/tutorials/cpu/cpu_best_practises.html])
  dgl_warning(
/workspace/pmp_vast/envs/pmp-author/lib/python3.10/site-packages/dgl/dataloading/dataloader.py:1076: DGLWarning: Dataloader CPU affinity opt is not enabled, consider switching it on (see enable_cpu_affinity() or CPU best practices for DGL [https://docs.dgl.ai/tutorials/cpu/cpu_best_practises.html])
  dgl_warning(
elliptic_tr10_seed2 epoch=048 loss=0.000046 val_AUPRC=0.110527 best=0.110527@48 patience=0/20 train=0.923s val=1.291s
/workspace/pmp_vast/envs/pmp-author/lib/python3.10/site-packages/dgl/dataloading/dataloader.py:1076: DGLWarning: Dataloader CPU affinity opt is not enabled, consider switching it on (see enable_cpu_affinity() or CPU best practices for DGL [https://docs.dgl.ai/tutorials/cpu/cpu_best_practises.html])
  dgl_warning(
/workspace/pmp_vast/envs/pmp-author/lib/python3.10/site-packages/dgl/dataloading/dataloader.py:1076: DGLWarning: Dataloader CPU affinity opt is not enabled, consider switching it on (see enable_cpu_affinity() or CPU best practices for DGL [https://docs.dgl.ai/tutorials/cpu/cpu_best_practises.html])
  dgl_warning(
elliptic_tr10_seed2 epoch=050 loss=0.000025 val_AUPRC=0.110436 best=0.110527@48 patience=2/20 train=0.957s val=1.199s
/workspace/pmp_vast/envs/pmp-author/lib/python3.10/site-packages/dgl/dataloading/dataloader.py:1076: DGLWarning: Dataloader CPU affinity opt is not enabled, consider switching it on (see enable_cpu_affinity() or CPU best practices for DGL [https://docs.dgl.ai/tutorials/cpu/cpu_best_practises.html])
  dgl_warning(
elliptic_tr10_seed2 epoch=051 loss=0.000034 val_AUPRC=0.110567 best=0.110567@51 patience=0/20 train=0.908s val=1.198s
/workspace/pmp_vast/envs/pmp-author/lib/python3.10/site-packages/dgl/dataloading/dataloader.py:1076: DGLWarning: Dataloader CPU affinity opt is not enabled, consider switching it on (see enable_cpu_affinity() or CPU best practices for DGL [https://docs.dgl.ai/tutorials/cpu/cpu_best_practises.html])
  dgl_warning(
/workspace/pmp_vast/envs/pmp-author/lib/python3.10/site-packages/dgl/dataloading/dataloader.py:1076: DGLWarning: Dataloader CPU affinity opt is not enabled, consider switching it on (see enable_cpu_affinity() or CPU best practices for DGL [https://docs.dgl.ai/tutorials/cpu/cpu_best_practises.html])
  dgl_warning(
/workspace/pmp_vast/envs/pmp-author/lib/python3.10/site-packages/dgl/dataloading/dataloader.py:1076: DGLWarning: Dataloader CPU affinity opt is not enabled, consider switching it on (see enable_cpu_affinity() or CPU best practices for DGL [https://docs.dgl.ai/tutorials/cpu/cpu_best_practises.html])
  dgl_warning(
elliptic_tr10_seed2 epoch=054 loss=0.000029 val_AUPRC=0.110649 best=0.110649@54 patience=0/20 train=0.863s val=1.238s
/workspace/pmp_vast/envs/pmp-author/lib/python3.10/site-packages/dgl/dataloading/dataloader.py:1076: DGLWarning: Dataloader CPU affinity opt is not enabled, consider switching it on (see enable_cpu_affinity() or CPU best practices for DGL [https://docs.dgl.ai/tutorials/cpu/cpu_best_practises.html])
  dgl_warning(
/workspace/pmp_vast/envs/pmp-author/lib/python3.10/site-packages/dgl/dataloading/dataloader.py:1076: DGLWarning: Dataloader CPU affinity opt is not enabled, consider switching it on (see enable_cpu_affinity() or CPU best practices for DGL [https://docs.dgl.ai/tutorials/cpu/cpu_best_practises.html])
  dgl_warning(
elliptic_tr10_seed2 epoch=056 loss=0.000027 val_AUPRC=0.110672 best=0.110672@56 patience=0/20 train=0.872s val=1.130s
/workspace/pmp_vast/envs/pmp-author/lib/python3.10/site-packages/dgl/dataloading/dataloader.py:1076: DGLWarning: Dataloader CPU affinity opt is not enabled, consider switching it on (see enable_cpu_affinity() or CPU best practices for DGL [https://docs.dgl.ai/tutorials/cpu/cpu_best_practises.html])
  dgl_warning(
elliptic_tr10_seed2 epoch=057 loss=0.000025 val_AUPRC=0.110701 best=0.110701@57 patience=0/20 train=0.836s val=1.238s
/workspace/pmp_vast/envs/pmp-author/lib/python3.10/site-packages/dgl/dataloading/dataloader.py:1076: DGLWarning: Dataloader CPU affinity opt is not enabled, consider switching it on (see enable_cpu_affinity() or CPU best practices for DGL [https://docs.dgl.ai/tutorials/cpu/cpu_best_practises.html])
  dgl_warning(
/workspace/pmp_vast/envs/pmp-author/lib/python3.10/site-packages/dgl/dataloading/dataloader.py:1076: DGLWarning: Dataloader CPU affinity opt is not enabled, consider switching it on (see enable_cpu_affinity() or CPU best practices for DGL [https://docs.dgl.ai/tutorials/cpu/cpu_best_practises.html])
  dgl_warning(
elliptic_tr10_seed2 epoch=059 loss=0.000025 val_AUPRC=0.110741 best=0.110741@59 patience=0/20 train=0.985s val=1.225s
/workspace/pmp_vast/envs/pmp-author/lib/python3.10/site-packages/dgl/dataloading/dataloader.py:1076: DGLWarning: Dataloader CPU affinity opt is not enabled, consider switching it on (see enable_cpu_affinity() or CPU best practices for DGL [https://docs.dgl.ai/tutorials/cpu/cpu_best_practises.html])
  dgl_warning(
elliptic_tr10_seed2 epoch=060 loss=0.000022 val_AUPRC=0.110836 best=0.110836@60 patience=0/20 train=0.878s val=1.210s
/workspace/pmp_vast/envs/pmp-author/lib/python3.10/site-packages/dgl/dataloading/dataloader.py:1076: DGLWarning: Dataloader CPU affinity opt is not enabled, consider switching it on (see enable_cpu_affinity() or CPU best practices for DGL [https://docs.dgl.ai/tutorials/cpu/cpu_best_practises.html])
  dgl_warning(
/workspace/pmp_vast/envs/pmp-author/lib/python3.10/site-packages/dgl/dataloading/dataloader.py:1076: DGLWarning: Dataloader CPU affinity opt is not enabled, consider switching it on (see enable_cpu_affinity() or CPU best practices for DGL [https://docs.dgl.ai/tutorials/cpu/cpu_best_practises.html])
  dgl_warning(
/workspace/pmp_vast/envs/pmp-author/lib/python3.10/site-packages/dgl/dataloading/dataloader.py:1076: DGLWarning: Dataloader CPU affinity opt is not enabled, consider switching it on (see enable_cpu_affinity() or CPU best practices for DGL [https://docs.dgl.ai/tutorials/cpu/cpu_best_practises.html])
  dgl_warning(
/workspace/pmp_vast/envs/pmp-author/lib/python3.10/site-packages/dgl/dataloading/dataloader.py:1076: DGLWarning: Dataloader CPU affinity opt is not enabled, consider switching it on (see enable_cpu_affinity() or CPU best practices for DGL [https://docs.dgl.ai/tutorials/cpu/cpu_best_practises.html])
  dgl_warning(
elliptic_tr10_seed2 epoch=064 loss=0.000022 val_AUPRC=0.110882 best=0.110882@64 patience=0/20 train=0.840s val=1.250s
/workspace/pmp_vast/envs/pmp-author/lib/python3.10/site-packages/dgl/dataloading/dataloader.py:1076: DGLWarning: Dataloader CPU affinity opt is not enabled, consider switching it on (see enable_cpu_affinity() or CPU best practices for DGL [https://docs.dgl.ai/tutorials/cpu/cpu_best_practises.html])
  dgl_warning(
/workspace/pmp_vast/envs/pmp-author/lib/python3.10/site-packages/dgl/dataloading/dataloader.py:1076: DGLWarning: Dataloader CPU affinity opt is not enabled, consider switching it on (see enable_cpu_affinity() or CPU best practices for DGL [https://docs.dgl.ai/tutorials/cpu/cpu_best_practises.html])
  dgl_warning(
elliptic_tr10_seed2 epoch=066 loss=0.000019 val_AUPRC=0.110996 best=0.110996@66 patience=0/20 train=0.890s val=1.242s
/workspace/pmp_vast/envs/pmp-author/lib/python3.10/site-packages/dgl/dataloading/dataloader.py:1076: DGLWarning: Dataloader CPU affinity opt is not enabled, consider switching it on (see enable_cpu_affinity() or CPU best practices for DGL [https://docs.dgl.ai/tutorials/cpu/cpu_best_practises.html])
  dgl_warning(
elliptic_tr10_seed2 epoch=067 loss=0.000015 val_AUPRC=0.111039 best=0.111039@67 patience=0/20 train=0.881s val=1.277s
/workspace/pmp_vast/envs/pmp-author/lib/python3.10/site-packages/dgl/dataloading/dataloader.py:1076: DGLWarning: Dataloader CPU affinity opt is not enabled, consider switching it on (see enable_cpu_affinity() or CPU best practices for DGL [https://docs.dgl.ai/tutorials/cpu/cpu_best_practises.html])
  dgl_warning(
elliptic_tr10_seed2 epoch=068 loss=0.000014 val_AUPRC=0.111075 best=0.111075@68 patience=0/20 train=1.027s val=1.218s
/workspace/pmp_vast/envs/pmp-author/lib/python3.10/site-packages/dgl/dataloading/dataloader.py:1076: DGLWarning: Dataloader CPU affinity opt is not enabled, consider switching it on (see enable_cpu_affinity() or CPU best practices for DGL [https://docs.dgl.ai/tutorials/cpu/cpu_best_practises.html])
  dgl_warning(
elliptic_tr10_seed2 epoch=069 loss=0.000014 val_AUPRC=0.111141 best=0.111141@69 patience=0/20 train=0.909s val=1.239s
/workspace/pmp_vast/envs/pmp-author/lib/python3.10/site-packages/dgl/dataloading/dataloader.py:1076: DGLWarning: Dataloader CPU affinity opt is not enabled, consider switching it on (see enable_cpu_affinity() or CPU best practices for DGL [https://docs.dgl.ai/tutorials/cpu/cpu_best_practises.html])
  dgl_warning(
elliptic_tr10_seed2 epoch=070 loss=0.000016 val_AUPRC=0.111094 best=0.111141@69 patience=1/20 train=0.902s val=1.262s
/workspace/pmp_vast/envs/pmp-author/lib/python3.10/site-packages/dgl/dataloading/dataloader.py:1076: DGLWarning: Dataloader CPU affinity opt is not enabled, consider switching it on (see enable_cpu_affinity() or CPU best practices for DGL [https://docs.dgl.ai/tutorials/cpu/cpu_best_practises.html])
  dgl_warning(
elliptic_tr10_seed2 epoch=071 loss=0.000014 val_AUPRC=0.111175 best=0.111175@71 patience=0/20 train=0.887s val=1.239s
/workspace/pmp_vast/envs/pmp-author/lib/python3.10/site-packages/dgl/dataloading/dataloader.py:1076: DGLWarning: Dataloader CPU affinity opt is not enabled, consider switching it on (see enable_cpu_affinity() or CPU best practices for DGL [https://docs.dgl.ai/tutorials/cpu/cpu_best_practises.html])
  dgl_warning(
elliptic_tr10_seed2 epoch=072 loss=0.000016 val_AUPRC=0.111211 best=0.111211@72 patience=0/20 train=0.832s val=1.151s
/workspace/pmp_vast/envs/pmp-author/lib/python3.10/site-packages/dgl/dataloading/dataloader.py:1076: DGLWarning: Dataloader CPU affinity opt is not enabled, consider switching it on (see enable_cpu_affinity() or CPU best practices for DGL [https://docs.dgl.ai/tutorials/cpu/cpu_best_practises.html])
  dgl_warning(
elliptic_tr10_seed2 epoch=073 loss=0.000014 val_AUPRC=0.111350 best=0.111350@73 patience=0/20 train=0.859s val=1.147s
/workspace/pmp_vast/envs/pmp-author/lib/python3.10/site-packages/dgl/dataloading/dataloader.py:1076: DGLWarning: Dataloader CPU affinity opt is not enabled, consider switching it on (see enable_cpu_affinity() or CPU best practices for DGL [https://docs.dgl.ai/tutorials/cpu/cpu_best_practises.html])
  dgl_warning(
/workspace/pmp_vast/envs/pmp-author/lib/python3.10/site-packages/dgl/dataloading/dataloader.py:1076: DGLWarning: Dataloader CPU affinity opt is not enabled, consider switching it on (see enable_cpu_affinity() or CPU best practices for DGL [https://docs.dgl.ai/tutorials/cpu/cpu_best_practises.html])
  dgl_warning(
/workspace/pmp_vast/envs/pmp-author/lib/python3.10/site-packages/dgl/dataloading/dataloader.py:1076: DGLWarning: Dataloader CPU affinity opt is not enabled, consider switching it on (see enable_cpu_affinity() or CPU best practices for DGL [https://docs.dgl.ai/tutorials/cpu/cpu_best_practises.html])
  dgl_warning(
/workspace/pmp_vast/envs/pmp-author/lib/python3.10/site-packages/dgl/dataloading/dataloader.py:1076: DGLWarning: Dataloader CPU affinity opt is not enabled, consider switching it on (see enable_cpu_affinity() or CPU best practices for DGL [https://docs.dgl.ai/tutorials/cpu/cpu_best_practises.html])
  dgl_warning(
/workspace/pmp_vast/envs/pmp-author/lib/python3.10/site-packages/dgl/dataloading/dataloader.py:1076: DGLWarning: Dataloader CPU affinity opt is not enabled, consider switching it on (see enable_cpu_affinity() or CPU best practices for DGL [https://docs.dgl.ai/tutorials/cpu/cpu_best_practises.html])
  dgl_warning(
elliptic_tr10_seed2 epoch=078 loss=0.000012 val_AUPRC=0.111397 best=0.111397@78 patience=0/20 train=0.874s val=1.217s
/workspace/pmp_vast/envs/pmp-author/lib/python3.10/site-packages/dgl/dataloading/dataloader.py:1076: DGLWarning: Dataloader CPU affinity opt is not enabled, consider switching it on (see enable_cpu_affinity() or CPU best practices for DGL [https://docs.dgl.ai/tutorials/cpu/cpu_best_practises.html])
  dgl_warning(
/workspace/pmp_vast/envs/pmp-author/lib/python3.10/site-packages/dgl/dataloading/dataloader.py:1076: DGLWarning: Dataloader CPU affinity opt is not enabled, consider switching it on (see enable_cpu_affinity() or CPU best practices for DGL [https://docs.dgl.ai/tutorials/cpu/cpu_best_practises.html])
  dgl_warning(
elliptic_tr10_seed2 epoch=080 loss=0.000011 val_AUPRC=0.111406 best=0.111406@80 patience=0/20 train=0.807s val=1.203s
/workspace/pmp_vast/envs/pmp-author/lib/python3.10/site-packages/dgl/dataloading/dataloader.py:1076: DGLWarning: Dataloader CPU affinity opt is not enabled, consider switching it on (see enable_cpu_affinity() or CPU best practices for DGL [https://docs.dgl.ai/tutorials/cpu/cpu_best_practises.html])
  dgl_warning(
elliptic_tr10_seed2 epoch=081 loss=0.000010 val_AUPRC=0.111510 best=0.111510@81 patience=0/20 train=0.882s val=1.141s
/workspace/pmp_vast/envs/pmp-author/lib/python3.10/site-packages/dgl/dataloading/dataloader.py:1076: DGLWarning: Dataloader CPU affinity opt is not enabled, consider switching it on (see enable_cpu_affinity() or CPU best practices for DGL [https://docs.dgl.ai/tutorials/cpu/cpu_best_practises.html])
  dgl_warning(
/workspace/pmp_vast/envs/pmp-author/lib/python3.10/site-packages/dgl/dataloading/dataloader.py:1076: DGLWarning: Dataloader CPU affinity opt is not enabled, consider switching it on (see enable_cpu_affinity() or CPU best practices for DGL [https://docs.dgl.ai/tutorials/cpu/cpu_best_practises.html])
  dgl_warning(
elliptic_tr10_seed2 epoch=083 loss=0.000009 val_AUPRC=0.111570 best=0.111570@83 patience=0/20 train=0.950s val=1.206s
/workspace/pmp_vast/envs/pmp-author/lib/python3.10/site-packages/dgl/dataloading/dataloader.py:1076: DGLWarning: Dataloader CPU affinity opt is not enabled, consider switching it on (see enable_cpu_affinity() or CPU best practices for DGL [https://docs.dgl.ai/tutorials/cpu/cpu_best_practises.html])
  dgl_warning(
elliptic_tr10_seed2 epoch=084 loss=0.000009 val_AUPRC=0.111590 best=0.111590@84 patience=0/20 train=0.850s val=1.170s
/workspace/pmp_vast/envs/pmp-author/lib/python3.10/site-packages/dgl/dataloading/dataloader.py:1076: DGLWarning: Dataloader CPU affinity opt is not enabled, consider switching it on (see enable_cpu_affinity() or CPU best practices for DGL [https://docs.dgl.ai/tutorials/cpu/cpu_best_practises.html])
  dgl_warning(
/workspace/pmp_vast/envs/pmp-author/lib/python3.10/site-packages/dgl/dataloading/dataloader.py:1076: DGLWarning: Dataloader CPU affinity opt is not enabled, consider switching it on (see enable_cpu_affinity() or CPU best practices for DGL [https://docs.dgl.ai/tutorials/cpu/cpu_best_practises.html])
  dgl_warning(
elliptic_tr10_seed2 epoch=086 loss=0.000009 val_AUPRC=0.111629 best=0.111629@86 patience=0/20 train=0.895s val=1.254s
/workspace/pmp_vast/envs/pmp-author/lib/python3.10/site-packages/dgl/dataloading/dataloader.py:1076: DGLWarning: Dataloader CPU affinity opt is not enabled, consider switching it on (see enable_cpu_affinity() or CPU best practices for DGL [https://docs.dgl.ai/tutorials/cpu/cpu_best_practises.html])
  dgl_warning(
/workspace/pmp_vast/envs/pmp-author/lib/python3.10/site-packages/dgl/dataloading/dataloader.py:1076: DGLWarning: Dataloader CPU affinity opt is not enabled, consider switching it on (see enable_cpu_affinity() or CPU best practices for DGL [https://docs.dgl.ai/tutorials/cpu/cpu_best_practises.html])
  dgl_warning(
/workspace/pmp_vast/envs/pmp-author/lib/python3.10/site-packages/dgl/dataloading/dataloader.py:1076: DGLWarning: Dataloader CPU affinity opt is not enabled, consider switching it on (see enable_cpu_affinity() or CPU best practices for DGL [https://docs.dgl.ai/tutorials/cpu/cpu_best_practises.html])
  dgl_warning(
elliptic_tr10_seed2 epoch=089 loss=0.000008 val_AUPRC=0.111645 best=0.111645@89 patience=0/20 train=0.871s val=1.172s
/workspace/pmp_vast/envs/pmp-author/lib/python3.10/site-packages/dgl/dataloading/dataloader.py:1076: DGLWarning: Dataloader CPU affinity opt is not enabled, consider switching it on (see enable_cpu_affinity() or CPU best practices for DGL [https://docs.dgl.ai/tutorials/cpu/cpu_best_practises.html])
  dgl_warning(
elliptic_tr10_seed2 epoch=090 loss=0.000010 val_AUPRC=0.111617 best=0.111645@89 patience=1/20 train=0.857s val=1.241s
/workspace/pmp_vast/envs/pmp-author/lib/python3.10/site-packages/dgl/dataloading/dataloader.py:1076: DGLWarning: Dataloader CPU affinity opt is not enabled, consider switching it on (see enable_cpu_affinity() or CPU best practices for DGL [https://docs.dgl.ai/tutorials/cpu/cpu_best_practises.html])
  dgl_warning(
/workspace/pmp_vast/envs/pmp-author/lib/python3.10/site-packages/dgl/dataloading/dataloader.py:1076: DGLWarning: Dataloader CPU affinity opt is not enabled, consider switching it on (see enable_cpu_affinity() or CPU best practices for DGL [https://docs.dgl.ai/tutorials/cpu/cpu_best_practises.html])
  dgl_warning(
/workspace/pmp_vast/envs/pmp-author/lib/python3.10/site-packages/dgl/dataloading/dataloader.py:1076: DGLWarning: Dataloader CPU affinity opt is not enabled, consider switching it on (see enable_cpu_affinity() or CPU best practices for DGL [https://docs.dgl.ai/tutorials/cpu/cpu_best_practises.html])
  dgl_warning(
elliptic_tr10_seed2 epoch=093 loss=0.000008 val_AUPRC=0.111783 best=0.111783@93 patience=0/20 train=0.847s val=1.187s
/workspace/pmp_vast/envs/pmp-author/lib/python3.10/site-packages/dgl/dataloading/dataloader.py:1076: DGLWarning: Dataloader CPU affinity opt is not enabled, consider switching it on (see enable_cpu_affinity() or CPU best practices for DGL [https://docs.dgl.ai/tutorials/cpu/cpu_best_practises.html])
  dgl_warning(
elliptic_tr10_seed2 epoch=094 loss=0.000008 val_AUPRC=0.111863 best=0.111863@94 patience=0/20 train=0.852s val=1.314s
/workspace/pmp_vast/envs/pmp-author/lib/python3.10/site-packages/dgl/dataloading/dataloader.py:1076: DGLWarning: Dataloader CPU affinity opt is not enabled, consider switching it on (see enable_cpu_affinity() or CPU best practices for DGL [https://docs.dgl.ai/tutorials/cpu/cpu_best_practises.html])
  dgl_warning(
/workspace/pmp_vast/envs/pmp-author/lib/python3.10/site-packages/dgl/dataloading/dataloader.py:1076: DGLWarning: Dataloader CPU affinity opt is not enabled, consider switching it on (see enable_cpu_affinity() or CPU best practices for DGL [https://docs.dgl.ai/tutorials/cpu/cpu_best_practises.html])
  dgl_warning(
/workspace/pmp_vast/envs/pmp-author/lib/python3.10/site-packages/dgl/dataloading/dataloader.py:1076: DGLWarning: Dataloader CPU affinity opt is not enabled, consider switching it on (see enable_cpu_affinity() or CPU best practices for DGL [https://docs.dgl.ai/tutorials/cpu/cpu_best_practises.html])
  dgl_warning(
/workspace/pmp_vast/envs/pmp-author/lib/python3.10/site-packages/dgl/dataloading/dataloader.py:1076: DGLWarning: Dataloader CPU affinity opt is not enabled, consider switching it on (see enable_cpu_affinity() or CPU best practices for DGL [https://docs.dgl.ai/tutorials/cpu/cpu_best_practises.html])
  dgl_warning(
/workspace/pmp_vast/envs/pmp-author/lib/python3.10/site-packages/dgl/dataloading/dataloader.py:1076: DGLWarning: Dataloader CPU affinity opt is not enabled, consider switching it on (see enable_cpu_affinity() or CPU best practices for DGL [https://docs.dgl.ai/tutorials/cpu/cpu_best_practises.html])
  dgl_warning(
elliptic_tr10_seed2 epoch=099 loss=0.000006 val_AUPRC=0.111925 best=0.111925@99 patience=0/20 train=0.900s val=1.202s
/workspace/pmp_vast/envs/pmp-author/lib/python3.10/site-packages/dgl/dataloading/dataloader.py:1076: DGLWarning: Dataloader CPU affinity opt is not enabled, consider switching it on (see enable_cpu_affinity() or CPU best practices for DGL [https://docs.dgl.ai/tutorials/cpu/cpu_best_practises.html])
  dgl_warning(
elliptic_tr10_seed2 epoch=100 loss=0.000007 val_AUPRC=0.112002 best=0.112002@100 patience=0/20 train=0.876s val=1.199s
/workspace/pmp_vast/envs/pmp-author/lib/python3.10/site-packages/dgl/dataloading/dataloader.py:1076: DGLWarning: Dataloader CPU affinity opt is not enabled, consider switching it on (see enable_cpu_affinity() or CPU best practices for DGL [https://docs.dgl.ai/tutorials/cpu/cpu_best_practises.html])
  dgl_warning(
elliptic_tr10_seed2 FROZEN checkpoint_epoch=100 val_AUPRC=0.112002 threshold=0.98
/workspace/pmp_vast/envs/pmp-author/lib/python3.10/site-packages/dgl/dataloading/dataloader.py:1076: DGLWarning: Dataloader CPU affinity opt is not enabled, consider switching it on (see enable_cpu_affinity() or CPU best practices for DGL [https://docs.dgl.ai/tutorials/cpu/cpu_best_practises.html])
  dgl_warning(
FINAL elliptic_tr10_seed2 PASS | AUPRC=0.083107 AUROC=0.526088 MacroF1=0.479566 Recall=0.000000

===== FINAL RUN elliptic_tr10_seed42 =====
TEST_EVAL_BATCH_ADAPTER=FULL_FIXED_TEST_SINGLE_BATCH nodes=18949
/workspace/pmp_vast/envs/pmp-author/lib/python3.10/site-packages/dgl/dataloading/dataloader.py:1076: DGLWarning: Dataloader CPU affinity opt is not enabled, consider switching it on (see enable_cpu_affinity() or CPU best practices for DGL [https://docs.dgl.ai/tutorials/cpu/cpu_best_practises.html])
  dgl_warning(
elliptic_tr10_seed42 epoch=001 loss=0.150645 val_AUPRC=0.094295 best=0.094295@1 patience=0/20 train=0.921s val=1.194s
/workspace/pmp_vast/envs/pmp-author/lib/python3.10/site-packages/dgl/dataloading/dataloader.py:1076: DGLWarning: Dataloader CPU affinity opt is not enabled, consider switching it on (see enable_cpu_affinity() or CPU best practices for DGL [https://docs.dgl.ai/tutorials/cpu/cpu_best_practises.html])
  dgl_warning(
elliptic_tr10_seed42 epoch=002 loss=0.058608 val_AUPRC=0.095489 best=0.095489@2 patience=0/20 train=0.875s val=1.162s
/workspace/pmp_vast/envs/pmp-author/lib/python3.10/site-packages/dgl/dataloading/dataloader.py:1076: DGLWarning: Dataloader CPU affinity opt is not enabled, consider switching it on (see enable_cpu_affinity() or CPU best practices for DGL [https://docs.dgl.ai/tutorials/cpu/cpu_best_practises.html])
  dgl_warning(
elliptic_tr10_seed42 epoch=003 loss=0.049809 val_AUPRC=0.096636 best=0.096636@3 patience=0/20 train=0.935s val=1.243s
/workspace/pmp_vast/envs/pmp-author/lib/python3.10/site-packages/dgl/dataloading/dataloader.py:1076: DGLWarning: Dataloader CPU affinity opt is not enabled, consider switching it on (see enable_cpu_affinity() or CPU best practices for DGL [https://docs.dgl.ai/tutorials/cpu/cpu_best_practises.html])
  dgl_warning(
elliptic_tr10_seed42 epoch=004 loss=0.044252 val_AUPRC=0.097836 best=0.097836@4 patience=0/20 train=0.927s val=1.180s
/workspace/pmp_vast/envs/pmp-author/lib/python3.10/site-packages/dgl/dataloading/dataloader.py:1076: DGLWarning: Dataloader CPU affinity opt is not enabled, consider switching it on (see enable_cpu_affinity() or CPU best practices for DGL [https://docs.dgl.ai/tutorials/cpu/cpu_best_practises.html])
  dgl_warning(
/workspace/pmp_vast/envs/pmp-author/lib/python3.10/site-packages/dgl/dataloading/dataloader.py:1076: DGLWarning: Dataloader CPU affinity opt is not enabled, consider switching it on (see enable_cpu_affinity() or CPU best practices for DGL [https://docs.dgl.ai/tutorials/cpu/cpu_best_practises.html])
  dgl_warning(
/workspace/pmp_vast/envs/pmp-author/lib/python3.10/site-packages/dgl/dataloading/dataloader.py:1076: DGLWarning: Dataloader CPU affinity opt is not enabled, consider switching it on (see enable_cpu_affinity() or CPU best practices for DGL [https://docs.dgl.ai/tutorials/cpu/cpu_best_practises.html])
  dgl_warning(
elliptic_tr10_seed42 epoch=007 loss=0.031235 val_AUPRC=0.098315 best=0.098315@7 patience=0/20 train=0.923s val=1.215s
/workspace/pmp_vast/envs/pmp-author/lib/python3.10/site-packages/dgl/dataloading/dataloader.py:1076: DGLWarning: Dataloader CPU affinity opt is not enabled, consider switching it on (see enable_cpu_affinity() or CPU best practices for DGL [https://docs.dgl.ai/tutorials/cpu/cpu_best_practises.html])
  dgl_warning(
elliptic_tr10_seed42 epoch=008 loss=0.027354 val_AUPRC=0.098655 best=0.098655@8 patience=0/20 train=0.842s val=1.148s
/workspace/pmp_vast/envs/pmp-author/lib/python3.10/site-packages/dgl/dataloading/dataloader.py:1076: DGLWarning: Dataloader CPU affinity opt is not enabled, consider switching it on (see enable_cpu_affinity() or CPU best practices for DGL [https://docs.dgl.ai/tutorials/cpu/cpu_best_practises.html])
  dgl_warning(
elliptic_tr10_seed42 epoch=009 loss=0.025958 val_AUPRC=0.099994 best=0.099994@9 patience=0/20 train=0.847s val=1.239s
/workspace/pmp_vast/envs/pmp-author/lib/python3.10/site-packages/dgl/dataloading/dataloader.py:1076: DGLWarning: Dataloader CPU affinity opt is not enabled, consider switching it on (see enable_cpu_affinity() or CPU best practices for DGL [https://docs.dgl.ai/tutorials/cpu/cpu_best_practises.html])
  dgl_warning(
elliptic_tr10_seed42 epoch=010 loss=0.022771 val_AUPRC=0.099097 best=0.099994@9 patience=1/20 train=0.925s val=1.261s
/workspace/pmp_vast/envs/pmp-author/lib/python3.10/site-packages/dgl/dataloading/dataloader.py:1076: DGLWarning: Dataloader CPU affinity opt is not enabled, consider switching it on (see enable_cpu_affinity() or CPU best practices for DGL [https://docs.dgl.ai/tutorials/cpu/cpu_best_practises.html])
  dgl_warning(
elliptic_tr10_seed42 epoch=011 loss=0.015798 val_AUPRC=0.100035 best=0.100035@11 patience=0/20 train=0.831s val=1.227s
/workspace/pmp_vast/envs/pmp-author/lib/python3.10/site-packages/dgl/dataloading/dataloader.py:1076: DGLWarning: Dataloader CPU affinity opt is not enabled, consider switching it on (see enable_cpu_affinity() or CPU best practices for DGL [https://docs.dgl.ai/tutorials/cpu/cpu_best_practises.html])
  dgl_warning(
elliptic_tr10_seed42 epoch=012 loss=0.014232 val_AUPRC=0.101522 best=0.101522@12 patience=0/20 train=0.921s val=1.119s
/workspace/pmp_vast/envs/pmp-author/lib/python3.10/site-packages/dgl/dataloading/dataloader.py:1076: DGLWarning: Dataloader CPU affinity opt is not enabled, consider switching it on (see enable_cpu_affinity() or CPU best practices for DGL [https://docs.dgl.ai/tutorials/cpu/cpu_best_practises.html])
  dgl_warning(
elliptic_tr10_seed42 epoch=013 loss=0.010221 val_AUPRC=0.103740 best=0.103740@13 patience=0/20 train=0.817s val=1.258s
/workspace/pmp_vast/envs/pmp-author/lib/python3.10/site-packages/dgl/dataloading/dataloader.py:1076: DGLWarning: Dataloader CPU affinity opt is not enabled, consider switching it on (see enable_cpu_affinity() or CPU best practices for DGL [https://docs.dgl.ai/tutorials/cpu/cpu_best_practises.html])
  dgl_warning(
elliptic_tr10_seed42 epoch=014 loss=0.009589 val_AUPRC=0.106056 best=0.106056@14 patience=0/20 train=0.866s val=1.182s
/workspace/pmp_vast/envs/pmp-author/lib/python3.10/site-packages/dgl/dataloading/dataloader.py:1076: DGLWarning: Dataloader CPU affinity opt is not enabled, consider switching it on (see enable_cpu_affinity() or CPU best practices for DGL [https://docs.dgl.ai/tutorials/cpu/cpu_best_practises.html])
  dgl_warning(
elliptic_tr10_seed42 epoch=015 loss=0.005524 val_AUPRC=0.107931 best=0.107931@15 patience=0/20 train=0.858s val=1.162s
/workspace/pmp_vast/envs/pmp-author/lib/python3.10/site-packages/dgl/dataloading/dataloader.py:1076: DGLWarning: Dataloader CPU affinity opt is not enabled, consider switching it on (see enable_cpu_affinity() or CPU best practices for DGL [https://docs.dgl.ai/tutorials/cpu/cpu_best_practises.html])
  dgl_warning(
elliptic_tr10_seed42 epoch=016 loss=0.003887 val_AUPRC=0.110515 best=0.110515@16 patience=0/20 train=0.848s val=1.254s
/workspace/pmp_vast/envs/pmp-author/lib/python3.10/site-packages/dgl/dataloading/dataloader.py:1076: DGLWarning: Dataloader CPU affinity opt is not enabled, consider switching it on (see enable_cpu_affinity() or CPU best practices for DGL [https://docs.dgl.ai/tutorials/cpu/cpu_best_practises.html])
  dgl_warning(
elliptic_tr10_seed42 epoch=017 loss=0.003934 val_AUPRC=0.110953 best=0.110953@17 patience=0/20 train=0.905s val=1.219s
/workspace/pmp_vast/envs/pmp-author/lib/python3.10/site-packages/dgl/dataloading/dataloader.py:1076: DGLWarning: Dataloader CPU affinity opt is not enabled, consider switching it on (see enable_cpu_affinity() or CPU best practices for DGL [https://docs.dgl.ai/tutorials/cpu/cpu_best_practises.html])
  dgl_warning(
elliptic_tr10_seed42 epoch=018 loss=0.002337 val_AUPRC=0.111867 best=0.111867@18 patience=0/20 train=0.909s val=1.242s
/workspace/pmp_vast/envs/pmp-author/lib/python3.10/site-packages/dgl/dataloading/dataloader.py:1076: DGLWarning: Dataloader CPU affinity opt is not enabled, consider switching it on (see enable_cpu_affinity() or CPU best practices for DGL [https://docs.dgl.ai/tutorials/cpu/cpu_best_practises.html])
  dgl_warning(
elliptic_tr10_seed42 epoch=019 loss=0.001605 val_AUPRC=0.114018 best=0.114018@19 patience=0/20 train=0.851s val=1.191s
/workspace/pmp_vast/envs/pmp-author/lib/python3.10/site-packages/dgl/dataloading/dataloader.py:1076: DGLWarning: Dataloader CPU affinity opt is not enabled, consider switching it on (see enable_cpu_affinity() or CPU best practices for DGL [https://docs.dgl.ai/tutorials/cpu/cpu_best_practises.html])
  dgl_warning(
elliptic_tr10_seed42 epoch=020 loss=0.000638 val_AUPRC=0.116675 best=0.116675@20 patience=0/20 train=0.894s val=1.127s
/workspace/pmp_vast/envs/pmp-author/lib/python3.10/site-packages/dgl/dataloading/dataloader.py:1076: DGLWarning: Dataloader CPU affinity opt is not enabled, consider switching it on (see enable_cpu_affinity() or CPU best practices for DGL [https://docs.dgl.ai/tutorials/cpu/cpu_best_practises.html])
  dgl_warning(
elliptic_tr10_seed42 epoch=021 loss=0.001680 val_AUPRC=0.119548 best=0.119548@21 patience=0/20 train=0.848s val=1.163s
/workspace/pmp_vast/envs/pmp-author/lib/python3.10/site-packages/dgl/dataloading/dataloader.py:1076: DGLWarning: Dataloader CPU affinity opt is not enabled, consider switching it on (see enable_cpu_affinity() or CPU best practices for DGL [https://docs.dgl.ai/tutorials/cpu/cpu_best_practises.html])
  dgl_warning(
elliptic_tr10_seed42 epoch=022 loss=0.003183 val_AUPRC=0.120125 best=0.120125@22 patience=0/20 train=0.918s val=1.210s
/workspace/pmp_vast/envs/pmp-author/lib/python3.10/site-packages/dgl/dataloading/dataloader.py:1076: DGLWarning: Dataloader CPU affinity opt is not enabled, consider switching it on (see enable_cpu_affinity() or CPU best practices for DGL [https://docs.dgl.ai/tutorials/cpu/cpu_best_practises.html])
  dgl_warning(
elliptic_tr10_seed42 epoch=023 loss=0.004797 val_AUPRC=0.121120 best=0.121120@23 patience=0/20 train=0.920s val=1.232s
/workspace/pmp_vast/envs/pmp-author/lib/python3.10/site-packages/dgl/dataloading/dataloader.py:1076: DGLWarning: Dataloader CPU affinity opt is not enabled, consider switching it on (see enable_cpu_affinity() or CPU best practices for DGL [https://docs.dgl.ai/tutorials/cpu/cpu_best_practises.html])
  dgl_warning(
/workspace/pmp_vast/envs/pmp-author/lib/python3.10/site-packages/dgl/dataloading/dataloader.py:1076: DGLWarning: Dataloader CPU affinity opt is not enabled, consider switching it on (see enable_cpu_affinity() or CPU best practices for DGL [https://docs.dgl.ai/tutorials/cpu/cpu_best_practises.html])
  dgl_warning(
elliptic_tr10_seed42 epoch=025 loss=0.000728 val_AUPRC=0.123906 best=0.123906@25 patience=0/20 train=0.782s val=1.140s
/workspace/pmp_vast/envs/pmp-author/lib/python3.10/site-packages/dgl/dataloading/dataloader.py:1076: DGLWarning: Dataloader CPU affinity opt is not enabled, consider switching it on (see enable_cpu_affinity() or CPU best practices for DGL [https://docs.dgl.ai/tutorials/cpu/cpu_best_practises.html])
  dgl_warning(
elliptic_tr10_seed42 epoch=026 loss=0.000173 val_AUPRC=0.126291 best=0.126291@26 patience=0/20 train=0.863s val=1.282s
/workspace/pmp_vast/envs/pmp-author/lib/python3.10/site-packages/dgl/dataloading/dataloader.py:1076: DGLWarning: Dataloader CPU affinity opt is not enabled, consider switching it on (see enable_cpu_affinity() or CPU best practices for DGL [https://docs.dgl.ai/tutorials/cpu/cpu_best_practises.html])
  dgl_warning(
/workspace/pmp_vast/envs/pmp-author/lib/python3.10/site-packages/dgl/dataloading/dataloader.py:1076: DGLWarning: Dataloader CPU affinity opt is not enabled, consider switching it on (see enable_cpu_affinity() or CPU best practices for DGL [https://docs.dgl.ai/tutorials/cpu/cpu_best_practises.html])
  dgl_warning(
/workspace/pmp_vast/envs/pmp-author/lib/python3.10/site-packages/dgl/dataloading/dataloader.py:1076: DGLWarning: Dataloader CPU affinity opt is not enabled, consider switching it on (see enable_cpu_affinity() or CPU best practices for DGL [https://docs.dgl.ai/tutorials/cpu/cpu_best_practises.html])
  dgl_warning(
/workspace/pmp_vast/envs/pmp-author/lib/python3.10/site-packages/dgl/dataloading/dataloader.py:1076: DGLWarning: Dataloader CPU affinity opt is not enabled, consider switching it on (see enable_cpu_affinity() or CPU best practices for DGL [https://docs.dgl.ai/tutorials/cpu/cpu_best_practises.html])
  dgl_warning(
elliptic_tr10_seed42 epoch=030 loss=0.000067 val_AUPRC=0.126582 best=0.126582@30 patience=0/20 train=0.904s val=1.230s
/workspace/pmp_vast/envs/pmp-author/lib/python3.10/site-packages/dgl/dataloading/dataloader.py:1076: DGLWarning: Dataloader CPU affinity opt is not enabled, consider switching it on (see enable_cpu_affinity() or CPU best practices for DGL [https://docs.dgl.ai/tutorials/cpu/cpu_best_practises.html])
  dgl_warning(
/workspace/pmp_vast/envs/pmp-author/lib/python3.10/site-packages/dgl/dataloading/dataloader.py:1076: DGLWarning: Dataloader CPU affinity opt is not enabled, consider switching it on (see enable_cpu_affinity() or CPU best practices for DGL [https://docs.dgl.ai/tutorials/cpu/cpu_best_practises.html])
  dgl_warning(
/workspace/pmp_vast/envs/pmp-author/lib/python3.10/site-packages/dgl/dataloading/dataloader.py:1076: DGLWarning: Dataloader CPU affinity opt is not enabled, consider switching it on (see enable_cpu_affinity() or CPU best practices for DGL [https://docs.dgl.ai/tutorials/cpu/cpu_best_practises.html])
  dgl_warning(
elliptic_tr10_seed42 epoch=033 loss=0.000049 val_AUPRC=0.126685 best=0.126685@33 patience=0/20 train=0.916s val=1.196s
/workspace/pmp_vast/envs/pmp-author/lib/python3.10/site-packages/dgl/dataloading/dataloader.py:1076: DGLWarning: Dataloader CPU affinity opt is not enabled, consider switching it on (see enable_cpu_affinity() or CPU best practices for DGL [https://docs.dgl.ai/tutorials/cpu/cpu_best_practises.html])
  dgl_warning(
elliptic_tr10_seed42 epoch=034 loss=0.000038 val_AUPRC=0.126980 best=0.126980@34 patience=0/20 train=0.906s val=1.164s
/workspace/pmp_vast/envs/pmp-author/lib/python3.10/site-packages/dgl/dataloading/dataloader.py:1076: DGLWarning: Dataloader CPU affinity opt is not enabled, consider switching it on (see enable_cpu_affinity() or CPU best practices for DGL [https://docs.dgl.ai/tutorials/cpu/cpu_best_practises.html])
  dgl_warning(
/workspace/pmp_vast/envs/pmp-author/lib/python3.10/site-packages/dgl/dataloading/dataloader.py:1076: DGLWarning: Dataloader CPU affinity opt is not enabled, consider switching it on (see enable_cpu_affinity() or CPU best practices for DGL [https://docs.dgl.ai/tutorials/cpu/cpu_best_practises.html])
  dgl_warning(
elliptic_tr10_seed42 epoch=036 loss=0.000034 val_AUPRC=0.127333 best=0.127333@36 patience=0/20 train=0.927s val=1.213s
/workspace/pmp_vast/envs/pmp-author/lib/python3.10/site-packages/dgl/dataloading/dataloader.py:1076: DGLWarning: Dataloader CPU affinity opt is not enabled, consider switching it on (see enable_cpu_affinity() or CPU best practices for DGL [https://docs.dgl.ai/tutorials/cpu/cpu_best_practises.html])
  dgl_warning(
/workspace/pmp_vast/envs/pmp-author/lib/python3.10/site-packages/dgl/dataloading/dataloader.py:1076: DGLWarning: Dataloader CPU affinity opt is not enabled, consider switching it on (see enable_cpu_affinity() or CPU best practices for DGL [https://docs.dgl.ai/tutorials/cpu/cpu_best_practises.html])
  dgl_warning(
/workspace/pmp_vast/envs/pmp-author/lib/python3.10/site-packages/dgl/dataloading/dataloader.py:1076: DGLWarning: Dataloader CPU affinity opt is not enabled, consider switching it on (see enable_cpu_affinity() or CPU best practices for DGL [https://docs.dgl.ai/tutorials/cpu/cpu_best_practises.html])
  dgl_warning(
/workspace/pmp_vast/envs/pmp-author/lib/python3.10/site-packages/dgl/dataloading/dataloader.py:1076: DGLWarning: Dataloader CPU affinity opt is not enabled, consider switching it on (see enable_cpu_affinity() or CPU best practices for DGL [https://docs.dgl.ai/tutorials/cpu/cpu_best_practises.html])
  dgl_warning(
elliptic_tr10_seed42 epoch=040 loss=0.000025 val_AUPRC=0.127436 best=0.127436@40 patience=0/20 train=0.871s val=1.175s
/workspace/pmp_vast/envs/pmp-author/lib/python3.10/site-packages/dgl/dataloading/dataloader.py:1076: DGLWarning: Dataloader CPU affinity opt is not enabled, consider switching it on (see enable_cpu_affinity() or CPU best practices for DGL [https://docs.dgl.ai/tutorials/cpu/cpu_best_practises.html])
  dgl_warning(
elliptic_tr10_seed42 epoch=041 loss=0.000023 val_AUPRC=0.127688 best=0.127688@41 patience=0/20 train=0.947s val=1.194s
/workspace/pmp_vast/envs/pmp-author/lib/python3.10/site-packages/dgl/dataloading/dataloader.py:1076: DGLWarning: Dataloader CPU affinity opt is not enabled, consider switching it on (see enable_cpu_affinity() or CPU best practices for DGL [https://docs.dgl.ai/tutorials/cpu/cpu_best_practises.html])
  dgl_warning(
/workspace/pmp_vast/envs/pmp-author/lib/python3.10/site-packages/dgl/dataloading/dataloader.py:1076: DGLWarning: Dataloader CPU affinity opt is not enabled, consider switching it on (see enable_cpu_affinity() or CPU best practices for DGL [https://docs.dgl.ai/tutorials/cpu/cpu_best_practises.html])
  dgl_warning(
/workspace/pmp_vast/envs/pmp-author/lib/python3.10/site-packages/dgl/dataloading/dataloader.py:1076: DGLWarning: Dataloader CPU affinity opt is not enabled, consider switching it on (see enable_cpu_affinity() or CPU best practices for DGL [https://docs.dgl.ai/tutorials/cpu/cpu_best_practises.html])
  dgl_warning(
/workspace/pmp_vast/envs/pmp-author/lib/python3.10/site-packages/dgl/dataloading/dataloader.py:1076: DGLWarning: Dataloader CPU affinity opt is not enabled, consider switching it on (see enable_cpu_affinity() or CPU best practices for DGL [https://docs.dgl.ai/tutorials/cpu/cpu_best_practises.html])
  dgl_warning(
elliptic_tr10_seed42 epoch=045 loss=0.000021 val_AUPRC=0.127807 best=0.127807@45 patience=0/20 train=0.934s val=1.177s
/workspace/pmp_vast/envs/pmp-author/lib/python3.10/site-packages/dgl/dataloading/dataloader.py:1076: DGLWarning: Dataloader CPU affinity opt is not enabled, consider switching it on (see enable_cpu_affinity() or CPU best practices for DGL [https://docs.dgl.ai/tutorials/cpu/cpu_best_practises.html])
  dgl_warning(
/workspace/pmp_vast/envs/pmp-author/lib/python3.10/site-packages/dgl/dataloading/dataloader.py:1076: DGLWarning: Dataloader CPU affinity opt is not enabled, consider switching it on (see enable_cpu_affinity() or CPU best practices for DGL [https://docs.dgl.ai/tutorials/cpu/cpu_best_practises.html])
  dgl_warning(
/workspace/pmp_vast/envs/pmp-author/lib/python3.10/site-packages/dgl/dataloading/dataloader.py:1076: DGLWarning: Dataloader CPU affinity opt is not enabled, consider switching it on (see enable_cpu_affinity() or CPU best practices for DGL [https://docs.dgl.ai/tutorials/cpu/cpu_best_practises.html])
  dgl_warning(
elliptic_tr10_seed42 epoch=048 loss=0.000017 val_AUPRC=0.127850 best=0.127850@48 patience=0/20 train=0.846s val=1.258s
/workspace/pmp_vast/envs/pmp-author/lib/python3.10/site-packages/dgl/dataloading/dataloader.py:1076: DGLWarning: Dataloader CPU affinity opt is not enabled, consider switching it on (see enable_cpu_affinity() or CPU best practices for DGL [https://docs.dgl.ai/tutorials/cpu/cpu_best_practises.html])
  dgl_warning(
/workspace/pmp_vast/envs/pmp-author/lib/python3.10/site-packages/dgl/dataloading/dataloader.py:1076: DGLWarning: Dataloader CPU affinity opt is not enabled, consider switching it on (see enable_cpu_affinity() or CPU best practices for DGL [https://docs.dgl.ai/tutorials/cpu/cpu_best_practises.html])
  dgl_warning(
elliptic_tr10_seed42 epoch=050 loss=0.000017 val_AUPRC=0.127936 best=0.127936@50 patience=0/20 train=0.876s val=1.189s
/workspace/pmp_vast/envs/pmp-author/lib/python3.10/site-packages/dgl/dataloading/dataloader.py:1076: DGLWarning: Dataloader CPU affinity opt is not enabled, consider switching it on (see enable_cpu_affinity() or CPU best practices for DGL [https://docs.dgl.ai/tutorials/cpu/cpu_best_practises.html])
  dgl_warning(
/workspace/pmp_vast/envs/pmp-author/lib/python3.10/site-packages/dgl/dataloading/dataloader.py:1076: DGLWarning: Dataloader CPU affinity opt is not enabled, consider switching it on (see enable_cpu_affinity() or CPU best practices for DGL [https://docs.dgl.ai/tutorials/cpu/cpu_best_practises.html])
  dgl_warning(
/workspace/pmp_vast/envs/pmp-author/lib/python3.10/site-packages/dgl/dataloading/dataloader.py:1076: DGLWarning: Dataloader CPU affinity opt is not enabled, consider switching it on (see enable_cpu_affinity() or CPU best practices for DGL [https://docs.dgl.ai/tutorials/cpu/cpu_best_practises.html])
  dgl_warning(
elliptic_tr10_seed42 epoch=053 loss=0.000011 val_AUPRC=0.128073 best=0.128073@53 patience=0/20 train=0.881s val=1.237s
/workspace/pmp_vast/envs/pmp-author/lib/python3.10/site-packages/dgl/dataloading/dataloader.py:1076: DGLWarning: Dataloader CPU affinity opt is not enabled, consider switching it on (see enable_cpu_affinity() or CPU best practices for DGL [https://docs.dgl.ai/tutorials/cpu/cpu_best_practises.html])
  dgl_warning(
elliptic_tr10_seed42 epoch=054 loss=0.000012 val_AUPRC=0.128284 best=0.128284@54 patience=0/20 train=0.836s val=1.147s
/workspace/pmp_vast/envs/pmp-author/lib/python3.10/site-packages/dgl/dataloading/dataloader.py:1076: DGLWarning: Dataloader CPU affinity opt is not enabled, consider switching it on (see enable_cpu_affinity() or CPU best practices for DGL [https://docs.dgl.ai/tutorials/cpu/cpu_best_practises.html])
  dgl_warning(
/workspace/pmp_vast/envs/pmp-author/lib/python3.10/site-packages/dgl/dataloading/dataloader.py:1076: DGLWarning: Dataloader CPU affinity opt is not enabled, consider switching it on (see enable_cpu_affinity() or CPU best practices for DGL [https://docs.dgl.ai/tutorials/cpu/cpu_best_practises.html])
  dgl_warning(
/workspace/pmp_vast/envs/pmp-author/lib/python3.10/site-packages/dgl/dataloading/dataloader.py:1076: DGLWarning: Dataloader CPU affinity opt is not enabled, consider switching it on (see enable_cpu_affinity() or CPU best practices for DGL [https://docs.dgl.ai/tutorials/cpu/cpu_best_practises.html])
  dgl_warning(
elliptic_tr10_seed42 epoch=057 loss=0.000011 val_AUPRC=0.128312 best=0.128312@57 patience=0/20 train=0.859s val=1.209s
/workspace/pmp_vast/envs/pmp-author/lib/python3.10/site-packages/dgl/dataloading/dataloader.py:1076: DGLWarning: Dataloader CPU affinity opt is not enabled, consider switching it on (see enable_cpu_affinity() or CPU best practices for DGL [https://docs.dgl.ai/tutorials/cpu/cpu_best_practises.html])
  dgl_warning(
elliptic_tr10_seed42 epoch=058 loss=0.000012 val_AUPRC=0.128324 best=0.128324@58 patience=0/20 train=0.898s val=1.215s
/workspace/pmp_vast/envs/pmp-author/lib/python3.10/site-packages/dgl/dataloading/dataloader.py:1076: DGLWarning: Dataloader CPU affinity opt is not enabled, consider switching it on (see enable_cpu_affinity() or CPU best practices for DGL [https://docs.dgl.ai/tutorials/cpu/cpu_best_practises.html])
  dgl_warning(
/workspace/pmp_vast/envs/pmp-author/lib/python3.10/site-packages/dgl/dataloading/dataloader.py:1076: DGLWarning: Dataloader CPU affinity opt is not enabled, consider switching it on (see enable_cpu_affinity() or CPU best practices for DGL [https://docs.dgl.ai/tutorials/cpu/cpu_best_practises.html])
  dgl_warning(
elliptic_tr10_seed42 epoch=060 loss=0.000012 val_AUPRC=0.128346 best=0.128346@60 patience=0/20 train=0.903s val=1.187s
/workspace/pmp_vast/envs/pmp-author/lib/python3.10/site-packages/dgl/dataloading/dataloader.py:1076: DGLWarning: Dataloader CPU affinity opt is not enabled, consider switching it on (see enable_cpu_affinity() or CPU best practices for DGL [https://docs.dgl.ai/tutorials/cpu/cpu_best_practises.html])
  dgl_warning(
elliptic_tr10_seed42 epoch=061 loss=0.000010 val_AUPRC=0.128419 best=0.128419@61 patience=0/20 train=0.848s val=1.210s
/workspace/pmp_vast/envs/pmp-author/lib/python3.10/site-packages/dgl/dataloading/dataloader.py:1076: DGLWarning: Dataloader CPU affinity opt is not enabled, consider switching it on (see enable_cpu_affinity() or CPU best practices for DGL [https://docs.dgl.ai/tutorials/cpu/cpu_best_practises.html])
  dgl_warning(
elliptic_tr10_seed42 epoch=062 loss=0.000009 val_AUPRC=0.128484 best=0.128484@62 patience=0/20 train=0.891s val=1.251s
/workspace/pmp_vast/envs/pmp-author/lib/python3.10/site-packages/dgl/dataloading/dataloader.py:1076: DGLWarning: Dataloader CPU affinity opt is not enabled, consider switching it on (see enable_cpu_affinity() or CPU best practices for DGL [https://docs.dgl.ai/tutorials/cpu/cpu_best_practises.html])
  dgl_warning(
/workspace/pmp_vast/envs/pmp-author/lib/python3.10/site-packages/dgl/dataloading/dataloader.py:1076: DGLWarning: Dataloader CPU affinity opt is not enabled, consider switching it on (see enable_cpu_affinity() or CPU best practices for DGL [https://docs.dgl.ai/tutorials/cpu/cpu_best_practises.html])
  dgl_warning(
elliptic_tr10_seed42 epoch=064 loss=0.000010 val_AUPRC=0.128492 best=0.128492@64 patience=0/20 train=0.966s val=1.239s
/workspace/pmp_vast/envs/pmp-author/lib/python3.10/site-packages/dgl/dataloading/dataloader.py:1076: DGLWarning: Dataloader CPU affinity opt is not enabled, consider switching it on (see enable_cpu_affinity() or CPU best practices for DGL [https://docs.dgl.ai/tutorials/cpu/cpu_best_practises.html])
  dgl_warning(
elliptic_tr10_seed42 epoch=065 loss=0.000009 val_AUPRC=0.128559 best=0.128559@65 patience=0/20 train=0.928s val=1.265s
/workspace/pmp_vast/envs/pmp-author/lib/python3.10/site-packages/dgl/dataloading/dataloader.py:1076: DGLWarning: Dataloader CPU affinity opt is not enabled, consider switching it on (see enable_cpu_affinity() or CPU best practices for DGL [https://docs.dgl.ai/tutorials/cpu/cpu_best_practises.html])
  dgl_warning(
elliptic_tr10_seed42 epoch=066 loss=0.000008 val_AUPRC=0.128733 best=0.128733@66 patience=0/20 train=0.945s val=1.273s
/workspace/pmp_vast/envs/pmp-author/lib/python3.10/site-packages/dgl/dataloading/dataloader.py:1076: DGLWarning: Dataloader CPU affinity opt is not enabled, consider switching it on (see enable_cpu_affinity() or CPU best practices for DGL [https://docs.dgl.ai/tutorials/cpu/cpu_best_practises.html])
  dgl_warning(
/workspace/pmp_vast/envs/pmp-author/lib/python3.10/site-packages/dgl/dataloading/dataloader.py:1076: DGLWarning: Dataloader CPU affinity opt is not enabled, consider switching it on (see enable_cpu_affinity() or CPU best practices for DGL [https://docs.dgl.ai/tutorials/cpu/cpu_best_practises.html])
  dgl_warning(
/workspace/pmp_vast/envs/pmp-author/lib/python3.10/site-packages/dgl/dataloading/dataloader.py:1076: DGLWarning: Dataloader CPU affinity opt is not enabled, consider switching it on (see enable_cpu_affinity() or CPU best practices for DGL [https://docs.dgl.ai/tutorials/cpu/cpu_best_practises.html])
  dgl_warning(
/workspace/pmp_vast/envs/pmp-author/lib/python3.10/site-packages/dgl/dataloading/dataloader.py:1076: DGLWarning: Dataloader CPU affinity opt is not enabled, consider switching it on (see enable_cpu_affinity() or CPU best practices for DGL [https://docs.dgl.ai/tutorials/cpu/cpu_best_practises.html])
  dgl_warning(
elliptic_tr10_seed42 epoch=070 loss=0.000008 val_AUPRC=0.128781 best=0.128781@70 patience=0/20 train=0.902s val=1.200s
/workspace/pmp_vast/envs/pmp-author/lib/python3.10/site-packages/dgl/dataloading/dataloader.py:1076: DGLWarning: Dataloader CPU affinity opt is not enabled, consider switching it on (see enable_cpu_affinity() or CPU best practices for DGL [https://docs.dgl.ai/tutorials/cpu/cpu_best_practises.html])
  dgl_warning(
elliptic_tr10_seed42 epoch=071 loss=0.000008 val_AUPRC=0.128789 best=0.128789@71 patience=0/20 train=0.859s val=1.264s
/workspace/pmp_vast/envs/pmp-author/lib/python3.10/site-packages/dgl/dataloading/dataloader.py:1076: DGLWarning: Dataloader CPU affinity opt is not enabled, consider switching it on (see enable_cpu_affinity() or CPU best practices for DGL [https://docs.dgl.ai/tutorials/cpu/cpu_best_practises.html])
  dgl_warning(
/workspace/pmp_vast/envs/pmp-author/lib/python3.10/site-packages/dgl/dataloading/dataloader.py:1076: DGLWarning: Dataloader CPU affinity opt is not enabled, consider switching it on (see enable_cpu_affinity() or CPU best practices for DGL [https://docs.dgl.ai/tutorials/cpu/cpu_best_practises.html])
  dgl_warning(
/workspace/pmp_vast/envs/pmp-author/lib/python3.10/site-packages/dgl/dataloading/dataloader.py:1076: DGLWarning: Dataloader CPU affinity opt is not enabled, consider switching it on (see enable_cpu_affinity() or CPU best practices for DGL [https://docs.dgl.ai/tutorials/cpu/cpu_best_practises.html])
  dgl_warning(
elliptic_tr10_seed42 epoch=074 loss=0.000007 val_AUPRC=0.128863 best=0.128863@74 patience=0/20 train=0.935s val=1.301s
/workspace/pmp_vast/envs/pmp-author/lib/python3.10/site-packages/dgl/dataloading/dataloader.py:1076: DGLWarning: Dataloader CPU affinity opt is not enabled, consider switching it on (see enable_cpu_affinity() or CPU best practices for DGL [https://docs.dgl.ai/tutorials/cpu/cpu_best_practises.html])
  dgl_warning(
elliptic_tr10_seed42 epoch=075 loss=0.000006 val_AUPRC=0.128866 best=0.128866@75 patience=0/20 train=0.918s val=1.209s
/workspace/pmp_vast/envs/pmp-author/lib/python3.10/site-packages/dgl/dataloading/dataloader.py:1076: DGLWarning: Dataloader CPU affinity opt is not enabled, consider switching it on (see enable_cpu_affinity() or CPU best practices for DGL [https://docs.dgl.ai/tutorials/cpu/cpu_best_practises.html])
  dgl_warning(
elliptic_tr10_seed42 epoch=076 loss=0.000006 val_AUPRC=0.128878 best=0.128878@76 patience=0/20 train=0.876s val=1.258s
/workspace/pmp_vast/envs/pmp-author/lib/python3.10/site-packages/dgl/dataloading/dataloader.py:1076: DGLWarning: Dataloader CPU affinity opt is not enabled, consider switching it on (see enable_cpu_affinity() or CPU best practices for DGL [https://docs.dgl.ai/tutorials/cpu/cpu_best_practises.html])
  dgl_warning(
elliptic_tr10_seed42 epoch=077 loss=0.000007 val_AUPRC=0.128897 best=0.128897@77 patience=0/20 train=0.975s val=1.254s
/workspace/pmp_vast/envs/pmp-author/lib/python3.10/site-packages/dgl/dataloading/dataloader.py:1076: DGLWarning: Dataloader CPU affinity opt is not enabled, consider switching it on (see enable_cpu_affinity() or CPU best practices for DGL [https://docs.dgl.ai/tutorials/cpu/cpu_best_practises.html])
  dgl_warning(
/workspace/pmp_vast/envs/pmp-author/lib/python3.10/site-packages/dgl/dataloading/dataloader.py:1076: DGLWarning: Dataloader CPU affinity opt is not enabled, consider switching it on (see enable_cpu_affinity() or CPU best practices for DGL [https://docs.dgl.ai/tutorials/cpu/cpu_best_practises.html])
  dgl_warning(
elliptic_tr10_seed42 epoch=079 loss=0.000006 val_AUPRC=0.129030 best=0.129030@79 patience=0/20 train=0.907s val=1.216s
/workspace/pmp_vast/envs/pmp-author/lib/python3.10/site-packages/dgl/dataloading/dataloader.py:1076: DGLWarning: Dataloader CPU affinity opt is not enabled, consider switching it on (see enable_cpu_affinity() or CPU best practices for DGL [https://docs.dgl.ai/tutorials/cpu/cpu_best_practises.html])
  dgl_warning(
elliptic_tr10_seed42 epoch=080 loss=0.000004 val_AUPRC=0.129097 best=0.129097@80 patience=0/20 train=0.863s val=1.261s
/workspace/pmp_vast/envs/pmp-author/lib/python3.10/site-packages/dgl/dataloading/dataloader.py:1076: DGLWarning: Dataloader CPU affinity opt is not enabled, consider switching it on (see enable_cpu_affinity() or CPU best practices for DGL [https://docs.dgl.ai/tutorials/cpu/cpu_best_practises.html])
  dgl_warning(
/workspace/pmp_vast/envs/pmp-author/lib/python3.10/site-packages/dgl/dataloading/dataloader.py:1076: DGLWarning: Dataloader CPU affinity opt is not enabled, consider switching it on (see enable_cpu_affinity() or CPU best practices for DGL [https://docs.dgl.ai/tutorials/cpu/cpu_best_practises.html])
  dgl_warning(
/workspace/pmp_vast/envs/pmp-author/lib/python3.10/site-packages/dgl/dataloading/dataloader.py:1076: DGLWarning: Dataloader CPU affinity opt is not enabled, consider switching it on (see enable_cpu_affinity() or CPU best practices for DGL [https://docs.dgl.ai/tutorials/cpu/cpu_best_practises.html])
  dgl_warning(
/workspace/pmp_vast/envs/pmp-author/lib/python3.10/site-packages/dgl/dataloading/dataloader.py:1076: DGLWarning: Dataloader CPU affinity opt is not enabled, consider switching it on (see enable_cpu_affinity() or CPU best practices for DGL [https://docs.dgl.ai/tutorials/cpu/cpu_best_practises.html])
  dgl_warning(
elliptic_tr10_seed42 epoch=084 loss=0.000006 val_AUPRC=0.129142 best=0.129142@84 patience=0/20 train=0.926s val=1.293s
/workspace/pmp_vast/envs/pmp-author/lib/python3.10/site-packages/dgl/dataloading/dataloader.py:1076: DGLWarning: Dataloader CPU affinity opt is not enabled, consider switching it on (see enable_cpu_affinity() or CPU best practices for DGL [https://docs.dgl.ai/tutorials/cpu/cpu_best_practises.html])
  dgl_warning(
elliptic_tr10_seed42 epoch=085 loss=0.000004 val_AUPRC=0.129166 best=0.129166@85 patience=0/20 train=0.916s val=1.282s
/workspace/pmp_vast/envs/pmp-author/lib/python3.10/site-packages/dgl/dataloading/dataloader.py:1076: DGLWarning: Dataloader CPU affinity opt is not enabled, consider switching it on (see enable_cpu_affinity() or CPU best practices for DGL [https://docs.dgl.ai/tutorials/cpu/cpu_best_practises.html])
  dgl_warning(
/workspace/pmp_vast/envs/pmp-author/lib/python3.10/site-packages/dgl/dataloading/dataloader.py:1076: DGLWarning: Dataloader CPU affinity opt is not enabled, consider switching it on (see enable_cpu_affinity() or CPU best practices for DGL [https://docs.dgl.ai/tutorials/cpu/cpu_best_practises.html])
  dgl_warning(
/workspace/pmp_vast/envs/pmp-author/lib/python3.10/site-packages/dgl/dataloading/dataloader.py:1076: DGLWarning: Dataloader CPU affinity opt is not enabled, consider switching it on (see enable_cpu_affinity() or CPU best practices for DGL [https://docs.dgl.ai/tutorials/cpu/cpu_best_practises.html])
  dgl_warning(
/workspace/pmp_vast/envs/pmp-author/lib/python3.10/site-packages/dgl/dataloading/dataloader.py:1076: DGLWarning: Dataloader CPU affinity opt is not enabled, consider switching it on (see enable_cpu_affinity() or CPU best practices for DGL [https://docs.dgl.ai/tutorials/cpu/cpu_best_practises.html])
  dgl_warning(
/workspace/pmp_vast/envs/pmp-author/lib/python3.10/site-packages/dgl/dataloading/dataloader.py:1076: DGLWarning: Dataloader CPU affinity opt is not enabled, consider switching it on (see enable_cpu_affinity() or CPU best practices for DGL [https://docs.dgl.ai/tutorials/cpu/cpu_best_practises.html])
  dgl_warning(
elliptic_tr10_seed42 epoch=090 loss=0.000003 val_AUPRC=0.128905 best=0.129166@85 patience=5/20 train=0.895s val=1.243s
/workspace/pmp_vast/envs/pmp-author/lib/python3.10/site-packages/dgl/dataloading/dataloader.py:1076: DGLWarning: Dataloader CPU affinity opt is not enabled, consider switching it on (see enable_cpu_affinity() or CPU best practices for DGL [https://docs.dgl.ai/tutorials/cpu/cpu_best_practises.html])
  dgl_warning(
/workspace/pmp_vast/envs/pmp-author/lib/python3.10/site-packages/dgl/dataloading/dataloader.py:1076: DGLWarning: Dataloader CPU affinity opt is not enabled, consider switching it on (see enable_cpu_affinity() or CPU best practices for DGL [https://docs.dgl.ai/tutorials/cpu/cpu_best_practises.html])
  dgl_warning(
/workspace/pmp_vast/envs/pmp-author/lib/python3.10/site-packages/dgl/dataloading/dataloader.py:1076: DGLWarning: Dataloader CPU affinity opt is not enabled, consider switching it on (see enable_cpu_affinity() or CPU best practices for DGL [https://docs.dgl.ai/tutorials/cpu/cpu_best_practises.html])
  dgl_warning(
/workspace/pmp_vast/envs/pmp-author/lib/python3.10/site-packages/dgl/dataloading/dataloader.py:1076: DGLWarning: Dataloader CPU affinity opt is not enabled, consider switching it on (see enable_cpu_affinity() or CPU best practices for DGL [https://docs.dgl.ai/tutorials/cpu/cpu_best_practises.html])
  dgl_warning(
/workspace/pmp_vast/envs/pmp-author/lib/python3.10/site-packages/dgl/dataloading/dataloader.py:1076: DGLWarning: Dataloader CPU affinity opt is not enabled, consider switching it on (see enable_cpu_affinity() or CPU best practices for DGL [https://docs.dgl.ai/tutorials/cpu/cpu_best_practises.html])
  dgl_warning(
/workspace/pmp_vast/envs/pmp-author/lib/python3.10/site-packages/dgl/dataloading/dataloader.py:1076: DGLWarning: Dataloader CPU affinity opt is not enabled, consider switching it on (see enable_cpu_affinity() or CPU best practices for DGL [https://docs.dgl.ai/tutorials/cpu/cpu_best_practises.html])
  dgl_warning(
/workspace/pmp_vast/envs/pmp-author/lib/python3.10/site-packages/dgl/dataloading/dataloader.py:1076: DGLWarning: Dataloader CPU affinity opt is not enabled, consider switching it on (see enable_cpu_affinity() or CPU best practices for DGL [https://docs.dgl.ai/tutorials/cpu/cpu_best_practises.html])
  dgl_warning(
/workspace/pmp_vast/envs/pmp-author/lib/python3.10/site-packages/dgl/dataloading/dataloader.py:1076: DGLWarning: Dataloader CPU affinity opt is not enabled, consider switching it on (see enable_cpu_affinity() or CPU best practices for DGL [https://docs.dgl.ai/tutorials/cpu/cpu_best_practises.html])
  dgl_warning(
elliptic_tr10_seed42 epoch=098 loss=0.000003 val_AUPRC=0.129206 best=0.129206@98 patience=0/20 train=1.242s val=1.298s
/workspace/pmp_vast/envs/pmp-author/lib/python3.10/site-packages/dgl/dataloading/dataloader.py:1076: DGLWarning: Dataloader CPU affinity opt is not enabled, consider switching it on (see enable_cpu_affinity() or CPU best practices for DGL [https://docs.dgl.ai/tutorials/cpu/cpu_best_practises.html])
  dgl_warning(
/workspace/pmp_vast/envs/pmp-author/lib/python3.10/site-packages/dgl/dataloading/dataloader.py:1076: DGLWarning: Dataloader CPU affinity opt is not enabled, consider switching it on (see enable_cpu_affinity() or CPU best practices for DGL [https://docs.dgl.ai/tutorials/cpu/cpu_best_practises.html])
  dgl_warning(
elliptic_tr10_seed42 epoch=100 loss=0.000004 val_AUPRC=0.129312 best=0.129312@100 patience=0/20 train=0.895s val=1.290s
/workspace/pmp_vast/envs/pmp-author/lib/python3.10/site-packages/dgl/dataloading/dataloader.py:1076: DGLWarning: Dataloader CPU affinity opt is not enabled, consider switching it on (see enable_cpu_affinity() or CPU best practices for DGL [https://docs.dgl.ai/tutorials/cpu/cpu_best_practises.html])
  dgl_warning(
elliptic_tr10_seed42 FROZEN checkpoint_epoch=100 val_AUPRC=0.129312 threshold=0.49
/workspace/pmp_vast/envs/pmp-author/lib/python3.10/site-packages/dgl/dataloading/dataloader.py:1076: DGLWarning: Dataloader CPU affinity opt is not enabled, consider switching it on (see enable_cpu_affinity() or CPU best practices for DGL [https://docs.dgl.ai/tutorials/cpu/cpu_best_practises.html])
  dgl_warning(
FINAL elliptic_tr10_seed42 PASS | AUPRC=0.074612 AUROC=0.501357 MacroF1=0.480457 Recall=0.003367

===== FINAL RUN elliptic_tr10_seed72 =====
TEST_EVAL_BATCH_ADAPTER=FULL_FIXED_TEST_SINGLE_BATCH nodes=18949
/workspace/pmp_vast/envs/pmp-author/lib/python3.10/site-packages/dgl/dataloading/dataloader.py:1076: DGLWarning: Dataloader CPU affinity opt is not enabled, consider switching it on (see enable_cpu_affinity() or CPU best practices for DGL [https://docs.dgl.ai/tutorials/cpu/cpu_best_practises.html])
  dgl_warning(
elliptic_tr10_seed72 epoch=001 loss=0.149011 val_AUPRC=0.093323 best=0.093323@1 patience=0/20 train=0.947s val=1.201s
/workspace/pmp_vast/envs/pmp-author/lib/python3.10/site-packages/dgl/dataloading/dataloader.py:1076: DGLWarning: Dataloader CPU affinity opt is not enabled, consider switching it on (see enable_cpu_affinity() or CPU best practices for DGL [https://docs.dgl.ai/tutorials/cpu/cpu_best_practises.html])
  dgl_warning(
elliptic_tr10_seed72 epoch=002 loss=0.060308 val_AUPRC=0.094924 best=0.094924@2 patience=0/20 train=0.905s val=1.227s
/workspace/pmp_vast/envs/pmp-author/lib/python3.10/site-packages/dgl/dataloading/dataloader.py:1076: DGLWarning: Dataloader CPU affinity opt is not enabled, consider switching it on (see enable_cpu_affinity() or CPU best practices for DGL [https://docs.dgl.ai/tutorials/cpu/cpu_best_practises.html])
  dgl_warning(
elliptic_tr10_seed72 epoch=003 loss=0.046085 val_AUPRC=0.095462 best=0.095462@3 patience=0/20 train=0.843s val=1.127s
/workspace/pmp_vast/envs/pmp-author/lib/python3.10/site-packages/dgl/dataloading/dataloader.py:1076: DGLWarning: Dataloader CPU affinity opt is not enabled, consider switching it on (see enable_cpu_affinity() or CPU best practices for DGL [https://docs.dgl.ai/tutorials/cpu/cpu_best_practises.html])
  dgl_warning(
elliptic_tr10_seed72 epoch=004 loss=0.043610 val_AUPRC=0.095681 best=0.095681@4 patience=0/20 train=0.851s val=1.241s
/workspace/pmp_vast/envs/pmp-author/lib/python3.10/site-packages/dgl/dataloading/dataloader.py:1076: DGLWarning: Dataloader CPU affinity opt is not enabled, consider switching it on (see enable_cpu_affinity() or CPU best practices for DGL [https://docs.dgl.ai/tutorials/cpu/cpu_best_practises.html])
  dgl_warning(
elliptic_tr10_seed72 epoch=005 loss=0.037650 val_AUPRC=0.096310 best=0.096310@5 patience=0/20 train=0.837s val=1.129s
/workspace/pmp_vast/envs/pmp-author/lib/python3.10/site-packages/dgl/dataloading/dataloader.py:1076: DGLWarning: Dataloader CPU affinity opt is not enabled, consider switching it on (see enable_cpu_affinity() or CPU best practices for DGL [https://docs.dgl.ai/tutorials/cpu/cpu_best_practises.html])
  dgl_warning(
elliptic_tr10_seed72 epoch=006 loss=0.032950 val_AUPRC=0.096586 best=0.096586@6 patience=0/20 train=0.922s val=1.280s
/workspace/pmp_vast/envs/pmp-author/lib/python3.10/site-packages/dgl/dataloading/dataloader.py:1076: DGLWarning: Dataloader CPU affinity opt is not enabled, consider switching it on (see enable_cpu_affinity() or CPU best practices for DGL [https://docs.dgl.ai/tutorials/cpu/cpu_best_practises.html])
  dgl_warning(
elliptic_tr10_seed72 epoch=007 loss=0.029964 val_AUPRC=0.097459 best=0.097459@7 patience=0/20 train=0.833s val=1.219s
/workspace/pmp_vast/envs/pmp-author/lib/python3.10/site-packages/dgl/dataloading/dataloader.py:1076: DGLWarning: Dataloader CPU affinity opt is not enabled, consider switching it on (see enable_cpu_affinity() or CPU best practices for DGL [https://docs.dgl.ai/tutorials/cpu/cpu_best_practises.html])
  dgl_warning(
elliptic_tr10_seed72 epoch=008 loss=0.026364 val_AUPRC=0.097863 best=0.097863@8 patience=0/20 train=0.827s val=1.143s
/workspace/pmp_vast/envs/pmp-author/lib/python3.10/site-packages/dgl/dataloading/dataloader.py:1076: DGLWarning: Dataloader CPU affinity opt is not enabled, consider switching it on (see enable_cpu_affinity() or CPU best practices for DGL [https://docs.dgl.ai/tutorials/cpu/cpu_best_practises.html])
  dgl_warning(
elliptic_tr10_seed72 epoch=009 loss=0.020786 val_AUPRC=0.098115 best=0.098115@9 patience=0/20 train=0.857s val=1.241s
/workspace/pmp_vast/envs/pmp-author/lib/python3.10/site-packages/dgl/dataloading/dataloader.py:1076: DGLWarning: Dataloader CPU affinity opt is not enabled, consider switching it on (see enable_cpu_affinity() or CPU best practices for DGL [https://docs.dgl.ai/tutorials/cpu/cpu_best_practises.html])
  dgl_warning(
elliptic_tr10_seed72 epoch=010 loss=0.016298 val_AUPRC=0.100362 best=0.100362@10 patience=0/20 train=0.816s val=1.186s
/workspace/pmp_vast/envs/pmp-author/lib/python3.10/site-packages/dgl/dataloading/dataloader.py:1076: DGLWarning: Dataloader CPU affinity opt is not enabled, consider switching it on (see enable_cpu_affinity() or CPU best practices for DGL [https://docs.dgl.ai/tutorials/cpu/cpu_best_practises.html])
  dgl_warning(
elliptic_tr10_seed72 epoch=011 loss=0.012469 val_AUPRC=0.101389 best=0.101389@11 patience=0/20 train=0.908s val=1.245s
/workspace/pmp_vast/envs/pmp-author/lib/python3.10/site-packages/dgl/dataloading/dataloader.py:1076: DGLWarning: Dataloader CPU affinity opt is not enabled, consider switching it on (see enable_cpu_affinity() or CPU best practices for DGL [https://docs.dgl.ai/tutorials/cpu/cpu_best_practises.html])
  dgl_warning(
elliptic_tr10_seed72 epoch=012 loss=0.009336 val_AUPRC=0.103113 best=0.103113@12 patience=0/20 train=0.843s val=1.232s
/workspace/pmp_vast/envs/pmp-author/lib/python3.10/site-packages/dgl/dataloading/dataloader.py:1076: DGLWarning: Dataloader CPU affinity opt is not enabled, consider switching it on (see enable_cpu_affinity() or CPU best practices for DGL [https://docs.dgl.ai/tutorials/cpu/cpu_best_practises.html])
  dgl_warning(
/workspace/pmp_vast/envs/pmp-author/lib/python3.10/site-packages/dgl/dataloading/dataloader.py:1076: DGLWarning: Dataloader CPU affinity opt is not enabled, consider switching it on (see enable_cpu_affinity() or CPU best practices for DGL [https://docs.dgl.ai/tutorials/cpu/cpu_best_practises.html])
  dgl_warning(
elliptic_tr10_seed72 epoch=014 loss=0.006752 val_AUPRC=0.103209 best=0.103209@14 patience=0/20 train=0.892s val=1.160s
/workspace/pmp_vast/envs/pmp-author/lib/python3.10/site-packages/dgl/dataloading/dataloader.py:1076: DGLWarning: Dataloader CPU affinity opt is not enabled, consider switching it on (see enable_cpu_affinity() or CPU best practices for DGL [https://docs.dgl.ai/tutorials/cpu/cpu_best_practises.html])
  dgl_warning(
elliptic_tr10_seed72 epoch=015 loss=0.002851 val_AUPRC=0.105577 best=0.105577@15 patience=0/20 train=0.815s val=1.231s
/workspace/pmp_vast/envs/pmp-author/lib/python3.10/site-packages/dgl/dataloading/dataloader.py:1076: DGLWarning: Dataloader CPU affinity opt is not enabled, consider switching it on (see enable_cpu_affinity() or CPU best practices for DGL [https://docs.dgl.ai/tutorials/cpu/cpu_best_practises.html])
  dgl_warning(
elliptic_tr10_seed72 epoch=016 loss=0.001081 val_AUPRC=0.107046 best=0.107046@16 patience=0/20 train=0.896s val=1.213s
/workspace/pmp_vast/envs/pmp-author/lib/python3.10/site-packages/dgl/dataloading/dataloader.py:1076: DGLWarning: Dataloader CPU affinity opt is not enabled, consider switching it on (see enable_cpu_affinity() or CPU best practices for DGL [https://docs.dgl.ai/tutorials/cpu/cpu_best_practises.html])
  dgl_warning(
elliptic_tr10_seed72 epoch=017 loss=0.000859 val_AUPRC=0.108746 best=0.108746@17 patience=0/20 train=0.905s val=1.233s
/workspace/pmp_vast/envs/pmp-author/lib/python3.10/site-packages/dgl/dataloading/dataloader.py:1076: DGLWarning: Dataloader CPU affinity opt is not enabled, consider switching it on (see enable_cpu_affinity() or CPU best practices for DGL [https://docs.dgl.ai/tutorials/cpu/cpu_best_practises.html])
  dgl_warning(
elliptic_tr10_seed72 epoch=018 loss=0.000695 val_AUPRC=0.110181 best=0.110181@18 patience=0/20 train=0.906s val=1.216s
/workspace/pmp_vast/envs/pmp-author/lib/python3.10/site-packages/dgl/dataloading/dataloader.py:1076: DGLWarning: Dataloader CPU affinity opt is not enabled, consider switching it on (see enable_cpu_affinity() or CPU best practices for DGL [https://docs.dgl.ai/tutorials/cpu/cpu_best_practises.html])
  dgl_warning(
elliptic_tr10_seed72 epoch=019 loss=0.000524 val_AUPRC=0.111569 best=0.111569@19 patience=0/20 train=0.937s val=1.182s
/workspace/pmp_vast/envs/pmp-author/lib/python3.10/site-packages/dgl/dataloading/dataloader.py:1076: DGLWarning: Dataloader CPU affinity opt is not enabled, consider switching it on (see enable_cpu_affinity() or CPU best practices for DGL [https://docs.dgl.ai/tutorials/cpu/cpu_best_practises.html])
  dgl_warning(
elliptic_tr10_seed72 epoch=020 loss=0.003365 val_AUPRC=0.109617 best=0.111569@19 patience=1/20 train=0.898s val=1.235s
/workspace/pmp_vast/envs/pmp-author/lib/python3.10/site-packages/dgl/dataloading/dataloader.py:1076: DGLWarning: Dataloader CPU affinity opt is not enabled, consider switching it on (see enable_cpu_affinity() or CPU best practices for DGL [https://docs.dgl.ai/tutorials/cpu/cpu_best_practises.html])
  dgl_warning(
elliptic_tr10_seed72 epoch=021 loss=0.002117 val_AUPRC=0.112483 best=0.112483@21 patience=0/20 train=0.934s val=1.329s
/workspace/pmp_vast/envs/pmp-author/lib/python3.10/site-packages/dgl/dataloading/dataloader.py:1076: DGLWarning: Dataloader CPU affinity opt is not enabled, consider switching it on (see enable_cpu_affinity() or CPU best practices for DGL [https://docs.dgl.ai/tutorials/cpu/cpu_best_practises.html])
  dgl_warning(
/workspace/pmp_vast/envs/pmp-author/lib/python3.10/site-packages/dgl/dataloading/dataloader.py:1076: DGLWarning: Dataloader CPU affinity opt is not enabled, consider switching it on (see enable_cpu_affinity() or CPU best practices for DGL [https://docs.dgl.ai/tutorials/cpu/cpu_best_practises.html])
  dgl_warning(
/workspace/pmp_vast/envs/pmp-author/lib/python3.10/site-packages/dgl/dataloading/dataloader.py:1076: DGLWarning: Dataloader CPU affinity opt is not enabled, consider switching it on (see enable_cpu_affinity() or CPU best practices for DGL [https://docs.dgl.ai/tutorials/cpu/cpu_best_practises.html])
  dgl_warning(
/workspace/pmp_vast/envs/pmp-author/lib/python3.10/site-packages/dgl/dataloading/dataloader.py:1076: DGLWarning: Dataloader CPU affinity opt is not enabled, consider switching it on (see enable_cpu_affinity() or CPU best practices for DGL [https://docs.dgl.ai/tutorials/cpu/cpu_best_practises.html])
  dgl_warning(
/workspace/pmp_vast/envs/pmp-author/lib/python3.10/site-packages/dgl/dataloading/dataloader.py:1076: DGLWarning: Dataloader CPU affinity opt is not enabled, consider switching it on (see enable_cpu_affinity() or CPU best practices for DGL [https://docs.dgl.ai/tutorials/cpu/cpu_best_practises.html])
  dgl_warning(
/workspace/pmp_vast/envs/pmp-author/lib/python3.10/site-packages/dgl/dataloading/dataloader.py:1076: DGLWarning: Dataloader CPU affinity opt is not enabled, consider switching it on (see enable_cpu_affinity() or CPU best practices for DGL [https://docs.dgl.ai/tutorials/cpu/cpu_best_practises.html])
  dgl_warning(
/workspace/pmp_vast/envs/pmp-author/lib/python3.10/site-packages/dgl/dataloading/dataloader.py:1076: DGLWarning: Dataloader CPU affinity opt is not enabled, consider switching it on (see enable_cpu_affinity() or CPU best practices for DGL [https://docs.dgl.ai/tutorials/cpu/cpu_best_practises.html])
  dgl_warning(
/workspace/pmp_vast/envs/pmp-author/lib/python3.10/site-packages/dgl/dataloading/dataloader.py:1076: DGLWarning: Dataloader CPU affinity opt is not enabled, consider switching it on (see enable_cpu_affinity() or CPU best practices for DGL [https://docs.dgl.ai/tutorials/cpu/cpu_best_practises.html])
  dgl_warning(
/workspace/pmp_vast/envs/pmp-author/lib/python3.10/site-packages/dgl/dataloading/dataloader.py:1076: DGLWarning: Dataloader CPU affinity opt is not enabled, consider switching it on (see enable_cpu_affinity() or CPU best practices for DGL [https://docs.dgl.ai/tutorials/cpu/cpu_best_practises.html])
  dgl_warning(
elliptic_tr10_seed72 epoch=030 loss=0.000048 val_AUPRC=0.110173 best=0.112483@21 patience=9/20 train=0.742s val=1.073s
/workspace/pmp_vast/envs/pmp-author/lib/python3.10/site-packages/dgl/dataloading/dataloader.py:1076: DGLWarning: Dataloader CPU affinity opt is not enabled, consider switching it on (see enable_cpu_affinity() or CPU best practices for DGL [https://docs.dgl.ai/tutorials/cpu/cpu_best_practises.html])
  dgl_warning(
/workspace/pmp_vast/envs/pmp-author/lib/python3.10/site-packages/dgl/dataloading/dataloader.py:1076: DGLWarning: Dataloader CPU affinity opt is not enabled, consider switching it on (see enable_cpu_affinity() or CPU best practices for DGL [https://docs.dgl.ai/tutorials/cpu/cpu_best_practises.html])
  dgl_warning(
/workspace/pmp_vast/envs/pmp-author/lib/python3.10/site-packages/dgl/dataloading/dataloader.py:1076: DGLWarning: Dataloader CPU affinity opt is not enabled, consider switching it on (see enable_cpu_affinity() or CPU best practices for DGL [https://docs.dgl.ai/tutorials/cpu/cpu_best_practises.html])
  dgl_warning(
/workspace/pmp_vast/envs/pmp-author/lib/python3.10/site-packages/dgl/dataloading/dataloader.py:1076: DGLWarning: Dataloader CPU affinity opt is not enabled, consider switching it on (see enable_cpu_affinity() or CPU best practices for DGL [https://docs.dgl.ai/tutorials/cpu/cpu_best_practises.html])
  dgl_warning(
/workspace/pmp_vast/envs/pmp-author/lib/python3.10/site-packages/dgl/dataloading/dataloader.py:1076: DGLWarning: Dataloader CPU affinity opt is not enabled, consider switching it on (see enable_cpu_affinity() or CPU best practices for DGL [https://docs.dgl.ai/tutorials/cpu/cpu_best_practises.html])
  dgl_warning(
/workspace/pmp_vast/envs/pmp-author/lib/python3.10/site-packages/dgl/dataloading/dataloader.py:1076: DGLWarning: Dataloader CPU affinity opt is not enabled, consider switching it on (see enable_cpu_affinity() or CPU best practices for DGL [https://docs.dgl.ai/tutorials/cpu/cpu_best_practises.html])
  dgl_warning(
/workspace/pmp_vast/envs/pmp-author/lib/python3.10/site-packages/dgl/dataloading/dataloader.py:1076: DGLWarning: Dataloader CPU affinity opt is not enabled, consider switching it on (see enable_cpu_affinity() or CPU best practices for DGL [https://docs.dgl.ai/tutorials/cpu/cpu_best_practises.html])
  dgl_warning(
/workspace/pmp_vast/envs/pmp-author/lib/python3.10/site-packages/dgl/dataloading/dataloader.py:1076: DGLWarning: Dataloader CPU affinity opt is not enabled, consider switching it on (see enable_cpu_affinity() or CPU best practices for DGL [https://docs.dgl.ai/tutorials/cpu/cpu_best_practises.html])
  dgl_warning(
/workspace/pmp_vast/envs/pmp-author/lib/python3.10/site-packages/dgl/dataloading/dataloader.py:1076: DGLWarning: Dataloader CPU affinity opt is not enabled, consider switching it on (see enable_cpu_affinity() or CPU best practices for DGL [https://docs.dgl.ai/tutorials/cpu/cpu_best_practises.html])
  dgl_warning(
/workspace/pmp_vast/envs/pmp-author/lib/python3.10/site-packages/dgl/dataloading/dataloader.py:1076: DGLWarning: Dataloader CPU affinity opt is not enabled, consider switching it on (see enable_cpu_affinity() or CPU best practices for DGL [https://docs.dgl.ai/tutorials/cpu/cpu_best_practises.html])
  dgl_warning(
elliptic_tr10_seed72 epoch=040 loss=0.000020 val_AUPRC=0.110633 best=0.112483@21 patience=19/20 train=26.989s val=38.294s
/workspace/pmp_vast/envs/pmp-author/lib/python3.10/site-packages/dgl/dataloading/dataloader.py:1076: DGLWarning: Dataloader CPU affinity opt is not enabled, consider switching it on (see enable_cpu_affinity() or CPU best practices for DGL [https://docs.dgl.ai/tutorials/cpu/cpu_best_practises.html])
  dgl_warning(
elliptic_tr10_seed72 epoch=041 loss=0.000018 val_AUPRC=0.110738 best=0.112483@21 patience=20/20 train=20.651s val=27.110s
EARLY_STOP elliptic_tr10_seed72 epoch=41 best_epoch=21
/workspace/pmp_vast/envs/pmp-author/lib/python3.10/site-packages/dgl/dataloading/dataloader.py:1076: DGLWarning: Dataloader CPU affinity opt is not enabled, consider switching it on (see enable_cpu_affinity() or CPU best practices for DGL [https://docs.dgl.ai/tutorials/cpu/cpu_best_practises.html])
  dgl_warning(
elliptic_tr10_seed72 FROZEN checkpoint_epoch=21 val_AUPRC=0.112483 threshold=0.91
/workspace/pmp_vast/envs/pmp-author/lib/python3.10/site-packages/dgl/dataloading/dataloader.py:1076: DGLWarning: Dataloader CPU affinity opt is not enabled, consider switching it on (see enable_cpu_affinity() or CPU best practices for DGL [https://docs.dgl.ai/tutorials/cpu/cpu_best_practises.html])
  dgl_warning(
FINAL elliptic_tr10_seed72 PASS | AUPRC=0.063287 AUROC=0.428741 MacroF1=0.479523 Recall=0.000000

===== PMP ELLIPTIC FINAL RESULTS — MEAN ± SD =====
TR40 | AUPRC=0.458421±0.072710 | AUROC=0.830586±0.011355 | MacroF1=0.734577±0.065362 | Prec=0.514938±0.170070 | Recall=0.556004±0.147114 | FraudF1=0.515630±0.115124 | GMean=0.719683±0.091780
TR30 | AUPRC=0.229699±0.055711 | AUROC=0.711388±0.054706 | MacroF1=0.607413±0.050622 | Prec=0.284433±0.087208 | Recall=0.352637±0.165446 | FraudF1=0.289380±0.091184 | GMean=0.550543±0.134679
TR20 | AUPRC=0.133752±0.109597 | AUROC=0.495258±0.192187 | MacroF1=0.519635±0.050036 | Prec=0.117742±0.063910 | Recall=0.190348±0.294162 | FraudF1=0.114719±0.143347 | GMean=0.311936±0.297173
TR10 | AUPRC=0.073669±0.009944 | AUROC=0.485395±0.050598 | MacroF1=0.479849±0.000527 | Prec=0.010288±0.017819 | Recall=0.001122±0.001944 | FraudF1=0.002024±0.003505 | GMean=0.019255±0.033350

===== FINAL GATE =====
PMP_ELLIPTIC_FINAL=PASS
PMP_ELLIPTIC_FINAL_RUNS=12/12
COMPATIBILITY=PASS_WITH_SHARED_ADAPTER
TEST_ISOLATION=PASS
PERFORMANCE_SPECIFIC_TUNING=NO
PMP_AUTHOR_REPO_CLEAN=PASS
FINAL_ARCHIVE=/workspace/PMP_ELLIPTIC_A6000_FINAL_EVIDENCE_20260917.tar.gz
FINAL_ARCHIVE_SHA256=3b938be87b5da25130cba64a1ff4c83fbf3a788f9a425f4eda2cad8063370c17
FINAL_RUNS_CSV=/workspace/pmp_vast/unified/elliptic/final/PMP_ELLIPTIC_FINAL_12_RUNS.csv
RATIO_SUMMARY_CSV=/workspace/pmp_vast/unified/elliptic/final/PMP_ELLIPTIC_FINAL_RATIO_SUMMARY.csv
FINAL_SUMMARY_JSON=/workspace/pmp_vast/unified/elliptic/final/PMP_ELLIPTIC_FINAL_SUMMARY.json
